timestep_ns,from_sat,to_sat,alpha
0,0,1,0.9687646855786934
0,1,0,-0.969086887168484
0,0,13,0.6120166024530509
0,13,0,-0.5919694329940185
0,1,2,0.9690913236614638
0,2,1,-0.9700231377345444
0,1,14,0.7258855708526865
0,14,1,-0.6390043733557638
0,2,3,0.9700074053561607
0,3,2,-0.9705406172649171
0,2,15,0.9065000957242554
0,15,2,-0.8138243892764195
0,3,4,0.970719578898956
0,4,3,-0.9701947174470587
0,3,16,0.9891205190553709
0,16,3,-0.9890325070666186
0,4,5,0.9706154657211744
0,5,4,-0.9692728909570608
0,4,17,0.8138646012833874
0,17,4,-0.9063326812548959
0,5,6,0.9697926007795942
0,6,5,-0.9685803978445033
0,5,18,0.639088933835114
0,18,5,-0.7257218429732492
0,6,7,0.9689667409218897
0,7,6,-0.9687254836617267
0,6,19,0.5921258360803494
0,19,6,-0.6118649060010367
0,7,8,0.9688753879083064
0,8,7,-0.969604510594955
0,7,20,0.6576777926969424
0,20,7,-0.599554637389124
0,8,9,0.9696177858425156
0,9,8,-0.9704696089320167
0,8,21,0.8127553512911929
0,21,8,-0.7115989560939914
0,9,10,0.9705572717914996
0,10,9,-0.9705910245785875
0,9,22,0.9789599277028717
0,22,9,-0.9218270953754107
0,10,11,0.9708903018255872
0,11,10,-0.9698705517831986
0,10,23,0.921841189994112
0,23,10,-0.978822360172842
0,11,12,0.9703271627370579
0,12,11,-0.968924651341558
0,11,24,0.7116245870733297
0,24,11,-0.8125264354919551
0,0,12,-0.9685577191360576
0,12,0,0.9693449762034432
0,12,25,0.5996733399115862
0,25,12,-0.6575317202129614
0,13,14,0.9688207121035114
0,14,13,-0.969553912628603
0,13,26,-0.791032569693843
0,26,13,0.8083338294107748
0,14,15,0.9695204062424145
0,15,14,-0.9703772964371223
0,14,27,-0.8056639957691173
0,27,14,0.8779522728444962
0,15,16,0.9704401623493202
0,16,15,-0.9704742107530303
0,15,28,-0.8917442893286078
0,28,15,0.9638647021429019
0,16,17,0.9707832140726952
0,17,16,-0.969760406381604
0,16,29,-0.982599843017478
0,29,16,0.9827620171898922
0,17,18,0.9702591225181392
0,18,17,-0.9688480349828292
0,17,30,-0.9637289073516472
0,30,17,0.891950398768274
0,18,19,0.9693248936918637
0,19,18,-0.9685265836597856
0,18,31,-0.8777996988570791
0,31,18,0.8058755475751123
0,19,20,0.9687956921612713
0,20,19,-0.9691076048644378
0,19,32,-0.8082208884807741
0,32,19,0.7912103529494305
0,20,21,0.9691673483351992
0,21,20,-0.9700931921850202
0,20,33,-0.7892876843357498
0,33,20,0.8384457142105577
0,21,22,0.9701170726624542
0,22,21,-0.9706499850255265
0,21,34,-0.8411406370117649
0,34,21,0.9227254648299862
0,22,23,0.9708357258262436
0,23,22,-0.9703101843738446
0,22,35,-0.9454964426877064
0,35,22,0.9883911327822338
0,23,24,0.9707074133075787
0,24,23,-0.9693679982160739
0,23,36,-0.9882565367863653
0,36,23,0.9457109026406787
0,24,25,0.969834844393145
0,25,24,-0.9686373538673857
0,24,37,-0.9225993344210923
0,37,24,0.8413403893878557
0,13,25,-0.9687264891891044
0,25,13,0.9689633807341755
0,25,38,-0.8382702907024299
0,38,25,0.7894841119260404
0,26,27,0.968772764999548
0,27,26,-0.9690868871684756
0,26,39,0.6121065566228622
0,39,26,-0.591969432993965
0,27,28,0.9690913169777056
0,28,27,-0.9700205393442232
0,27,40,0.725885570852715
0,40,27,-0.6390043733555046
0,28,29,0.9700048101138566
0,29,28,-0.9705408483791251
0,28,41,0.9064734616966691
0,41,28,-0.8138245619894704
0,29,30,0.9707198088190461
0,30,29,-0.9701947204554129
0,29,42,0.9891175743367323
0,42,29,-0.9890325070666256
0,30,31,0.9706154681568526
0,31,30,-0.9692728934135711
0,30,43,0.8138646012833726
0,43,30,-0.906305879325175
0,31,32,0.9697926007795918
0,32,31,-0.968580397844475
0,31,44,0.639088676199462
0,44,31,-0.7257216583627777
0,32,33,0.9689667264372029
0,33,32,-0.9687254691660983
0,32,45,0.5921260845731039
0,45,32,-0.6120450519072974
0,33,34,0.9688753879082803
0,34,33,-0.9695999953706594
0,33,46,0.6576780050792354
0,46,33,-0.5996355824378031
0,34,35,0.9696132803583456
0,35,34,-0.9704685987372131
0,34,47,0.8127061977612439
0,47,34,-0.7115991901840557
0,35,36,0.9705562650518796
0,36,35,-0.9705910526637275
0,35,48,0.9789527755427636
0,48,35,-0.9218271732522402
0,36,37,0.9708903308502186
0,37,36,-0.9698731599200854
0,36,49,0.9218424838741387
0,49,36,-0.9788223561405497
0,37,38,0.9703297616372402
0,38,37,-0.9689246446747616
0,37,50,0.7116701528168138
0,50,37,-0.8125511336385166
0,26,38,-0.9685658100434407
0,38,26,0.9693449896827443
0,38,51,0.5996735988124011
0,51,38,-0.6575319326278708
0,39,40,0.9688207121034996
0,40,39,-0.9695539126285356
0,39,52,-0.7910345936763296
0,52,39,0.8083356589189249
0,40,41,0.9695204062424503
0,41,40,-0.970377296437122
0,40,53,-0.8056659998504256
0,53,40,0.8779534479346109
0,41,42,0.9704401623493248
0,42,41,-0.9704742107530299
0,41,54,-0.8917456341637293
0,54,41,0.9638504894556954
0,42,43,0.9707832151085202
0,43,42,-0.9697577924673291
0,42,55,-0.9825999621308684
0,55,42,0.9827604318916435
0,43,44,0.9702565202926319
0,44,43,-0.9688480349828332
0,43,56,-0.9637439318705799
0,56,43,0.8919519222023005
0,44,45,0.9693249205928889
0,45,44,-0.968542769825655
0,44,57,-0.8778010422842276
0,57,44,0.8058778371697929
0,45,46,0.9688118079821609
0,46,45,-0.9691139140235328
0,45,58,-0.8080924340184049
0,58,45,0.7912780288258706
0,46,47,0.9691736588896847
0,47,46,-0.9700931921850338
0,46,59,-0.7892293481234096
0,59,46,0.8385053300314445
0,47,48,0.97011707266244
0,48,47,-0.9706499850255264
0,47,60,-0.8411425130340011
0,60,47,0.9227262904364609
0,48,49,0.9708357273170642
0,49,48,-0.9703101858774782
0,48,61,-0.9454970984914154
0,61,48,0.9883887999317287
0,49,50,0.9707074145366609
0,50,49,-0.9693702638106704
0,49,62,-0.9882565847452853
0,62,49,0.9457120740264474
0,50,51,0.9698371080326565
0,51,50,-0.9686373538673438
0,50,63,-0.9225848239011556
0,63,50,0.8413762436028784
0,39,51,-0.9687264891891064
0,51,39,0.968963380734207
0,51,64,-0.8382719032995515
0,64,51,0.789486307796185
0,52,53,0.9687727582503064
0,53,52,-0.9690868804521429
0,52,65,0.612102948267247
0,65,52,-0.5919655807791165
0,53,54,0.9690913236614582
0,54,53,-0.9700231377345413
0,53,66,0.7258828021883212
0,66,53,-0.639000508673487
0,54,55,0.9700074053561606
0,55,54,-0.9705407334479335
0,54,67,0.9064988836775438
0,67,54,-0.8138334712843421
0,55,56,0.9707196894603214
0,56,55,-0.9701947144387109
0,55,68,0.9891189600588532
0,68,55,-0.989032420633707
0,56,57,0.9706154657211719
0,57,56,-0.9692728909570819
0,56,69,0.8138618374036821
0,69,56,-0.9063581872981248
0,57,58,0.9697925901611717
0,58,57,-0.9685727618532984
0,57,70,0.639084811667353
0,70,57,-0.7257188892090976
0,58,59,0.9689591164932646
0,59,58,-0.9687178512975715
0,58,71,0.5920330173837328
0,71,58,-0.6118614131889557
0,59,60,0.9688677946331016
0,60,59,-0.9696000059941361
0,59,72,0.6575919048097519
0,72,59,-0.5996319577484348
0,60,61,0.9696132803583556
0,61,60,-0.9704696089320177
0,60,73,0.8127039157424261
0,73,60,-0.7115954447391172
0,61,62,0.9705572710432839
0,62,61,-0.9705910389991189
0,61,74,0.9789596859188555
0,74,61,-0.9218259272173958
0,62,63,0.9708903167224398
0,63,62,-0.9698705520430725
0,62,75,0.9218406192592951
0,75,62,-0.9788230079879946
0,63,64,0.9703271627370692
0,64,63,-0.9689246513415458
0,63,76,0.7116210754191604
0,76,63,-0.8125489938697108
0,52,64,-0.9685658033108199
0,64,52,0.9693449829431262
0,64,77,0.5996693269590238
0,77,64,-0.6574868412204662
0,65,66,0.9688207121035555
0,66,65,-0.9695539126285497
0,65,78,-0.7910347332613565
0,78,65,0.8083357850920082
0,66,67,0.9695204062424466
0,67,66,-0.9703777994148108
0,66,79,-0.8056661787861995
0,79,66,0.8779420411862334
0,67,68,0.970440670179691
0,68,67,-0.9704742153787943
0,67,80,-0.8917369638283474
0,80,67,0.9638505138622424
0,68,69,0.970783212484436
0,69,68,-0.9697630156304596
0,68,81,-0.982599983684276
0,81,68,0.982760453399574
0,69,70,0.970261720636394
0,70,69,-0.9688480349828403
0,69,82,-0.963714695021791
0,82,69,0.8919518744124321
0,70,71,0.9693248936918643
0,71,70,-0.9685265836598257
0,70,83,-0.8778010422841532
0,83,70,0.8058778371697612
0,71,72,0.9687957056608251
0,72,71,-0.9691139408949899
0,71,84,-0.8082227814347615
0,84,71,0.7912783078698796
0,72,73,0.9691736522332642
0,73,72,-0.9700931855598247
0,72,85,-0.7892293481232209
0,85,72,0.8385053300314618
0,73,74,0.9701170726624525
0,74,73,-0.9706499850255254
0,73,86,-0.8411426381020408
0,86,73,0.922726345476942
0,74,75,0.9708357273170652
0,75,74,-0.9703103134672504
0,74,87,-0.9454970984914107
0,87,74,0.9883935595768343
0,75,76,0.9707075416581321
0,76,75,-0.9693702638106722
0,75,88,-0.9882562890995438
0,88,75,0.9457126230265706
0,76,77,0.9698371027106432
0,77,76,-0.9686335430056081
0,76,89,-0.9225848789615818
0,89,76,0.8413678431364112
0,65,77,-0.9687264964272803
0,77,65,0.9689595818629567
0,77,90,-0.8383011079687466
0,90,77,0.7894864907855634
0,78,79,0.9687727616249179
0,79,78,-0.9690884632696566
0,78,91,0.6121064693237672
0,91,78,-0.5919804707764709
0,79,80,0.9690929022329351
0,80,79,-0.9700231360840782
0,79,92,0.7259028032911683
0,92,79,-0.6390043089442599
0,80,81,0.9700074053561638
0,81,80,-0.9705407334479321
0,80,93,0.9065000957242905
0,93,80,-0.8138360619116041
0,81,82,0.97071969105674
0,82,81,-0.9701947160430254
0,81,94,0.9891190440200678
0,94,81,-0.9890325042787078
0,82,83,0.9706154670200972
0,83,82,-0.9692728922671202
0,82,95,0.8138642557992621
0,95,82,-0.906305717642836
0,83,84,0.9697925901611754
0,84,83,-0.968572761853289
0,83,96,0.6390884185639744
0,96,83,-0.7257214737524208
0,84,85,0.968959116493336
0,85,84,-0.9687178512975666
0,84,97,0.5920369935834807
0,97,84,-0.6120450519072602
0,85,86,0.9688677946331027
0,86,85,-0.9696000059941176
0,85,98,0.657594878445472
0,98,85,-0.5996355824377468
0,86,87,0.9696132779042934
0,87,86,-0.9704675845193999
0,86,99,0.8127061977612461
0,99,86,-0.7115991901840458
0,87,88,0.9705552582173391
0,88,87,-0.9705910215660628
0,87,100,0.9789456059011797
0,100,87,-0.921832339729865
0,88,89,0.9708903018255868
0,89,88,-0.969871204267548
0,88,101,0.9218411510285374
0,101,88,-0.9788241557743387
0,89,90,0.9703278128444427
0,90,89,-0.9689246496748241
0,89,102,0.7116359603276641
0,102,89,-0.8125503506912868
0,78,90,-0.9685658066771499
0,90,78,0.9693449863129504
0,90,103,0.5996733399116816
0,103,90,-0.6574953321602023
0,91,92,0.9688216618637643
0,92,91,-0.9695539113046598
0,91,104,-0.791024236158974
0,104,91,0.8083459319076907
0,92,93,0.9695204062424225
0,93,92,-0.9703777994148114
0,92,105,-0.8056638839343012
0,105,92,0.8779464514958978
0,93,94,0.970440667185016
0,94,93,-0.9704742123619057
0,93,106,-0.8917355236746598
0,106,93,0.9638528557184378
0,94,95,0.970783215108521
0,95,94,-0.969757792467332
0,94,107,-0.9825998390466324
0,107,94,0.9827594569399186
0,95,96,0.9702565238406081
0,96,95,-0.9688480385449878
0,95,108,-0.9637435413708622
0,108,95,0.8919504883822157
0,96,97,0.9693249205928929
0,97,96,-0.9685427698256429
0,96,109,-0.8777996540799369
0,109,96,0.8058754712617064
0,97,98,0.9688118079821673
0,98,97,-0.9691139140235293
0,97,110,-0.8080905993966198
0,110,97,0.7911442633445362
0,98,99,0.9691736655460992
0,99,98,-0.9700931988101766
0,98,111,-0.7892272196158232
0,111,98,0.8385037684628974
0,99,100,0.9701170736972163
0,100,99,-0.9706501023563052
0,99,112,-0.8411403868752486
0,112,99,0.922725354749162
0,100,101,0.970835838822264
0,101,100,-0.9703104410318916
0,100,113,-0.9454923793532712
0,113,100,0.9883887520655544
0,101,102,0.9707076685625825
0,102,101,-0.9693701928847122
0,101,114,-0.9882559398674045
0,114,101,0.9457139891579327
0,102,103,0.9698370354912765
0,103,102,-0.9686340223547086
0,102,115,-0.9225844798712182
0,115,102,0.8413658526387466
0,91,103,-0.9687274453718877
0,103,91,0.9689600559762036
0,103,116,-0.8382957275189169
0,116,103,0.7894916678423923
0,104,105,0.9687712489561658
0,105,104,-0.9690876748762205
0,104,117,0.6120896031705932
0,117,104,-0.5919693397950431
0,105,106,0.9690921119800664
0,106,105,-0.9700226502304911
0,105,118,0.7258941698000912
0,118,105,-0.6390125150467052
0,106,107,0.9700069191878905
0,107,106,-0.9705406753125183
0,106,119,0.9064951045793399
0,119,106,-0.813839017832315
0,107,108,0.9707196372958882
0,108,107,-0.9701947190513738
0,107,120,0.9891197801693238
0,120,107,-0.9890325042787074
0,108,109,0.9706154657211803
0,109,108,-0.9692728909570648
0,108,121,0.8138646012833879
0,121,108,-0.9063594803817895
0,109,110,0.9697926113978931
0,110,109,-0.96858802192055
0,109,122,0.6390889338348759
0,122,109,-0.7257218429732475
0,110,111,0.9689743245082937
0,111,110,-0.9687178512975602
0,110,123,0.5922146758509705
0,123,110,-0.6118646731462916
0,111,112,0.9688677789837489
0,112,111,-0.9695999904125185
0,111,124,0.6575948784455096
0,124,111,-0.5996355824377861
0,112,113,0.9696132828124376
0,113,112,-0.9704696113485021
0,112,125,0.8127061217003253
0,125,112,-0.7115990653462163
0,113,114,0.9705572717915015
0,114,113,-0.9705909638547006
0,113,126,0.9789599115840245
0,126,113,-0.9218218510325329
0,114,115,0.9708902432302037
0,115,114,-0.9698712042675496
0,114,127,0.921838524304995
0,127,114,-0.9788223521082577
0,115,116,0.9703278128444419
0,116,115,-0.9689238580903975
0,115,128,0.7116359786172092
0,128,115,-0.8125511336385608
0,104,116,-0.9685642914347063
0,116,104,0.9693441930434116
0,116,129,0.5996632432016358
0,129,116,-0.6574901338058601
0,117,118,0.9688207121035005
0,118,117,-0.9695544762507589
0,117,130,-0.7910347332614919
0,130,117,0.808335785091999
0,118,119,0.9695209706529038
0,119,118,-0.9703779254716359
0,118,131,-0.8056599858666307
0,131,118,0.8779535318696909
0,119,120,0.9704407934003526
0,120,119,-0.9704742128332964
0,119,132,-0.8917347597358841
0,132,119,0.9638541551694111
0,120,121,0.9707832140726939
0,121,120,-0.969763017225038
0,120,133,-0.9825999730491848
0,133,120,0.9827595906661132
0,121,122,0.9702617206363823
0,122,121,-0.9688480349828278
0,121,134,-0.9637147080440621
0,134,121,0.891951922202327
0,122,123,0.9693248936918654
0,123,122,-0.9685265836597479
0,122,135,-0.8778010422841899
0,135,122,0.8058778371699854
0,123,124,0.9687957056608384
0,124,123,-0.9691139408949828
0,123,136,-0.808222781434984
0,136,123,0.7912783078701207
0,124,125,0.9691736522332284
0,125,124,-0.9700931855598142
0,124,137,-0.789229641038445
0,137,124,0.838389308696607
0,125,126,0.9701170731453899
0,126,125,-0.9706498690759229
0,125,138,-0.8411426381021345
0,138,125,0.9227263454769372
0,126,127,0.9708356126469493
0,127,126,-0.9703101828702131
0,126,139,-0.9455012693036924
0,139,126,0.9883888078031922
0,127,128,0.9707074145366592
0,128,127,-0.9693702638107031
0,127,140,-0.988256587143231
0,140,127,0.945714687947427
0,128,129,0.9698371053716259
0,129,128,-0.9686335456680318
0,128,141,-0.9225848789615798
0,141,128,0.8413763686161473
0,117,129,-0.9687264928082103
0,129,117,0.9689595782335569
0,129,142,-0.8383011079687485
0,142,129,0.7894864907854835
0,130,131,0.968772758250306
0,131,130,-0.9690868804521424
0,130,143,0.6121029482673352
0,143,130,-0.5919655807790276
0,131,132,0.9690913236614607
0,132,131,-0.9700224901739374
0,131,144,0.7258828021883328
0,144,131,-0.6390005086735658
0,132,133,0.9700067574439835
0,133,132,-0.970540675645883
0,132,145,0.9064922253851915
0,145,132,-0.8138393507739261
0,133,134,0.9707196335532263
0,134,133,-0.9701947152909384
0,133,146,0.9891197027735933
0,146,133,-0.9890324271685111
0,134,135,0.9706154657211755
0,135,134,-0.9692728909570499
0,134,147,0.8138618374036531
0,147,134,-0.9063581872981259
0,135,136,0.96979259016117
0,136,135,-0.9685727618532538
0,135,148,0.6390848116671191
0,148,135,-0.7257188892090155
0,136,137,0.9689591455166254
0,137,136,-0.9687331041096139
0,136,149,0.592033017383806
0,149,136,-0.6118614131889613
0,137,138,0.9688829693665025
0,138,137,-0.9695999847471153
0,137,150,0.6577577300275884
0,150,137,-0.5996314399360004
0,138,139,0.9696132828124049
0,139,138,-0.9704696113485053
0,138,151,0.8127039157423651
0,151,138,-0.711595444739144
0,139,140,0.9705572731882962
0,140,139,-0.9705909652609636
0,139,152,0.9789596622768887
0,152,139,-0.9218206464858383
0,140,141,0.9708902432302033
0,141,140,-0.9698705517831806
0,140,153,0.9218373163449539
0,153,140,-0.9788221021044636
0,141,142,0.9703271627370686
0,142,141,-0.9689246513415469
0,141,154,0.7116210754190841
0,154,141,-0.8125489938696875
0,130,142,-0.9685658033108372
0,142,130,0.9693449829431269
0,142,155,0.5996693269590349
0,155,142,-0.6574868412203462
0,143,144,0.9688207121035102
0,144,143,-0.9695539126285707
0,143,156,-0.7910346634688832
0,156,143,0.8084007671974872
0,144,145,0.9695204068572452
0,145,144,-0.9703780513535185
0,144,157,-0.8056661429989938
0,157,144,0.8779535318696703
0,145,146,0.9704409194036452
0,146,145,-0.9704742131161275
0,145,158,-0.8917325612127505
0,158,145,0.9638505077606166
0,146,147,0.970783214072696
0,147,146,-0.9697630172250499
0,146,159,-0.9825999741126908
0,159,146,0.9827595917274289
0,147,148,0.9702617206363952
0,148,147,-0.9688480349828046
0,147,160,-0.9637147080439937
0,160,147,0.8919519222023704
0,148,149,0.9693248936918879
0,149,148,-0.9685265836598047
0,148,161,-0.8778010422841758
0,161,148,0.8058778371697359
0,149,150,0.9687957056608495
0,150,149,-0.9691139408949736
0,149,162,-0.8082227814347294
0,162,149,0.7912783078700875
0,150,151,0.9691736522332272
0,151,150,-0.9700931855598419
0,150,163,-0.789229641038491
0,163,150,0.8383893086966856
0,151,152,0.9701170731453791
0,152,151,-0.9706498690759231
0,151,164,-0.8411426381020382
0,164,151,0.9227263454769005
0,152,153,0.9708356141383759
0,153,152,-0.9703101843738459
0,152,165,-0.9455012693036767
0,165,152,0.9883888078031948
0,153,154,0.9707074157657324
0,154,153,-0.9693702650352195
0,153,166,-0.98825658874186
0,166,153,0.9457147097845341
0,154,155,0.9698371027106423
0,155,154,-0.96863354300558
0,154,167,-0.9225848789615946
0,167,154,0.8413763686161799
0,143,155,-0.9687264964273067
0,155,143,0.9689595818629646
0,155,168,-0.8383011348432053
0,168,155,0.7894865273834696
0,156,157,0.9687646855786917
0,157,156,-0.969086887168497
0,156,169,0.6120163696350265
0,169,156,-0.591969184463556
0,157,158,0.9690913236614553
0,158,157,-0.9700231377345523
0,157,170,0.7258853862749268
0,170,157,-0.6390041157100728
0,158,159,0.9700074054852332
0,159,158,-0.9705406755125376
0,158,171,0.9065000149213374
0,171,158,-0.81383588920359
0,159,160,0.9707196339274927
0,160,159,-0.9701947156669751
0,159,172,0.989119772954501
0,172,159,-0.9890324970904987
0,160,161,0.9706154657211783
0,161,160,-0.9692728909570948
0,160,173,0.8138642557992902
0,173,160,-0.9063325195961403
0,161,162,0.9697925901611684
0,162,161,-0.9685727618532717
0,161,174,0.6390884185639956
0,174,161,-0.7257214737526042
0,162,163,0.9689591455166128
0,163,162,-0.9687331041095928
0,162,175,0.5920367450702804
0,175,162,-0.6119548642237875
0,163,164,0.9688829693665052
0,164,163,-0.9695999847471058
0,163,176,0.6577607030869628
0,176,163,-0.5996350646243449
0,164,165,0.969613282812428
0,165,164,-0.9704696113485021
0,164,177,0.8127059125090922
0,177,164,-0.7115987220038579
0,165,166,0.9705572731882987
0,166,165,-0.9705909652609641
0,165,178,0.9789599115840181
0,178,165,-0.9218321839815593
0,166,167,0.9708902432302026
0,167,166,-0.9698705517831833
0,166,179,0.921838407406136
0,179,166,-0.9788223279144826
0,167,168,0.9703271627370603
0,168,167,-0.968924651341556
0,167,180,0.7116243529631702
0,180,167,-0.8125756881869355
0,156,168,-0.9685577191360578
0,168,156,0.9693449762034418
0,168,181,0.5996730810110726
0,181,168,-0.65753150779812
0,169,170,0.9688207121035285
0,170,169,-0.9695539126285632
0,169,182,-0.7910324301090136
0,182,169,0.8083987487414837
0,170,171,0.9695204062424386
0,171,170,-0.9703777994148121
0,170,183,-0.8056638526205309
0,183,170,0.8779521889095666
0,171,172,0.9704406686823523
0,172,171,-0.970474213870351
0,171,184,-0.8917355292783733
0,184,171,0.9638501233567992
0,172,173,0.9707832135547747
0,173,172,-0.9697604058625756
0,172,185,-0.9825998433006977
0,185,172,0.9827594611852092
0,173,174,0.9702591225181482
0,174,173,-0.9688480349828767
0,173,186,-0.9637289317641363
0,186,173,0.8919504883822387
0,174,175,0.9693249071424007
0,175,174,-0.9685346830577757
0,174,187,-0.8777996988569859
0,187,174,0.8058755475750142
0,175,176,0.9688037630847044
0,176,175,-0.9691139274593095
0,175,188,-0.8081557216922731
0,188,175,0.7912102134078325
0,176,177,0.9691736522331954
0,177,176,-0.9700931855598289
0,176,189,-0.7892271512627103
0,189,176,0.8384456067448794
0,177,178,0.9701170716276674
0,178,177,-0.9706501002221279
0,177,190,-0.8411406370117993
0,190,177,0.9227254648299995
0,178,179,0.9708358417034735
0,179,178,-0.9703101887846385
0,178,191,-0.9454923793532741
0,191,178,0.9883887520655542
0,179,180,0.9707074157657333
0,180,179,-0.9693725276263346
0,179,192,-0.9882565375856764
0,192,179,0.9457140109951718
0,180,181,0.9698393698970311
0,181,180,-0.9686373538673385
0,180,193,-0.9225687145273473
0,193,180,0.8413743684031314
0,169,181,-0.9687264891890837
0,181,169,0.9689633807342475
0,181,194,-0.8382702907022903
0,194,181,0.7894841119262451
0,182,183,0.9687646855787077
0,183,182,-0.969086887168481
0,182,195,0.6120168352711335
0,195,182,-0.5919696815246556
0,183,184,0.9690913236614699
0,184,183,-0.9700231377345377
0,183,196,0.7258857554305072
0,196,183,-0.6390046310013202
0,184,185,0.9700074053561688
0,185,184,-0.9705406753791909
0,184,197,0.9065001765271439
0,197,184,-0.8138245619894119
0,185,186,0.9707196343017606
0,186,185,-0.9701947160430259
0,185,198,0.9891197827928934
0,198,185,-0.9890328800561096
0,186,187,0.970615465721173
0,187,186,-0.9692728909570846
0,186,199,0.8138646012833501
0,199,186,-0.9063326812549028
0,187,188,0.9697926007795741
0,188,187,-0.9685803978444896
0,187,200,0.6390889338351255
0,200,187,-0.7257218429732496
0,188,189,0.9689667264371934
0,189,188,-0.968725469166095
0,188,201,0.5921260845731261
0,201,188,-0.611955097057956
0,189,190,0.9688753879082865
0,190,189,-0.9695999953706286
0,189,202,0.6576782174616342
0,202,189,-0.5996358413446274
0,190,191,0.9696132828124429
0,191,190,-0.9704696113484996
0,190,203,0.8127063403873616
0,203,190,-0.7115994242740735
0,191,192,0.970557273188304
0,192,191,-0.9705909652609623
0,191,204,0.9789599438217143
0,204,191,-0.9218323397298694
0,192,193,0.9708902432302041
0,193,192,-0.9698705517831862
0,192,205,0.9218386412037378
0,205,192,-0.9788223763020136
0,193,194,0.9703271627370594
0,194,193,-0.9689246513415647
0,193,206,0.7116248211832563
0,206,193,-0.8125759734718794
0,182,194,-0.9685577191360422
0,194,182,0.9693449762034354
0,194,207,0.5996735988121128
0,207,194,-0.6575319326277802
0,195,196,0.9688207121035354
0,196,195,-0.9695539126285894
0,195,208,-0.7910346634687359
0,208,195,0.8084007671974801
0,196,197,0.9695204062424277
0,197,196,-0.9703772964371254
0,196,209,-0.8056661429989419
0,209,196,0.8779535318696812
0,197,198,0.970440165444305
0,198,197,-0.9704741833351656
0,197,210,-0.8917457238192804
0,210,197,0.9638505138622306
0,198,199,0.9707831846215865
0,199,198,-0.9697604058625893
0,198,211,-0.9825995450608939
0,211,198,0.9827604491545128
0,199,200,0.9702591225181476
0,200,199,-0.9688480349828287
0,199,212,-0.9637293223633364
0,212,199,0.8919431163337579
0,200,201,0.969324907142417
0,201,200,-0.9685346830577529
0,200,213,-0.8778010422841894
0,213,200,0.805877837169741
0,201,202,0.9688037630847256
0,202,201,-0.9691139274592939
0,201,214,-0.8081577411545678
0,214,201,0.7912124460754288
0,202,203,0.9691736588896922
0,203,202,-0.9700931921850414
0,202,215,-0.7892294945808364
0,215,202,0.838447326197871
0,203,204,0.9701170726624301
0,204,203,-0.9706501012892265
0,203,216,-0.8411425130340202
0,216,203,0.9227262904364724
0,204,205,0.9708358387230479
0,205,204,-0.9703101857773733
0,204,217,-0.9454930351851748
0,217,204,0.9883911806313274
0,205,206,0.9707074133075749
0,206,205,-0.9693725251810208
0,205,218,-0.9882565855446033
0,218,205,0.9457146661103237
0,206,207,0.969839369897039
0,207,206,-0.9686373538673418
0,206,219,-0.922569595585986
0,219,206,0.8413763686161121
0,195,207,-0.9687264891891068
0,207,195,0.9689633807341913
0,207,220,-0.8382719032996231
0,220,207,0.7895467498654689
0,208,209,0.9687646855787306
0,209,208,-0.9690868871685113
0,208,221,0.6120133430063778
0,221,208,-0.5921440446388995
0,209,210,0.9690913236614347
0,210,209,-0.9700231377345476
0,209,222,0.7258829867657758
0,222,209,-0.6391319323663234
0,210,211,0.9700074053561697
0,211,210,-0.9705407334479328
0,210,223,0.9064988836776233
0,223,210,-0.8138217985735117
0,211,212,0.9707196910567388
0,212,211,-0.9701952270271176
0,211,224,0.9891189629286383
0,224,211,-0.9890327033692605
0,212,213,0.9706159716757039
0,213,212,-0.9692728909570839
0,212,225,0.8138735736443619
0,225,212,-0.9063313879820303
0,213,214,0.969792600779576
0,214,213,-0.9685803978444707
0,213,226,0.6390848116674261
0,226,213,-0.7256842906397732
0,214,215,0.9689667264372213
0,215,214,-0.9687254691660869
0,214,227,0.5921219844500174
0,227,214,-0.611906276450648
0,215,216,0.9688753879082916
0,216,215,-0.9695999953706457
0,215,228,0.6576748193492801
0,228,215,-0.5996316988421456
0,216,217,0.9696132803583626
0,217,216,-0.9704685987372129
0,216,229,0.812704058368679
0,229,216,-0.7115956788298009
0,217,218,0.9705562657007314
0,218,217,-0.9705909622478263
0,217,230,0.9789525175783584
0,230,217,-0.9218259272173788
0,218,219,0.9708902432302043
0,219,218,-0.9698705517831911
0,218,231,0.9218373942781976
0,231,218,-0.9788221182338276
0,219,220,0.9703271560707444
0,220,219,-0.9689183076573062
0,219,232,0.7116210754191201
0,232,219,-0.8125242955925536
0,208,220,-0.9685577326265813
0,220,208,0.9693386526845598
0,220,233,0.5995886814522634
0,233,220,-0.6573621818867318
0,221,222,0.9688359073745565
0,222,221,-0.9695629173109482
0,221,234,-0.7909026979580769
0,234,221,0.8082704100468074
0,222,223,0.9695294149555463
0,223,222,-0.970377294035118
0,222,235,-0.8055671836760115
0,235,222,0.8779532800644778
0,223,224,0.970440165303907
0,224,223,-0.9704741908286385
0,223,236,-0.8917455445082171
0,236,223,0.9638650437484136
0,224,225,0.9707831919045236
0,225,224,-0.9697604059112453
0,224,237,-0.982599636238722
0,237,224,0.9827604317762915
0,225,226,0.9702591225181448
0,226,225,-0.9688448644460561
0,225,238,-0.9637292674353594
0,238,225,0.8919473177020721
0,226,227,0.9693217374737343
0,227,226,-0.9685306349374229
0,226,239,-0.8778238747818148
0,239,226,0.8058774794205135
0,227,228,0.9687997359384031
0,228,227,-0.9691139341771517
0,227,240,-0.8081900737824725
0,240,227,0.7912122367626254
0,228,229,0.9691736588896751
0,229,228,-0.9700931921850259
0,228,241,-0.7892292016659158
0,241,228,0.8384471112659259
0,229,230,0.970117073697238
0,230,229,-0.9706499860906693
0,229,242,-0.8411423254318281
0,242,229,0.9227109488814172
0,230,231,0.9708357242361647
0,231,230,-0.9703101827701017
0,230,243,-0.945497054771288
0,243,230,0.9883911774413959
0,231,232,0.9707074133075793
0,232,231,-0.9693679982160702
0,231,244,-0.988256577445016
0,244,231,0.9457145554708324
0,232,233,0.9698348337386978
0,233,232,-0.9686221032302815
0,232,245,-0.9226000501316008
0,245,232,0.8413761185895873
0,221,233,-0.968741707873856
0,233,221,0.9689481675250396
0,233,246,-0.8383880564409134
0,246,233,0.7895466034930316
0,234,235,0.968780818371065
0,235,234,-0.9690868737357884
0,234,247,0.612196740218871
0,247,234,-0.5921477719860547
0,235,236,0.9690913236614476
0,236,235,-0.9700205459604624
0,235,248,0.7258859400082717
0,248,235,-0.6391360541033165
0,236,237,0.9700048111445454
0,237,236,-0.9705407334479342
0,236,249,0.9064735425112518
0,249,236,-0.813848079839393
0,237,238,0.9707196918051189
0,238,237,-0.9701949723373458
0,237,250,0.9891190466438452
0,250,237,-0.9890328800561065
0,238,239,0.9706157181402504
0,239,238,-0.969272890342971
0,238,251,0.8138704909701339
0,251,238,-0.9063360414025583
0,239,240,0.9697926060887383
0,240,239,-0.968580403176812
0,239,252,0.6390890626529588
0,252,239,-0.7257046362061205
0,240,241,0.9689667264372123
0,241,240,-0.96872546916611
0,240,253,0.5921260224499607
0,253,240,-0.6119550388494832
0,241,242,0.968875393232739
0,242,241,-0.969602259173903
0,241,254,0.6576781112704856
0,254,241,-0.5995550257785409
0,242,243,0.9696155327594234
0,243,242,-0.9704685975251739
0,242,255,0.8127309176147226
0,255,242,-0.7115993072290694
0,243,244,0.9705562672974384
0,244,243,-0.9705909638546992
0,243,256,0.9789527755427652
0,256,243,-0.9218271732522354
0,244,245,0.9708902426861379
0,245,244,-0.9698705512288113
0,244,257,0.9218386827642686
0,257,244,-0.9788223849035237
0,245,246,0.9703271560707671
0,246,245,-0.9689183076572827
0,245,258,0.7116248211834741
0,258,245,-0.8125265781515373
0,234,246,-0.9685738883198337
0,246,234,0.9693386661891279
0,246,259,0.5995928241696772
0,259,246,-0.657365581177783
0,247,248,0.9688359073745233
0,248,247,-0.9695629173109674
0,247,260,-0.790901301713243
0,260,247,0.8082691481224307
0,248,249,0.969529417399602
0,249,248,-0.9703783019945716
0,248,261,-0.8055657518550472
0,261,248,0.8779524407144134
0,249,250,0.9704411745167669
0,250,249,-0.9704741863523585
0,249,262,-0.8917270376714289
0,262,249,0.963864775344083
0,250,251,0.9707831847510047
0,251,250,-0.9697607325722992
0,250,263,-0.9825994429613588
0,263,250,0.9827603472728503
0,251,252,0.9702594483371512
0,252,251,-0.9688464508592569
0,251,264,-0.9637272028778868
0,264,251,0.8919464439499527
0,252,253,0.9693233226190515
0,253,252,-0.9685346796854373
0,252,265,-0.8778115195840102
0,265,252,0.8058760573675987
0,253,254,0.9688037597161421
0,254,253,-0.9691076014991593
0,253,266,-0.8081562265572646
0,266,253,0.7912272383501999
0,254,255,0.9691673516706105
0,255,254,-0.9700931954975985
0,254,267,-0.7892881968702005
0,267,254,0.8384606194976975
0,255,256,0.9701170736972305
0,256,255,-0.9706499860906694
0,255,268,-0.8411410747505738
0,268,255,0.9227027681101937
0,256,257,0.970835724236165
0,257,256,-0.9703101827701082
0,256,269,-0.9454966394291904
0,269,256,0.9883899570004622
0,257,258,0.9707074133075737
0,258,257,-0.969367998216043
0,257,270,-0.9882565454724052
0,270,257,0.9457141187273913
0,258,259,0.9698348337386902
0,259,258,-0.9686221032302411
0,258,271,-0.9225994995851858
0,271,258,0.8413748684566814
0,247,259,-0.9687417078738749
0,259,247,0.9689481675250139
0,259,272,-0.8383869817383514
0,272,259,0.7895451397688333
0,260,261,0.9687808183710104
0,261,260,-0.9690868737357528
0,260,273,0.6121958091102246
0,273,260,-0.59214677802544
0,261,262,0.9690913236614874
0,262,261,-0.9700205459604637
0,261,274,0.7258852016971593
0,274,261,-0.6391350236685286
0,262,263,0.9700048111445632
0,263,262,-0.9705407334479329
0,262,275,0.906473219252657
0,275,262,-0.8138473890275819
0,263,264,0.9707196914309296
0,264,263,-0.9701949719613407
0,263,276,0.9891190256536307
0,276,263,-0.9890324859814433
0,264,265,0.9706157179881364
0,265,264,-0.9692728901894176
0,264,277,0.8138697784194886
0,277,264,-0.9063357079874699
0,265,266,0.9697926027705163
0,266,265,-0.9685784946317474
0,265,278,0.6390880321106569
0,278,265,-0.7257082225420692
0,266,267,0.9689648286870558
0,267,266,-0.96872356943657
0,266,279,0.5921027992261484
0,279,266,-0.6119375611379951
0,267,268,0.9688734933607731
0,268,267,-0.9696033877562541
0,267,280,0.6576565202532088
0,280,267,-0.599574210378741
0,268,269,0.969616660134592
0,269,268,-0.9704691040335474
0,268,281,0.8127426354228191
0,281,268,-0.7115983123461376
0,269,270,0.9705567712400583
0,270,269,-0.9705909653612664
0,269,282,0.9789562873090744
0,282,269,-0.921824239567682
0,270,271,0.9708902426861379
0,271,270,-0.9698705512288086
0,270,283,0.9218383294735012
0,283,270,-0.9788223117852926
0,271,272,0.9703271560707546
0,272,271,-0.9689183076572959
0,271,284,0.7116237598946693
0,284,271,-0.8125259314332142
0,260,272,-0.9685738883198421
0,272,260,0.9693386661891197
0,272,285,0.5995921682501367
0,285,272,-0.657531394519444
0,273,274,0.9688359073745325
0,274,273,-0.9695629173109388
0,273,286,-0.7909023442487696
0,286,273,0.8084001953066118
0,274,275,0.9695294173995972
0,275,274,-0.9703783019945751
0,274,287,-0.8055668209545593
0,287,274,0.8779530674327177
0,275,276,0.9704411745167622
0,276,275,-0.9704742168872351
0,275,288,-0.8917277071599641
0,288,275,0.9638649575348132
0,276,277,0.970783213684255
0,277,276,-0.969760732572283
0,276,289,-0.9825999453979324
0,289,276,0.9827587109185538
0,277,278,0.9702594487519692
0,278,277,-0.968846847574542
0,277,290,-0.9637274012353664
0,290,277,0.8919427690664766
0,278,279,0.9693237161046608
0,279,278,-0.9685331878286891
0,278,291,-0.8778093004457298
0,291,278,0.8058771842775044
0,279,280,0.9688022760363378
0,280,279,-0.9691091866201498
0,279,292,-0.80816923956306
0,292,279,0.7912283652392762
0,280,281,0.9691689273164605
0,281,280,-0.9700931925991126
0,280,293,-0.7892742636904155
0,293,280,0.8384542080181658
0,281,282,0.9701170734385154
0,282,281,-0.9706499276235143
0,281,294,-0.8411420909292976
0,294,281,0.9227070305920596
0,282,283,0.970835670005067
0,283,282,-0.9703101843738449
0,282,295,-0.9454990152562751
0,295,282,0.9883899821257204
0,283,284,0.9707074133075883
0,284,283,-0.9693679982160593
0,283,296,-0.9882565759528068
0,296,283,0.9457104051538052
0,284,285,0.9698348550475145
0,285,284,-0.9686373645067445
0,284,297,-0.9225999400222692
0,297,284,0.8413758685630338
0,273,285,-0.9687416867203438
0,285,273,0.9689633884691389
0,285,298,-0.83827158077976
0,298,285,0.7894254151210419
0,286,287,0.9687646720548428
0,287,286,-0.9690868737357757
0,286,299,0.6120140414581842
0,299,286,-0.591966699162532
0,287,288,0.9690913236614687
0,288,287,-0.9700205459604612
0,287,300,0.7258837250759159
0,300,287,-0.6390017969006117
0,288,289,0.970004810594886
0,289,288,-0.9705406166965359
0,288,301,0.9064725727337378
0,301,288,-0.8138460074008517
0,289,290,0.97071957750128
0,290,289,-0.9701952270271172
0,289,302,0.9891204585430243
0,302,289,-0.9890324467728666
0,290,291,0.9706159704597529
0,291,290,-0.9692728897288155
0,290,303,0.8138742645956552
0,303,290,-0.9063317113009476
0,291,292,0.9697926034341662
0,292,291,-0.9685784952985859
0,291,304,0.6390859710267592
0,304,291,-0.7256851214302883
0,292,293,0.9689648304985096
0,293,292,-0.968724523018324
0,292,305,0.5921008301150825
0,305,292,-0.6119523030517152
0,293,294,0.968874440726547
0,294,293,-0.9696028208677429
0,293,306,0.6576651985879967
0,306,293,-0.5995721228273944
0,294,295,0.9696160971148299
0,295,294,-0.970469104033549
0,294,307,0.8127353503908299
0,307,294,-0.7115964688850662
0,295,296,0.9705567678724077
0,296,295,-0.9705910833729862
0,295,308,0.9789561603573136
0,308,295,-0.9218249178981465
0,296,297,0.9708903613960956
0,297,296,-0.9698705528227322
0,296,309,0.9218428815594562
0,309,296,-0.9788221666218502
0,297,298,0.9703271694033474
0,298,297,-0.9689309850967607
0,297,310,0.7116220118611746
0,310,297,-0.8125248662327869
0,286,298,-0.9685577191360466
0,298,286,0.9693513033276041
0,298,311,0.5997512646427454
0,311,298,-0.6575293836512015
0,299,300,0.9688207121035208
0,300,299,-0.9695539126285602
0,299,312,-0.7910346634688773
0,312,299,0.8084007671974716
0,300,301,0.9695204062424435
0,301,300,-0.9703783019945724
0,300,313,-0.8056659998503408
0,313,300,0.8779534479345692
0,301,302,0.9704411714230323
0,302,301,-0.970474213769922
0,301,314,-0.8917281136281492
0,314,301,0.9638650681487952
0,302,303,0.970783214072695
0,303,302,-0.9697604063816041
0,302,315,-0.9825999751762057
0,315,302,0.9827587406368345
0,303,304,0.9702591225181362
0,304,303,-0.968844864446101
0,303,316,-0.9637293223633561
0,316,303,0.8919519222023365
0,304,305,0.9693217408395202
0,305,304,-0.9685346796854511
0,304,317,-0.8778240426947055
0,317,304,0.8058777656199202
0,305,306,0.9688037630846852
0,306,305,-0.9691091864394774
0,305,318,-0.8081577727087252
0,318,305,0.7912124809608687
0,306,307,0.9691689268997681
0,307,306,-0.9700931921850252
0,306,319,-0.789274822005459
0,319,306,0.8384473530642981
0,307,308,0.9701170734385323
0,308,307,-0.9706499567296415
0,307,320,-0.8411426068350166
0,320,307,0.9227110727353335
0,308,309,0.9708356979213434
0,309,308,-0.9703101843738478
0,308,321,-0.945498168915322
0,321,308,0.9883899944889379
0,309,310,0.9707074133075753
0,310,309,-0.9693679982160838
0,309,322,-0.9882565887418637
0,322,309,0.9457105798584153
0,310,311,0.9698348550475231
0,311,310,-0.9686373645067338
0,310,323,-0.9226001602408117
0,323,310,0.8413763686160896
0,299,311,-0.9687264891890888
0,311,299,0.9689633807342107
0,311,324,-0.8382720108061401
0,324,311,0.7894260007624195
0,312,313,0.9687646720548188
0,313,312,-0.9690868737358197
0,312,325,0.6120159039991714
0,325,312,-0.59196868740285
0,313,314,0.9690913236614244
0,314,313,-0.9700205459604571
0,313,326,0.725885201697144
0,326,313,-0.6390038580642742
0,314,315,0.9700048105948912
0,315,314,-0.9705406166965349
0,314,327,0.906473219252557
0,327,314,-0.8138473890276037
0,315,316,0.9707195775012819
0,316,315,-0.9701947160430239
0,315,328,0.98912050051711
0,328,315,-0.9890324885953407
0,316,317,0.9706154645033226
0,317,316,-0.9692728897288091
0,316,329,0.8138639103150218
0,329,316,-0.9063323579374044
0,317,318,0.9697926060887605
0,318,317,-0.9685804031768546
0,317,330,0.639088032110682
0,330,317,-0.7257211968368712
0,318,319,0.9689667264371753
0,319,318,-0.9687254691661117
0,318,331,0.5921249663561461
0,331,318,-0.6119090705762151
0,319,320,0.968875393232738
0,320,319,-0.9696022591738978
0,319,332,0.6576772617413499
0,332,319,-0.5995539900735216
0,320,321,0.9696155333720061
0,321,320,-0.9704691034284774
0,320,333,0.8127303471450698
0,333,320,-0.7115983708686504
0,321,322,0.9705567674982246
0,322,321,-0.9705910829964964
0,321,334,0.9789562918430442
0,334,321,-0.9218250687324218
0,322,323,0.9708903613960961
0,323,322,-0.9698705528227254
0,322,335,0.9218435050007109
0,335,322,-0.9788222956560462
0,323,324,0.9703271694033325
0,324,323,-0.9689309850967439
0,323,336,0.7116238847430862
0,336,323,-0.8125260075122082
0,312,324,-0.9685577191360727
0,324,312,0.9693513033276402
0,324,337,0.5997533356874741
0,337,324,-0.6575310829682718
0,325,326,0.968820712103503
0,326,325,-0.9695539126285481
0,325,338,-0.7910329884485123
0,338,325,0.8083342079291538
0,326,327,0.9695204062424184
0,327,326,-0.9703783019945734
0,326,339,-0.8056642820666803
0,339,326,0.8779524407143757
0,327,328,0.9704411714230311
0,328,327,-0.9704742137699223
0,327,340,-0.8917270376714248
0,340,327,0.963864775344137
0,328,329,0.9707832140726942
0,329,328,-0.9697604063816065
0,328,341,-0.9825998685418239
0,341,328,0.9827586342172892
0,329,330,0.9702591225181394
0,330,329,-0.9688480349828367
0,329,342,-0.9637290294139619
0,342,329,0.8919508468377397
0,330,331,0.9693249004171458
0,331,330,-0.9685306349373579
0,330,343,-0.8778000347135921
0,343,330,0.8058761199736961
0,331,332,0.9687997291949965
0,332,331,-0.9691076048643955
0,331,344,-0.8081888117155499
0,344,331,0.7912108413450835
0,332,333,0.9691673516706407
0,333,332,-0.9700931954975988
0,332,345,-0.7892881968701568
0,345,332,0.8384460903405584
0,333,334,0.9701170736648892
0,334,333,-0.9706499460490298
0,333,346,-0.8411410122164991
0,346,333,0.9227256299512335
0,334,335,0.9708356875472636
0,335,334,-0.9703101844678252
0,334,347,-0.945498034754059
0,347,334,0.988389956900763
0,335,336,0.9707074133075759
0,336,335,-0.9693679982160793
0,335,348,-0.9882565503747317
0,348,335,0.9457100557438364
0,336,337,0.969834855047496
0,337,336,-0.9686373645067253
0,336,349,-0.9225995546397179
0,349,336,0.8413408894929051
0,325,337,-0.9687264891891018
0,337,325,0.9689633807342246
0,337,350,-0.8382706132214651
0,350,337,0.7894845510999215
0,338,339,0.9687727515010373
0,339,338,-0.9690868737357937
0,0,338,0.22600232975634177
0,338,0,-0.22598868080877368
0,339,340,0.9690913236614495
0,340,339,-0.9700205459604541
0,1,339,0.28843719522982775
0,339,1,-0.1853912977401983
0,340,341,0.9700048111445537
0,341,340,-0.9705406172649179
0,2,340,0.3947396362877646
0,340,2,-0.21547742377384438
0,341,342,0.9707195759042189
0,342,341,-0.9701947144387042
0,3,341,0.8628711587188533
0,341,3,-0.7262675336466844
0,342,343,0.97061546572118
0,343,342,-0.9692728909570762
0,4,342,0.33046753867572215
0,342,4,-0.5238538313704881
0,343,344,0.9697926007795815
0,344,343,-0.9685803978444623
0,5,343,0.18442013756107267
0,343,5,-0.33068598778887937
0,344,345,0.9689667264372174
0,345,344,-0.9687254691660787
0,6,344,0.20185688149042527
0,344,6,-0.2547143803264051
0,345,346,0.9688753879083025
0,346,345,-0.969599995370651
0,7,345,0.2551484292627411
0,345,7,-0.20166345654971055
0,346,347,0.9696132815853944
0,347,346,-0.9704691052436812
0,8,346,0.33127690785648306
0,346,8,-0.18469738140841105
0,347,348,0.970556768246593
0,348,347,-0.9705910837494741
0,9,347,0.5249836153509305
0,347,9,-0.3315996085934419
0,348,349,0.9708903603739345
0,349,348,-0.9698731601804675
0,10,348,0.7277247649650767
0,348,10,-0.8638952448136468
0,349,350,0.9703297616372387
0,350,349,-0.9689246446747442
0,11,349,0.2163999809770127
0,349,11,-0.3956025496434686
0,338,350,-0.9685658100434731
0,350,338,0.9693449896827376
0,12,350,0.1856853570217128
0,350,12,-0.2888491047623458
10000000000,0,1,0.9687722199278508
10000000000,1,0,-0.9691108973771141
10000000000,0,13,0.6135043611043204
10000000000,13,0,-0.5916924212960164
10000000000,1,2,0.9691116293800709
10000000000,2,1,-0.9700403642218345
10000000000,1,14,0.7291959868088096
10000000000,14,1,-0.6413350915097
10000000000,2,3,0.970026397914395
10000000000,3,2,-0.9705434955134906
10000000000,2,15,0.9101547431610176
10000000000,15,2,-0.8184027057079879
10000000000,3,4,0.9707261611068835
10000000000,4,3,-0.9701769926497605
10000000000,3,16,0.9877844247850733
10000000000,16,3,-0.990219774883542
10000000000,4,5,0.9706053536130075
10000000000,5,4,-0.9692557655894176
10000000000,4,17,0.8092963096054393
10000000000,17,4,-0.9026398519066618
10000000000,5,6,0.9697731526084166
10000000000,6,5,-0.9685780583151312
10000000000,5,18,0.6368426335870878
10000000000,18,5,-0.722481990801592
10000000000,6,7,0.9689612276853727
10000000000,7,6,-0.9687347478981212
10000000000,6,19,0.592480993381705
10000000000,19,6,-0.6106251791188226
10000000000,7,8,0.9688829502270309
10000000000,8,7,-0.9696244582336938
10000000000,7,20,0.6600310797084752
10000000000,20,7,-0.6005235628838368
10000000000,8,9,0.9696403389436298
10000000000,9,8,-0.9704798638470188
10000000000,8,21,0.8166022886668818
10000000000,21,8,-0.7152924264923652
10000000000,9,10,0.9705736175036123
10000000000,10,9,-0.9705849597447237
10000000000,9,22,0.9808722602566754
10000000000,22,9,-0.9257254393494739
10000000000,10,11,0.9708861770622075
10000000000,11,10,-0.9698525873137327
10000000000,10,23,0.9178376108640529
10000000000,23,10,-0.9767981825518914
10000000000,11,12,0.9703069660344208
10000000000,12,11,-0.9689072256482444
10000000000,11,24,0.7079885295589794
10000000000,24,11,-0.8087216022377349
10000000000,0,12,-0.9685676456142562
10000000000,12,0,0.9693233998541522
10000000000,12,25,0.5987285816101331
10000000000,25,12,-0.6551641261249873
10000000000,13,14,0.9688239400644979
10000000000,14,13,-0.9695753809489751
10000000000,13,26,-0.7906580543137619
10000000000,26,13,0.8093264396659418
10000000000,14,15,0.9695392495942083
10000000000,15,14,-0.9703889411594929
10000000000,14,27,-0.8067444414623256
10000000000,27,14,0.8797330394556562
10000000000,15,16,0.9704550824378423
10000000000,16,15,-0.9704676867948242
10000000000,15,28,-0.8940046772069753
10000000000,28,15,0.965293659744138
10000000000,16,17,0.9707804304660591
10000000000,17,16,-0.9697406744300742
10000000000,16,29,-0.9835085201770464
10000000000,29,16,0.981799972650839
10000000000,17,18,0.9702414910859684
10000000000,18,17,-0.9688314167259099
10000000000,17,30,-0.9622594799170461
10000000000,30,17,0.8896844123702884
10000000000,18,19,0.9693048039189034
10000000000,19,18,-0.9685379794811374
10000000000,18,31,-0.8760470472067787
10000000000,31,18,0.8048083864938705
10000000000,19,20,0.9688046208218678
10000000000,20,19,-0.969125322959582
10000000000,19,32,-0.8071659367063493
10000000000,32,19,0.7916565888754414
10000000000,20,21,0.9691845833005275
10000000000,21,20,-0.9701116920681612
10000000000,20,33,-0.7895897060100602
10000000000,33,20,0.8399227286952814
10000000000,21,22,0.9701369926163868
10000000000,22,21,-0.9706509376718963
10000000000,21,34,-0.8429745134198854
10000000000,34,21,0.9245577233176732
10000000000,22,23,0.9708424894235038
10000000000,23,22,-0.9702951067028271
10000000000,22,35,-0.9475163953926917
10000000000,35,22,0.9888201696863852
10000000000,23,24,0.9706945928473653
10000000000,24,23,-0.9693498527982961
10000000000,23,36,-0.9877762589033612
10000000000,36,23,0.9436886269175346
10000000000,24,25,0.9698156425707752
10000000000,25,24,-0.9686251935338336
10000000000,24,37,-0.9207452876787897
10000000000,37,24,0.8395624134391054
10000000000,13,25,-0.9687369663192243
10000000000,25,13,0.96894969300298
10000000000,25,38,-0.836846503187921
10000000000,38,25,0.7892330367132393
10000000000,26,27,0.9687722199278671
10000000000,27,26,-0.969104648958892
10000000000,26,39,0.6135045931581495
10000000000,39,26,-0.5917815191464735
10000000000,27,28,0.9691053778401768
10000000000,28,27,-0.9700403642218398
10000000000,27,40,0.7291277707747611
10000000000,40,27,-0.641335348723009
10000000000,28,29,0.9700263990618118
10000000000,29,28,-0.9705433007501083
10000000000,28,41,0.9101547431610226
10000000000,41,28,-0.8183802314639543
10000000000,29,30,0.9707259648740736
10000000000,30,29,-0.970178062961833
10000000000,29,42,0.9877874389725201
10000000000,42,29,-0.9902197826687665
10000000000,30,31,0.9706064197283186
10000000000,31,30,-0.969255765589411
10000000000,30,43,0.8093206649910836
10000000000,43,30,-0.9026675717444722
10000000000,31,32,0.9697731418519739
10000000000,32,31,-0.9685703932580293
10000000000,31,44,0.636842375564647
10000000000,44,31,-0.7224818048154433
10000000000,32,33,0.9689536032393901
10000000000,33,32,-0.9687347623975108
10000000000,32,45,0.5923919668486212
10000000000,45,32,-0.6107154820472529
10000000000,33,34,0.9688829397197697
10000000000,34,33,-0.9696200132361534
10000000000,33,46,0.6600310797086415
10000000000,46,33,-0.6005235628839827
10000000000,34,35,0.9696359151160758
10000000000,35,34,-0.9704793861821902
10000000000,34,47,0.8165540342778793
10000000000,47,34,-0.7152926588932147
10000000000,35,36,0.9705731407483044
10000000000,36,35,-0.9705849943145256
10000000000,35,48,0.9808689950513423
10000000000,48,35,-0.9257254762966336
10000000000,36,37,0.9708862120022412
10000000000,37,36,-0.9698525880051441
10000000000,36,49,0.9178390879667587
10000000000,49,36,-0.976802116593353
10000000000,37,38,0.9703069728736299
10000000000,38,37,-0.9689072324955633
10000000000,37,50,0.7079886474248795
10000000000,50,37,-0.8087216746175688
10000000000,26,38,-0.9685676320718296
10000000000,38,26,0.9693233862841414
10000000000,38,51,0.5987283229575717
10000000000,51,38,-0.6551639127539907
10000000000,39,40,0.9688315092275814
10000000000,40,39,-0.9695753809489718
10000000000,39,52,-0.7905943533284026
10000000000,52,39,0.8093607008984519
10000000000,40,41,0.9695392472998084
10000000000,41,40,-0.9703879844049051
10000000000,40,53,-0.8067465110892132
10000000000,53,40,0.8797342407498521
10000000000,41,42,0.9704541244855139
10000000000,42,41,-0.9704676837413846
10000000000,41,54,-0.8940229579724265
10000000000,54,41,0.9652940314764021
10000000000,42,43,0.970780430466059
10000000000,43,42,-0.9697433605950181
10000000000,42,55,-0.9835086346857399
10000000000,55,42,0.9818001139045397
10000000000,43,44,0.970244157633503
10000000000,44,43,-0.9688314098659704
10000000000,43,56,-0.9622446084501838
10000000000,56,43,0.8897222182993075
10000000000,44,45,0.9693048174594266
10000000000,45,44,-0.9685460632730779
10000000000,44,57,-0.8760484077825751
10000000000,57,44,0.8048106824429833
10000000000,45,46,0.9688126762241763
10000000000,46,45,-0.9691253229596056
10000000000,45,58,-0.8071026266819517
10000000000,58,45,0.7915927150079167
10000000000,46,47,0.9691845833005253
10000000000,47,46,-0.970111692068164
10000000000,46,59,-0.7895917574468059
10000000000,59,46,0.8399242209859614
10000000000,47,48,0.9701369926163925
10000000000,48,47,-0.9706509376718964
10000000000,47,60,-0.8429762487284018
10000000000,60,47,0.9245883184726281
10000000000,48,49,0.9708424894235033
10000000000,49,48,-0.9702956438620624
10000000000,48,61,-0.9475170235069214
10000000000,61,48,0.9888181826682898
10000000000,49,50,0.9706951268233327
10000000000,50,49,-0.9693498514907868
10000000000,49,62,-0.9877749353224032
10000000000,62,49,0.9436899954820828
10000000000,50,51,0.9698156371756241
10000000000,51,50,-0.9686251881376476
10000000000,50,63,-0.9207461606894195
10000000000,63,50,0.8395469792521871
10000000000,39,51,-0.9687445472829255
10000000000,51,39,0.9689497075171417
10000000000,51,64,-0.8368481827726274
10000000000,64,51,0.789204910012086
10000000000,52,53,0.9687681829392863
10000000000,53,52,-0.9691046489588805
10000000000,52,65,0.6134560846473681
10000000000,65,52,-0.5917332344116641
10000000000,53,54,0.9691053810947967
10000000000,54,53,-0.9700403674364144
10000000000,53,66,0.7291249313789677
10000000000,66,53,-0.6413313619196195
10000000000,54,55,0.970026399061822
10000000000,55,54,-0.9705433007501079
10000000000,54,67,0.9101535350265971
10000000000,67,54,-0.8183888443977142
10000000000,55,56,0.9707259678249522
10000000000,56,55,-0.9701759117502237
10000000000,55,68,0.9877873207190128
10000000000,68,55,-0.9902225839865878
10000000000,56,57,0.9706042884164586
10000000000,57,56,-0.9692557682090744
10000000000,56,69,0.8092691361116944
10000000000,69,56,-0.9026107901717794
10000000000,57,58,0.9697731418519522
10000000000,58,57,-0.9685780475192852
10000000000,57,70,0.636838505230159
10000000000,70,57,-0.7224790150262667
10000000000,58,59,0.968961227685388
10000000000,59,58,-0.9687347478980931
10000000000,58,71,0.5924770266760183
10000000000,71,58,-0.6105313690442363
10000000000,59,60,0.9688829397197524
10000000000,60,59,-0.9696155717392382
10000000000,59,72,0.6600276968710481
10000000000,72,59,-0.6005194162811951
10000000000,60,61,0.9696314854948882
10000000000,61,60,-0.9704803456392705
10000000000,60,73,0.8165035281817702
10000000000,73,60,-0.7153337043154088
10000000000,61,62,0.9705740941658211
10000000000,62,61,-0.9705849740450184
10000000000,61,74,0.980875313073137
10000000000,74,61,-0.925724293981733
10000000000,62,63,0.9708861900530823
10000000000,63,62,-0.9698539294719065
10000000000,62,75,0.9178368943095344
10000000000,75,62,-0.9767998668925483
10000000000,63,64,0.9703083100325147
10000000000,64,63,-0.9689104284731148
10000000000,63,76,0.7080081055286727
10000000000,76,63,-0.8087319310026878
10000000000,52,64,-0.9685635961357073
10000000000,64,52,0.9693265856977717
10000000000,64,77,0.5987650712441639
10000000000,77,64,-0.6551607121951323
10000000000,65,66,0.9688277261210387
10000000000,66,65,-0.9695753809489828
10000000000,65,78,-0.7906273605697696
10000000000,78,65,0.8093446061687254
10000000000,66,67,0.9695392484469919
10000000000,67,66,-0.9703884629726951
10000000000,66,79,-0.8067466895054396
10000000000,79,66,0.8797229792612767
10000000000,67,68,0.9704546083051682
10000000000,68,67,-0.9704674061138002
10000000000,67,80,-0.89401456479651
10000000000,80,67,0.9652940430930481
10000000000,68,69,0.970780159312122
10000000000,69,68,-0.9697379835504143
10000000000,68,81,-0.9835051250028208
10000000000,81,68,0.9818001377602176
10000000000,69,70,0.9702388203420719
10000000000,70,69,-0.9688314235858444
10000000000,69,82,-0.962275100763601
10000000000,82,69,0.8897223523023834
10000000000,70,71,0.9693047903782922
10000000000,71,70,-0.9685298830600013
10000000000,70,83,-0.8760484077825481
10000000000,83,70,0.8048106824428393
10000000000,71,72,0.9687965528436229
10000000000,72,71,-0.9691253229595931
10000000000,71,84,-0.8072332924248138
10000000000,84,71,0.7915929932385496
10000000000,72,73,0.9691845897956513
10000000000,73,72,-0.9701142178118473
10000000000,72,85,-0.7895920505096639
10000000000,85,72,0.8399244341706937
10000000000,73,74,0.9701395045693293
10000000000,74,73,-0.9706509376718967
10000000000,73,86,-0.8429430405040025
10000000000,86,73,0.9245883722354417
10000000000,74,75,0.9708424901601456
10000000000,75,74,-0.9702953760761849
10000000000,74,87,-0.9475170653810815
10000000000,87,74,0.9888202142464326
10000000000,75,76,0.9706948598877541
10000000000,76,75,-0.9693510036139367
10000000000,75,88,-0.9877756274458761
10000000000,88,75,0.9436904728856785
10000000000,76,77,0.9698167936905652
10000000000,77,76,-0.968625193533819
10000000000,76,89,-0.9207383943210886
10000000000,89,76,0.8395557683762588
10000000000,65,77,-0.9687407582835017
10000000000,77,65,0.9689497002600683
10000000000,77,90,-0.8368482369528698
10000000000,90,77,0.7892201804951098
10000000000,78,79,0.9687702051811039
10000000000,79,78,-0.9691062153163061
10000000000,78,91,0.613481992463124
10000000000,91,78,-0.5917258333157916
10000000000,79,80,0.9691069432679488
10000000000,80,79,-0.9700403658291319
10000000000,79,92,0.729144733577908
10000000000,92,79,-0.6413351558130054
10000000000,80,81,0.9700263990618065
10000000000,81,80,-0.9705433007501078
10000000000,80,93,0.9101547041890284
10000000000,93,80,-0.8183913839864448
10000000000,81,82,0.9707259693986205
10000000000,82,81,-0.9701759133321072
10000000000,81,94,0.9877874286312853
10000000000,94,81,-0.9902197767002606
10000000000,82,83,0.9706042898094489
10000000000,83,82,-0.9692557696060868
10000000000,82,95,0.8092719537281052
10000000000,95,82,-0.9026121292123694
10000000000,83,84,0.9697731418519848
10000000000,84,83,-0.9685780475192266
10000000000,83,96,0.6368421175425324
10000000000,96,83,-0.722481618829379
10000000000,84,85,0.96896122768534
10000000000,85,84,-0.9687347478980861
10000000000,84,97,0.5924809933815158
10000000000,97,84,-0.610715248502404
10000000000,85,86,0.9688829397197433
10000000000,86,85,-0.9696155717392424
10000000000,85,98,0.660031079708462
10000000000,98,85,-0.6005235628836827
10000000000,86,87,0.9696314854948803
10000000000,87,86,-0.9704793884399603
10000000000,86,99,0.8165054951533878
10000000000,99,86,-0.7152478941607359
10000000000,87,88,0.9705731430234973
10000000000,88,87,-0.9705849612705306
10000000000,87,100,0.9808689667691987
10000000000,100,87,-0.9257253285079142
10000000000,88,89,0.9708861772884668
10000000000,89,88,-0.9698532586833406
10000000000,88,101,0.9178375903726654
10000000000,101,88,-0.9768001427913449
10000000000,89,90,0.9703076415841626
10000000000,90,89,-0.9689088307959708
10000000000,89,102,0.7080000781437404
10000000000,102,89,-0.8087302051244122
10000000000,78,90,-0.9685656144968285
10000000000,90,78,0.9693249863034465
10000000000,90,103,0.5987485884930103
10000000000,103,90,-0.6551586478331635
10000000000,91,92,0.9688267811991956
10000000000,92,91,-0.9695753822543391
10000000000,91,104,-0.7906333541202932
10000000000,104,91,0.8093466689656519
10000000000,92,93,0.9695392484470021
10000000000,93,92,-0.9703884629726941
10000000000,92,105,-0.8067443968582858
10000000000,105,92,0.8797244898000347
10000000000,93,94,0.970454605269464
10000000000,94,93,-0.9704676868964732
10000000000,93,106,-0.8940131478500101
10000000000,106,93,0.9652945417701093
10000000000,94,95,0.9707804304660579
10000000000,95,94,-0.9697379840399261
10000000000,94,107,-0.9835085280651199
10000000000,107,94,0.9818008113255252
10000000000,95,96,0.9702388103277648
10000000000,96,95,-0.9688314135243202
10000000000,95,108,-0.9622747049171808
10000000000,108,95,0.8896844123702189
10000000000,96,97,0.9693048174594251
10000000000,97,96,-0.9685460632730928
10000000000,96,109,-0.8760470018580587
10000000000,109,96,0.8049080919438806
10000000000,97,98,0.9688126762241545
10000000000,98,97,-0.9691253229595868
10000000000,97,110,-0.8071007824372767
10000000000,110,97,0.7915906932112341
10000000000,98,99,0.9691845768053124
10000000000,99,98,-0.970109162329063
10000000000,98,111,-0.7895896278667488
10000000000,111,98,0.8399226718510181
10000000000,99,100,0.9701344766980383
10000000000,100,99,-0.9706509376718969
10000000000,99,112,-0.8430079647658294
10000000000,112,99,0.9245279264154025
10000000000,100,101,0.9708424872135717
10000000000,101,100,-0.9702953731128817
10000000000,100,113,-0.9475163953926936
10000000000,113,100,0.9888201696863893
10000000000,101,102,0.9706948598058305
10000000000,102,101,-0.9693506437465982
10000000000,101,114,-0.9877755690590335
10000000000,114,101,0.9436897444600485
10000000000,102,103,0.9698164323286864
10000000000,103,102,-0.9686247137371167
10000000000,102,115,-0.9207399351248406
10000000000,115,102,0.839553754637665
10000000000,91,103,-0.9687398132839488
10000000000,103,91,0.9689492229759987
10000000000,103,116,-0.8368501817350211
10000000000,116,103,0.7892102688237712
10000000000,104,105,0.9687696996946276
10000000000,105,104,-0.9691058237845145
10000000000,104,117,0.6134764075223543
10000000000,117,104,-0.5917369705688595
10000000000,105,106,0.9691065519684676
10000000000,106,105,-0.970040208175141
10000000000,105,118,0.7291404929007168
10000000000,118,105,-0.6413433090838719
10000000000,106,107,0.9700262409440514
10000000000,107,106,-0.9705433490560267
10000000000,106,119,0.9101530818932257
10000000000,119,106,-0.8183885535386758
10000000000,107,108,0.9707260155639545
10000000000,108,107,-0.970178066024488
10000000000,107,120,0.9877866751652982
10000000000,120,107,-0.9902212096674995
10000000000,108,109,0.9706064171319058
10000000000,109,108,-0.9692465286018792
10000000000,108,121,0.8093206649911757
10000000000,121,108,-0.9026675717443849
10000000000,109,110,0.9697639579410581
10000000000,110,109,-0.9685780691110039
10000000000,109,122,0.6367097546362783
10000000000,122,109,-0.7224819908016117
10000000000,110,111,0.9689612276853341
10000000000,111,110,-0.9687347478980777
10000000000,110,123,0.592480993381495
10000000000,123,110,-0.6107152485024085
10000000000,111,112,0.9688829453231934
10000000000,112,111,-0.9696244533551963
10000000000,111,124,0.6600310797084636
10000000000,124,111,-0.6005235628837147
10000000000,112,113,0.9696403378027183
10000000000,113,112,-0.9704793839243765
10000000000,112,125,0.8166022137589385
10000000000,125,112,-0.7152477702156427
10000000000,113,114,0.970573139989906
10000000000,114,113,-0.9705849582189159
10000000000,113,126,0.9808689950513281
10000000000,126,113,-0.9257254762966218
10000000000,114,115,0.9708861772884677
10000000000,115,114,-0.9698532586833494
10000000000,114,127,0.9178376108640576
10000000000,127,114,-0.9768021120427287
10000000000,115,116,0.9703076415841548
10000000000,116,115,-0.9689096305676778
10000000000,115,128,0.708000085510237
10000000000,128,115,-0.8087341385195641
10000000000,104,116,-0.9685651099802461
10000000000,116,104,0.9693257860787404
10000000000,116,129,0.5987587292910858
10000000000,129,116,-0.6551429596646648
10000000000,117,118,0.9688277274364715
10000000000,118,117,-0.9695759358420518
10000000000,117,130,-0.7906273605698082
10000000000,130,117,0.809360826396997
10000000000,118,119,0.9695398015706398
10000000000,119,118,-0.9703883428061554
10000000000,118,131,-0.806740584450277
10000000000,131,118,0.879722968904865
10000000000,119,120,0.9704544851342233
10000000000,120,119,-0.9704675443234158
10000000000,119,132,-0.8940166741229529
10000000000,132,119,0.9652975362140663
10000000000,120,121,0.9707802943224868
10000000000,121,120,-0.9697433596727658
10000000000,120,133,-0.9835068857776502
10000000000,133,120,0.9818009619897453
10000000000,121,122,0.9702441576335054
10000000000,122,121,-0.9688314098659823
10000000000,121,134,-0.9622446084502225
10000000000,134,121,0.8897222182992871
10000000000,122,123,0.9693048174594201
10000000000,123,122,-0.9685460632730789
10000000000,122,135,-0.8760484077825619
10000000000,135,122,0.804810682442972
10000000000,123,124,0.9688126762241707
10000000000,124,123,-0.9691253229595993
10000000000,123,136,-0.8071026266819719
10000000000,136,123,0.7915927150081371
10000000000,124,125,0.9691845768053039
10000000000,125,124,-0.9701091623290691
10000000000,124,137,-0.7895917574470246
10000000000,137,124,0.839924220986214
10000000000,125,126,0.9701344760858827
10000000000,126,125,-0.9706509370500986
10000000000,125,138,-0.8430099477727434
10000000000,138,125,0.9245287869815095
10000000000,126,127,0.9708424894235042
10000000000,127,126,-0.9702956438620606
10000000000,126,139,-0.9475170430500567
10000000000,139,126,0.9888202127612133
10000000000,127,128,0.9706951268233333
10000000000,128,127,-0.9693510029606951
10000000000,127,140,-0.9877749384016729
10000000000,140,127,0.9436927420268211
10000000000,128,129,0.9698167909942768
10000000000,129,128,-0.9686232781140577
10000000000,128,141,-0.9207384084026472
10000000000,141,128,0.8395471053602893
10000000000,117,129,-0.9687407619007289
10000000000,129,117,0.9689477908455152
10000000000,129,142,-0.8368628965653783
10000000000,142,129,0.7892050197257623
10000000000,130,131,0.9687681862954423
10000000000,131,130,-0.9691062153162837
10000000000,130,143,0.6134560846473625
10000000000,143,130,-0.5917332344116062
10000000000,131,132,0.9691069416415371
10000000000,132,131,-0.9700397351195207
10000000000,131,144,0.729141985849816
10000000000,144,131,-0.641331297616351
10000000000,132,133,0.9700257685058664
10000000000,133,132,-0.9705433489083297
10000000000,132,145,0.9101470847085763
10000000000,145,132,-0.8183888443977237
10000000000,133,134,0.9707260185142581
10000000000,134,133,-0.9701759148152512
10000000000,133,146,0.9877865739913273
10000000000,146,133,-0.9902211512897744
10000000000,134,135,0.9706042884164578
10000000000,135,134,-0.9692557682090661
10000000000,134,147,0.8092694883146806
10000000000,147,134,-0.9026664004234517
10000000000,135,136,0.9697731418519636
10000000000,136,135,-0.9685780475192535
10000000000,135,148,0.6368385052301887
10000000000,148,135,-0.7224790150262622
10000000000,136,137,0.9689612276853699
10000000000,137,136,-0.9687347478980696
10000000000,136,149,0.5924775225131584
10000000000,149,136,-0.6107119788812552
10000000000,137,138,0.9688829607343027
10000000000,138,137,-0.9696244686865759
10000000000,137,150,0.6600281197247008
10000000000,150,137,-0.6005199346065125
10000000000,138,139,0.9696403378027499
10000000000,139,138,-0.9704793839243796
10000000000,138,151,0.8166000412496983
10000000000,151,138,-0.7152441754957622
10000000000,139,140,0.9705731414057168
10000000000,140,139,-0.9705848889366356
10000000000,139,152,0.980868776334345
10000000000,152,139,-0.9257243333891391
10000000000,140,141,0.970886108499274
10000000000,141,140,-0.969853929327699
10000000000,140,153,0.9178334681300032
10000000000,153,140,-0.9768057681668977
10000000000,141,142,0.9703083100325091
10000000000,142,141,-0.9689104284731375
10000000000,141,154,0.7080081055286928
10000000000,154,141,-0.8087193584642025
10000000000,130,142,-0.9685635961357023
10000000000,142,130,0.9693265856977459
10000000000,142,155,0.5987650712441267
10000000000,155,142,-0.6551607121952049
10000000000,143,144,0.9688277261209969
10000000000,144,143,-0.9695753809489647
10000000000,143,156,-0.7906274305783477
10000000000,156,143,0.8093284477955303
10000000000,144,145,0.9695392478734042
10000000000,145,144,-0.970388462412618
10000000000,144,157,-0.8067466538222028
10000000000,157,144,0.8797343235978259
10000000000,145,146,0.9704546045105384
10000000000,146,145,-0.9704675443234159
10000000000,145,158,-0.8940145867646188
10000000000,158,145,0.965294048901337
10000000000,146,147,0.9707802943224859
10000000000,147,146,-0.9697433596727756
10000000000,146,159,-0.983506884823307
10000000000,159,146,0.9818007535804454
10000000000,147,148,0.9702441576335016
10000000000,148,147,-0.9688314098659668
10000000000,147,160,-0.962244634056541
10000000000,160,147,0.8897040475088581
10000000000,148,149,0.9693048174594352
10000000000,149,148,-0.9685460632730751
10000000000,148,161,-0.8760484077825521
10000000000,161,148,0.8048106824430279
10000000000,149,150,0.968812676224171
10000000000,150,149,-0.9691253229596335
10000000000,149,162,-0.8071026266819851
10000000000,162,149,0.7915927150081037
10000000000,150,151,0.9691845768053592
10000000000,151,150,-0.970109162329054
10000000000,150,163,-0.789591757446586
10000000000,163,150,0.8399242209859605
10000000000,151,152,0.9701344760859016
10000000000,152,151,-0.9706509370500995
10000000000,151,164,-0.8430099477727051
10000000000,164,151,0.9245287869815291
10000000000,152,153,0.9708424894235034
10000000000,153,152,-0.970296180598029
10000000000,152,165,-0.9475170430500588
10000000000,165,152,0.9888202127612222
10000000000,153,154,0.9706956616878956
10000000000,154,153,-0.9693498514908107
10000000000,153,166,-0.987773561786339
10000000000,166,153,0.9436927420268281
10000000000,154,155,0.9698156425707949
10000000000,155,154,-0.9686251935338398
10000000000,154,167,-0.920746217012683
10000000000,167,154,0.8395644941169469
10000000000,143,155,-0.9687407582835301
10000000000,155,143,0.9689497002600592
10000000000,155,168,-0.8368481827726082
10000000000,168,155,0.7892353039802192
10000000000,156,157,0.9687722132218339
10000000000,157,156,-0.9691046422837389
10000000000,156,169,0.613504129050739
10000000000,169,156,-0.5917810210114853
10000000000,157,158,0.969105381094814
10000000000,158,157,-0.9700403674364202
10000000000,157,170,0.7291274959943577
10000000000,170,157,-0.6413349629030889
10000000000,158,159,0.9700263986315334
10000000000,159,158,-0.9705433370939934
10000000000,158,171,0.910154626245121
10000000000,171,158,-0.8183912146809971
10000000000,159,160,0.9707260032885482
10000000000,160,159,-0.970176989412698
10000000000,159,172,0.9877868567920918
10000000000,172,159,-0.990220488840413
10000000000,160,161,0.9706053536130084
10000000000,161,160,-0.9692557655894155
10000000000,160,173,0.8092959574251983
10000000000,173,160,-0.9026396845512937
10000000000,161,162,0.9697731418519756
10000000000,162,161,-0.968578047519249
10000000000,161,174,0.6368421175422926
10000000000,174,161,-0.7224816188292118
10000000000,162,163,0.9689612276853838
10000000000,163,162,-0.9687347478981341
10000000000,162,175,0.592480745462329
10000000000,175,162,-0.6106249455537034
10000000000,163,164,0.968882960734298
10000000000,164,163,-0.9696244686865585
10000000000,163,176,0.6600308682807822
10000000000,176,163,-0.6005233037208783
10000000000,164,165,0.9696403378027647
10000000000,165,164,-0.9704793839243715
10000000000,164,177,0.8166020077398278
10000000000,177,164,-0.7152474293280829
10000000000,165,166,0.9705731414057199
10000000000,166,165,-0.9705848889366355
10000000000,165,178,0.9808689667691971
10000000000,178,165,-0.9257253285079108
10000000000,166,167,0.9708861084992737
10000000000,167,166,-0.9698525873137253
10000000000,166,179,0.9178346156748413
10000000000,179,166,-0.9768060229738343
10000000000,167,168,0.9703069660344364
10000000000,168,167,-0.9689072256482505
10000000000,167,180,0.7079880580954613
10000000000,180,167,-0.8087213127186749
10000000000,156,168,-0.968567645614265
10000000000,168,156,0.9693233998541458
10000000000,168,181,0.5987280643050299
10000000000,181,168,-0.6551636993831476
10000000000,169,170,0.9688315092275646
10000000000,170,169,-0.9695753809489602
10000000000,169,182,-0.7905923229416899
10000000000,182,169,0.809326439666204
10000000000,170,171,0.9695392484470121
10000000000,171,170,-0.9703884629727016
10000000000,170,183,-0.806744441462325
10000000000,183,170,0.8796875747273372
10000000000,171,172,0.9704546052694566
10000000000,172,171,-0.970467616019279
10000000000,171,184,-0.8940131588341185
10000000000,184,171,0.9652936713607805
10000000000,172,173,0.9707803628826812
10000000000,173,172,-0.9697406744300988
10000000000,172,185,-0.9835076458637705
10000000000,185,172,0.9818008113255278
10000000000,173,174,0.9702414910859561
10000000000,174,173,-0.9688314167258967
10000000000,173,186,-0.9622594799170233
10000000000,186,173,0.889702676946217
10000000000,174,175,0.969304803918892
10000000000,175,174,-0.9685379794811659
10000000000,174,187,-0.8760470472068684
10000000000,187,174,0.8048083864938215
10000000000,175,176,0.9688046208218514
10000000000,176,175,-0.9691253229596147
10000000000,175,188,-0.8071659367063166
10000000000,188,175,0.7916565888753908
10000000000,176,177,0.9691845833004942
10000000000,177,176,-0.9701091687931767
10000000000,176,189,-0.7895897060100863
10000000000,189,176,0.8399227286953915
10000000000,177,178,0.9701344766980423
10000000000,178,177,-0.9706509376718968
10000000000,177,190,-0.8430078408277761
10000000000,190,177,0.92455772331768
10000000000,178,179,0.970842487852127
10000000000,179,178,-0.9702961790181868
10000000000,178,191,-0.9475163953926963
10000000000,191,178,0.988820169686391
10000000000,179,180,0.9706956603799939
10000000000,180,179,-0.9693498501832913
10000000000,179,192,-0.9877735070339128
10000000000,192,179,0.9436829364060305
10000000000,180,181,0.9698156425707926
10000000000,181,180,-0.9686251935338744
10000000000,180,193,-0.9207453440020293
10000000000,193,180,0.8395625395409092
10000000000,169,181,-0.968744547282944
10000000000,181,169,0.9689497075170834
10000000000,181,194,-0.8368465031879142
10000000000,194,181,0.7892330367132233
10000000000,182,183,0.9687722199278499
10000000000,183,182,-0.9691108973770783
10000000000,182,195,0.6135045931578101
10000000000,195,182,-0.591781519146475
10000000000,183,184,0.9691116293801081
10000000000,184,183,-0.9700403642218356
10000000000,183,196,0.7291961699760159
10000000000,196,183,-0.6413353487228816
10000000000,184,185,0.9700263984881066
10000000000,185,184,-0.9705433492037213
10000000000,184,197,0.9101547431610276
10000000000,197,184,-0.818380231463951
10000000000,185,186,0.9707260155639553
10000000000,186,185,-0.9701769897833373
10000000000,185,198,0.9877866819101916
10000000000,198,185,-0.9902204961383319
10000000000,186,187,0.9706053536130068
10000000000,187,186,-0.9692557655894339
10000000000,186,199,0.8092963096054409
10000000000,199,186,-0.9026398519067134
10000000000,187,188,0.9697731418519576
10000000000,188,187,-0.9685703932580314
10000000000,187,200,0.6368426335870947
10000000000,200,187,-0.7224819908016253
10000000000,188,189,0.9689536032393999
10000000000,189,188,-0.9687347623975108
10000000000,188,201,0.5923919668486951
10000000000,201,188,-0.6106254126842651
10000000000,189,190,0.968882939719738
10000000000,190,189,-0.9696200132361638
10000000000,189,202,0.6600310797084571
10000000000,202,189,-0.6005235628839941
10000000000,190,191,0.9696359151160611
10000000000,191,190,-0.9704793861821845
10000000000,190,203,0.8165540342778486
10000000000,203,190,-0.7152926588932081
10000000000,191,192,0.970573138372133
10000000000,192,191,-0.9705851683830742
10000000000,191,204,0.9808689950513336
10000000000,204,191,-0.9257254762966453
10000000000,192,193,0.9708863833294509
10000000000,193,192,-0.9698525882356385
10000000000,192,205,0.9178462685762212
10000000000,205,192,-0.9767903042835222
10000000000,193,194,0.9703069660344189
10000000000,194,193,-0.9689072256482453
10000000000,193,206,0.7079885295589637
10000000000,206,193,-0.8087216022378421
10000000000,182,194,-0.9685676456142258
10000000000,194,182,0.9693233998541507
10000000000,194,207,0.5987285816101284
10000000000,207,194,-0.6551641261248528
10000000000,195,196,0.9688315092275503
10000000000,196,195,-0.9695753809489951
10000000000,195,208,-0.7905945633686964
10000000000,208,195,0.8093284477955693
10000000000,196,197,0.9695392472997649
10000000000,197,196,-0.970387984404905
10000000000,196,209,-0.8067467251886893
10000000000,209,196,0.8796889005399398
10000000000,197,198,0.9704541261047636
10000000000,198,197,-0.9704676144922373
10000000000,197,210,-0.8940230458413144
10000000000,210,197,0.9652940547096615
10000000000,198,199,0.9707803628826801
10000000000,199,198,-0.9697406744300826
10000000000,198,211,-0.9835077641958198
10000000000,211,198,0.9818001283433416
10000000000,199,200,0.9702414910859695
10000000000,200,199,-0.9688314167259107
10000000000,199,212,-0.9622598895153203
10000000000,212,199,0.8897041388795537
10000000000,200,201,0.9693048039189088
10000000000,201,200,-0.9685379794812017
10000000000,200,213,-0.8760484077825258
10000000000,213,200,0.8048106824430791
10000000000,201,202,0.96880462082183
10000000000,202,201,-0.9691253229596235
10000000000,201,214,-0.807167966761779
10000000000,214,201,0.7916588143978328
10000000000,202,203,0.9691845833005074
10000000000,203,202,-0.9701116920681577
10000000000,202,215,-0.7895920505094338
10000000000,215,202,0.8399244341706897
10000000000,203,204,0.9701369926163986
10000000000,204,203,-0.9706509376718955
10000000000,203,216,-0.8429764966293892
10000000000,216,203,0.9245585837031288
10000000000,204,205,0.970842490798701
10000000000,205,204,-0.9702940324983078
10000000000,204,217,-0.9475170653810706
10000000000,217,204,0.9888202142464331
10000000000,205,206,0.9706935210061214
10000000000,206,205,-0.9693498527983064
10000000000,205,218,-0.9877790727307074
10000000000,218,205,0.9436837104115922
10000000000,206,207,0.969815642570784
10000000000,207,206,-0.9686251935338013
10000000000,206,219,-0.9207462451743589
10000000000,219,206,0.8395645571678144
10000000000,195,207,-0.9687445472829537
10000000000,207,195,0.968949707517125
10000000000,207,220,-0.8368483453134158
10000000000,220,207,0.789174732614725
10000000000,208,209,0.9687722199278647
10000000000,209,208,-0.9691108973770842
10000000000,208,221,0.6135008803067228
10000000000,221,208,-0.5917775340730771
10000000000,209,210,0.9691116293801021
10000000000,210,209,-0.9700403642218304
10000000000,209,222,0.7291932393036921
10000000000,222,209,-0.6413960731889435
10000000000,210,211,0.9700263990618242
10000000000,211,210,-0.9705433007501079
10000000000,210,223,0.9101534960543894
10000000000,223,210,-0.8183775224908942
10000000000,211,212,0.9707259664477467
10000000000,212,211,-0.9701769883007691
10000000000,211,224,0.9877873266204952
10000000000,224,211,-0.9902208837223293
10000000000,212,213,0.9706053536130103
10000000000,213,212,-0.9692557655894177
10000000000,212,225,0.8092934921558714
10000000000,225,212,-0.9026246519729083
10000000000,213,214,0.9697731418519632
10000000000,214,213,-0.9685703932580069
10000000000,213,226,0.6368386342411625
10000000000,226,213,-0.722479108019262
10000000000,214,215,0.9689536032394255
10000000000,215,214,-0.9687347623975109
10000000000,214,227,0.5923879998192522
10000000000,227,214,-0.6105766395538121
10000000000,215,216,0.9688829397197384
10000000000,216,215,-0.9696200132361724
10000000000,215,228,0.6600276968709569
10000000000,228,215,-0.6005194162815529
10000000000,216,217,0.9696359151160533
10000000000,217,216,-0.9704793861821839
10000000000,216,229,0.8165517865855806
10000000000,229,216,-0.7152889404766467
10000000000,217,218,0.9705731383721334
10000000000,218,217,-0.9705851683830745
10000000000,217,230,0.9808687687929603
10000000000,230,217,-0.9257242939817291
10000000000,218,219,0.9708863833294508
10000000000,219,218,-0.9698525882356226
10000000000,218,231,0.9178449571921672
10000000000,231,218,-0.9767900129414451
10000000000,219,220,0.970306972873622
10000000000,220,219,-0.9689136287902748
10000000000,219,232,0.7079847578467761
10000000000,232,219,-0.8087192860841282
10000000000,208,220,-0.9685676320717979
10000000000,220,208,0.9693297826112303
10000000000,220,233,0.5988054401156296
10000000000,233,220,-0.6551604988250045
10000000000,221,222,0.9688315092275894
10000000000,222,221,-0.9695798066107919
10000000000,221,234,-0.7905942833149467
10000000000,234,221,0.809263303250439
10000000000,222,223,0.9695436761322307
10000000000,223,222,-0.9703879844049025
10000000000,222,235,-0.8066975956429694
10000000000,235,222,0.879779569560961
10000000000,223,224,0.9704541264843068
10000000000,224,223,-0.970467570547678
10000000000,223,236,-0.8940228701035436
10000000000,236,223,0.9652940082431631
10000000000,224,225,0.9707803204998623
10000000000,225,224,-0.9697393296482691
10000000000,224,237,-0.9835071984885678
10000000000,237,224,0.9818001106866873
10000000000,225,226,0.9702401562385166
10000000000,226,225,-0.9688314201558775
10000000000,225,238,-0.9622674449907368
10000000000,238,225,0.8897084990525573
10000000000,226,227,0.9693047971486309
10000000000,227,226,-0.9685339328490741
10000000000,226,239,-0.8760481526742897
10000000000,239,226,0.8048352005225179
10000000000,227,228,0.9688005884045866
10000000000,228,227,-0.9691253229596126
10000000000,227,240,-0.8072003142232471
10000000000,240,227,0.7916585362072761
10000000000,228,229,0.9691845833005257
10000000000,229,228,-0.9701116920681551
10000000000,228,241,-0.7895916841811252
10000000000,241,228,0.8399241676899107
10000000000,229,230,0.9701369926163911
10000000000,230,229,-0.9706509376718957
10000000000,229,242,-0.8429763107037221
10000000000,242,229,0.924543578806516
10000000000,230,231,0.9708424907986999
10000000000,231,230,-0.9702940324983043
10000000000,230,243,-0.9475169816327489
10000000000,243,230,0.9888202086764287
10000000000,231,232,0.970693521006124
10000000000,232,231,-0.9693498527982631
10000000000,231,244,-0.9877790634904445
10000000000,244,231,0.943692717748635
10000000000,232,233,0.9698156425707929
10000000000,233,232,-0.9686251935338335
10000000000,232,245,-0.9207461325278806
10000000000,245,232,0.8395643049646416
10000000000,221,233,-0.9687445472829279
10000000000,233,221,0.9689497075171265
10000000000,233,246,-0.8368481285923758
10000000000,246,233,0.7891744400258799
10000000000,234,235,0.9687802710866041
10000000000,235,234,-0.9690983773859939
10000000000,234,247,0.6135944136796195
10000000000,247,234,-0.5917815191465539
10000000000,235,236,0.9690991230497755
10000000000,236,235,-0.970040370650983
10000000000,235,248,0.7290595506299316
10000000000,248,235,-0.6414004454992275
10000000000,236,237,0.970026399061814
10000000000,237,236,-0.970543300750108
10000000000,236,249,0.9101547431610182
10000000000,249,236,-0.8184027057079727
10000000000,237,238,0.9707259671854653
10000000000,238,237,-0.9701767197171238
10000000000,237,250,0.9877874336896444
10000000000,250,237,-0.9902212145322861
10000000000,238,239,0.9706050861680294
10000000000,239,238,-0.9692534590546096
10000000000,238,251,0.8092902647053631
10000000000,251,238,-0.9026329424210944
10000000000,239,240,0.9697708485679007
10000000000,240,239,-0.9685703986664694
10000000000,239,252,0.6368096725484751
10000000000,252,239,-0.7224996520881241
10000000000,240,241,0.9689535959927161
10000000000,241,240,-0.9687347551478032
10000000000,240,253,0.5923919668486712
10000000000,253,240,-0.6105803767542746
10000000000,241,242,0.9688829502270481
10000000000,242,241,-0.9696222418407747
10000000000,241,254,0.6600312911361341
10000000000,254,241,-0.600563917575159
10000000000,242,243,0.9696381273262767
10000000000,243,242,-0.9704793850532833
10000000000,242,255,0.81657823217592
10000000000,255,242,-0.7152926588931436
10000000000,243,244,0.9705731399899122
10000000000,244,243,-0.9705848875121101
10000000000,243,256,0.9808689950513385
10000000000,256,243,-0.9257254762966307
10000000000,244,245,0.9708861089211611
10000000000,245,244,-0.9698525877439755
10000000000,244,257,0.917834659386992
10000000000,257,244,-0.9767903139940862
10000000000,245,246,0.9703069728736282
10000000000,246,245,-0.9689136287902683
10000000000,245,258,0.7079885295589643
10000000000,258,245,-0.8087216022378102
10000000000,234,246,-0.96857569450945
10000000000,246,234,0.9693297826112455
10000000000,246,259,0.5988095782361608
10000000000,259,246,-0.6551639127539851
10000000000,247,248,0.9688315092275602
10000000000,248,247,-0.969579806610793
10000000000,247,260,-0.7905928830478955
10000000000,260,247,0.8092620479748142
10000000000,248,249,0.9695436761322159
10000000000,249,248,-0.9703889389228335
10000000000,248,261,-0.8066961681481111
10000000000,261,248,0.8797787412363257
10000000000,249,250,0.9704550817801115
10000000000,250,249,-0.9704675443234158
10000000000,249,262,-0.894005116588834
10000000000,262,249,0.9652937759105735
10000000000,250,251,0.9707802950138509
10000000000,251,250,-0.96974000199876
10000000000,250,263,-0.9835067922521261
10000000000,263,250,0.9818000176947567
10000000000,251,252,0.9702408254975582
10000000000,252,251,-0.968833021779539
10000000000,251,264,-0.9622633826252233
10000000000,264,251,0.8897075853636474
10000000000,252,253,0.9693063949685308
10000000000,253,252,-0.9685339328490763
10000000000,252,265,-0.8760356412551479
10000000000,265,252,0.8048306561412357
10000000000,253,254,0.9688005951042007
10000000000,254,253,-0.9691284587723991
10000000000,253,266,-0.8071990613943577
10000000000,266,253,0.7916489183218945
10000000000,254,255,0.9691877064826425
10000000000,255,254,-0.9701116920681498
10000000000,254,267,-0.789560166681344
10000000000,267,254,0.8399086467813653
10000000000,255,256,0.9701369931912212
10000000000,256,255,-0.9706509382548746
10000000000,255,268,-0.842975009222613
10000000000,268,255,0.9245430141192236
10000000000,256,257,0.9708424907986987
10000000000,257,256,-0.9702940324983055
10000000000,256,269,-0.9475165838273264
10000000000,269,256,0.9888181534155067
10000000000,257,258,0.9706935210061315
10000000000,258,257,-0.9693498527982797
10000000000,257,270,-0.9877790270150614
10000000000,270,257,0.9436922624934813
10000000000,258,259,0.9698156425708073
10000000000,259,258,-0.9686251935338186
10000000000,258,271,-0.9207455692950168
10000000000,271,258,0.8395630439481006
10000000000,247,259,-0.9687445472829574
10000000000,259,247,0.9689497075171273
10000000000,259,272,-0.8368470449889476
10000000000,272,259,0.7891729770826863
10000000000,260,261,0.9687802710866518
10000000000,261,260,-0.9690983773859568
10000000000,260,273,0.6135934855474718
10000000000,273,260,-0.5917805228766968
10000000000,261,262,0.9690991230497661
10000000000,262,261,-0.9700403706509777
10000000000,261,274,0.7290588178026051
10000000000,274,261,-0.6413994167201188
10000000000,262,263,0.9700263990618032
10000000000,263,262,-0.9705433007501071
10000000000,262,275,0.9101544313849794
10000000000,275,262,-0.8184020285055074
10000000000,263,264,0.9707259671854667
10000000000,264,263,-0.9701767197171169
10000000000,263,276,0.9877874083978204
10000000000,276,263,-0.9902204825155406
10000000000,264,265,0.9706050863309241
10000000000,265,264,-0.9692537475523305
10000000000,264,277,0.8092895603341564
10000000000,277,264,-0.9026326076980119
10000000000,265,266,0.9697711366723195
10000000000,266,265,-0.9685713567760953
10000000000,265,278,0.636812760579549
10000000000,278,265,-0.7224901472880246
10000000000,266,267,0.9689545533220829
10000000000,267,266,-0.9687366507188127
10000000000,266,279,0.5924021127678254
10000000000,279,266,-0.6105933198318101
10000000000,267,268,0.9688848379125095
10000000000,268,267,-0.9696222392249931
10000000000,267,280,0.660051024413839
10000000000,280,267,-0.6005427198664933
10000000000,268,269,0.9696381284689541
10000000000,269,268,-0.9704803433887814
10000000000,268,281,0.8165776351695189
10000000000,281,268,-0.7152805381982605
10000000000,269,270,0.9705740931234668
10000000000,270,269,-0.9705848890382405
10000000000,269,282,0.9808754756559481
10000000000,282,269,-0.9257251437717638
10000000000,270,271,0.9708861089211628
10000000000,271,270,-0.9698525877439679
10000000000,270,283,0.9178344517404512
10000000000,283,270,-0.9768059865730073
10000000000,271,272,0.9703069728736172
10000000000,272,271,-0.9689136287902764
10000000000,271,284,0.7079874609182307
10000000000,284,271,-0.8087209460009898
10000000000,260,272,-0.9685756945094479
10000000000,272,260,0.9693297826112364
10000000000,272,285,0.5988084057789483
10000000000,285,272,-0.6551629454819714
10000000000,273,274,0.9688315092275565
10000000000,274,273,-0.9695798066108072
10000000000,273,286,-0.7905939285866828
10000000000,286,273,0.8093927580240821
10000000000,274,275,0.9695436761322102
10000000000,275,274,-0.9703889389228313
10000000000,274,287,-0.8066975195162553
10000000000,287,274,0.8796886077596711
10000000000,275,276,0.9704550810213478
10000000000,276,275,-0.9704676144922375
10000000000,275,288,-0.8940057727352396
10000000000,288,275,0.9652939493865998
10000000000,276,277,0.9707803628826804
10000000000,277,276,-0.9697400022286398
10000000000,276,289,-0.9835077412929033
10000000000,289,276,0.9818034157051121
10000000000,277,278,0.9702408250715182
10000000000,278,277,-0.9688322206172235
10000000000,277,290,-0.9622635938110438
10000000000,290,277,0.8897037733967489
10000000000,278,279,0.969305597485165
10000000000,279,278,-0.9685351812088976
10000000000,278,291,-0.8760421548370723
10000000000,291,278,0.8048349225137558
10000000000,279,280,0.9688018368077208
10000000000,280,279,-0.969126891512614
10000000000,279,292,-0.8071899956224713
10000000000,292,279,0.7916582528549714
10000000000,280,281,0.9691861447912602
10000000000,281,280,-0.97011106121797
10000000000,280,293,-0.789576356256051
10000000000,293,280,0.8399239345192366
10000000000,281,282,0.9701363642958427
10000000000,282,281,-0.9706509379633849
10000000000,281,294,-0.8429843485995436
10000000000,294,281,0.9245471823343049
10000000000,282,283,0.970842486476929
10000000000,283,282,-0.9702961776355864
10000000000,282,295,-0.9475169083528937
10000000000,295,282,0.9888186823609104
10000000000,283,284,0.9706956577641493
10000000000,284,283,-0.9693498475683164
10000000000,283,296,-0.987773547185695
10000000000,296,283,0.9436925599250117
10000000000,284,285,0.9698156425707884
10000000000,285,284,-0.9686251935338058
10000000000,284,297,-0.9207460198812076
10000000000,297,284,0.8395640527614239
10000000000,273,285,-0.96874455499178
10000000000,285,273,0.968949715257292
10000000000,285,298,-0.8368479118717886
10000000000,298,285,0.7891741474373879
10000000000,286,287,0.9687641562444503
10000000000,287,286,-0.9691109107021209
10000000000,286,299,0.6134119843744147
10000000000,299,286,-0.5916008295935183
10000000000,287,288,0.9691116228849971
10000000000,288,287,-0.9700403577926554
10000000000,287,300,0.7291937888044789
10000000000,300,287,-0.6412671634064239
10000000000,288,289,0.9700263973024691
10000000000,289,288,-0.97054349488197
10000000000,288,301,0.9101538078317261
10000000000,301,288,-0.8183557249484781
10000000000,289,290,0.9707261597307425
10000000000,290,289,-0.9701769912659033
10000000000,289,302,0.9877843469795881
10000000000,302,289,-0.9902211649112962
10000000000,290,291,0.9706053523108736
10000000000,291,290,-0.9692534583987219
10000000000,290,303,0.8092941965198233
10000000000,303,290,-0.9026249867095218
10000000000,291,292,0.9697708485678963
10000000000,292,291,-0.9685703986664935
10000000000,291,304,0.6368065761688845
10000000000,304,291,-0.722479944955426
10000000000,292,293,0.9689535978043806
10000000000,293,292,-0.9687347569602487
10000000000,292,305,0.5923889915751702
10000000000,305,292,-0.6105775738525623
10000000000,293,294,0.9688829476002134
10000000000,294,293,-0.9696216848545007
10000000000,293,306,0.6600286747211588
10000000000,306,293,-0.6005406628016087
10000000000,294,295,0.9696375750078352
10000000000,295,294,-0.9704801039470465
10000000000,294,307,0.8165704795391059
10000000000,307,294,-0.7152787080095883
10000000000,295,296,0.9705738546025221
10000000000,296,295,-0.970584888275176
10000000000,295,308,0.9808737301451066
10000000000,308,295,-0.9257234169524575
10000000000,296,297,0.9708861094032278
10000000000,297,296,-0.9698525882356179
10000000000,296,309,0.9178337960009327
10000000000,309,296,-0.9768058409691236
10000000000,297,298,0.9703069728736267
10000000000,298,297,-0.9689136287902398
10000000000,297,310,0.70798570077556
10000000000,310,297,-0.8087198651229561
10000000000,286,298,-0.9685595570550931
10000000000,298,286,0.96932978261122
10000000000,298,311,0.5988064746443944
10000000000,311,298,-0.6551613523060228
10000000000,299,300,0.9688163591024787
10000000000,300,299,-0.9695709483331287
10000000000,299,312,-0.7907260120297388
10000000000,312,299,0.8093933269008643
10000000000,300,301,0.9695348115175847
10000000000,301,300,-0.9703870283777185
10000000000,300,313,-0.8067955609841442
10000000000,313,300,0.8796889834033921
10000000000,301,302,0.9704531680598483
10000000000,302,301,-0.970467541930677
10000000000,301,314,-0.8940399184953361
10000000000,314,301,0.9652940547096649
10000000000,302,303,0.9707802952443019
10000000000,303,302,-0.9697393297631304
10000000000,302,315,-0.9835068895950079
10000000000,315,302,0.9818034533663325
10000000000,303,304,0.9702401562385284
10000000000,304,303,-0.9688314201559032
10000000000,303,316,-0.9622675025832108
10000000000,316,303,0.8897041388795577
10000000000,304,305,0.9693047971485839
10000000000,305,304,-0.9685339328490947
10000000000,304,317,-0.8760483227464966
10000000000,317,304,0.8048354874992553
10000000000,305,306,0.9688005917543893
10000000000,306,305,-0.9691268911731346
10000000000,305,318,-0.8072005679609476
10000000000,318,305,0.7916588143978611
10000000000,306,307,0.9691861451970084
10000000000,307,306,-0.9701110616213191
10000000000,306,319,-0.7895769332415068
10000000000,319,306,0.8399243542263995
10000000000,307,308,0.9701363642958402
10000000000,308,307,-0.9706509130995665
10000000000,307,320,-0.842984859882339
10000000000,320,307,0.9245436729210854
10000000000,308,309,0.9708424627908434
10000000000,309,308,-0.9702961776355895
10000000000,308,321,-0.9475179870933733
10000000000,321,308,0.9888186935038473
10000000000,309,310,0.9706956577641388
10000000000,310,309,-0.9693498475683053
10000000000,309,322,-0.9877735617863488
10000000000,322,309,0.943688180884061
10000000000,310,311,0.9698156425708048
10000000000,311,310,-0.9686251935338208
10000000000,310,323,-0.9207462451743271
10000000000,323,310,0.8395645571677847
10000000000,299,311,-0.9687294025158318
10000000000,311,299,0.9689497075171247
10000000000,311,324,-0.8368483453133488
10000000000,324,311,0.7891747326146277
10000000000,312,313,0.9687641562444679
10000000000,313,312,-0.9691109107020954
10000000000,312,325,0.6134138409639447
10000000000,325,312,-0.5916028224519293
10000000000,313,314,0.9691116228849768
10000000000,314,313,-0.9700403577926442
10000000000,313,326,0.7291952541402221
10000000000,326,313,-0.6412692212583173
10000000000,314,315,0.9700263973024805
10000000000,315,314,-0.9705434948819692
10000000000,314,327,0.910154431385059
10000000000,327,314,-0.8183570795134296
10000000000,315,316,0.9707261597307426
10000000000,316,315,-0.9701769912659044
10000000000,315,328,0.9877844009489836
10000000000,328,315,-0.9902211960460826
10000000000,316,317,0.9706053523108721
10000000000,317,316,-0.9692534583987297
10000000000,316,329,0.8092956052446093
10000000000,329,316,-0.9026395171957211
10000000000,317,318,0.9697708485678962
10000000000,318,317,-0.9685703986664572
10000000000,317,330,0.6368085114059525
10000000000,330,317,-0.7224813398502565
10000000000,318,319,0.968953595992735
10000000000,319,318,-0.9687347551478072
10000000000,318,331,0.5923909750899202
10000000000,331,318,-0.610579442452886
10000000000,319,320,0.9688829502270659
10000000000,320,319,-0.9696222418407788
10000000000,319,332,0.6600304454255652
10000000000,332,319,-0.6005628809625148
10000000000,320,321,0.9696381278976156
10000000000,321,320,-0.9704801036655067
10000000000,320,333,0.8165776702875405
10000000000,333,320,-0.715291729289822
10000000000,321,322,0.9705738546025204
10000000000,322,321,-0.9705850296334838
10000000000,321,334,0.9808738445785702
10000000000,334,321,-0.9257248806402297
10000000000,322,323,0.9708862464762829
10000000000,323,322,-0.9698525882356246
10000000000,322,335,0.9178401962306288
10000000000,335,322,-0.9767981097334765
10000000000,323,324,0.9703069728736243
10000000000,324,323,-0.9689136287902863
10000000000,323,336,0.7079875866316806
10000000000,336,323,-0.808721023199692
10000000000,312,324,-0.9685595570551226
10000000000,324,312,0.9693297826112385
10000000000,324,337,0.5988085437050295
10000000000,337,324,-0.6551630592705991
10000000000,325,326,0.9688163591024888
10000000000,326,325,-0.9695709483331194
10000000000,325,338,-0.7907243321825334
10000000000,338,325,0.8093269416979031
10000000000,326,327,0.9695348115175934
10000000000,327,326,-0.9703870283777225
10000000000,326,339,-0.806793848388577
10000000000,339,326,0.8796879890434497
10000000000,327,328,0.9704531680598495
10000000000,328,327,-0.9704675419306765
10000000000,327,340,-0.8940388641533022
10000000000,340,327,0.9652937759105192
10000000000,328,329,0.9707802952443026
10000000000,329,328,-0.9697406744300815
10000000000,328,341,-0.9835067939066652
10000000000,341,328,0.9818000197355032
10000000000,329,330,0.9702414910859715
10000000000,330,329,-0.9688314167259403
10000000000,329,342,-0.9622595823166378
10000000000,342,329,0.889703042430083
10000000000,330,331,0.9693048039188759
10000000000,331,330,-0.9685339396382305
10000000000,330,343,-0.8760473873504716
10000000000,343,330,0.8048089604811657
10000000000,331,332,0.9688005951041896
10000000000,332,331,-0.9691284587723942
10000000000,331,344,-0.8071990455356838
10000000000,344,331,0.7916571452554857
10000000000,332,333,0.9691877064826477
10000000000,333,332,-0.9701116920681523
10000000000,332,345,-0.7895602033164806
10000000000,345,332,0.8399231017676816
10000000000,333,334,0.9701369930834364
10000000000,334,333,-0.9706509319304922
10000000000,333,346,-0.8429749472473084
10000000000,346,333,0.9245579115269452
10000000000,334,335,0.9708424837791984
10000000000,335,334,-0.9702951069806615
10000000000,334,347,-0.9475168077154961
10000000000,347,334,0.9888181531543184
10000000000,335,336,0.9706945902236955
10000000000,336,335,-0.9693498501833149
10000000000,335,348,-0.9877762744109835
10000000000,348,335,0.9436876800802634
10000000000,336,337,0.9698156425707887
10000000000,337,336,-0.9686251935338213
10000000000,336,349,-0.9207455692950164
10000000000,349,336,0.8395630439479065
10000000000,325,337,-0.9687294025158179
10000000000,337,325,0.968949707517133
10000000000,337,350,-0.8368470449889139
10000000000,350,337,0.7892337680893169
10000000000,338,339,0.9687722333398444
10000000000,339,338,-0.9691109107021033
10000000000,0,338,0.22698188445521714
10000000000,338,0,-0.22487243596325707
10000000000,339,340,0.9691116228850047
10000000000,340,339,-0.9700403577926396
10000000000,1,339,0.28986673169750166
10000000000,339,1,-0.1848827866114674
10000000000,340,341,0.9700263979143975
10000000000,341,340,-0.9705432995694234
10000000000,2,340,0.39827069125550224
10000000000,340,2,-0.21790202477953383
10000000000,341,342,0.9707259678249521
10000000000,342,341,-0.9701769896846302
10000000000,3,341,0.8824122876211449
10000000000,341,3,-0.7530520834532964
10000000000,342,343,0.9706053536130071
10000000000,343,342,-0.9692557655894012
10000000000,4,342,0.3225284316517221
10000000000,342,4,-0.5159685050932497
10000000000,343,344,0.9697731418519803
10000000000,344,343,-0.9685703932579994
10000000000,5,343,0.18397631889646834
10000000000,343,5,-0.3286349260547004
10000000000,344,345,0.9689536032394371
10000000000,345,344,-0.9687347623975152
10000000000,6,344,0.20265997189355256
10000000000,344,6,-0.2534818079816036
10000000000,345,346,0.9688829397197409
10000000000,346,345,-0.9696200132361564
10000000000,7,345,0.2564578359466282
10000000000,345,7,-0.20083570583718283
10000000000,346,347,0.9696359162605935
10000000000,347,346,-0.9704803445140319
10000000000,8,346,0.33333133681544574
10000000000,346,8,-0.1851643027396029
10000000000,347,348,0.9705740931234667
10000000000,348,347,-0.9705850303962257
10000000000,9,347,0.5332429014990436
10000000000,347,9,-0.33997129829686384
10000000000,348,349,0.9708862464762829
10000000000,349,348,-0.9698525882356271
10000000000,10,348,0.7015963883751571
10000000000,348,10,-0.8443287033493452
10000000000,349,350,0.9703069728736293
10000000000,350,349,-0.9689072324955734
10000000000,11,349,0.21402098870033687
10000000000,349,11,-0.3922177476102151
10000000000,338,350,-0.9685676320718027
10000000000,350,338,0.9693233862841314
10000000000,12,350,0.18615487662342067
10000000000,350,12,-0.2873740952586968
20000000000,0,1,0.9687640685955649
20000000000,1,0,-0.9691264544854221
20000000000,0,13,0.6148763922777521
20000000000,13,0,-0.591493140542032
20000000000,1,2,0.9691232354298791
20000000000,2,1,-0.9700574876839657
20000000000,1,14,0.7324421689575933
20000000000,14,1,-0.64375421940699
20000000000,2,3,0.9700449705779239
20000000000,3,2,-0.9705460666748766
20000000000,2,15,0.9137721531984627
20000000000,15,2,-0.8229983538028854
20000000000,3,4,0.970732408608082
20000000000,4,3,-0.9701644683115561
20000000000,3,16,0.9863067513290471
20000000000,16,3,-0.9912761947137169
20000000000,4,5,0.970592534274613
20000000000,5,4,-0.9692364139268913
20000000000,4,17,0.8047775980838385
20000000000,17,4,-0.8989056590201878
20000000000,5,6,0.969751765141342
20000000000,6,5,-0.9685725494383671
20000000000,5,18,0.6346231500269955
20000000000,18,5,-0.7193232566179609
20000000000,6,7,0.9689486812624
20000000000,7,6,-0.9687469549300203
20000000000,6,19,0.592817730798595
20000000000,19,6,-0.6092720597109443
20000000000,7,8,0.9688931963965971
20000000000,8,7,-0.9696464155273493
20000000000,7,20,0.6624493969432452
20000000000,20,7,-0.6015090998568362
20000000000,8,9,0.9696564842629024
20000000000,9,8,-0.9704941569373057
20000000000,8,21,0.8204353265001233
20000000000,21,8,-0.7190462394649473
20000000000,9,10,0.9705856638803128
20000000000,10,9,-0.9705763758696527
20000000000,9,22,0.982672270668693
20000000000,22,9,-0.9296004796335039
20000000000,10,11,0.9708836603065362
20000000000,11,10,-0.9698304972366055
20000000000,10,23,0.9137665793878933
20000000000,23,10,-0.9746696273405029
20000000000,11,12,0.9702870505919419
20000000000,12,11,-0.9688934555731263
20000000000,11,24,0.7043756299700997
20000000000,24,11,-0.8048921280961802
20000000000,0,12,-0.9685658248747991
20000000000,12,0,0.9693057486459792
20000000000,12,25,0.5978814122372518
20000000000,25,12,-0.6528632134027806
20000000000,13,14,0.9688321681317582
20000000000,14,13,-0.969597161804725
20000000000,13,26,-0.7902852974658107
20000000000,26,13,0.81038739636821
20000000000,14,15,0.9695621229561261
20000000000,15,14,-0.970400539812073
20000000000,14,27,-0.8078328041273927
20000000000,27,14,0.8815403084051886
20000000000,15,16,0.9704698887055144
20000000000,16,15,-0.9704596671163371
20000000000,15,28,-0.8962660968707185
20000000000,28,15,0.9667085244996753
20000000000,16,17,0.9707763189666875
20000000000,17,16,-0.9697196462269125
20000000000,16,29,-0.9843480900823085
20000000000,29,16,0.980795136079854
20000000000,17,18,0.9702228223320056
20000000000,18,17,-0.968819373263239
20000000000,17,30,-0.9607689145614846
20000000000,30,17,0.8874530863443993
20000000000,18,19,0.9692894769629491
20000000000,19,18,-0.9685376708009796
20000000000,18,31,-0.8742711893380738
20000000000,31,18,0.8037970753370007
20000000000,19,20,0.9687978108216075
20000000000,20,19,-0.9691425299776343
20000000000,19,32,-0.8062483201803377
20000000000,32,19,0.7921090283162877
20000000000,20,21,0.9691969257788992
20000000000,21,20,-0.9701287356952272
20000000000,20,33,-0.7899524353312953
20000000000,33,20,0.8413971312309197
20000000000,21,22,0.9701592121297942
20000000000,22,21,-0.9706545746574459
20000000000,21,34,-0.8448260773345597
20000000000,34,21,0.9263673540141113
20000000000,22,23,0.9708479237863641
20000000000,23,22,-0.970279810648259
20000000000,22,35,-0.9494682656558866
20000000000,35,22,0.9891925455828943
20000000000,23,24,0.970681772326067
20000000000,24,23,-0.9693297910178075
20000000000,23,36,-0.987243546743822
20000000000,36,23,0.941642453247104
20000000000,24,25,0.9697909715686014
20000000000,25,24,-0.9686197008400438
20000000000,24,37,-0.9189137171627518
20000000000,37,24,0.8377671129695846
20000000000,13,25,-0.9687485236055946
20000000000,25,13,0.9689348431874497
20000000000,25,38,-0.8354242952902122
20000000000,38,25,0.7889788016421081
20000000000,26,27,0.9687640685955476
20000000000,27,26,-0.9691202687961742
20000000000,26,39,0.6148766235957925
20000000000,39,26,-0.591493390171037
20000000000,27,28,0.9691170466470309
20000000000,28,27,-0.9700574876839712
20000000000,27,40,0.7323744919256692
20000000000,40,27,-0.6436901325944923
20000000000,28,29,0.9700449693184153
20000000000,29,28,-0.9705460653730215
20000000000,28,41,0.9137722282737534
20000000000,41,28,-0.8229985196239025
20000000000,29,30,0.9707324115057044
20000000000,30,29,-0.9701633398601788
20000000000,29,42,0.9863067513290449
20000000000,42,29,-0.991276194713716
20000000000,30,31,0.9705914132354805
20000000000,31,30,-0.9692364139268864
20000000000,30,43,0.804752536914064
20000000000,43,30,-0.8989057455356119
20000000000,31,32,0.9697517651413488
20000000000,32,31,-0.9685648589818444
20000000000,31,44,0.6346231500270152
20000000000,44,31,-0.719323256617797
20000000000,32,33,0.9689410061878396
20000000000,33,32,-0.9687469549299872
20000000000,32,45,0.5927282825652629
20000000000,45,32,-0.6092720597109598
20000000000,33,34,0.9688931963966073
20000000000,34,33,-0.9696464155273504
20000000000,33,46,0.6624496073972069
20000000000,46,33,-0.6015093592466936
20000000000,34,35,0.9696564853238154
20000000000,35,34,-0.9704946108549235
20000000000,34,47,0.820435326500241
20000000000,47,34,-0.719002610020323
20000000000,35,36,0.9705861131580643
20000000000,36,35,-0.970576415814593
20000000000,35,48,0.9826752407466969
20000000000,48,35,-0.929598436674814
20000000000,36,37,0.970883699767373
20000000000,37,36,-0.9698332579125712
20000000000,36,49,0.9137681625993671
20000000000,49,36,-0.9746696222486239
20000000000,37,38,0.970289801644377
20000000000,38,37,-0.9688934485539005
20000000000,37,50,0.7044229800244501
20000000000,50,37,-0.8049177194404307
20000000000,26,38,-0.9685658248747904
20000000000,38,26,0.9693057486459777
20000000000,38,51,0.5978816706131868
20000000000,51,38,-0.6528634277110891
20000000000,39,40,0.9688321577473546
20000000000,40,39,-0.9695928028434742
20000000000,39,52,-0.790287403841924
20000000000,52,39,0.8103569173109424
20000000000,40,41,0.969557773221131
20000000000,41,40,-0.970400541882896
20000000000,40,53,-0.8078832110344097
20000000000,53,40,0.8815191840587647
20000000000,41,42,0.9704698887055161
20000000000,42,41,-0.9704596671163376
20000000000,41,54,-0.896267388064929
20000000000,54,41,0.966708855635675
20000000000,42,43,0.9707763189666868
20000000000,43,42,-0.9697196462269366
20000000000,42,55,-0.9843481855759504
20000000000,55,42,0.9807952815731369
20000000000,43,44,0.9702228153392592
20000000000,44,43,-0.9688193662335998
20000000000,43,56,-0.9607692897405341
20000000000,56,43,0.887454389885947
20000000000,44,45,0.9692894769629405
20000000000,45,44,-0.9685376708009604
20000000000,44,57,-0.8742725670913101
20000000000,57,44,0.8037993771189804
20000000000,45,46,0.9687978241362438
20000000000,46,45,-0.9691425432774815
20000000000,45,58,-0.8062502329361867
20000000000,58,45,0.7921771335278256
20000000000,46,47,0.9691969194532281
20000000000,47,46,-0.9701262811222702
20000000000,46,59,-0.7899544876969915
20000000000,59,46,0.841455904693207
20000000000,47,48,0.9701567704099856
20000000000,48,47,-0.9706545328121398
20000000000,47,60,-0.8448605675517684
20000000000,60,47,0.9263973173949711
20000000000,48,49,0.9708478849496733
20000000000,49,48,-0.970279810648256
20000000000,48,61,-0.949470507898154
20000000000,61,48,0.9891925832253424
20000000000,49,50,0.9706817737205281
20000000000,50,49,-0.9693321359746538
20000000000,49,62,-0.9872436086784442
20000000000,62,49,0.941643161188552
20000000000,50,51,0.9697933144180101
20000000000,51,50,-0.9686197008400226
20000000000,50,63,-0.9188986011544671
20000000000,63,50,0.8377689568438759
20000000000,39,51,-0.9687485236056289
20000000000,51,39,0.9689348431874687
20000000000,51,64,-0.8354259334503166
20000000000,64,51,0.7889504331582996
20000000000,52,53,0.9687681051554907
20000000000,53,52,-0.9691233628501853
20000000000,52,65,0.6149177629154362
20000000000,65,52,-0.5914893961146932
20000000000,53,54,0.9691201422471305
20000000000,54,53,-0.9700574876839728
20000000000,53,66,0.732405513530511
20000000000,66,53,-0.643750240040881
20000000000,54,55,0.9700449705779186
20000000000,55,54,-0.9705460666748786
20000000000,54,67,0.9137709895268575
20000000000,67,54,-0.822984981051482
20000000000,55,56,0.970732411505704
20000000000,56,55,-0.9701633398601792
20000000000,55,68,0.9863066291836291
20000000000,68,55,-0.9912761552885317
20000000000,56,57,0.9705914160063333
20000000000,57,56,-0.9692364167144504
20000000000,56,69,0.8047496670414777
20000000000,69,56,-0.8989043612862146
20000000000,57,58,0.969751754239077
20000000000,58,57,-0.9685571455600559
20000000000,57,70,0.6346192743094436
20000000000,70,57,-0.7193204467490073
20000000000,58,59,0.9689333191314984
20000000000,59,58,-0.9687394132026047
20000000000,58,71,0.5926353680258227
20000000000,71,58,-0.6092687794572069
20000000000,59,60,0.968885668343063
20000000000,60,59,-0.9696420583086961
20000000000,59,72,0.6623644244904954
20000000000,72,59,-0.6016650993576825
20000000000,60,61,0.9696521398083214
20000000000,61,60,-0.9704946129433656
20000000000,60,73,0.8203859002167876
20000000000,73,60,-0.7190866390471327
20000000000,61,62,0.9705861148843222
20000000000,62,61,-0.9705764175514182
20000000000,61,74,0.9826750446424017
20000000000,74,61,-0.9295973178241631
20000000000,62,63,0.9708836997182559
20000000000,63,62,-0.9698332578624098
20000000000,62,75,0.9137668560343394
20000000000,75,62,-0.9746735736199491
20000000000,63,64,0.9702898051475828
20000000000,64,63,-0.9688966828006397
20000000000,63,76,0.7044193021217261
20000000000,76,63,-0.8049154435953533
20000000000,52,64,-0.9685698603876239
20000000000,64,52,0.969308979414961
20000000000,64,77,0.5979183995003569
20000000000,77,64,-0.6528599987837949
20000000000,65,66,0.9688321629395639
20000000000,66,65,-0.9695971566634528
20000000000,65,78,-0.7902875442671535
20000000000,78,65,0.8103570421414615
20000000000,66,67,0.9695621229561161
20000000000,67,66,-0.9704000887141001
20000000000,66,79,-0.8078351520771083
20000000000,79,66,0.8815080077376539
20000000000,67,68,0.9704694345070631
20000000000,68,67,-0.9704596641234452
20000000000,67,80,-0.8962755912202736
20000000000,80,67,0.9667088777113956
20000000000,68,69,0.970776320130935
20000000000,69,68,-0.9697196473983882
20000000000,68,81,-0.9843481892134913
20000000000,81,68,0.9807952871152674
20000000000,69,70,0.9702228293246761
20000000000,70,69,-0.9688193802928061
20000000000,69,82,-0.9607693826431446
20000000000,82,69,0.8874168710286634
20000000000,70,71,0.9692894769629473
20000000000,71,70,-0.968537670800958
20000000000,70,83,-0.8742725670913016
20000000000,83,70,0.8037993771191491
20000000000,71,72,0.9687978241362313
20000000000,72,71,-0.9691549194558016
20000000000,71,84,-0.806250232936251
20000000000,84,71,0.7921771335278082
20000000000,72,73,0.969209271968824
20000000000,73,72,-0.9701311738742668
20000000000,72,85,-0.789835141303452
20000000000,85,72,0.8414559046931274
20000000000,73,74,0.970161650001556
20000000000,74,73,-0.9706545340941158
20000000000,73,86,-0.8447952664533547
20000000000,86,73,0.9263973173949233
20000000000,74,75,0.9708478842254589
20000000000,75,74,-0.9702803744412837
20000000000,74,87,-0.9494705479635603
20000000000,87,74,0.989190893251624
20000000000,75,76,0.9706823356851477
20000000000,76,75,-0.9693321352794855
20000000000,75,88,-0.9872420450562497
20000000000,88,75,0.9416431996957255
20000000000,76,77,0.9697933144180149
20000000000,77,76,-0.9686197008400441
20000000000,76,89,-0.918898658737683
20000000000,89,76,0.8377735153336957
20000000000,65,77,-0.9687485236056101
20000000000,77,65,0.9689348431874619
20000000000,77,90,-0.8354260153583908
20000000000,90,77,0.7889811035571831
20000000000,78,79,0.9687681051554885
20000000000,79,78,-0.9691249089701818
20000000000,78,91,0.6149212903545408
20000000000,91,78,-0.5915264416141646
20000000000,79,80,0.9691216859759426
20000000000,80,79,-0.9700574845555398
20000000000,79,92,0.7324251137649301
20000000000,92,79,-0.6437219836566993
20000000000,80,81,0.9700449699481765
20000000000,81,80,-0.9705460660239512
20000000000,80,93,0.9137721531984749
20000000000,93,80,-0.8229875513589046
20000000000,81,82,0.9707324072557264
20000000000,82,81,-0.970165596540191
20000000000,81,94,0.9863067636559869
20000000000,94,81,-0.9912735016004457
20000000000,82,83,0.9705936522481924
20000000000,83,82,-0.9692364126259042
20000000000,82,95,0.8048026587553371
20000000000,95,82,-0.8989055725047462
20000000000,83,84,0.9697517542390557
20000000000,84,83,-0.9685571455600462
20000000000,83,96,0.6346228916457048
20000000000,96,83,-0.7193230692928049
20000000000,84,85,0.9689333191315141
20000000000,85,84,-0.9687394132026431
20000000000,84,97,0.5926388315211538
20000000000,97,84,-0.6092720597109382
20000000000,85,86,0.9688856683430396
20000000000,86,85,-0.9696420583087177
20000000000,85,98,0.6623673711305966
20000000000,98,85,-0.6015093592466427
20000000000,86,87,0.969652139808311
20000000000,87,86,-0.9704955176083226
20000000000,86,99,0.8203878365319678
20000000000,99,86,-0.719002610020391
20000000000,87,88,0.9705870137112728
20000000000,88,87,-0.9705764173584369
20000000000,87,100,0.9826811799659171
20000000000,100,87,-0.9296066085528463
20000000000,88,89,0.9708836997673729
20000000000,89,88,-0.9698329130406004
20000000000,88,101,0.9137681410922174
20000000000,101,88,-0.9746738778271369
20000000000,89,90,0.9702894588747033
20000000000,90,89,-0.9688934503087283
20000000000,89,102,0.7044169667900743
20000000000,102,89,-0.8049192603654498
20000000000,78,90,-0.9685698637933629
20000000000,90,78,0.969305752056838
20000000000,90,103,0.5978814768312247
20000000000,103,90,-0.65286851768472
20000000000,91,92,0.9688349825296312
20000000000,92,91,-0.9695949780365231
20000000000,91,104,-0.7902606392396713
20000000000,104,91,0.8103671302844178
20000000000,92,93,0.969559948407243
20000000000,93,92,-0.9704000892326862
20000000000,92,105,-0.8078569725955759
20000000000,105,92,0.8815095218909598
20000000000,93,94,0.970469431435353
20000000000,94,93,-0.9704599894780084
20000000000,93,106,-0.8962742301413669
20000000000,106,93,0.9667076928998898
20000000000,94,95,0.9707766354635498
20000000000,95,94,-0.9697196478243192
20000000000,94,107,-0.9843516235388418
20000000000,107,94,0.9807959071693226
20000000000,95,96,0.9702228190684062
20000000000,96,95,-0.9688193699824154
20000000000,95,108,-0.9607689145615244
20000000000,108,95,0.8874530863443918
20000000000,96,97,0.9692894769629025
20000000000,97,96,-0.9685376708009698
20000000000,96,109,-0.8742713156360735
20000000000,109,96,0.8037972863402593
20000000000,97,98,0.9687978241362292
20000000000,98,97,-0.9691425432774614
20000000000,97,110,-0.80624837969385
20000000000,110,97,0.7920430535282641
20000000000,98,99,0.9691969194532423
20000000000,99,98,-0.9701262811222817
20000000000,98,111,-0.7899523571524719
20000000000,111,98,0.8414543685539788
20000000000,99,100,0.9701567691494194
20000000000,100,99,-0.9706546961523224
20000000000,99,112,-0.8448588484503397
20000000000,112,99,0.926338222564047
20000000000,100,101,0.9708480422771567
20000000000,101,100,-0.970280377357072
20000000000,100,113,-0.9494633415002679
20000000000,113,100,0.989194232799688
20000000000,101,102,0.9706823359679858
20000000000,102,101,-0.9693322819737553
20000000000,101,114,-0.987241977667613
20000000000,114,101,0.941643680860459
20000000000,102,103,0.9697934596750153
20000000000,103,102,-0.9686201800583184
20000000000,102,115,-0.9188967345506761
20000000000,115,102,0.8377670364725684
20000000000,91,103,-0.9687513509890044
20000000000,103,91,0.9689353272198361
20000000000,103,116,-0.8354205994269782
20000000000,116,103,0.7889711434126334
20000000000,104,105,0.9687665930637454
20000000000,105,104,-0.9691245237397433
20000000000,104,117,0.6149045042753366
20000000000,117,104,-0.5915375522866259
20000000000,105,106,0.9691213006935712
20000000000,106,105,-0.9700576385984635
20000000000,105,118,0.7324208896864112
20000000000,118,105,-0.6437219916798578
20000000000,106,107,0.9700451230020657
20000000000,107,106,-0.97054610665268
20000000000,106,119,0.9137737137392742
20000000000,119,106,-0.8229956635651365
20000000000,107,108,0.9707324490465972
20000000000,108,107,-0.9701633384983729
20000000000,107,120,0.986306004414812
20000000000,120,107,-0.9912761959797827
20000000000,108,109,0.9705914160063315
20000000000,109,108,-0.9692364167144062
20000000000,108,121,0.8047525369140694
20000000000,121,108,-0.8989057455356311
20000000000,109,110,0.9697517542390521
20000000000,110,109,-0.9685725384981803
20000000000,109,122,0.6346228916454464
20000000000,122,109,-0.719323069293041
20000000000,110,111,0.9689486812624258
20000000000,111,110,-0.9687394132026431
20000000000,110,123,0.5928177307986314
20000000000,123,110,-0.6092720597109129
20000000000,111,112,0.9688856738771704
20000000000,112,111,-0.9696507714053525
20000000000,111,124,0.662367371130554
20000000000,124,111,-0.6016687302638406
20000000000,112,113,0.9696608240276754
20000000000,113,112,-0.9704937026590945
20000000000,112,125,0.820482738983352
20000000000,125,112,-0.719002487013279
20000000000,113,114,0.9705852119432848
20000000000,114,113,-0.9705763743256379
20000000000,113,126,0.9826693002784171
20000000000,126,113,-0.9295984366748069
20000000000,114,115,0.9708836599139007
20000000000,115,114,-0.9698332577119242
20000000000,114,127,0.913766536373185
20000000000,127,114,-0.9746696171567534
20000000000,115,116,0.9702898042717706
20000000000,116,115,-0.9688942591073623
20000000000,115,128,0.7044228613825343
20000000000,128,115,-0.8049176460260985
20000000000,104,116,-0.9685683474387317
20000000000,116,104,0.9693065565749456
20000000000,116,129,0.597891660274762
20000000000,129,116,-0.6528632401913117
20000000000,117,118,0.968835923756896
20000000000,118,117,-0.9695949780365023
20000000000,117,130,-0.7902547014791461
20000000000,130,117,0.8103570109337653
20000000000,118,119,0.9695599489400372
20000000000,119,118,-0.9704004281069106
20000000000,118,131,-0.8078592537101238
20000000000,131,118,0.8815080281769445
20000000000,119,120,0.9704697737305666
20000000000,120,119,-0.9704596648974334
20000000000,119,132,-0.8962695034598679
20000000000,132,119,0.9667088777113928
20000000000,120,121,0.9707763189666871
20000000000,121,120,-0.9697196462269245
20000000000,120,133,-0.9843481875082478
20000000000,133,120,0.9807952845171797
20000000000,121,122,0.970222815339276
20000000000,122,121,-0.9688193662336114
20000000000,121,134,-0.9607693433374895
20000000000,134,121,0.8874167344400724
20000000000,122,123,0.9692894769629278
20000000000,123,122,-0.9685376708009594
20000000000,122,135,-0.8742725670913213
20000000000,135,122,0.8037993771191765
20000000000,123,124,0.9687978241362359
20000000000,124,123,-0.9691549194558224
20000000000,123,136,-0.8062504879707324
20000000000,136,123,0.7920453460915429
20000000000,124,125,0.9692092719688132
20000000000,125,124,-0.9701262811222848
20000000000,124,137,-0.78983543457389
20000000000,137,124,0.8413415157021289
20000000000,125,126,0.9701567709982959
20000000000,126,125,-0.970654533410454
20000000000,125,138,-0.8448608131373926
20000000000,138,125,0.9263390628942667
20000000000,126,127,0.9708478849496738
20000000000,127,126,-0.9702798106482537
20000000000,126,139,-0.9494705265971246
20000000000,139,126,0.9891942752040465
20000000000,127,128,0.9706817737205303
20000000000,128,127,-0.9693321359746586
20000000000,127,140,-0.9872436141203936
20000000000,140,127,0.9416394693260495
20000000000,128,129,0.9697933144180039
20000000000,129,128,-0.9686197008400528
20000000000,128,141,-0.9188986587376963
20000000000,141,128,0.837769084007494
20000000000,117,129,-0.9687522918768786
20000000000,129,117,0.9689348468154316
20000000000,129,142,-0.8354260426611693
20000000000,142,129,0.7889505793213734
20000000000,130,131,0.968768105155491
20000000000,131,130,-0.9691249089701596
20000000000,130,143,0.6149177629155161
20000000000,143,130,-0.5914893961148631
20000000000,131,132,0.9691216875583308
20000000000,132,131,-0.9700574861197553
20000000000,131,144,0.7324224327354265
20000000000,144,131,-0.6437502400408905
20000000000,132,133,0.9700449705779249
20000000000,133,132,-0.9705460666748773
20000000000,132,145,0.9137710270647749
20000000000,145,132,-0.8229904652349638
20000000000,133,134,0.970732406531318
20000000000,134,133,-0.970165595811255
20000000000,133,146,0.9863066312847681
20000000000,146,133,-0.9912761559667217
20000000000,134,135,0.9705936507791697
20000000000,135,134,-0.9692364111393378
20000000000,134,147,0.8048001479157614
20000000000,147,134,-0.8989043612862304
20000000000,135,136,0.9697517760435521
20000000000,136,135,-0.968572560378477
20000000000,135,148,0.634619274309152
20000000000,148,135,-0.7193204467490678
20000000000,136,137,0.9689486812624126
20000000000,137,136,-0.9687544849148189
20000000000,136,149,0.5928137731644235
20000000000,149,136,-0.6092683108507205
20000000000,137,138,0.9689007127113158
20000000000,138,137,-0.9696507659170467
20000000000,137,150,0.6625284727950701
20000000000,150,137,-0.6016645806576174
20000000000,138,139,0.9696608240276715
20000000000,139,138,-0.9704937026590894
20000000000,138,151,0.8204806003369705
20000000000,151,138,-0.7189989194965519
20000000000,139,140,0.9705852118410838
20000000000,140,139,-0.9705765369957317
20000000000,139,152,0.9826691106604131
20000000000,152,139,-0.9295973551162732
20000000000,140,141,0.9708838188404763
20000000000,141,140,-0.9698332581132422
20000000000,140,153,0.9137716648499485
20000000000,153,140,-0.9746778326773609
20000000000,141,142,0.970289805147583
20000000000,142,141,-0.9688966828005984
20000000000,141,154,0.7044193021217567
20000000000,154,141,-0.8049154435952655
20000000000,130,142,-0.968569860387639
20000000000,142,130,0.9693089794149864
20000000000,142,155,0.5979183995002797
20000000000,155,142,-0.6528599987837214
20000000000,143,144,0.9688321629395856
20000000000,144,143,-0.9695971566634445
20000000000,143,156,-0.7902875442670192
20000000000,156,143,0.810389393498649
20000000000,144,145,0.9695621234880231
20000000000,145,144,-0.9704003148258752
20000000000,144,157,-0.8078351520770904
20000000000,157,144,0.881519224935343
20000000000,145,146,0.970469660934347
20000000000,146,145,-0.9704596648974358
20000000000,145,158,-0.8962715112249304
20000000000,158,145,0.9667088721924515
20000000000,146,147,0.970776318966686
20000000000,147,146,-0.9697196462269384
20000000000,146,159,-0.984348187934565
20000000000,159,146,0.9807954345527249
20000000000,147,148,0.9702228153392581
20000000000,148,147,-0.9688193662336174
20000000000,147,160,-0.9607693165390232
20000000000,160,147,0.8874544829958532
20000000000,148,149,0.9692894769629329
20000000000,149,148,-0.9685376708009922
20000000000,148,161,-0.8742725670912819
20000000000,161,148,0.8037993771191058
20000000000,149,150,0.9687978241362322
20000000000,150,149,-0.9691549194558239
20000000000,149,162,-0.80625048797063
20000000000,162,149,0.792045346091536
20000000000,150,151,0.9692092719688215
20000000000,151,150,-0.970126281122283
20000000000,150,163,-0.7898354345738404
20000000000,163,150,0.8413415157021965
20000000000,151,152,0.9701567709982983
20000000000,152,151,-0.9706545334104543
20000000000,151,164,-0.8448608131373871
20000000000,164,151,0.9263390628942795
20000000000,152,153,0.9708478835012426
20000000000,153,152,-0.9702809377896726
20000000000,152,165,-0.9494705265971146
20000000000,165,152,0.9891942752040462
20000000000,153,154,0.9706828972069469
20000000000,154,153,-0.9693321345843169
20000000000,153,166,-0.987240477570335
20000000000,166,153,0.9416394456284641
20000000000,154,155,0.9697933144180023
20000000000,155,154,-0.9686197008400524
20000000000,154,167,-0.9188986299461317
20000000000,167,154,0.8378044686909125
20000000000,143,155,-0.9687485236056178
20000000000,155,143,0.9689348431874383
20000000000,155,168,-0.8354260426611702
20000000000,168,155,0.7889811400955755
20000000000,156,157,0.9687640685955361
20000000000,157,156,-0.9691233628501604
20000000000,156,169,0.6148761609595013
20000000000,169,156,-0.5914928909131625
20000000000,157,158,0.9691201390807131
20000000000,158,157,-0.9700574845555456
20000000000,157,170,0.73240796742072
20000000000,170,157,-0.6436896190910517
20000000000,158,159,0.9700449701843303
20000000000,159,158,-0.9705460738425856
20000000000,158,171,0.9137720781231214
20000000000,171,158,-0.822987385533131
20000000000,159,160,0.9707324169049684
20000000000,160,159,-0.9701633379512686
20000000000,159,172,0.9863066076444997
20000000000,172,159,-0.9912761937756825
20000000000,160,161,0.9705914132354823
20000000000,161,160,-0.9692364139269176
20000000000,160,173,0.8047521781809434
20000000000,173,160,-0.898905572504855
20000000000,161,162,0.9697517760435459
20000000000,162,161,-0.9685725603784789
20000000000,161,174,0.6346228916457224
20000000000,174,161,-0.7193230692930833
20000000000,162,163,0.9689486812624123
20000000000,163,162,-0.9687544849147992
20000000000,162,175,0.5928172360934922
20000000000,175,162,-0.6092715911025385
20000000000,163,164,0.9689007127113201
20000000000,164,163,-0.9696507659170366
20000000000,163,176,0.6625314188592512
20000000000,176,163,-0.6015885271133872
20000000000,164,165,0.96966082402768
20000000000,165,164,-0.9704937026590914
20000000000,164,177,0.8204825361752676
20000000000,177,164,-0.7190021487054263
20000000000,165,166,0.9705852118410813
20000000000,166,165,-0.9705765369957321
20000000000,165,178,0.9826692757590509
20000000000,178,165,-0.9295982968190957
20000000000,166,167,0.9708838192342835
20000000000,167,166,-0.9698304976367755
20000000000,166,179,0.9137728692213619
20000000000,179,166,-0.9746781177605932
20000000000,167,168,0.9702870505919287
20000000000,168,167,-0.9688934555731259
20000000000,167,180,0.7043753926702596
20000000000,180,167,-0.8048919812585543
20000000000,156,168,-0.9685658248748078
20000000000,168,156,0.969305748645976
20000000000,168,181,0.5978811538613226
20000000000,181,168,-0.6528629990945239
20000000000,169,170,0.9688321577473674
20000000000,170,169,-0.9695928028434985
20000000000,169,182,-0.7902852974658099
20000000000,182,169,0.8103873963682074
20000000000,170,171,0.9695577721537699
20000000000,171,170,-0.9704000897512666
20000000000,170,183,-0.8078810767818891
20000000000,183,170,0.8814955225392598
20000000000,171,172,0.9704694345070708
20000000000,172,171,-0.9704596641234436
20000000000,171,184,-0.8962742570401854
20000000000,184,171,0.9667085355375432
20000000000,172,173,0.9707763197604747
20000000000,173,172,-0.9697196470256294
20000000000,172,185,-0.9843480800778778
20000000000,185,172,0.980795917561368
20000000000,173,174,0.9702228223319984
20000000000,174,173,-0.9688193732632397
20000000000,173,186,-0.9607689145614606
20000000000,186,173,0.8874530863444089
20000000000,174,175,0.9692894769629251
20000000000,175,174,-0.9685376708009504
20000000000,174,187,-0.8742711893381672
20000000000,187,174,0.8037970753369845
20000000000,175,176,0.9687978241362508
20000000000,176,175,-0.9691487362038157
20000000000,175,188,-0.8062483201803063
20000000000,188,175,0.7921090283161683
20000000000,176,177,0.9692031005461735
20000000000,177,176,-0.9701262811222843
20000000000,176,189,-0.7898926208221732
20000000000,189,176,0.8413970255151362
20000000000,177,178,0.9701567716705398
20000000000,178,177,-0.970654534094117
20000000000,177,190,-0.8448587256572643
20000000000,190,177,0.9263673540141126
20000000000,178,179,0.9708478819563734
20000000000,179,178,-0.9702809362349912
20000000000,178,191,-0.9494699069151893
20000000000,191,178,0.9891942376551397
20000000000,179,180,0.9706828972069507
20000000000,180,179,-0.9693297910177917
20000000000,179,192,-0.9872404112065716
20000000000,192,179,0.9416436927087387
20000000000,180,181,0.9697909715685964
20000000000,181,180,-0.9686197008400529
20000000000,180,193,-0.9189136595855876
20000000000,193,180,0.8378024342832423
20000000000,169,181,-0.9687485236056158
20000000000,181,169,0.9689348431874442
20000000000,181,194,-0.8354242952902028
20000000000,194,181,0.7889788016421019
20000000000,182,183,0.9687640685955432
20000000000,183,182,-0.9691264544854136
20000000000,182,195,0.6148766235957885
20000000000,195,182,-0.5914933901708327
20000000000,183,184,0.9691232354299172
20000000000,184,183,-0.9700574876839742
20000000000,183,196,0.7324421689577689
20000000000,196,183,-0.6436901325943506
20000000000,184,185,0.9700449705779077
20000000000,185,184,-0.9705461070597525
20000000000,184,197,0.9137722282737615
20000000000,197,184,-0.8229985196238752
20000000000,185,186,0.970732449046599
20000000000,186,185,-0.9701633384983706
20000000000,185,198,0.986306012819701
20000000000,198,185,-0.9912755245379484
20000000000,186,187,0.9705914132354782
20000000000,187,186,-0.9692364139269126
20000000000,186,199,0.8047525369140486
20000000000,199,186,-0.8989057455356201
20000000000,187,188,0.9697517651413228
20000000000,188,187,-0.9685648589818645
20000000000,187,200,0.6346234084083047
20000000000,200,187,-0.7193234439426042
20000000000,188,189,0.968941006187846
20000000000,189,188,-0.9687469549299972
20000000000,188,201,0.5927285299382243
20000000000,201,188,-0.6092722940152304
20000000000,189,190,0.9688931963965964
20000000000,190,189,-0.969646415527346
20000000000,189,202,0.6624498178513145
20000000000,202,189,-0.6015893052242837
20000000000,190,191,0.9696564853238208
20000000000,191,190,-0.9704937047545921
20000000000,190,203,0.8204354647913302
20000000000,203,190,-0.7190464701069743
20000000000,191,192,0.9705852118410806
20000000000,192,191,-0.9705763742228403
20000000000,191,204,0.9826693002784154
20000000000,204,191,-0.9295984366748197
20000000000,192,193,0.9708836606991673
20000000000,193,192,-0.9698304976367808
20000000000,192,205,0.9137666224025826
20000000000,205,192,-0.9746781584865356
20000000000,193,194,0.9702870505919299
20000000000,194,193,-0.968893455573125
20000000000,193,206,0.7043758672700269
20000000000,206,193,-0.8048922749337669
20000000000,182,194,-0.9685658248747946
20000000000,194,182,0.9693057486459788
20000000000,194,207,0.5978816706131953
20000000000,207,194,-0.6528634277110976
20000000000,195,196,0.9688321577473601
20000000000,196,195,-0.9695928028434786
20000000000,195,208,-0.7902875442672891
20000000000,208,195,0.8103893934987166
20000000000,196,197,0.9695577732211059
20000000000,197,196,-0.9704005418828937
20000000000,196,209,-0.8078833533180367
20000000000,209,196,0.8814968307122996
20000000000,197,198,0.9704698872722282
20000000000,198,197,-0.9704597478783185
20000000000,197,210,-0.8962674741443872
20000000000,210,197,0.9667088777114257
20000000000,198,199,0.9707763985819167
20000000000,199,198,-0.9697196470256337
20000000000,198,211,-0.984349076851024
20000000000,211,198,0.9807960838333721
20000000000,199,200,0.9702228223319936
20000000000,200,199,-0.9688193732632098
20000000000,199,212,-0.9607693433375071
20000000000,212,199,0.88744511659398
20000000000,200,201,0.969289476962954
20000000000,201,200,-0.9685376708009743
20000000000,200,213,-0.8742725670912821
20000000000,213,200,0.8037993771191212
20000000000,201,202,0.9687978241362247
20000000000,202,201,-0.969148736203814
20000000000,201,214,-0.8062503604534631
20000000000,214,201,0.7921112466153181
20000000000,202,203,0.9692031005461922
20000000000,203,202,-0.9701287294239523
20000000000,202,215,-0.7898949666835805
20000000000,215,202,0.8413987169697034
20000000000,203,204,0.9701592127608587
20000000000,204,203,-0.9706545340941166
20000000000,203,216,-0.8448280422211615
20000000000,216,203,0.9263681941668079
20000000000,204,205,0.9708478819563738
20000000000,205,204,-0.9702809362349926
20000000000,204,217,-0.9494705479635623
20000000000,217,204,0.9891925856538922
20000000000,205,206,0.9706828972069483
20000000000,206,205,-0.9693297910178202
20000000000,205,218,-0.9872404775703393
20000000000,218,205,0.9416444509965716
20000000000,206,207,0.9697909715686039
20000000000,207,206,-0.9686197008400336
20000000000,206,219,-0.9189146383987387
20000000000,219,206,0.8377691475892963
20000000000,195,207,-0.9687485236055909
20000000000,207,195,0.9689348431874582
20000000000,207,220,-0.8354259334503232
20000000000,220,207,0.7890421068166802
20000000000,208,209,0.9687640685955462
20000000000,209,208,-0.9691264544854381
20000000000,208,221,0.614873153829236
20000000000,221,208,-0.5916669147764735
20000000000,209,210,0.9691232354298909
20000000000,210,209,-0.97005748768397
20000000000,209,222,0.7324392608012821
20000000000,222,209,-0.6436860245686873
20000000000,210,211,0.9700449705779091
20000000000,211,210,-0.970546107059753
20000000000,210,223,0.9137710270646995
20000000000,223,210,-0.8229958664801345
20000000000,211,212,0.9707324490465983
20000000000,212,211,-0.9701639044051799
20000000000,211,224,0.9863058799166324
20000000000,224,211,-0.9912753973611639
20000000000,212,213,0.9705919739775221
20000000000,213,212,-0.9692364139269234
20000000000,212,225,0.8047622874548614
20000000000,225,212,-0.898904361286188
20000000000,213,214,0.9697517651413106
20000000000,214,213,-0.9685648589818627
20000000000,213,226,0.634619403499734
20000000000,226,213,-0.7193205404112629
20000000000,214,215,0.9689410061878131
20000000000,215,214,-0.9687469549300067
20000000000,214,227,0.5927245719802459
20000000000,227,214,-0.6092685451539107
20000000000,215,216,0.9688931963966099
20000000000,216,215,-0.9696464155273276
20000000000,215,228,0.6624464505910752
20000000000,228,215,-0.6015851553042437
20000000000,216,217,0.9696564853238242
20000000000,217,216,-0.9704946108549206
20000000000,216,229,0.8204332521323497
20000000000,229,216,-0.7190427798289774
20000000000,217,218,0.9705861122886796
20000000000,218,217,-0.9705763742228402
20000000000,217,230,0.9826750568989918
20000000000,230,217,-0.9296014737095213
20000000000,218,219,0.9708836599139006
20000000000,219,218,-0.969833257711917
20000000000,218,231,0.9137652459260743
20000000000,231,218,-0.9746778326773472
20000000000,219,220,0.9702897946379143
20000000000,220,219,-0.9688869724628013
20000000000,219,232,0.7044191834796375
20000000000,232,219,-0.8048897786950773
20000000000,208,220,-0.968565838510503
20000000000,220,208,0.9692992932026345
20000000000,220,233,0.5977963258876642
20000000000,233,220,-0.6530284429922064
20000000000,221,222,0.9688471938318938
20000000000,222,221,-0.9695927925405764
20000000000,221,234,-0.7901558720818057
20000000000,234,221,0.8103890190363624
20000000000,222,223,0.9695577732211034
20000000000,223,222,-0.9704005418828914
20000000000,222,235,-0.8078829264675337
20000000000,235,222,0.8815863089272126
20000000000,223,224,0.9704698866964108
20000000000,224,223,-0.9704597575693655
20000000000,223,236,-0.8962672159059993
20000000000,236,223,0.966708811484235
20000000000,224,225,0.9707764085792114
20000000000,225,224,-0.9697196471753805
20000000000,224,237,-0.984349172882429
20000000000,237,224,0.9807952643819963
20000000000,225,226,0.9702228258283402
20000000000,226,225,-0.9688193767780449
20000000000,225,238,-0.9607692897405492
20000000000,238,225,0.8874496602014413
20000000000,226,227,0.9692894701579897
20000000000,227,226,-0.9685376639721527
20000000000,226,239,-0.874272351817182
20000000000,239,226,0.8038242370955669
20000000000,227,228,0.9687978241362291
20000000000,228,227,-0.9691487362038106
20000000000,227,240,-0.8062501054189849
20000000000,240,227,0.7921109693275966
20000000000,228,229,0.9692031005461705
20000000000,229,228,-0.9701287294239612
20000000000,228,241,-0.7898947467590546
20000000000,241,228,0.8413985583956552
20000000000,229,230,0.9701592114987088
20000000000,230,229,-0.9706546151882579
20000000000,229,242,-0.8448277966105011
20000000000,242,229,0.9263826780304184
20000000000,230,231,0.9708479624949348
20000000000,231,230,-0.970280939150251
20000000000,230,243,-0.9494671852724917
20000000000,243,230,0.989192578368255
20000000000,231,232,0.9706828972069454
20000000000,232,231,-0.9693297910178166
20000000000,231,244,-0.9872404670629324
20000000000,244,231,0.941644330936713
20000000000,232,233,0.9697909825098566
20000000000,233,232,-0.9686350590395248
20000000000,232,245,-0.9189145232442425
20000000000,245,232,0.8377688932620542
20000000000,221,233,-0.9687635646111888
20000000000,233,221,0.9689501929276912
20000000000,233,246,-0.8353077486825689
20000000000,246,233,0.7890416684136171
20000000000,234,235,0.9687640552544121
20000000000,235,234,-0.9691140601328477
20000000000,234,247,0.6148768549139529
20000000000,247,234,-0.5916709081907128
20000000000,235,236,0.96911084819546
20000000000,236,235,-0.970057487683972
20000000000,235,248,0.7323069925457207
20000000000,248,235,-0.6436903893462627
20000000000,236,237,0.9700449693184233
20000000000,237,236,-0.970546065373021
20000000000,236,249,0.913772228273801
20000000000,249,236,-0.8229985196237918
20000000000,237,238,0.9707324101533532
20000000000,238,237,-0.9701636215073867
20000000000,237,250,0.986306765757111
20000000000,250,237,-0.9912751881093773
20000000000,238,239,0.9705916936621213
20000000000,239,238,-0.9692340678817631
20000000000,238,251,0.8047588919351119
20000000000,251,238,-0.8989057671644579
20000000000,239,240,0.9697494263556281
20000000000,240,239,-0.9685648589818767
20000000000,239,252,0.6345898921960603
20000000000,252,239,-0.719305843155394
20000000000,240,241,0.9689410134332942
20000000000,241,240,-0.9687469621754756
20000000000,240,253,0.5927285917812651
20000000000,253,240,-0.6092948962278509
20000000000,241,242,0.9688931912180551
20000000000,242,241,-0.9696442326106236
20000000000,241,254,0.6624496073972692
20000000000,254,241,-0.601549202824696
20000000000,242,243,0.9696543123547995
20000000000,243,242,-0.9704946108549233
20000000000,242,255,0.8204117202836498
20000000000,255,242,-0.7190246555278267
20000000000,243,244,0.9705861139252938
20000000000,244,243,-0.9705763758696521
20000000000,243,256,0.9826752530031416
20000000000,256,243,-0.9296025925250527
20000000000,244,245,0.9708836594951177
20000000000,245,244,-0.9698332572838643
20000000000,244,257,0.9137666682811011
20000000000,257,244,-0.9746781693458891
20000000000,245,246,0.9702897946379146
20000000000,246,245,-0.9688869724628048
20000000000,245,258,0.7044229800244455
20000000000,258,245,-0.8048921280959781
20000000000,234,246,-0.9685658385104826
20000000000,246,234,0.9692992932026219
20000000000,246,259,0.5978004602137976
20000000000,259,246,-0.6530318712637107
20000000000,247,248,0.9688471938319149
20000000000,248,247,-0.9695927925405785
20000000000,247,260,-0.7901544674365967
20000000000,260,247,0.8103877708299685
20000000000,248,249,0.9695577710864958
20000000000,249,248,-0.9704005398120644
20000000000,248,261,-0.8078815036322397
20000000000,261,248,0.8815854916243929
20000000000,249,250,0.9704698834334268
20000000000,250,249,-0.9704597850892653
20000000000,249,262,-0.8962664411897209
20000000000,262,249,0.966708612802631
20000000000,250,251,0.9707764379688186
20000000000,251,250,-0.9697196470256378
20000000000,250,263,-0.984349437102058
20000000000,263,250,0.9807951598087159
20000000000,251,252,0.9702228223319894
20000000000,252,251,-0.9688177557980647
20000000000,251,264,-0.9607690184057095
20000000000,264,251,0.8874439875865279
20000000000,252,253,0.9692878633098301
20000000000,253,252,-0.9685396907490524
20000000000,252,265,-0.8742833270387574
20000000000,265,252,0.8038102339345136
20000000000,253,254,0.9687998303807162
20000000000,254,253,-0.9691456309843711
20000000000,253,266,-0.8062324779826103
20000000000,266,253,0.7920930569830755
20000000000,254,255,0.9692000143677431
20000000000,255,254,-0.9701275088936027
20000000000,254,267,-0.7899231525524956
20000000000,267,254,0.8413975276651422
20000000000,255,256,0.970157991435509
20000000000,256,255,-0.9706546151882586
20000000000,255,268,-0.8448428932963427
20000000000,268,255,0.9263748587734492
20000000000,256,257,0.970847962494935
20000000000,257,256,-0.970280939150254
20000000000,256,269,-0.9494667846021684
20000000000,269,256,0.9891933997052265
20000000000,257,258,0.9706828972069435
20000000000,258,257,-0.9693297910177897
20000000000,257,270,-0.9872404255855803
20000000000,270,257,0.9416438570068988
20000000000,258,259,0.9697909825098435
20000000000,259,258,-0.9686350590395731
20000000000,258,271,-0.9189139474718279
20000000000,271,258,0.8377676216247955
20000000000,247,259,-0.9687635646111725
20000000000,259,247,0.9689501929277055
20000000000,259,272,-0.8353066562104411
20000000000,272,259,0.7890402070708832
20000000000,260,261,0.9687640552543699
20000000000,261,260,-0.9691140601328446
20000000000,260,273,0.614875929641077
20000000000,273,260,-0.5916699098357604
20000000000,261,262,0.969110848195453
20000000000,262,261,-0.9700574876839713
20000000000,261,274,0.7323062653480775
20000000000,274,261,-0.6436893623393842
20000000000,262,263,0.9700449693184261
20000000000,263,262,-0.9705460653730208
20000000000,262,275,0.9137719279722559
20000000000,275,262,-0.8229978563395388
20000000000,263,264,0.9707324097911509
20000000000,264,263,-0.970163904040506
20000000000,263,276,0.9863067300380327
20000000000,276,263,-0.9912755136855197
20000000000,264,265,0.9705919738046035
20000000000,265,264,-0.9692352409596358
20000000000,264,277,0.8047644622167992
20000000000,277,264,-0.8989089910237299
20000000000,265,266,0.9697505966598087
20000000000,266,265,-0.9685667834041669
20000000000,265,278,0.6346056329632833
20000000000,278,265,-0.7193094940623554
20000000000,266,267,0.9689429278904
20000000000,267,266,-0.968746956741383
20000000000,266,279,0.5927499085819715
20000000000,279,266,-0.6092932014618713
20000000000,267,268,0.968893193807337
20000000000,268,267,-0.9696453242836488
20000000000,267,280,0.6624488313481779
20000000000,280,267,-0.601558207178755
20000000000,268,269,0.9696553990526056
20000000000,269,268,-0.9704941579832876
20000000000,268,281,0.8204230394730454
20000000000,281,268,-0.7190291866064011
20000000000,269,270,0.970585663880319
20000000000,270,269,-0.9705763758696517
20000000000,269,282,0.982672233894482
20000000000,282,269,-0.9296023128222233
20000000000,270,271,0.9708836594951178
20000000000,271,270,-0.9698332572838881
20000000000,270,283,0.9137662782846836
20000000000,283,270,-0.974678077034599
20000000000,271,272,0.9702897946378958
20000000000,272,271,-0.9688869724627781
20000000000,271,284,0.7044219043479981
20000000000,284,271,-0.8048914624392247
20000000000,260,272,-0.9685658385104828
20000000000,272,260,0.9692992932026524
20000000000,272,285,0.5977992888316519
20000000000,285,272,-0.652862884806259
20000000000,273,274,0.9688471938319174
20000000000,274,273,-0.969592792540591
20000000000,273,286,-0.7901555162443258
20000000000,286,273,0.8103887028292573
20000000000,274,275,0.9695577710864507
20000000000,275,274,-0.970400539812069
20000000000,274,287,-0.8078828505892861
20000000000,287,274,0.8814965418275702
20000000000,275,276,0.97046988420119
20000000000,276,275,-0.9704597447830379
20000000000,275,288,-0.8962672560802338
20000000000,288,275,0.9666892046616504
20000000000,276,277,0.9707763983831779
20000000000,277,276,-0.9697199925042871
20000000000,276,289,-0.984349049568866
20000000000,289,276,0.9807952455458543
20000000000,277,278,0.970223166398909
20000000000,278,277,-0.9688181602235363
20000000000,277,290,-0.9607672486265411
20000000000,290,277,0.8874447208597842
20000000000,278,279,0.9692882653995589
20000000000,279,278,-0.9685396262510907
20000000000,278,291,-0.8742810582270633
20000000000,291,278,0.8038113758005444
20000000000,279,280,0.9687997695688497
20000000000,280,279,-0.9691464072063739
20000000000,279,292,-0.8062340056919521
20000000000,292,279,0.7921106714600975
20000000000,280,281,0.9692007865331561
20000000000,281,280,-0.970127814508089
20000000000,280,293,-0.7899168760252409
20000000000,293,280,0.8413983799998608
20000000000,281,282,0.9701582965415321
20000000000,282,281,-0.9706546151882579
20000000000,281,294,-0.844839802305463
20000000000,294,281,0.9263752821092666
20000000000,282,283,0.970847964039233
20000000000,283,282,-0.9702809407049287
20000000000,282,295,-0.9494671101469107
20000000000,295,282,0.9891932080655454
20000000000,283,284,0.9706828972069412
20000000000,284,283,-0.9693297910178132
20000000000,283,296,-0.9872404609794083
20000000000,296,283,0.941644261425018
20000000000,284,285,0.9697909825098558
20000000000,285,284,-0.9686197117769109
20000000000,284,297,-0.9189144080897269
20000000000,297,284,0.8377686389347081
20000000000,273,285,-0.9687635723017786
20000000000,285,273,0.9689348509265039
20000000000,285,298,-0.8354256058179665
20000000000,298,285,0.7889194309594185
20000000000,286,287,0.9687640819366211
20000000000,287,286,-0.9691264677351371
20000000000,286,299,0.614874079098998
20000000000,299,286,-0.5914906442553216
20000000000,287,288,0.969123235429899
20000000000,288,287,-0.9700610665748506
20000000000,287,300,0.7324398060801366
20000000000,300,287,-0.643686794823112
20000000000,288,289,0.9700485534338887
20000000000,289,288,-0.9705460672824605
20000000000,288,301,0.9138078364769685
20000000000,301,288,-0.8229965297676538
20000000000,289,290,0.9707324101533552
20000000000,290,289,-0.9701639044051761
20000000000,289,302,0.9863066628018496
20000000000,302,289,-0.9912761661395707
20000000000,290,291,0.9705919739775258
20000000000,291,290,-0.9692352411339473
20000000000,290,303,0.8047630049031386
20000000000,303,290,-0.8989047073492863
20000000000,291,292,0.9697505959781239
20000000000,292,291,-0.968564858981868
20000000000,291,304,0.6346036466220407
20000000000,304,291,-0.7193212897091594
20000000000,292,293,0.9689410116219266
20000000000,293,292,-0.9687469603640996
20000000000,292,305,0.5927256233112873
20000000000,305,292,-0.6092920846414812
20000000000,293,294,0.9688931931600269
20000000000,294,293,-0.969645323638842
20000000000,293,306,0.6624471082581783
20000000000,306,293,-0.6015461226894337
20000000000,294,295,0.9696553991853284
20000000000,295,294,-0.9704942713653746
20000000000,294,307,0.8204219244660138
20000000000,307,294,-0.7190273270058545
20000000000,295,296,0.9705857768086908
20000000000,296,295,-0.9705763762556553
20000000000,295,308,0.9826728768504712
20000000000,308,295,-0.9295997016958206
20000000000,296,297,0.9708836599139006
20000000000,297,296,-0.9698332577119152
20000000000,296,309,0.9137655900464317
20000000000,309,296,-0.9746779141299934
20000000000,297,298,0.9702898086507775
20000000000,298,297,-0.9688999145145034
20000000000,297,310,0.7044201326164959
20000000000,310,297,-0.8048903660457555
20000000000,286,298,-0.9685658112390308
20000000000,298,286,0.9693121940409298
20000000000,298,311,0.5979602952487665
20000000000,311,298,-0.6528608560144412
20000000000,299,300,0.9688321473629438
20000000000,300,299,-0.9695927925405528
20000000000,299,312,-0.7902874038421629
20000000000,312,299,0.8103892686778539
20000000000,300,301,0.9695577753557291
20000000000,301,300,-0.9704005439536814
20000000000,300,313,-0.8078834956017029
20000000000,313,300,0.8814969124732946
20000000000,301,302,0.9704698887055146
20000000000,302,301,-0.9704596671163371
20000000000,301,314,-0.8962674741443973
20000000000,314,301,0.9667088777113968
20000000000,302,303,0.9707763197604744
20000000000,303,302,-0.9697196470256331
20000000000,302,315,-0.9843481892134933
20000000000,315,302,0.9807952871152602
20000000000,303,304,0.9702228258283416
20000000000,304,303,-0.9688193767780456
20000000000,303,316,-0.9607693433375033
20000000000,316,303,0.8874545761058283
20000000000,304,305,0.969289473560465
20000000000,305,304,-0.9685396873362531
20000000000,304,317,-0.8742725240364363
20000000000,317,304,0.8038245248013616
20000000000,305,306,0.9687998303807066
20000000000,306,305,-0.9691456309843725
20000000000,305,318,-0.8062339923062953
20000000000,318,305,0.7921112119544329
20000000000,306,307,0.9692000143677483
20000000000,307,306,-0.970127814900367
20000000000,306,319,-0.7899249484880102
20000000000,319,306,0.841398822685735
20000000000,307,308,0.9701582965415297
20000000000,308,307,-0.9706545740160618
20000000000,307,320,-0.8448402858330217
20000000000,320,307,0.9263827830384
20000000000,308,309,0.9708479252345291
20000000000,309,308,-0.970280940704926
20000000000,308,321,-0.949468886683354
20000000000,321,308,0.9891934288428386
20000000000,309,310,0.9706828972069423
20000000000,310,309,-0.9693297910178305
20000000000,309,322,-0.9872404775703432
20000000000,322,309,0.9416444509965797
20000000000,310,311,0.9697909825098802
20000000000,311,310,-0.9686197117769038
20000000000,310,323,-0.9189146383986497
20000000000,323,310,0.8377691475893453
20000000000,299,311,-0.9687485236055686
20000000000,311,299,0.9689348431874443
20000000000,311,324,-0.8354260426611271
20000000000,324,311,0.7889200156495835
20000000000,312,313,0.9687640819366312
20000000000,313,312,-0.9691264677351515
20000000000,312,325,0.6148759296414037
20000000000,325,312,-0.5914926412842184
20000000000,313,314,0.9691232354298788
20000000000,314,313,-0.970057487683965
20000000000,313,326,0.7324412601581692
20000000000,326,313,-0.6436888488360532
20000000000,314,315,0.9700449711657462
20000000000,315,314,-0.9705460672824611
20000000000,314,327,0.9137719279722676
20000000000,327,314,-0.8229978563395489
20000000000,315,316,0.9707324101533535
20000000000,316,315,-0.9701633384983638
20000000000,315,328,0.9863067300380379
20000000000,328,315,-0.9912761878415637
20000000000,316,317,0.9705914132354848
20000000000,317,316,-0.9692340678817876
20000000000,316,329,0.8047518194474547
20000000000,329,316,-0.8989053994739746
20000000000,317,318,0.9697494263556008
20000000000,318,317,-0.9685648589818309
20000000000,317,330,0.6345887940359675
20000000000,330,317,-0.7193226946436285
20000000000,318,319,0.9689410134333174
20000000000,319,318,-0.9687469621754726
20000000000,318,331,0.5927275404470601
20000000000,331,318,-0.6092713567984769
20000000000,319,320,0.9688931912180765
20000000000,320,319,-0.9696442326106407
20000000000,319,332,0.6624487655813627
20000000000,332,319,-0.601548165304712
20000000000,320,321,0.9696543123547853
20000000000,321,320,-0.970494157983291
20000000000,320,333,0.8204111670851612
20000000000,333,320,-0.7190237329285127
20000000000,321,322,0.9705856638803158
20000000000,322,321,-0.9705763758696504
20000000000,321,334,0.9826722331283512
20000000000,334,321,-0.9296007762242834
20000000000,322,323,0.9708836599139018
20000000000,323,322,-0.9698332577119201
20000000000,322,335,0.9137662782846787
20000000000,335,322,-0.9746695560542596
20000000000,323,324,0.9702898086507697
20000000000,324,323,-0.9688999145144934
20000000000,323,336,0.7044220308888974
20000000000,336,323,-0.8048915407461537
20000000000,312,324,-0.9685658112390241
20000000000,324,312,0.9693121940408868
20000000000,324,337,0.5979623620957741
20000000000,337,324,-0.6528625704780635
20000000000,325,326,0.9688321473629717
20000000000,326,325,-0.9695927925405717
20000000000,325,338,-0.7902857187407019
20000000000,338,325,0.8103877708298639
20000000000,326,327,0.9695577753557344
20000000000,327,326,-0.9704005439536783
20000000000,326,339,-0.8078817881994894
20000000000,339,326,0.8814959313431596
20000000000,327,328,0.9704698887055199
20000000000,328,327,-0.9704596671163372
20000000000,327,340,-0.8962664411896509
20000000000,340,327,0.9667086128026269
20000000000,328,329,0.9707763197604737
20000000000,329,328,-0.9697196470256363
20000000000,328,341,-0.9843481037242919
20000000000,341,328,0.9807951568646589
20000000000,329,330,0.970222822331991
20000000000,330,329,-0.968819373263242
20000000000,329,342,-0.960769021755522
20000000000,342,329,0.8874534587852811
20000000000,330,331,0.9692894769629204
20000000000,331,330,-0.9685376708009648
20000000000,330,343,-0.8742715337761926
20000000000,343,330,0.8037976507825342
20000000000,331,332,0.968797817478944
20000000000,332,331,-0.9691456343061847
20000000000,331,344,-0.8062488302480182
20000000000,344,331,0.7921095828906839
20000000000,332,333,0.9692000143677498
20000000000,333,332,-0.9701275088935998
20000000000,332,345,-0.7899231159008056
20000000000,345,332,0.8413975012360841
20000000000,333,334,0.9701579915143451
20000000000,334,333,-0.9706545843922713
20000000000,333,346,-0.8448428932963499
20000000000,346,333,0.9263675640522768
20000000000,334,335,0.9708479347576662
20000000000,335,334,-0.9702798119241473
20000000000,334,347,-0.9494680030766858
20000000000,347,334,0.9891933998569804
20000000000,335,336,0.9706817723260712
20000000000,336,335,-0.9693297910178242
20000000000,335,348,-0.9872435622922673
20000000000,348,335,0.9416438822811058
20000000000,336,337,0.9697909825098558
20000000000,337,336,-0.9686197117768753
20000000000,336,349,-0.9189139474716753
20000000000,349,336,0.837767621624845
20000000000,325,337,-0.9687485236055858
20000000000,337,325,0.9689348431874628
20000000000,337,350,-0.8354246229218852
20000000000,350,337,0.7889792401019898
20000000000,338,339,0.9687640819366405
20000000000,339,338,-0.9691264677351481
20000000000,0,338,0.22816399683358235
20000000000,338,0,-0.22384883390924223
20000000000,339,340,0.9691232354298819
20000000000,340,339,-0.970057487683962
20000000000,1,339,0.29144675308594004
20000000000,339,1,-0.18453988421012918
20000000000,340,341,0.9700449718374249
20000000000,341,340,-0.9705460679767156
20000000000,2,340,0.401906078781204
20000000000,340,2,-0.22052491488975604
20000000000,341,342,0.9707324086080803
20000000000,342,341,-0.9701633369422926
20000000000,3,341,0.9016115979512829
20000000000,341,3,-0.7801780077188771
20000000000,342,343,0.9705914132354798
20000000000,343,342,-0.9692364139268814
20000000000,4,342,0.3149278575560912
20000000000,342,4,-0.5083873300126572
20000000000,343,344,0.9697517651413468
20000000000,344,343,-0.9685648589818232
20000000000,5,343,0.1836216769112093
20000000000,343,5,-0.326654168250826
20000000000,344,345,0.9689410061878231
20000000000,345,344,-0.9687469549300206
20000000000,6,344,0.20355339402856687
20000000000,344,6,-0.25222712025712807
20000000000,345,346,0.9688931963966272
20000000000,346,345,-0.9696464155273606
20000000000,7,345,0.25773975232173
20000000000,345,7,-0.19998591933878776
20000000000,346,347,0.969656485323791
20000000000,347,346,-0.9704941579832925
20000000000,8,346,0.3354600891776919
20000000000,346,8,-0.1856448093767959
20000000000,347,348,0.970585663880316
20000000000,348,347,-0.970576375869651
20000000000,9,347,0.5418485560740895
20000000000,347,9,-0.3488369723529032
20000000000,348,349,0.9708836599139016
20000000000,349,348,-0.9698332577119049
20000000000,10,348,0.676200680112382
20000000000,348,10,-0.8248704230509445
20000000000,349,350,0.9702898016443794
20000000000,350,349,-0.9688934485538604
20000000000,11,349,0.21180591221931913
20000000000,349,11,-0.38884245574005966
20000000000,338,350,-0.9685658248747593
20000000000,350,338,0.9693057486459923
20000000000,12,350,0.18659218403456626
20000000000,350,12,-0.285857221275338
30000000000,0,1,0.9687684253106208
30000000000,1,0,-0.9691441676470954
30000000000,0,13,0.6164041289783665
30000000000,13,0,-0.5913681349931096
30000000000,1,2,0.9691407555328702
30000000000,2,1,-0.9700752443721884
30000000000,1,14,0.735762503305634
30000000000,14,1,-0.6461904112483691
30000000000,2,3,0.9700638800058256
30000000000,3,2,-0.9705457267532929
30000000000,2,15,0.9173575040870346
30000000000,15,2,-0.8275494341618645
30000000000,3,4,0.9707396354961495
30000000000,4,3,-0.9701455022073862
30000000000,3,16,0.9847030379891747
30000000000,16,3,-0.9921852902696949
30000000000,4,5,0.9705815818013036
30000000000,5,4,-0.9692184025568378
30000000000,4,17,0.8002358012607906
30000000000,17,4,-0.8951543719196757
30000000000,5,6,0.9697319896427161
30000000000,6,5,-0.9685601993225285
30000000000,5,18,0.6324816868766978
30000000000,18,5,-0.7161558538289503
30000000000,6,7,0.9689334375535965
30000000000,7,6,-0.9687641066160635
30000000000,6,19,0.593143113610832
30000000000,19,6,-0.6079844541428032
30000000000,7,8,0.9689041376990795
30000000000,8,7,-0.9696669967789838
30000000000,7,20,0.6649318043858469
30000000000,20,7,-0.6025964025351097
30000000000,8,9,0.9696789509838026
30000000000,9,8,-0.9705040076170004
30000000000,8,21,0.8243085673113287
30000000000,21,8,-0.7228201960280694
30000000000,9,10,0.970601011973343
30000000000,10,9,-0.970568704544855
30000000000,9,22,0.9843577177215914
30000000000,22,9,-0.9333872364428969
30000000000,10,11,0.9708781913021842
30000000000,11,10,-0.9698111113016964
30000000000,10,23,0.909608513850142
30000000000,23,10,-0.9724506843590625
30000000000,11,12,0.9702702112909181
30000000000,12,11,-0.9688743160531168
30000000000,11,24,0.7008679407164542
30000000000,24,11,-0.8011451366814906
30000000000,0,12,-0.9685724652020786
30000000000,12,0,0.9692871375439878
30000000000,12,25,0.5970456123888822
30000000000,25,12,-0.6506224795076814
30000000000,13,14,0.9688429004947456
30000000000,14,13,-0.9696163678490458
30000000000,13,26,-0.7899196851231696
30000000000,26,13,0.8113902737026714
30000000000,14,15,0.9695820698137738
30000000000,15,14,-0.9704078357456133
30000000000,14,27,-0.8089846209468436
30000000000,27,14,0.8833293064996183
30000000000,15,16,0.9704839862665687
30000000000,16,15,-0.9704517502761425
30000000000,15,28,-0.8985702394512539
30000000000,28,15,0.9680894358533318
30000000000,16,17,0.9707723575037074
30000000000,17,16,-0.9697013054409608
30000000000,16,29,-0.9851375429556007
30000000000,29,16,0.9797218692014393
30000000000,17,18,0.9702031073977733
30000000000,18,17,-0.9688036027281629
30000000000,17,30,-0.9592482322195793
30000000000,30,17,0.8852104302810722
30000000000,18,19,0.9692706805882549
30000000000,19,18,-0.9685398212584334
30000000000,18,31,-0.8725331424582764
30000000000,31,18,0.8028036554622054
30000000000,19,20,0.9687934053304731
30000000000,20,19,-0.9691619452080685
30000000000,19,32,-0.8053365612630747
30000000000,32,19,0.7925667228334433
30000000000,20,21,0.969215149183462
30000000000,21,20,-0.9701460545780421
30000000000,20,33,-0.7903080503524996
30000000000,33,20,0.8429241818477832
30000000000,21,22,0.9701773015539957
30000000000,22,21,-0.970655623014568
30000000000,21,34,-0.8467285220372281
30000000000,34,21,0.928214814958325
30000000000,22,23,0.9708547160136406
30000000000,23,22,-0.9702657196564162
30000000000,22,35,-0.9513950749776139
30000000000,35,22,0.9895163263089146
30000000000,23,24,0.9706703401103576
30000000000,24,23,-0.9693137634118805
30000000000,23,36,-0.9866549213095422
30000000000,36,23,0.9395897813492033
30000000000,24,25,0.9697747148817293
30000000000,25,24,-0.9686125571328866
30000000000,24,37,-0.9170350276652526
30000000000,37,24,0.8359956214266908
30000000000,13,25,-0.9687627483599085
30000000000,25,13,0.9689266002178185
30000000000,25,38,-0.8339996277770843
30000000000,38,25,0.7887272768047643
30000000000,26,27,0.9687684120747015
30000000000,27,26,-0.9691380384257737
30000000000,26,39,0.6164038984289386
30000000000,39,26,-0.5913678848381665
30000000000,27,28,0.9691346363191755
30000000000,28,27,-0.9700752443721948
30000000000,27,40,0.7356955610995957
30000000000,40,27,-0.6461270833705808
30000000000,28,29,0.9700638786365318
30000000000,29,28,-0.9705457253477753
30000000000,28,41,0.9173575762834203
30000000000,41,28,-0.8275495964641727
30000000000,29,30,0.9707396383470352
30000000000,30,29,-0.9701455050746003
30000000000,29,42,0.9847030379891717
30000000000,42,29,-0.9921852902696985
30000000000,30,31,0.9705815818013038
30000000000,31,30,-0.9692184025568348
30000000000,30,43,0.8002359838323239
30000000000,43,30,-0.8951840319286809
30000000000,31,32,0.969732000682332
30000000000,32,31,-0.9685602104190494
30000000000,31,44,0.6324819455755624
30000000000,44,31,-0.7162273146307673
30000000000,32,33,0.9689334230776431
30000000000,33,32,-0.9687565962890281
30000000000,32,45,0.5931428668209311
30000000000,45,32,-0.6078939523963237
30000000000,33,34,0.9688966555062499
30000000000,34,33,-0.9696627209854611
30000000000,33,46,0.6648500339144516
30000000000,46,33,-0.6025964025350677
30000000000,34,35,0.9696746855942519
30000000000,35,34,-0.970504008583473
30000000000,34,47,0.8242621255572891
30000000000,47,34,-0.7228204248556296
30000000000,35,36,0.970601011973346
30000000000,36,35,-0.9705687045448553
30000000000,35,48,0.9843577177215952
30000000000,48,35,-0.9333854481242229
30000000000,36,37,0.9708781909750512
30000000000,37,36,-0.9698139455198401
30000000000,36,49,0.909608558913855
30000000000,49,36,-0.9724506956624547
30000000000,37,38,0.9702730431282546
30000000000,38,37,-0.9688808421256757
30000000000,37,50,0.7009161771266211
30000000000,50,37,-0.801145136681498
30000000000,26,38,-0.968572465202064
30000000000,38,26,0.9692936638182224
30000000000,38,51,0.5971277986646106
30000000000,51,38,-0.6506224795074995
30000000000,39,40,0.9688429004947537
30000000000,40,39,-0.9696120986827516
30000000000,39,52,-0.7899217976892802
30000000000,52,39,0.8114243939690422
30000000000,40,41,0.969577799417172
30000000000,41,40,-0.9704078376692162
30000000000,40,53,-0.8090344476078993
30000000000,53,40,0.8833084625071461
30000000000,41,42,0.970483986266569
30000000000,42,41,-0.9704517502761421
30000000000,41,54,-0.8985715031721435
30000000000,54,41,0.9680897499082349
30000000000,42,43,0.9707723575037066
30000000000,43,42,-0.9697041452828294
30000000000,42,55,-0.985137627804828
30000000000,55,42,0.9797220291912164
30000000000,43,44,0.9702059341895298
30000000000,44,43,-0.9688101324616345
30000000000,43,56,-0.959232206140924
30000000000,56,43,0.885172785460083
30000000000,44,45,0.9692771814156851
30000000000,45,44,-0.9685317197547583
30000000000,44,57,-0.8724866406333613
30000000000,57,44,0.8027548361586049
30000000000,45,46,0.9687853324998013
30000000000,46,45,-0.9691619452080563
30000000000,45,58,-0.8054039501049057
30000000000,58,45,0.792634892722256
30000000000,46,47,0.9692151553308139
30000000000,47,46,-0.9701460606802933
30000000000,46,59,-0.7903103968869344
30000000000,59,46,0.8428689811262293
30000000000,47,48,0.9701773022394446
30000000000,48,47,-0.9706555901098814
30000000000,47,60,-0.8467303463418541
30000000000,60,47,0.9282155833340406
30000000000,48,49,0.9708546833354453
30000000000,49,48,-0.9702657182242068
30000000000,48,61,-0.9513970566916147
30000000000,61,48,0.9895163570390286
30000000000,49,50,0.9706703401103602
30000000000,50,49,-0.9693137634118755
30000000000,49,62,-0.9866549887687591
30000000000,62,49,0.9395910445353647
30000000000,50,51,0.9697747148817362
30000000000,51,50,-0.9686125571328569
30000000000,50,63,-0.9170358514511083
30000000000,63,50,0.8360335376301476
30000000000,39,51,-0.9687627339037505
30000000000,51,39,0.9689265857188476
30000000000,51,64,-0.8340012236243051
30000000000,64,51,0.7887601174544374
30000000000,52,53,0.9687643915049153
30000000000,53,52,-0.9691411108230418
30000000000,52,65,0.6163557932019144
30000000000,65,52,-0.5913642575975642
30000000000,53,54,0.9691376971215366
30000000000,54,53,-0.9700752443721917
30000000000,53,66,0.7357262376840938
30000000000,66,53,-0.6461547758869457
30000000000,54,55,0.9700638800058231
30000000000,55,54,-0.9705457267532935
30000000000,54,67,0.9173564211384122
30000000000,67,54,-0.8275469996198369
30000000000,55,56,0.9707396326452532
30000000000,56,55,-0.97014787181226
30000000000,55,68,0.9847028895726724
30000000000,68,55,-0.9921852655937653
30000000000,56,57,0.9705839305822243
30000000000,57,56,-0.9692231638855837
30000000000,56,69,0.8002849591679572
30000000000,69,56,-0.8951232794191982
30000000000,57,58,0.9697367393502792
30000000000,58,57,-0.9685524662861169
30000000000,57,70,0.6325454212020657
30000000000,70,57,-0.7160815587403302
30000000000,58,59,0.9689257198848978
30000000000,59,58,-0.9687641066160558
30000000000,58,71,0.5930498019633873
30000000000,71,58,-0.608071192409274
30000000000,59,60,0.9689041376990664
30000000000,60,59,-0.9696627209854901
30000000000,59,72,0.6649286624724267
30000000000,72,59,-0.6025925087575774
30000000000,60,61,0.9696746836280556
30000000000,61,60,-0.9705040066505137
30000000000,60,73,0.8242598120320235
30000000000,73,60,-0.7227738098284522
30000000000,61,62,0.9706010107854667
30000000000,62,61,-0.9705686843516189
30000000000,61,74,0.9843575604878464
30000000000,74,61,-0.9333844579353658
30000000000,62,63,0.9708781726623389
30000000000,63,62,-0.9698111112221433
30000000000,62,75,0.9096064696571284
30000000000,75,62,-0.9724526503348736
30000000000,63,64,0.9702702148842295
30000000000,64,63,-0.9688775839597189
30000000000,63,76,0.7008642992020514
30000000000,76,63,-0.8011168332048938
30000000000,52,64,-0.9685684256436247
30000000000,64,52,0.9692903950986366
30000000000,64,77,0.5970827055420596
30000000000,77,64,-0.6506191434600251
30000000000,65,66,0.9688429004947644
30000000000,66,65,-0.9696142341040889
30000000000,65,78,-0.7899218681082436
30000000000,78,65,0.8114083274724426
30000000000,66,67,0.969579935451414
30000000000,67,66,-0.9704078367074196
30000000000,66,79,-0.8090107408294189
30000000000,79,66,0.8833085028326023
30000000000,67,68,0.9704839848165089
30000000000,68,67,-0.9704517488152836
30000000000,67,80,-0.8985715874200663
30000000000,80,67,0.9680897708452079
30000000000,68,69,0.9707723584851594
30000000000,69,68,-0.969698462123127
30000000000,68,81,-0.985137631036908
30000000000,81,68,0.9797220352855456
30000000000,69,70,0.9702002761426406
30000000000,70,69,-0.9687970627955105
30000000000,69,82,-0.9592651905074321
30000000000,82,69,0.8852120866291869
30000000000,70,71,0.9692641696126428
30000000000,71,70,-0.968547910144862
30000000000,70,83,-0.872582421605373
30000000000,83,70,0.8027551246062641
30000000000,71,72,0.9688014655978924
30000000000,72,71,-0.9691619452080344
30000000000,71,84,-0.8052730026216671
30000000000,84,71,0.7926348927222394
30000000000,72,73,0.9692151430361188
30000000000,73,72,-0.9701436716906693
30000000000,72,85,-0.7903103968869416
30000000000,85,72,0.842868981126033
30000000000,73,74,0.9701749312358554
30000000000,74,73,-0.9706555887172236
30000000000,73,86,-0.8467625535608678
30000000000,86,73,0.9282156857840625
30000000000,74,75,0.9708546829797715
30000000000,75,74,-0.970266013491987
30000000000,74,87,-0.9513971332434031
30000000000,87,74,0.9895149935184563
30000000000,75,76,0.9706706337061227
30000000000,76,75,-0.9693113808147962
30000000000,75,88,-0.9866541106036023
30000000000,88,75,0.9395905387991899
30000000000,76,77,0.9697723368337137
30000000000,77,76,-0.968612559901193
30000000000,76,89,-0.9170522189343168
30000000000,89,76,0.8360246840400255
30000000000,65,77,-0.9687627411318207
30000000000,77,65,0.9689265929683337
30000000000,77,90,-0.8340013061681791
30000000000,90,77,0.7887755875166698
30000000000,78,79,0.9687664088004165
30000000000,79,78,-0.969141110823066
30000000000,78,91,0.6163816039361593
30000000000,91,78,-0.5913679786461872
30000000000,79,80,0.9691376971215209
30000000000,80,79,-0.9700752443721903
30000000000,79,92,0.7357289425584131
30000000000,92,79,-0.6461744513215457
30000000000,80,81,0.9700638800058263
30000000000,81,80,-0.9705457267532931
30000000000,80,93,0.9173575040870491
30000000000,93,80,-0.8275494341618727
30000000000,81,82,0.9707396341656063
30000000000,82,81,-0.9701455008692165
30000000000,81,94,0.9847030529674046
30000000000,94,81,-0.9921828218899393
30000000000,82,83,0.9705815804306309
30000000000,83,82,-0.9692231654565056
30000000000,82,95,0.8002356186891557
30000000000,95,82,-0.895124708924184
30000000000,83,84,0.9697367393502533
30000000000,84,83,-0.9685524662861001
30000000000,83,96,0.6325495600830293
30000000000,96,83,-0.716227125998256
30000000000,84,85,0.9689257198849217
30000000000,85,84,-0.9687641066160775
30000000000,84,97,0.5930532573030808
30000000000,97,84,-0.6078939523962658
30000000000,85,86,0.9689041376990978
30000000000,86,85,-0.9696627209854893
30000000000,85,98,0.6649315949248185
30000000000,98,85,-0.6025961429499355
30000000000,86,87,0.9696746855942697
30000000000,87,86,-0.9705048644724463
30000000000,86,99,0.8242619894679267
30000000000,99,86,-0.7228629196840609
30000000000,87,88,0.9706018638455924
30000000000,88,87,-0.9705687061077815
30000000000,87,100,0.9843630639328089
30000000000,100,87,-0.9333853821119243
30000000000,88,89,0.9708781912204016
30000000000,89,88,-0.9698118202748228
30000000000,88,101,0.9096085251160683
30000000000,101,88,-0.9724529867703704
30000000000,89,90,0.9702709205664732
30000000000,90,89,-0.968875949426755
30000000000,89,102,0.7008799309112351
30000000000,102,89,-0.8011255687887987
30000000000,78,90,-0.9685704458171982
30000000000,90,78,0.9692887666383999
30000000000,90,103,0.5970660462605266
30000000000,103,90,-0.6506118338410325
30000000000,91,92,0.9688429017731297
30000000000,92,91,-0.9696153024533957
30000000000,91,104,-0.7899196323090865
30000000000,104,91,0.8114103889340442
30000000000,92,93,0.9695810033336908
30000000000,93,92,-0.9704078367074195
30000000000,92,105,-0.8089965775807392
30000000000,105,92,0.8833030593847441
30000000000,93,94,0.9704839817095394
30000000000,94,93,-0.9704521210505035
30000000000,93,106,-0.8985702236547065
30000000000,106,93,0.9680910291971875
30000000000,94,95,0.9707727203090263
30000000000,95,94,-0.9696984624819815
30000000000,94,107,-0.9851410639220729
30000000000,107,94,0.979721841012161
30000000000,95,96,0.9702002799725936
30000000000,96,95,-0.9688101362972461
30000000000,95,108,-0.9592647013543141
30000000000,108,95,0.885210430281056
30000000000,96,97,0.969277181415669
30000000000,97,96,-0.9685317197547199
30000000000,96,109,-0.8724853736127117
30000000000,109,96,0.8027527401137583
30000000000,97,98,0.9687853324998335
30000000000,98,97,-0.9691619452080399
30000000000,97,110,-0.8054020879194266
30000000000,110,97,0.7925006762597545
30000000000,98,99,0.9692151553308831
30000000000,99,98,-0.9701484337022518
30000000000,98,111,-0.7903082654575717
30000000000,111,98,0.8428674574942585
30000000000,99,100,0.9701796681390839
30000000000,100,99,-0.970655590109881
30000000000,99,112,-0.8466964315205124
30000000000,112,99,0.9282147637332284
30000000000,100,101,0.970854682979771
30000000000,101,100,-0.9702660134919778
30000000000,100,113,-0.9513964825513128
30000000000,113,100,0.9895176915570534
30000000000,101,102,0.9706706339589519
30000000000,102,101,-0.9693119766164445
30000000000,101,114,-0.9866540355526866
30000000000,114,101,0.9395897505584706
30000000000,102,103,0.9697729291850907
30000000000,103,102,-0.968611592141121
30000000000,102,115,-0.9170472083983247
30000000000,115,102,0.8360226380630272
30000000000,91,103,-0.9687627420353196
30000000000,103,91,0.9689256289748669
30000000000,103,116,-0.8340069911928853
30000000000,116,103,0.7887579363650423
30000000000,104,105,0.9687659041362714
30000000000,105,104,-0.9691416837483523
30000000000,104,117,0.6163759798459916
30000000000,117,104,-0.5913679473767957
30000000000,105,106,0.9691382697942951
30000000000,106,105,-0.970074947200861
30000000000,105,118,0.7357352014676299
30000000000,118,105,-0.646158595380364
30000000000,106,107,0.9700635832511283
30000000000,107,106,-0.9705457264897596
30000000000,106,119,0.9173545096129231
30000000000,119,106,-0.827544256773923
30000000000,107,108,0.9707396370164975
30000000000,108,107,-0.9701455037364344
30000000000,107,120,0.9847030427552835
30000000000,120,107,-0.9921852910621158
30000000000,108,109,0.9705815847381748
30000000000,109,108,-0.9692231697770517
30000000000,108,121,0.8002359838323533
30000000000,121,108,-0.8951840319286973
30000000000,109,110,0.9697367393502864
30000000000,110,109,-0.968567920324439
30000000000,109,122,0.6325490427229099
30000000000,122,109,-0.7160842001530979
30000000000,110,111,0.9689411431885879
30000000000,111,110,-0.9687641066160355
30000000000,110,123,0.5932324735035818
30000000000,123,110,-0.6080744825531411
30000000000,111,112,0.9689041227410683
30000000000,112,111,-0.9696627060584087
30000000000,111,124,0.6649315949245178
30000000000,124,111,-0.6025961429496223
30000000000,112,113,0.9696746855942381
30000000000,113,112,-0.970503151344853
30000000000,112,125,0.8242621890718392
30000000000,125,112,-0.7228632552855677
30000000000,113,114,0.9706001587505763
30000000000,114,113,-0.9705687029819262
30000000000,113,126,0.9843523703231266
30000000000,126,113,-0.9333890907800879
30000000000,114,115,0.9708781911386196
30000000000,115,114,-0.9698118201899119
30000000000,114,127,0.9096085138501394
30000000000,127,114,-0.9724506843590691
30000000000,115,116,0.9702709205664619
30000000000,116,115,-0.9688775812631741
30000000000,115,128,0.700879880542848
30000000000,128,115,-0.8011190289775106
30000000000,104,116,-0.9685699399913965
30000000000,116,104,0.9692903968129636
30000000000,116,129,0.5970865445132131
30000000000,129,116,-0.6506012419207327
30000000000,117,118,0.968842901773086
30000000000,118,117,-0.9696142353720021
30000000000,117,130,-0.7899219033178148
30000000000,130,117,0.8114244870734079
30000000000,118,119,0.9695799354514084
30000000000,119,118,-0.9704076229512265
30000000000,118,131,-0.8090107585572602
30000000000,131,118,0.8833085129140132
30000000000,119,120,0.9704837706223564
30000000000,120,119,-0.9704517484240188
30000000000,119,132,-0.898575476632114
30000000000,132,119,0.9680929626767998
30000000000,120,121,0.9707723575037072
30000000000,121,120,-0.9697041452828287
30000000000,120,133,-0.9851376310369052
30000000000,133,120,0.9797224134754672
30000000000,121,122,0.9702059198867047
30000000000,122,121,-0.9687970483498111
30000000000,121,134,-0.9592322061409126
30000000000,134,121,0.8852119475429263
30000000000,122,123,0.9692641696126107
30000000000,123,122,-0.968547910144812
30000000000,122,135,-0.8725824216055208
30000000000,135,122,0.8028570805727285
30000000000,123,124,0.9688014655978684
30000000000,124,123,-0.9691619452080587
30000000000,123,136,-0.8052730026219582
30000000000,136,123,0.7926348927222495
30000000000,124,125,0.9692151553308119
30000000000,125,124,-0.9701484337022435
30000000000,124,137,-0.790310396886934
30000000000,137,124,0.8428689811262322
30000000000,125,126,0.9701796674072285
30000000000,126,125,-0.9706556565434195
30000000000,125,138,-0.8466983776416649
30000000000,138,125,0.9282155833340244
30000000000,126,127,0.970854748665589
30000000000,127,126,-0.97026572108862
30000000000,126,139,-0.9513942210991931
30000000000,139,126,0.9895149902679024
30000000000,127,128,0.9706703393743624
30000000000,128,127,-0.9693113811834394
30000000000,127,140,-0.9866549916635303
30000000000,140,127,0.9395905203248485
30000000000,128,129,0.969772334065427
30000000000,129,128,-0.9686106274805214
30000000000,128,141,-0.9170522115798191
30000000000,141,128,0.8360336978589349
30000000000,117,129,-0.968762741131846
30000000000,129,117,0.9689246629806136
30000000000,129,142,-0.8340161840387492
30000000000,142,129,0.7887602999725163
30000000000,130,131,0.9687643915049343
30000000000,131,130,-0.9691411108230452
30000000000,130,143,0.6163557932019621
30000000000,143,130,-0.5913642575974692
30000000000,131,132,0.9691376955828085
30000000000,132,131,-0.9700746503508629
30000000000,131,144,0.735726237684103
30000000000,144,131,-0.6461547758869403
30000000000,132,133,0.9700632866092602
30000000000,133,132,-0.97054574296021
30000000000,132,145,0.9173504230837988
30000000000,145,132,-0.827536624463571
30000000000,133,134,0.9707396499510469
30000000000,134,133,-0.9701455008692206
30000000000,133,146,0.984702520991231
30000000000,146,133,-0.9921852655937654
30000000000,134,135,0.9705815788644051
30000000000,135,134,-0.969213627849459
30000000000,134,147,0.8002330626798182
30000000000,147,134,-0.8951826028305363
30000000000,135,136,0.969727232464129
30000000000,136,135,-0.9685524662860862
30000000000,135,148,0.6324096723665921
30000000000,148,135,-0.716081558740402
30000000000,136,137,0.9689257198849355
30000000000,137,136,-0.9687641066160679
30000000000,136,149,0.5930498019634537
30000000000,149,136,-0.6080711924093493
30000000000,137,138,0.9689041376990515
30000000000,138,137,-0.9696627209855063
30000000000,137,150,0.6649286624724007
30000000000,150,137,-0.6025925087576951
30000000000,138,139,0.9696746855942214
30000000000,139,138,-0.9705048644724432
30000000000,138,151,0.8242600842116897
30000000000,151,138,-0.7228597163058738
30000000000,139,140,0.970601863742344
30000000000,140,139,-0.9705687060037241
30000000000,139,152,0.9843629228108931
30000000000,152,139,-0.9333880698122288
30000000000,140,141,0.9708781909750518
30000000000,141,140,-0.9698111109623032
30000000000,140,153,0.9096072069966858
30000000000,153,140,-0.9724503565597693
30000000000,141,142,0.9702702148842333
30000000000,142,141,-0.9688775839597157
30000000000,141,154,0.7008643588991095
30000000000,154,141,-0.8011429038263526
30000000000,130,142,-0.9685684256436127
30000000000,142,130,0.9692903950986429
30000000000,142,155,0.5970827055420818
30000000000,155,142,-0.6506191434600354
30000000000,143,144,0.968842900494753
30000000000,144,143,-0.9696142341040604
30000000000,143,156,-0.7899218681083181
30000000000,156,143,0.8113921980073661
30000000000,144,145,0.9695799349589229
30000000000,145,144,-0.970407408628905
30000000000,144,157,-0.8090107408293901
30000000000,157,144,0.8833085028325962
30000000000,145,146,0.9704835563437865
30000000000,146,145,-0.9704517480327546
30000000000,145,158,-0.8985794078488665
30000000000,158,145,0.9680897760794615
30000000000,146,147,0.970772357503707
30000000000,147,146,-0.9697041452828304
30000000000,146,159,-0.9851376312499782
30000000000,159,146,0.9797223721435259
30000000000,147,148,0.9702059198867077
30000000000,148,147,-0.9687970483498255
30000000000,147,160,-0.959232206140899
30000000000,160,147,0.8851923677609876
30000000000,148,149,0.9692641696126469
30000000000,149,148,-0.9685479101448581
30000000000,148,161,-0.8725824216053281
30000000000,161,148,0.802806106974465
30000000000,149,150,0.9688014655979109
30000000000,150,149,-0.9691619452080699
30000000000,149,162,-0.8052730026215988
30000000000,162,149,0.7926348927223099
30000000000,150,151,0.9692151553308116
30000000000,151,150,-0.9701484337022358
30000000000,150,163,-0.7903103968868862
30000000000,163,150,0.8428689811262389
30000000000,151,152,0.9701796674072166
30000000000,152,151,-0.9706556565434193
30000000000,151,164,-0.8466983776417989
30000000000,164,151,0.9282155833339553
30000000000,152,153,0.9708547486655899
30000000000,153,152,-0.9702657210886274
30000000000,152,165,-0.9513942210991827
30000000000,165,152,0.989514990267905
30000000000,153,154,0.9706703401103594
30000000000,154,153,-0.9693137634118998
30000000000,153,166,-0.9866549916635411
30000000000,166,153,0.9395905203248487
30000000000,154,155,0.9697747148817003
30000000000,155,154,-0.9686125571328654
30000000000,154,167,-0.9170359102930367
30000000000,167,154,0.8360336658131973
30000000000,143,155,-0.968762741131816
30000000000,155,143,0.9689265929683518
30000000000,155,168,-0.8340012786535088
30000000000,168,155,0.7887909108357566
30000000000,156,157,0.9687684253106557
30000000000,157,156,-0.9691411108230706
30000000000,156,169,0.6164036678791778
30000000000,169,156,-0.5913676346832041
30000000000,157,158,0.9691376971215173
30000000000,158,157,-0.970075244372193
30000000000,157,170,0.7357286720708031
30000000000,170,157,-0.6461265708835229
30000000000,158,159,0.9700638799576797
30000000000,159,158,-0.9705457414353243
30000000000,158,171,0.9173574318906532
30000000000,171,158,-0.8275492718595638
30000000000,159,160,0.9707396483096342
30000000000,160,159,-0.9701466881395406
30000000000,159,172,0.9847027042792691
30000000000,172,159,-0.9921852893045416
30000000000,160,161,0.9705827556574198
30000000000,161,160,-0.9692183996026945
30000000000,160,173,0.8002615670432482
30000000000,173,160,-0.8951541932574314
30000000000,161,162,0.9697319896427021
30000000000,162,161,-0.9685524662860747
30000000000,161,174,0.632481428177715
30000000000,174,161,-0.7161556651763384
30000000000,162,163,0.9689257198849338
30000000000,163,162,-0.9687641066160693
30000000000,162,175,0.5930535041134437
30000000000,175,162,-0.6080747175639543
30000000000,163,164,0.9689041376990477
30000000000,164,163,-0.9696627209854964
30000000000,163,176,0.6649315949244877
30000000000,176,163,-0.6025961429496335
30000000000,164,165,0.9696746855942566
30000000000,165,164,-0.9705048644724429
30000000000,164,177,0.8242619894678883
30000000000,177,164,-0.7228629196839345
30000000000,165,166,0.9706018637423401
30000000000,166,165,-0.9705687060037238
30000000000,165,178,0.9843630639327943
30000000000,178,165,-0.9333889587593132
30000000000,166,167,0.9708781909750522
30000000000,167,166,-0.9698111109623179
30000000000,166,179,0.9096084687864133
30000000000,179,166,-0.9724506730557231
30000000000,167,168,0.970270211290904
30000000000,168,167,-0.9688743160531162
30000000000,167,180,0.7008677019287596
30000000000,180,167,-0.801144987824533
30000000000,156,168,-0.9685724652020453
30000000000,168,156,0.9692871375439852
30000000000,168,181,0.5970453542965612
30000000000,181,168,-0.6506222642782954
30000000000,169,170,0.9688429004947589
30000000000,170,169,-0.9696120986827613
30000000000,169,182,-0.7899196851231632
30000000000,182,169,0.8113902737028003
30000000000,170,171,0.9695777994171598
30000000000,171,170,-0.9704078376692152
30000000000,170,183,-0.8090323203901895
30000000000,183,170,0.8832851155410506
30000000000,171,172,0.9704839848165123
30000000000,172,171,-0.9704517488152845
30000000000,171,184,-0.8985702394512309
30000000000,184,171,0.9680894358533566
30000000000,172,173,0.9707723581728633
30000000000,173,172,-0.9697013061164316
30000000000,172,185,-0.985137534066339
30000000000,185,172,0.9797222306328461
30000000000,173,174,0.9702031073977703
30000000000,174,173,-0.9688036027281863
30000000000,173,186,-0.9592482602313612
30000000000,186,173,0.885190945205459
30000000000,174,175,0.969270694279372
30000000000,175,174,-0.9685479101448138
30000000000,174,187,-0.8725331424583573
30000000000,187,174,0.8028036554622698
30000000000,175,176,0.9688014523896099
30000000000,176,175,-0.9691619320028992
30000000000,175,188,-0.805270951877725
30000000000,188,175,0.7925665846458769
30000000000,176,177,0.9692151553308463
30000000000,177,176,-0.9701484337022467
30000000000,176,189,-0.7903080503524736
30000000000,189,176,0.8429241818476975
30000000000,177,178,0.970179668139075
30000000000,178,177,-0.9706556572868495
30000000000,177,190,-0.8466964315206086
30000000000,190,177,0.9282147637332386
30000000000,178,179,0.9708547471486946
30000000000,179,178,-0.9702657195610589
30000000000,178,191,-0.9513936290745452
30000000000,191,178,0.9895149574786433
30000000000,179,180,0.9706703401103688
30000000000,180,179,-0.9693137634118828
30000000000,179,192,-0.9866549213095257
30000000000,192,179,0.939589781349201
30000000000,180,181,0.9697747148817266
30000000000,181,180,-0.9686125571328829
30000000000,180,193,-0.9170349688234269
30000000000,193,180,0.8360316148826681
30000000000,169,181,-0.9687627339037381
30000000000,181,169,0.9689265857188254
30000000000,181,194,-0.8339995177189283
30000000000,194,181,0.7887885747590168
30000000000,182,183,0.9687684253106408
30000000000,183,182,-0.9691441676470817
30000000000,182,195,0.6164041289783793
30000000000,195,182,-0.5913681349931008
30000000000,183,184,0.9691407555328835
30000000000,184,183,-0.9700752443721968
30000000000,183,196,0.7357625033056363
30000000000,196,183,-0.6461270833705727
30000000000,184,185,0.970063880005815
30000000000,185,184,-0.9705457433116745
30000000000,184,197,0.917357576283361
30000000000,197,184,-0.8275495964641254
30000000000,185,186,0.9707396499510474
30000000000,186,185,-0.970146688038776
30000000000,185,198,0.9847026843892304
30000000000,198,185,-0.9921846751738232
30000000000,186,187,0.9705827556574186
30000000000,187,186,-0.969218399602677
30000000000,186,199,0.800261932164577
30000000000,199,186,-0.8951543719196748
30000000000,187,188,0.969732000682332
30000000000,188,187,-0.9685602104190634
30000000000,187,200,0.6324819455754849
30000000000,200,187,-0.7161560424815306
30000000000,188,189,0.9689334230775991
30000000000,189,188,-0.968756596289062
30000000000,188,201,0.5931433604012999
30000000000,201,188,-0.6080749525747441
30000000000,189,190,0.968896655506234
30000000000,190,189,-0.9696627209854823
30000000000,189,202,0.6648502433962908
30000000000,202,189,-0.602596662120583
30000000000,190,191,0.9696746855942406
30000000000,191,190,-0.9705048644724422
30000000000,190,203,0.824262125557334
30000000000,203,190,-0.7228204248557175
30000000000,191,192,0.9706018606406948
30000000000,192,191,-0.9705687028778708
30000000000,191,204,0.9843630848912789
30000000000,204,191,-0.9333890907800911
30000000000,192,193,0.9708781916293109
30000000000,193,192,-0.9698111116410836
30000000000,192,205,0.9096086490412438
30000000000,205,192,-0.9724691122191055
30000000000,193,194,0.9702702112909158
30000000000,194,193,-0.9688743160530887
30000000000,193,206,0.7008681795040602
30000000000,206,193,-0.8011452855384422
30000000000,182,194,-0.9685724652020588
30000000000,194,182,0.9692871375440123
30000000000,194,207,0.5970458704812273
30000000000,207,194,-0.650622694736812
30000000000,195,196,0.9688429004947529
30000000000,196,195,-0.9696120986827781
30000000000,195,208,-0.7899219385272154
30000000000,208,195,0.8113922600818372
30000000000,196,197,0.9695777994171421
30000000000,197,196,-0.9704078376692152
30000000000,196,209,-0.8090345894224413
30000000000,209,196,0.8832864060768963
30000000000,197,198,0.9704839848165091
30000000000,198,197,-0.9704518427649029
30000000000,197,210,-0.8985715874200649
30000000000,210,197,0.9680897708452115
30000000000,198,199,0.9707724486473467
30000000000,199,198,-0.9697013061164186
30000000000,198,211,-0.9851385150974925
30000000000,211,198,0.9797220352855466
30000000000,199,200,0.9702031073977732
30000000000,200,199,-0.9688036027281636
30000000000,199,212,-0.9592486944141445
30000000000,212,199,0.8852022053832049
30000000000,200,201,0.9692706942794126
30000000000,201,200,-0.968547910144842
30000000000,200,213,-0.8725345370925403
30000000000,213,200,0.8028059627677895
30000000000,201,202,0.9688014523895717
30000000000,202,201,-0.9691619320029318
30000000000,201,214,-0.8052730026219863
30000000000,214,201,0.7925687956512951
30000000000,202,203,0.9692151491834669
30000000000,203,202,-0.9701460545780562
30000000000,202,215,-0.7903103968869186
30000000000,215,202,0.8429258589599027
30000000000,203,204,0.970177300868532
30000000000,204,203,-0.9706556558927985
30000000000,203,216,-0.8467304679619705
30000000000,216,203,0.9282156345591078
30000000000,204,205,0.970854744304278
30000000000,205,204,-0.9702680784353982
30000000000,204,217,-0.9513942415120222
30000000000,217,204,0.9895163591583452
30000000000,205,206,0.9706726915066823
30000000000,206,205,-0.9693137604671502
30000000000,205,218,-0.9866479254606462
30000000000,218,205,0.9395905203248524
30000000000,206,207,0.9697747148817275
30000000000,207,206,-0.9686125571328704
30000000000,206,219,-0.9170359102929895
30000000000,219,206,0.8359975443758013
30000000000,195,207,-0.9687627339037449
30000000000,207,195,0.9689265857188369
30000000000,207,220,-0.834001278653587
30000000000,220,207,0.7887909108357845
30000000000,208,209,0.9687684253106547
30000000000,209,208,-0.9691441676471027
30000000000,208,221,0.6164004401912784
30000000000,221,208,-0.591275719503311
30000000000,209,210,0.9691407555328813
30000000000,210,209,-0.9700752443721957
30000000000,209,222,0.7357596182639278
30000000000,222,209,-0.6461229834749808
30000000000,210,211,0.9700638800058183
30000000000,211,210,-0.9705457267532933
30000000000,210,223,0.9173564211384063
30000000000,223,210,-0.8275469996198315
30000000000,211,212,0.9707396355910527
30000000000,212,211,-0.9701460961208499
30000000000,211,224,0.9847028895726683
30000000000,224,211,-0.9921846480022154
30000000000,212,213,0.9705821689607845
30000000000,213,212,-0.9692184010797635
30000000000,212,225,0.8002461282825585
30000000000,225,212,-0.8951678177602941
30000000000,213,214,0.9697320006823394
30000000000,214,213,-0.9685602104190545
30000000000,213,226,0.632477806394948
30000000000,226,213,-0.7161530240436019
30000000000,214,215,0.9689334230776071
30000000000,215,214,-0.968756596289071
30000000000,214,227,0.5931392883688796
30000000000,227,214,-0.6080259434445896
30000000000,215,216,0.9688966555062299
30000000000,216,215,-0.9696627209854652
30000000000,215,228,0.6648468916936402
30000000000,228,215,-0.6025925087575972
30000000000,216,217,0.9696746855942636
30000000000,217,216,-0.9705040085834736
30000000000,216,229,0.8242599481218922
30000000000,229,216,-0.7228167636099345
30000000000,217,218,0.9706010103185303
30000000000,218,217,-0.9705687028778687
30000000000,217,230,0.9843575604878453
30000000000,230,217,-0.9333880346092661
30000000000,218,219,0.9708781916293123
30000000000,219,218,-0.9698139462011554
30000000000,218,231,0.9096072069966828
30000000000,231,218,-0.9724687506643466
30000000000,219,220,0.970273043128259
30000000000,220,219,-0.9688743160531235
30000000000,219,232,0.7009125955521126
30000000000,232,219,-0.8011429038264468
30000000000,208,220,-0.9685724652020365
30000000000,220,208,0.9692871375439707
30000000000,220,233,0.5970417410091814
30000000000,233,220,-0.6506192510741945
30000000000,221,222,0.968835404584836
30000000000,222,221,-0.969612098682757
30000000000,221,234,-0.7899872848674603
30000000000,234,221,0.8113921359329449
30000000000,222,223,0.9695777994171657
30000000000,223,222,-0.9704078376692187
30000000000,222,235,-0.8090341639788934
30000000000,235,222,0.8833746957019657
30000000000,223,224,0.9704839848165049
30000000000,224,223,-0.9704518427649023
30000000000,223,236,-0.8985714189242832
30000000000,236,223,0.9680769484379973
30000000000,224,225,0.9707724483121336
30000000000,225,224,-0.9697027262581813
30000000000,224,237,-0.9851385029770362
30000000000,237,224,0.9797220124299241
30000000000,225,226,0.9702045177721167
30000000000,226,225,-0.968803599124394
30000000000,225,238,-0.9592403878995156
30000000000,238,225,0.8852019683012023
30000000000,226,227,0.969270687433827
30000000000,227,226,-0.9685438672789294
30000000000,226,239,-0.872534362763078
30000000000,239,226,0.8028311622756258
30000000000,227,228,0.9687974304243689
30000000000,228,227,-0.9691619386054752
30000000000,227,240,-0.8053055526342301
30000000000,240,227,0.7925685883693143
30000000000,228,229,0.9692151491834922
30000000000,229,228,-0.9701460545780453
30000000000,228,241,-0.7903101768991874
30000000000,241,228,0.8428972644895013
30000000000,229,230,0.9701773008685252
30000000000,230,229,-0.9706556558927987
30000000000,229,242,-0.8467302247217126
30000000000,242,229,0.9282012808110751
30000000000,230,231,0.9708547443042773
30000000000,231,230,-0.9702680784353968
30000000000,230,243,-0.9513941649575397
30000000000,243,230,0.9895163549197097
30000000000,231,232,0.9706726915066811
30000000000,232,231,-0.9693137604671732
30000000000,231,244,-0.9866479135704327
30000000000,244,231,0.9395903955225049
30000000000,232,233,0.9697747148817129
30000000000,233,232,-0.9686125571328937
30000000000,232,245,-0.9170357926092398
30000000000,245,232,0.8359972879827681
30000000000,221,233,-0.9687552407344437
30000000000,233,221,0.9689265857188106
30000000000,233,246,-0.8340010585365126
30000000000,246,233,0.7887906188260122
30000000000,234,235,0.9687683988386394
30000000000,235,234,-0.969131899585961
30000000000,234,247,0.6164038984287099
30000000000,247,234,-0.5912794721216169
30000000000,235,236,0.969128513717341
30000000000,236,235,-0.970077618104822
30000000000,235,248,0.7356287951030478
30000000000,248,235,-0.6461273396138915
30000000000,236,237,0.9700662498887699
30000000000,237,236,-0.9705457267532932
30000000000,236,249,0.9173815666919126
30000000000,249,236,-0.827528846205721
30000000000,237,238,0.9707396355910528
30000000000,238,237,-0.9701460961208577
30000000000,237,250,0.9847030529674039
30000000000,250,237,-0.9921846751738247
30000000000,238,239,0.9705821689607771
30000000000,239,238,-0.969216016138967
30000000000,238,251,0.8002490037056919
30000000000,251,238,-0.8951544389180602
30000000000,239,240,0.9697296230375883
30000000000,240,239,-0.9685602104190356
30000000000,239,252,0.632448008297563
30000000000,252,239,-0.7161560424815939
30000000000,240,241,0.9689334303156301
30000000000,241,240,-0.9687603529192517
30000000000,240,253,0.5931432370061502
30000000000,253,240,-0.6080297037733925
30000000000,241,242,0.9689003929579029
30000000000,242,241,-0.9696648546366451
30000000000,241,254,0.664891129115888
30000000000,254,241,-0.6026362471689408
30000000000,242,243,0.9696768196164725
30000000000,243,242,-0.9705040085834743
30000000000,242,255,0.8242854829753421
30000000000,255,242,-0.722841901217896
30000000000,243,244,0.9706010119733437
30000000000,244,243,-0.9705687045448548
30000000000,243,256,0.9843577282037694
30000000000,256,243,-0.9333890907800784
30000000000,244,245,0.970878191280406
30000000000,245,244,-0.9698139458378056
30000000000,244,257,0.9096086971051961
30000000000,257,244,-0.9724691242698593
30000000000,245,246,0.9702730431282681
30000000000,246,245,-0.968874316053106
30000000000,245,258,0.7009164158980573
30000000000,258,245,-0.8011452855384168
30000000000,234,246,-0.9685724788958401
30000000000,246,234,0.9692871512712685
30000000000,246,259,0.5970458704811389
30000000000,259,246,-0.6506226947365301
30000000000,247,248,0.9688354045848153
30000000000,248,247,-0.9696120986827486
30000000000,247,260,-0.7899858766868337
30000000000,260,247,0.8113908944456398
30000000000,248,249,0.9695777994171437
30000000000,249,248,-0.9704069821415522
30000000000,248,261,-0.8090327458339223
30000000000,261,248,0.8833738894192633
30000000000,249,250,0.9704831290875736
30000000000,250,249,-0.9704518427649035
30000000000,249,262,-0.8985861747878078
30000000000,262,249,0.9680767390129581
30000000000,250,251,0.97077244847974
30000000000,251,250,-0.9697013059475642
30000000000,250,263,-0.9851384423746203
30000000000,263,250,0.9797218981515253
30000000000,251,252,0.9702031056061245
30000000000,252,251,-0.9688036009263067
30000000000,251,264,-0.9592483547711927
30000000000,264,251,0.885199831787017
30000000000,252,253,0.9692706874338117
30000000000,253,252,-0.9685438672789658
30000000000,252,265,-0.8725334965643404
30000000000,265,252,0.8028169855785251
30000000000,253,254,0.9687974370347002
30000000000,254,253,-0.969165007979009
30000000000,253,266,-0.8053042549963088
30000000000,266,253,0.7925671892171214
30000000000,254,255,0.9692182060922051
30000000000,255,254,-0.9701472415628247
30000000000,254,267,-0.790278989001734
30000000000,267,254,0.8428819438563048
30000000000,255,256,0.9701784849702839
30000000000,256,255,-0.9706556565898262
30000000000,255,268,-0.8467129942818801
30000000000,268,255,0.9282007556984673
30000000000,256,257,0.9708547443042769
30000000000,257,256,-0.9702680784354
30000000000,256,269,-0.9513937821842594
30000000000,269,256,0.9895163337265304
30000000000,257,258,0.9706726915066798
30000000000,258,257,-0.9693137604671453
30000000000,257,270,-0.9866478666345173
30000000000,270,257,0.939589902872082
30000000000,258,259,0.9697747148817281
30000000000,259,258,-0.9686125571328544
30000000000,258,271,-0.9170352041907645
30000000000,271,258,0.835996006016604
30000000000,247,259,-0.9687552407343962
30000000000,259,247,0.9689265857188003
30000000000,259,272,-0.8339999579523315
30000000000,272,259,0.7887891587778487
30000000000,260,261,0.9687683988386598
30000000000,261,260,-0.9691318995860043
30000000000,260,273,0.6164029762307612
30000000000,273,260,-0.5912784714223914
30000000000,261,262,0.9691285137173596
30000000000,262,261,-0.9700776181048304
30000000000,261,274,0.7356280736850029
30000000000,274,261,-0.6461263146400258
30000000000,262,263,0.9700662498887599
30000000000,263,262,-0.9705457267532939
30000000000,262,275,0.9173812779498409
30000000000,275,262,-0.8275281969593417
30000000000,263,264,0.9707396352346903
30000000000,264,263,-0.9701461699569414
30000000000,263,276,0.98470301211889
30000000000,276,263,-0.9921846683809534
30000000000,264,265,0.9705822423231709
30000000000,265,264,-0.9692172086580534
30000000000,264,277,0.8002499066236445
30000000000,277,264,-0.8951614745540128
30000000000,265,266,0.969730810022478
30000000000,266,265,-0.9685602083384603
30000000000,265,278,0.6324639098413529
30000000000,278,265,-0.7161597189262979
30000000000,266,267,0.9689334321251144
30000000000,267,266,-0.9687622283247447
30000000000,266,279,0.5931422835862127
30000000000,279,266,-0.6080358476466629
30000000000,267,268,0.9689022656946109
30000000000,268,267,-0.9696648571784164
30000000000,267,280,0.66491070755652
30000000000,280,267,-0.6026302283130365
30000000000,268,269,0.9696768191258065
30000000000,269,268,-0.9705040081002366
30000000000,268,281,0.8242848876201333
30000000000,281,268,-0.7228248786687631
30000000000,269,270,0.9706010119733447
30000000000,270,269,-0.9705687045448546
30000000000,269,282,0.9843576862750014
30000000000,282,269,-0.9333888267383922
30000000000,270,271,0.9708781912804051
30000000000,271,270,-0.9698139458378188
30000000000,270,283,0.9096082885313842
30000000000,283,270,-0.9724506278422288
30000000000,271,272,0.9702730431282773
30000000000,272,271,-0.9688743160530953
30000000000,271,284,0.7009153334781405
30000000000,284,271,-0.8011446107269677
30000000000,260,272,-0.9685724788958194
30000000000,272,260,0.9692871512712905
30000000000,272,285,0.5970447004743553
30000000000,285,272,-0.6506217190402915
30000000000,273,274,0.9688354045848453
30000000000,274,273,-0.9696120986827484
30000000000,273,286,-0.7899869281343307
30000000000,286,273,0.8113918214278582
30000000000,274,275,0.9695777994171759
30000000000,275,274,-0.9704069821415461
30000000000,274,287,-0.8090340883507428
30000000000,287,274,0.8832861210869116
30000000000,275,276,0.9704831290875722
30000000000,276,275,-0.9704518427649022
30000000000,275,288,-0.8985868487187477
30000000000,288,275,0.9680769065530064
30000000000,276,277,0.9707724483959373
30000000000,277,276,-0.9697020162424191
30000000000,276,289,-0.9851384908565712
30000000000,289,276,0.9797219895742837
30000000000,277,278,0.9702038113804592
30000000000,278,277,-0.9688040079824305
30000000000,277,290,-0.9592444537806164
30000000000,290,277,0.8852017904896002
30000000000,278,279,0.9692710959036985
30000000000,279,278,-0.9685444991311039
30000000000,278,291,-0.872531206146714
30000000000,291,278,0.8028181391971676
30000000000,279,280,0.9687980648974988
30000000000,280,279,-0.969164623459588
30000000000,279,292,-0.8053001470216339
30000000000,292,279,0.7925682758270227
30000000000,280,281,0.9692178241093493
30000000000,281,280,-0.9701463514118098
30000000000,280,293,-0.79028386848318
30000000000,293,280,0.8428898925744587
30000000000,281,282,0.9701775973242085
30000000000,282,281,-0.970655656415569
30000000000,281,294,-0.8467259628418714
30000000000,294,281,0.9281993871913722
30000000000,282,283,0.9708547458211769
30000000000,283,282,-0.970265718224208
30000000000,282,295,-0.9513940836183278
30000000000,295,282,0.9895165212836305
30000000000,283,284,0.9706703371663199
30000000000,284,283,-0.9693137604671601
30000000000,283,296,-0.9866549729024648
30000000000,296,283,0.9395903232650564
30000000000,284,285,0.9697747148817519
30000000000,285,284,-0.9686125571328345
30000000000,284,297,-0.9170356749254089
30000000000,297,284,0.8360692690653433
30000000000,273,285,-0.9687552484581151
30000000000,285,273,0.9689265934509649
30000000000,285,298,-0.8340008384196731
30000000000,298,285,0.7887903268162084
30000000000,286,287,0.9687684253106696
30000000000,287,286,-0.9691441676470631
30000000000,286,299,0.6164011318380418
30000000000,299,286,-0.5912764700262644
30000000000,287,288,0.9691407526635222
30000000000,288,287,-0.9700776092060193
30000000000,287,300,0.7357601592089711
30000000000,300,287,-0.6461237522054893
30000000000,288,289,0.9700662498887627
30000000000,289,288,-0.9705457267532932
30000000000,288,301,0.917380661968405
30000000000,301,288,-0.8275268119042596
30000000000,289,290,0.9707396355910529
30000000000,290,289,-0.9701460961208557
30000000000,289,302,0.9847029304215166
30000000000,302,289,-0.9921852723853539
30000000000,290,291,0.9705821689607814
30000000000,291,290,-0.9692172088427908
30000000000,290,303,0.8002468585502737
30000000000,303,290,-0.8951681750608438
30000000000,291,292,0.9697308093321899
30000000000,292,291,-0.968560207644947
30000000000,291,304,0.6324618725515433
30000000000,304,291,-0.7161537786524228
30000000000,292,293,0.9689334321250911
30000000000,293,292,-0.9687612916184526
30000000000,292,305,0.5931403372241012
30000000000,305,292,-0.608026942280431
30000000000,293,294,0.9689013313313992
30000000000,294,293,-0.9696651250381149
30000000000,293,306,0.6648988629506122
30000000000,306,293,-0.6026331647098507
30000000000,294,295,0.9696770856382589
30000000000,295,294,-0.9705039008981448
30000000000,294,307,0.8242867185944037
30000000000,307,294,-0.722823062362775
30000000000,295,296,0.9706009052003985
30000000000,296,295,-0.9705687041541229
30000000000,295,308,0.9843569288118066
30000000000,308,295,-0.933386485561287
30000000000,296,297,0.9708781916293112
30000000000,297,296,-0.9698082726186427
30000000000,296,309,0.9096075675090983
30000000000,309,296,-0.9724504469875193
30000000000,297,298,0.9702673749914065
30000000000,298,297,-0.9688743160531119
30000000000,297,310,0.7008170762296844
30000000000,310,297,-0.8011434992545112
30000000000,286,298,-0.9685724788958607
30000000000,298,286,0.9692871512712756
30000000000,298,311,0.5970427733761214
30000000000,311,298,-0.6506201119889768
30000000000,299,300,0.9688354045848611
30000000000,300,299,-0.9696120986827785
30000000000,299,312,-0.7899875665036934
30000000000,312,299,0.8113923842307272
30000000000,300,301,0.969577799417173
30000000000,301,300,-0.970406982141551
30000000000,300,313,-0.809034731236758
30000000000,313,300,0.8832864867355175
30000000000,301,302,0.9704831274299179
30000000000,302,301,-0.9704517471460244
30000000000,301,314,-0.898587185683598
30000000000,314,301,0.9681025470025683
30000000000,302,303,0.9707723578382893
30000000000,303,302,-0.9697027262581801
30000000000,302,315,-0.9851376310369058
30000000000,315,302,0.9797220352855504
30000000000,303,304,0.9702045177721047
30000000000,304,303,-0.9688035991243799
30000000000,303,316,-0.959240457937641
30000000000,316,303,0.8851924151794183
30000000000,304,305,0.969270687433832
30000000000,305,304,-0.9685438672789559
30000000000,304,317,-0.8725345370925505
30000000000,317,304,0.8028314506718179
30000000000,305,306,0.9687974370347049
30000000000,306,305,-0.9691650079790226
30000000000,305,318,-0.8053058089580342
30000000000,318,305,0.7925688647452581
30000000000,306,307,0.9692182053246239
30000000000,307,306,-0.9701463506492393
30000000000,306,319,-0.7902807490151803
30000000000,319,306,0.8428974217323625
30000000000,307,308,0.9701775980097525
30000000000,308,307,-0.9706556235370764
30000000000,307,320,-0.8467264265247555
30000000000,320,307,0.9282013640606247
30000000000,308,309,0.9708547131687302
30000000000,309,308,-0.9702657167919895
30000000000,308,321,-0.9513956874043639
30000000000,321,308,0.9895163602180036
30000000000,309,310,0.9706703371663191
30000000000,310,309,-0.9693137604671491
30000000000,309,322,-0.9866549916635301
30000000000,322,309,0.9395905203248531
30000000000,310,311,0.9697747148817182
30000000000,311,310,-0.9686125571329331
30000000000,310,323,-0.9170359102930282
30000000000,323,310,0.8360697817436886
30000000000,299,311,-0.9687552407344633
30000000000,311,299,0.968926585718831
30000000000,311,324,-0.8340012786533959
30000000000,324,311,0.7887909108357615
30000000000,312,313,0.9687684253106582
30000000000,313,312,-0.9691441676470955
30000000000,312,325,0.6164029762307389
30000000000,325,312,-0.591278471422458
30000000000,313,314,0.9691407493847278
30000000000,314,313,-0.9700728668753982
30000000000,313,326,0.7357616017296
30000000000,326,313,-0.64612580215307
30000000000,314,315,0.9700615056585558
30000000000,315,314,-0.9705457260037486
30000000000,314,327,0.917333294428454
30000000000,327,314,-0.8275281969594342
30000000000,315,316,0.9707396341656063
30000000000,316,315,-0.9701466880387754
30000000000,315,328,0.9847030121188799
30000000000,328,315,-0.9921852859684686
30000000000,316,317,0.9705827556574199
30000000000,317,316,-0.9692160146597986
30000000000,316,329,0.8002612019216657
30000000000,329,316,-0.8951540145949405
30000000000,317,318,0.9697296230375674
30000000000,318,317,-0.9685602104190647
30000000000,317,330,0.6324469734644946
30000000000,330,317,-0.716155287871426
30000000000,318,319,0.9689334303156113
30000000000,319,318,-0.9687603529192195
30000000000,318,331,0.5931422498454274
30000000000,331,318,-0.6080287636896954
30000000000,319,320,0.9689003929579403
30000000000,320,319,-0.9696648546366353
30000000000,319,332,0.6648902912301973
30000000000,332,319,-0.6026352088663467
30000000000,320,321,0.9696768196164923
30000000000,321,320,-0.970504008583474
30000000000,320,333,0.8242849386506443
30000000000,333,320,-0.7228409859377833
30000000000,321,322,0.970601011973345
30000000000,322,321,-0.9705687045448536
30000000000,321,334,0.9843576823441772
30000000000,334,321,-0.9333870136544116
30000000000,322,323,0.9708781916293124
30000000000,323,322,-0.9698082726186531
30000000000,322,335,0.9096082885313703
30000000000,335,322,-0.9724598256137659
30000000000,323,324,0.970267374991418
30000000000,324,323,-0.9688743160531138
30000000000,323,336,0.7008189866618308
30000000000,336,323,-0.8011446901106216
30000000000,312,324,-0.9685724788958044
30000000000,324,312,0.9692871512712716
30000000000,324,337,0.5970448381120937
30000000000,337,324,-0.6506218338199634
30000000000,325,326,0.968835404584834
30000000000,326,325,-0.9696120986827673
30000000000,325,338,-0.7899858766865225
30000000000,338,325,0.8113908944455938
30000000000,326,327,0.9695777994171624
30000000000,327,326,-0.9704069821415494
30000000000,326,339,-0.8090330294627546
30000000000,339,326,0.8832855188331565
30000000000,327,328,0.970483127429921
30000000000,328,327,-0.970451747146027
30000000000,327,340,-0.8985861747878006
30000000000,340,327,0.9681022958248918
30000000000,328,329,0.9707723581728626
30000000000,329,328,-0.9697013061164187
30000000000,328,341,-0.9851375550769493
30000000000,341,328,0.97972189205718
30000000000,329,330,0.9702031073977693
30000000000,330,329,-0.968803602728163
30000000000,329,342,-0.9592483722786033
30000000000,342,329,0.8851913245540668
30000000000,330,331,0.9692706874338458
30000000000,331,330,-0.9685438672789531
30000000000,330,343,-0.8725334911165469
30000000000,343,330,0.8028042322884384
30000000000,331,332,0.9687974370347048
30000000000,332,331,-0.9691650079790293
30000000000,331,344,-0.8053042710165418
30000000000,344,331,0.7925672064906127
30000000000,332,333,0.9692182060921948
30000000000,333,332,-0.9701472415628203
30000000000,332,345,-0.7902789156678406
30000000000,345,332,0.8429245487156021
30000000000,333,334,0.9701784854846484
30000000000,334,333,-0.9706556235370745
30000000000,333,346,-0.8467129638752419
30000000000,346,333,0.9282149942459461
30000000000,334,335,0.9708547135243464
30000000000,335,334,-0.9702668989532082
30000000000,334,347,-0.951395223300052
30000000000,347,334,0.9895163345212725
30000000000,335,336,0.9706715152703388
30000000000,336,335,-0.9693137604671662
30000000000,335,348,-0.9866514033022444
30000000000,348,335,0.9395899291446531
30000000000,336,337,0.9697747148817158
30000000000,337,336,-0.9686125571328869
30000000000,336,349,-0.9170352630325846
30000000000,349,336,0.8359961342133997
30000000000,325,337,-0.9687552407344516
30000000000,337,325,0.9689265857188201
30000000000,337,350,-0.8340000680104845
30000000000,350,337,0.7887278609000308
30000000000,338,339,0.9687684253106178
30000000000,339,338,-0.9691441676471148
30000000000,0,338,0.22921480797195268
30000000000,338,0,-0.22269222914382658
30000000000,339,340,0.9691407493847295
30000000000,340,339,-0.9700728668754065
30000000000,1,339,0.2929824345207093
30000000000,339,1,-0.18416093247946327
30000000000,340,341,0.9700615063880232
30000000000,341,340,-0.9705457267532922
30000000000,2,340,0.4056321329662092
30000000000,340,2,-0.22332942785459636
30000000000,341,342,0.9707396326452552
30000000000,342,341,-0.9701466865102552
30000000000,3,341,0.9202133852633443
30000000000,341,3,-0.8074955480411795
30000000000,342,343,0.9705827556574138
30000000000,343,342,-0.969218399602696
30000000000,4,342,0.30777509749824844
30000000000,342,4,-0.5010592311806468
30000000000,343,344,0.9697320006823467
30000000000,344,343,-0.9685602104190438
30000000000,5,343,0.183288774630017
30000000000,343,5,-0.3246793097492192
30000000000,344,345,0.9689334230776148
30000000000,345,344,-0.9687565962890659
30000000000,6,344,0.20453317785049302
30000000000,344,6,-0.2509420934886154
30000000000,345,346,0.9688966555062305
30000000000,346,345,-0.9696627209854811
30000000000,7,345,0.25899303819437053
30000000000,345,7,-0.19922360321005309
30000000000,346,347,0.9696746855942402
30000000000,347,346,-0.9705040085834739
30000000000,8,346,0.3375818452433211
30000000000,346,8,-0.18629836791792365
30000000000,347,348,0.9706010119733465
30000000000,348,347,-0.9705687045448528
30000000000,9,347,0.5508365397524095
30000000000,347,9,-0.35816227484091007
30000000000,348,349,0.9708781909750536
30000000000,349,348,-0.9698139455198334
30000000000,10,348,0.6516904379841426
30000000000,348,10,-0.8057040501508477
30000000000,349,350,0.9702730431282627
30000000000,350,349,-0.9688808421256806
30000000000,11,349,0.2096340633983658
30000000000,349,11,-0.3855482650829298
30000000000,338,350,-0.9685724652020824
30000000000,350,338,0.9692936638182296
30000000000,12,350,0.1871069856107612
30000000000,350,12,-0.284304738046352
40000000000,0,1,0.9687551180530714
40000000000,1,0,-0.9691615921636852
40000000000,0,13,0.6178151951127926
40000000000,13,0,-0.591321486890456
40000000000,1,2,0.969153702278287
40000000000,2,1,-0.9700900612016593
40000000000,1,14,0.7390833678060487
40000000000,14,1,-0.6486621215380396
40000000000,2,3,0.9700835698091967
40000000000,3,2,-0.970547637048574
40000000000,2,15,0.9208929262777554
40000000000,15,2,-0.83217990931457
40000000000,3,4,0.9707450681902341
40000000000,4,3,-0.9701305814735327
40000000000,3,16,0.9829475295220848
40000000000,16,3,-0.9929491059441924
40000000000,4,5,0.9705669373154922
40000000000,5,4,-0.9691938310210518
40000000000,4,17,0.795724196313735
40000000000,17,4,-0.891372078661694
40000000000,5,6,0.9697100578796417
40000000000,6,5,-0.9685580196143608
40000000000,5,18,0.6303357490724835
40000000000,18,5,-0.712987282198513
40000000000,6,7,0.9689283782331204
40000000000,7,6,-0.9687692531206503
40000000000,6,19,0.5936286288917626
40000000000,19,6,-0.6067607871403685
40000000000,7,8,0.9689029056176524
40000000000,8,7,-0.9696869557662844
40000000000,7,20,0.6673167850041866
40000000000,20,7,-0.6038043624273801
40000000000,8,9,0.9697005244667422
40000000000,9,8,-0.970513314126445
40000000000,8,21,0.8281835164380452
40000000000,21,8,-0.7266709174373345
40000000000,9,10,0.9706156130583391
40000000000,10,9,-0.9705598216610444
40000000000,9,22,0.9859239618388104
40000000000,22,9,-0.9370804297880331
40000000000,10,11,0.9708755550217061
40000000000,11,10,-0.9697910844386777
40000000000,10,23,0.905439421198997
40000000000,23,10,-0.9701074168422137
40000000000,11,12,0.9702531270629704
40000000000,12,11,-0.9688631989253107
40000000000,11,24,0.6974082869880632
40000000000,24,11,-0.797324484307655
40000000000,0,12,-0.9685694462862572
40000000000,12,0,0.969268756600502
40000000000,12,25,0.5963082837584733
40000000000,25,12,-0.6483604493689848
40000000000,13,14,0.9688543776838603
40000000000,14,13,-0.9696362193168562
40000000000,13,26,-0.7895605842942877
40000000000,26,13,0.8124592249474476
40000000000,14,15,0.9695983474567094
40000000000,15,14,-0.9704197633018222
40000000000,14,27,-0.8101881200722123
40000000000,27,14,0.885099999828744
40000000000,15,16,0.9704987722039912
40000000000,16,15,-0.9704417363688044
40000000000,15,28,-0.9008239224090467
40000000000,28,15,0.9694448955455016
40000000000,16,17,0.9707704292562123
40000000000,17,16,-0.9696802284238984
40000000000,16,29,-0.9858718544103391
40000000000,29,16,0.9786085148875668
40000000000,17,18,0.9701849825412119
40000000000,18,17,-0.9687847936864381
40000000000,17,30,-0.957703901577223
40000000000,30,17,0.8829661545018288
40000000000,18,19,0.969249117261825
40000000000,19,18,-0.9685424238094482
40000000000,18,31,-0.8708284215535629
40000000000,31,18,0.8018404685499155
40000000000,19,20,0.9687933859762812
40000000000,20,19,-0.9691867933215975
40000000000,19,32,-0.8044290928526562
40000000000,32,19,0.7930981188973433
40000000000,20,21,0.9692385906628276
40000000000,21,20,-0.9701648760249986
40000000000,20,33,-0.7906449433939485
40000000000,33,20,0.8443909254916424
40000000000,21,22,0.9701965543737546
40000000000,22,21,-0.9706581123039448
40000000000,21,34,-0.8486363700365653
40000000000,34,21,0.9300030544075769
40000000000,22,23,0.9708588082324262
40000000000,23,22,-0.9702479157704267
40000000000,22,35,-0.953300351411137
40000000000,35,22,0.9897848543186776
40000000000,23,24,0.9706557220258321
40000000000,24,23,-0.9692893115917676
40000000000,23,36,-0.986025349243459
40000000000,36,23,0.9374773794793552
40000000000,24,25,0.9697503902056558
40000000000,25,24,-0.9686020760974753
40000000000,24,37,-0.9152102892381618
40000000000,37,24,0.8342937405878869
40000000000,13,25,-0.9687818461326444
40000000000,25,13,0.9689111805588767
40000000000,25,38,-0.8326368166645759
40000000000,38,25,0.788527822618866
40000000000,26,27,0.9687631714822353
40000000000,27,26,-0.9691615790937144
40000000000,26,39,0.6179043216770806
40000000000,39,26,-0.5912330628610464
40000000000,27,28,0.9691537022783013
40000000000,28,27,-0.970090061201654
40000000000,27,40,0.7390835466599243
40000000000,40,27,-0.6486623772213508
40000000000,28,29,0.9700835683334342
40000000000,29,28,-0.9705476355285031
40000000000,28,41,0.9208929955949465
40000000000,41,28,-0.8321999613272802
40000000000,29,30,0.9707450681902364
40000000000,30,29,-0.9701318269009741
40000000000,29,42,0.9829475295220732
40000000000,42,29,-0.9929469144350256
40000000000,30,31,0.970568172168655
40000000000,31,30,-0.969198679850576
40000000000,30,43,0.7957510410380341
40000000000,43,30,-0.8913719865324323
40000000000,31,32,0.9697148809702315
40000000000,32,31,-0.9685502494597281
40000000000,31,44,0.6304043310015874
40000000000,44,31,-0.7130592298277862
40000000000,32,33,0.9689206490463659
40000000000,33,32,-0.9687767239479773
40000000000,32,45,0.5935393658404298
40000000000,45,32,-0.6069419348102298
40000000000,33,34,0.9689103382563963
40000000000,34,33,-0.9696869457618243
40000000000,33,46,0.6673978714443122
40000000000,46,33,-0.6038041026829363
40000000000,34,35,0.9697005262664675
40000000000,35,34,-0.970513315904514
40000000000,34,47,0.8281835164380585
40000000000,47,34,-0.7266709174374112
40000000000,35,36,0.9706156146252022
40000000000,36,35,-0.9705598232366074
40000000000,35,48,0.98592396183881
40000000000,48,35,-0.9370804297880228
40000000000,36,37,0.9708755552904065
40000000000,37,36,-0.9697910847159704
40000000000,36,49,0.9054394683078201
40000000000,49,36,-0.97010742931037
40000000000,37,38,0.9702531344160762
40000000000,38,37,-0.9688697923116879
40000000000,37,50,0.69740852720367
40000000000,50,37,-0.7973511085535826
40000000000,26,38,-0.9685775108092913
40000000000,38,26,0.9692753428021639
40000000000,38,51,0.5963909153896064
40000000000,51,38,-0.6484452510479178
40000000000,39,40,0.9688469420590441
40000000000,40,39,-0.9696362293064311
40000000000,39,52,-0.7896281361209435
40000000000,52,39,0.8124611384951895
40000000000,40,41,0.9695983474567346
40000000000,41,40,-0.9704205667904741
40000000000,40,53,-0.8101902400110089
40000000000,53,40,0.8851011929430613
40000000000,41,42,0.9704995757502219
40000000000,42,41,-0.9704421604061322
40000000000,41,54,-0.9008101877248357
40000000000,54,41,0.969445192763782
40000000000,42,43,0.9707708397395969
40000000000,43,42,-0.9696802289732877
40000000000,42,55,-0.9858754147276271
40000000000,55,42,0.9786072760366793
40000000000,43,44,0.9701849898835557
40000000000,44,43,-0.9687914009187745
40000000000,43,56,-0.9577043401119798
40000000000,56,43,0.883008091265464
40000000000,44,45,0.969255715592847
40000000000,45,44,-0.9685585659456174
40000000000,44,57,-0.8707813832456821
40000000000,57,44,0.8017911217915484
40000000000,45,46,0.9688094585549674
40000000000,46,45,-0.9691867671487544
40000000000,45,58,-0.8042996721943572
40000000000,58,45,0.7931000467967787
40000000000,46,47,0.9692385906628751
40000000000,47,46,-0.9701648760250101
40000000000,46,59,-0.7906471441539302
40000000000,59,46,0.8443924845675539
40000000000,47,48,0.9701965528958735
40000000000,48,47,-0.9706581108078551
40000000000,47,60,-0.8486382966310965
40000000000,60,47,0.9299760163373213
40000000000,48,49,0.9708588082324243
40000000000,49,48,-0.9702479157704317
40000000000,48,61,-0.9533008624939755
40000000000,61,48,0.9897848803630732
40000000000,49,50,0.9706557220258277
40000000000,50,49,-0.9692917336206917
40000000000,49,62,-0.9860254266900619
40000000000,62,49,0.9374755362568018
40000000000,50,51,0.9697528116028266
40000000000,51,50,-0.9686098260891226
40000000000,50,63,-0.9151945424633757
40000000000,63,50,0.8343140074902042
40000000000,39,51,-0.9687743886788022
40000000000,51,39,0.9689189174480628
40000000000,51,64,-0.8325787090662397
40000000000,64,51,0.7885916226393637
40000000000,52,53,0.9687631780553155
40000000000,53,52,-0.9691615856287066
40000000000,52,65,0.6179008748393033
40000000000,65,52,-0.5912733897680539
40000000000,53,54,0.9691537022782752
40000000000,54,53,-0.9700900612016575
40000000000,53,66,0.7390806850018684
40000000000,66,53,-0.6486582862926425
40000000000,54,55,0.970083569809195
40000000000,55,54,-0.9705475847237507
40000000000,54,67,0.9208918865165338
40000000000,67,54,-0.8321974224034092
40000000000,55,56,0.9707450191410321
40000000000,56,55,-0.9701293340877597
40000000000,55,68,0.9829487733468407
40000000000,68,55,-0.9929469021125003
40000000000,56,57,0.9705657036211388
40000000000,57,56,-0.9692035241993485
40000000000,56,69,0.7956943794415435
40000000000,69,56,-0.8913706967212359
40000000000,57,58,0.9697197076618519
40000000000,58,57,-0.9685502494597158
40000000000,57,70,0.6304690266655186
40000000000,70,57,-0.7130563806148538
40000000000,58,59,0.9689206345692242
40000000000,59,58,-0.9687767094843006
40000000000,58,71,0.5935351802060849
40000000000,71,58,-0.6067572509515806
40000000000,59,60,0.968910348307482
40000000000,60,59,-0.9696911443543366
40000000000,59,72,0.6673949528832757
40000000000,72,59,-0.6038004662623081
40000000000,60,61,0.9697047037992476
40000000000,61,60,-0.9705133141264453
40000000000,60,73,0.8282270305786869
40000000000,73,60,-0.726667286460857
40000000000,61,62,0.9706156124707717
40000000000,62,61,-0.9705599132131177
40000000000,61,74,0.9859238295843425
40000000000,74,61,-0.93708104201615
40000000000,62,63,0.9708756456894739
40000000000,63,62,-0.9697896284638076
40000000000,62,75,0.9054413531811649
40000000000,75,62,-0.9701082786431573
40000000000,63,64,0.9702516757017953
40000000000,64,63,-0.968863202609312
40000000000,63,76,0.697380303563037
40000000000,76,63,-0.7973488078866099
40000000000,52,64,-0.9685775176932265
40000000000,64,52,0.969268763496851
40000000000,64,77,0.5963044170497206
40000000000,77,64,-0.6483996085397212
40000000000,65,66,0.9688506613179462
40000000000,66,65,-0.9696362243116453
40000000000,65,78,-0.7895955271299275
40000000000,78,65,0.8124612002225098
40000000000,66,67,0.9695983474567182
40000000000,67,66,-0.9704205667904741
40000000000,66,79,-0.810190346008095
40000000000,79,66,0.8851121701850079
40000000000,67,68,0.9704995742878637
40000000000,68,67,-0.9704421589335239
40000000000,67,80,-0.9008102289393758
40000000000,80,67,0.9694452026710442
40000000000,68,69,0.9707708394449654
40000000000,69,68,-0.9696802286802995
40000000000,68,81,-0.9858754175825966
40000000000,81,68,0.9786072827075545
40000000000,69,70,0.9701849898835725
40000000000,70,69,-0.9687914009188106
40000000000,69,82,-0.9577043401119258
40000000000,82,69,0.8830080912654562
40000000000,70,71,0.9692556880813958
40000000000,71,70,-0.9685424099961725
40000000000,70,83,-0.8707813832454754
40000000000,83,70,0.801791121791556
40000000000,71,72,0.96879338597627
40000000000,72,71,-0.9691867933216165
40000000000,71,84,-0.8044311533882714
40000000000,84,71,0.7931003222111479
40000000000,72,73,0.9692385847051407
40000000000,73,72,-0.970164870100363
40000000000,72,85,-0.7906471441539438
40000000000,85,72,0.844392484567553
40000000000,73,74,0.9701965528958708
40000000000,74,73,-0.9706581377658874
40000000000,73,86,-0.84863841704317
40000000000,86,73,0.9299760663053018
40000000000,74,75,0.9708588324798076
40000000000,75,74,-0.9702480707080091
40000000000,74,87,-0.9532996599693884
40000000000,87,74,0.989785939006809
40000000000,75,76,0.9706558772453353
40000000000,76,75,-0.9692917340102172
40000000000,75,88,-0.9860249394687993
40000000000,88,75,0.9374752135431631
40000000000,76,77,0.9697528088008347
40000000000,77,76,-0.9686059498007468
40000000000,76,89,-0.9151946025492199
40000000000,89,76,0.8343049399761745
40000000000,65,77,-0.9687781188645855
40000000000,77,65,0.96891505050697
40000000000,77,90,-0.8326086516892394
40000000000,90,77,0.7885763301482018
40000000000,78,79,0.9687631747687765
40000000000,79,78,-0.9691600707660241
40000000000,78,91,0.6179043216769575
40000000000,91,78,-0.5912661281862283
40000000000,79,80,0.9691521884059809
40000000000,80,79,-0.9700900597242668
40000000000,79,92,0.7390668178933917
40000000000,92,79,-0.6486464816304031
40000000000,80,81,0.9700835690713154
40000000000,81,80,-0.9705475839643277
40000000000,80,93,0.9208929609363485
40000000000,93,80,-0.8321899353665327
40000000000,81,82,0.9707450191410331
40000000000,82,81,-0.9701293340877644
40000000000,81,94,0.9829489438615348
40000000000,94,81,-0.9929491054926589
40000000000,82,83,0.9705657036211345
40000000000,83,82,-0.9692035241993324
40000000000,82,95,0.7956972519912763
40000000000,95,82,-0.8914331205820897
40000000000,83,84,0.9697197076618688
40000000000,84,83,-0.9685502494597121
40000000000,83,96,0.6304726521237474
40000000000,96,83,-0.7130590398800581
40000000000,84,85,0.9689206345692721
40000000000,85,84,-0.9687767094843059
40000000000,84,97,0.5935391196262947
40000000000,97,84,-0.6069416991045282
40000000000,85,86,0.968910348307476
40000000000,86,85,-0.9696911443543236
40000000000,85,98,0.6673978714442855
40000000000,98,85,-0.603804102682901
40000000000,86,87,0.9697047037992564
40000000000,87,86,-0.9705125046923455
40000000000,86,99,0.8282291714527614
40000000000,99,86,-0.7266709174373495
40000000000,87,88,0.9706148083349917
40000000000,88,87,-0.9705599261743397
40000000000,87,100,0.9859191661979669
40000000000,100,87,-0.9370819743566461
40000000000,88,89,0.9708756584830648
40000000000,89,88,-0.9697903566812339
40000000000,88,101,0.9054432392689257
40000000000,101,88,-0.9701086511215554
40000000000,89,90,0.970252401524623
40000000000,90,89,-0.9688648482400545
40000000000,89,102,0.6973961063774305
40000000000,102,89,-0.7973510201570534
40000000000,78,90,-0.9685775176932384
40000000000,90,78,0.9692704110091385
40000000000,90,103,0.5963288935512834
40000000000,103,90,-0.6483975100478728
40000000000,91,92,0.9688497279969134
40000000000,92,91,-0.969635174433636
40000000000,91,104,-0.7896014287891914
40000000000,104,91,0.8124672570526631
40000000000,92,93,0.9695972997545873
40000000000,93,92,-0.9704201656430733
40000000000,92,105,-0.8101998688436206
40000000000,105,92,0.8851061435751294
40000000000,93,94,0.9704991758075219
40000000000,94,93,-0.970441738053036
40000000000,93,106,-0.9008164061612073
40000000000,106,93,0.9694433642320062
40000000000,94,95,0.9707704287092125
40000000000,95,94,-0.9696860579604615
40000000000,94,107,-0.9858718545886074
40000000000,107,94,0.9786085153039561
40000000000,95,96,0.970190783045693
40000000000,96,95,-0.9687913900989322
40000000000,95,108,-0.9576696574604145
40000000000,108,95,0.882966057972744
40000000000,96,97,0.9692557155928505
40000000000,97,96,-0.9685585659456319
40000000000,96,109,-0.870779924695229
40000000000,109,96,0.8018917530202224
40000000000,97,98,0.9688094585549455
40000000000,98,97,-0.96918676714879
40000000000,97,110,-0.804297799978081
40000000000,110,97,0.7929657060925601
40000000000,98,99,0.9692385966205114
40000000000,99,98,-0.970164881949598
40000000000,98,111,-0.7906450118683834
40000000000,111,98,0.8443909740007635
40000000000,99,100,0.9701965543737494
40000000000,100,99,-0.9706581392625898
40000000000,99,112,-0.8486362496242611
40000000000,112,99,0.9300308342461051
40000000000,100,101,0.9708588324798059
40000000000,101,100,-0.9702480707080108
40000000000,100,113,-0.9532991123720729
40000000000,113,100,0.9897837961565491
40000000000,101,102,0.9706558769770738
40000000000,102,101,-0.9692917337424086
40000000000,101,114,-0.9860248537794504
40000000000,114,101,0.9374773475007182
40000000000,102,103,0.9697528076625409
40000000000,103,102,-0.968605464263399
40000000000,102,115,-0.9151936463397253
40000000000,115,102,0.8343028841952205
40000000000,91,103,-0.968777191104673
40000000000,103,91,0.9689145687391947
40000000000,103,116,-0.8326106407886773
40000000000,116,103,0.7885740420140452
40000000000,104,105,0.9687621683638504
40000000000,105,104,-0.9691607333873172
40000000000,104,117,0.6178931666806962
40000000000,117,104,-0.591255122120352
40000000000,105,106,0.969152850704665
40000000000,106,105,-0.9700903475296888
40000000000,105,118,0.7390740752798541
40000000000,118,105,-0.6486621455084565
40000000000,106,107,0.9700838560440737
40000000000,107,106,-0.9705476357185133
40000000000,106,119,0.9208958307312703
40000000000,119,106,-0.8321886523611617
40000000000,107,108,0.9707450682831527
40000000000,108,107,-0.9701318269946115
40000000000,107,120,0.9829475291166015
40000000000,120,107,-0.9929469144068012
40000000000,108,109,0.9705681690686749
40000000000,109,108,-0.9691938278914081
40000000000,108,121,0.7957510410380482
40000000000,121,108,-0.89137198653243
40000000000,109,110,0.9697100690743746
40000000000,110,109,-0.968565777640355
40000000000,109,122,0.6303360080713521
40000000000,122,109,-0.7130594197755752
40000000000,110,111,0.9689361098126552
40000000000,111,110,-0.9687767094842954
40000000000,110,123,0.5937181353376114
40000000000,123,110,-0.6067605513942024
40000000000,111,112,0.9689103335654207
40000000000,112,111,-0.9696827458966947
40000000000,111,124,0.667397871444298
40000000000,124,111,-0.6038041026828949
40000000000,112,113,0.9696963421709452
40000000000,113,112,-0.9705141258307067
40000000000,112,125,0.8281377863686996
40000000000,125,112,-0.7266707964149661
40000000000,113,114,0.9706164188577402
40000000000,114,113,-0.9705598248121716
40000000000,113,126,0.9859287387132454
40000000000,126,113,-0.9370756718168345
40000000000,114,115,0.9708755551560566
40000000000,115,114,-0.9697903565427601
40000000000,114,127,0.905439421199007
40000000000,127,114,-0.9701074168422025
40000000000,115,116,0.9702524024442416
40000000000,116,115,-0.9688648491605741
40000000000,115,128,0.6973961270213364
40000000000,128,115,-0.7973510331218477
40000000000,104,116,-0.9685765077341963
40000000000,116,104,0.9692704084242527
40000000000,116,129,0.5963288452183204
40000000000,129,116,-0.6484027696336616
40000000000,117,118,0.9688487982716337
40000000000,118,117,-0.9696362230629456
40000000000,117,130,-0.7896118673456437
40000000000,130,117,0.8124612002225559
40000000000,118,119,0.969598347456733
40000000000,119,118,-0.9704201149847657
40000000000,118,131,-0.8101903636741795
40000000000,131,118,0.8851121801271667
40000000000,119,120,0.9704991220575303
40000000000,120,119,-0.9704421585391096
40000000000,119,132,-0.9008186812702721
40000000000,132,119,0.9694421622908633
40000000000,120,121,0.9707708397395978
40000000000,121,120,-0.9696802289732822
40000000000,120,133,-0.985875420259346
40000000000,133,120,0.9786087029282781
40000000000,121,122,0.970184989883561
40000000000,122,121,-0.9687914009187781
40000000000,121,134,-0.9577043401119759
40000000000,134,121,0.8830080912654565
40000000000,122,123,0.9692556880813749
40000000000,123,122,-0.9685424099961356
40000000000,122,135,-0.8707813832456688
40000000000,135,122,0.801894142273021
40000000000,123,124,0.9687933859763177
40000000000,124,123,-0.9691867933215961
40000000000,123,136,-0.8044311533881945
40000000000,136,123,0.7931003222110802
40000000000,124,125,0.9692385847051505
40000000000,125,124,-0.9701648701003679
40000000000,124,137,-0.790647437588871
40000000000,137,124,0.8443926924446186
40000000000,125,126,0.970196553585605
40000000000,126,125,-0.9706580305087598
40000000000,125,138,-0.8486384170431915
40000000000,138,125,0.9300317332843899
40000000000,126,127,0.9708587315251929
40000000000,127,126,-0.9702479129585438
40000000000,126,139,-0.9533046328652721
40000000000,139,126,0.9897859398747869
40000000000,127,128,0.9706557228064915
40000000000,128,127,-0.9692917343997199
40000000000,127,140,-0.9860254309743453
40000000000,140,127,0.9374752071473067
40000000000,128,129,0.969752805998847
40000000000,129,128,-0.9686059469976392
40000000000,128,141,-0.9151945875277975
40000000000,141,128,0.8343141043726772
40000000000,117,129,-0.9687762613589194
40000000000,129,117,0.968915054129106
40000000000,129,142,-0.8326086794125969
40000000000,142,129,0.7885918049551343
40000000000,130,131,0.9687631747687717
40000000000,131,130,-0.9691600707660012
40000000000,130,143,0.617900874839397
40000000000,143,130,-0.5912733897679902
40000000000,131,132,0.9691521899007924
40000000000,132,131,-0.9700906356473208
40000000000,131,144,0.7390641797303592
40000000000,144,131,-0.6486583502134567
40000000000,132,133,0.9700841436981849
40000000000,133,132,-0.9705476359085227
40000000000,132,145,0.9208976780939662
40000000000,145,132,-0.8321875153866498
40000000000,133,134,0.970745071074355
40000000000,134,133,-0.9701293369959597
40000000000,133,146,0.9829473464104823
40000000000,146,133,-0.9929469016885568
40000000000,134,135,0.9705657036211353
40000000000,135,134,-0.9691938341506484
40000000000,134,147,0.7956943794415481
40000000000,147,134,-0.891370696721267
40000000000,135,136,0.9697100466848372
40000000000,136,135,-0.9685502494597158
40000000000,135,148,0.6303318640898291
40000000000,148,135,-0.7130563806144952
40000000000,136,137,0.9689206635234797
40000000000,137,136,-0.96877673841162
40000000000,136,149,0.5935351802064593
40000000000,149,136,-0.6067572509516891
40000000000,137,138,0.9689103282052429
40000000000,138,137,-0.9696827405508486
40000000000,137,150,0.667394535946716
40000000000,150,137,-0.6037999467742204
40000000000,138,139,0.9696963385584747
40000000000,139,138,-0.970512504692351
40000000000,138,151,0.8281357163348239
40000000000,151,138,-0.7266672864608174
40000000000,139,140,0.9706148074468329
40000000000,140,139,-0.9705599252818632
40000000000,139,152,0.9859190297875667
40000000000,152,139,-0.9370748347345711
40000000000,140,141,0.9708756584830656
40000000000,141,140,-0.9697896283600829
40000000000,140,153,0.9054418378038438
40000000000,153,140,-0.9701070427956664
40000000000,141,142,0.9702516757017893
40000000000,142,141,-0.9688632026093082
40000000000,141,154,0.6973802435069814
40000000000,154,141,-0.7973487701706773
40000000000,130,142,-0.9685775176932317
40000000000,142,130,0.9692687634968161
40000000000,142,155,0.5963044170494674
40000000000,155,142,-0.6483996085396524
40000000000,143,144,0.9688506613179193
40000000000,144,143,-0.9696362243116402
40000000000,143,156,-0.7895954565122844
40000000000,156,143,0.8125254504722875
40000000000,144,145,0.969598347456733
40000000000,145,144,-0.9704201652052961
40000000000,144,157,-0.8101903813403465
40000000000,157,144,0.8851012724840691
40000000000,145,146,0.9704991726734628
40000000000,146,145,-0.9704421589335219
40000000000,145,158,-0.9008177146752212
40000000000,158,145,0.9694452026710362
40000000000,146,147,0.9707708397395974
40000000000,147,146,-0.969680228973293
40000000000,146,159,-0.9858754202593476
40000000000,159,146,0.9786084378119901
40000000000,147,148,0.9701849898835722
40000000000,148,147,-0.9687914009187844
40000000000,147,160,-0.9577043693475435
40000000000,160,147,0.8829879446846146
40000000000,148,149,0.9692556880813559
40000000000,149,148,-0.9685424099961453
40000000000,148,161,-0.8707813832457244
40000000000,161,148,0.8018426364828859
40000000000,149,150,0.9687933859763209
40000000000,150,149,-0.9691867933215818
40000000000,149,162,-0.8044311533881444
40000000000,162,149,0.7931003222114212
40000000000,150,151,0.9692385847051697
40000000000,151,150,-0.9701648701003587
40000000000,150,163,-0.7906474375888358
40000000000,163,150,0.8443926924446131
40000000000,151,152,0.9701965535856126
40000000000,152,151,-0.9706580305087589
40000000000,151,164,-0.8486384170431971
40000000000,164,151,0.930031733284435
40000000000,152,153,0.970858731525194
40000000000,153,152,-0.9702479129585415
40000000000,152,165,-0.9533046328652665
40000000000,165,152,0.9897859398747917
40000000000,153,154,0.9706557220258275
40000000000,154,153,-0.9692917336206841
40000000000,153,166,-0.9860254309743446
40000000000,166,153,0.937475207147303
40000000000,154,155,0.9697528116028249
40000000000,155,154,-0.9686059526038258
40000000000,154,167,-0.9151946325921728
40000000000,167,154,0.8342958075246558
40000000000,143,155,-0.9687781188645992
40000000000,155,143,0.9689150505069812
40000000000,155,168,-0.8326086516892683
40000000000,168,155,0.7885917684919916
40000000000,156,157,0.9687551180530607
40000000000,157,156,-0.9691615921636632
40000000000,156,169,0.6178147354925632
40000000000,169,156,-0.5912328121765965
40000000000,157,158,0.9691536992903964
40000000000,158,157,-0.9700900582468692
40000000000,157,170,0.7390831889523349
40000000000,170,157,-0.6486618658550654
40000000000,158,159,0.9700835683334404
40000000000,159,158,-0.9705476257240508
40000000000,158,171,0.9208928916191812
40000000000,171,158,-0.8321897766797927
40000000000,159,160,0.9707450590926491
40000000000,160,159,-0.9701305815671935
40000000000,159,172,0.9829477833533928
40000000000,172,159,-0.9929469135589231
40000000000,160,161,0.9705669373154894
40000000000,161,160,-0.9691986798505614
40000000000,160,173,0.7957238248876555
40000000000,173,160,-0.8913718944033466
40000000000,161,162,0.9697148809702436
40000000000,162,161,-0.9685502494596745
40000000000,161,174,0.6304040720213804
40000000000,174,161,-0.7130590398800561
40000000000,162,163,0.9689206635234411
40000000000,163,162,-0.9687767384116044
40000000000,162,175,0.5935388734117336
40000000000,175,162,-0.6068511268962907
40000000000,163,164,0.9689103282052635
40000000000,164,163,-0.9696827405508279
40000000000,163,176,0.6673974545065272
40000000000,176,163,-0.603803583193725
40000000000,164,165,0.9696963385584846
40000000000,165,164,-0.9705125046923455
40000000000,164,177,0.8281375900671496
40000000000,177,164,-0.7266704635658487
40000000000,165,166,0.9706148074468341
40000000000,166,165,-0.9705599252818643
40000000000,165,178,0.9859191661979669
40000000000,178,165,-0.9370819743566412
40000000000,166,167,0.9708756582136766
40000000000,167,166,-0.9697910844386971
40000000000,166,179,0.9054431568301393
40000000000,179,166,-0.9701073919058677
40000000000,167,168,0.9702531270629464
40000000000,168,167,-0.9688631989252645
40000000000,167,180,0.6974080467722675
40000000000,180,167,-0.7973243334351842
40000000000,156,168,-0.9685694462862614
40000000000,168,156,0.9692687566005679
40000000000,168,181,0.5963080259776975
40000000000,181,168,-0.648445034914653
40000000000,169,170,0.9688469420590702
40000000000,170,169,-0.9696362293064303
40000000000,169,182,-0.7896259471268731
40000000000,182,169,0.8125235372241576
40000000000,170,171,0.9695983474567147
40000000000,171,170,-0.9704201652052933
40000000000,170,183,-0.8101881200721442
40000000000,183,170,0.8850999998288347
40000000000,171,172,0.9704991726734647
40000000000,172,171,-0.970442158933525
40000000000,171,184,-0.900816437071064
40000000000,184,171,0.9694448955455015
40000000000,172,173,0.9707708397395948
40000000000,173,172,-0.969680228973299
40000000000,172,185,-0.985875334602964
40000000000,185,172,0.978608149304307
40000000000,173,174,0.9701849898835645
40000000000,174,173,-0.9687914009187684
40000000000,173,186,-0.9577039015772221
40000000000,186,173,0.8829864003571621
40000000000,174,175,0.9692557018371529
40000000000,175,174,-0.9685504942763895
40000000000,174,187,-0.870779971741415
40000000000,187,174,0.8018403240210751
40000000000,175,176,0.9688014285192129
40000000000,176,175,-0.9691867802352372
40000000000,175,188,-0.804363359134071
40000000000,188,175,0.7930979811905652
40000000000,176,177,0.969238584705123
40000000000,177,176,-0.9701648701003597
40000000000,176,189,-0.7906449433938728
40000000000,189,176,0.8443909254916493
40000000000,177,178,0.9701965514179964
40000000000,178,177,-0.9706581362691697
40000000000,177,190,-0.848636490448838
40000000000,190,177,0.930003104364849
40000000000,178,179,0.970858834132695
40000000000,179,178,-0.9702479170827629
40000000000,178,191,-0.9532990393588682
40000000000,191,178,0.9897859073904308
40000000000,179,180,0.970655722025826
40000000000,180,179,-0.9692893115917707
40000000000,179,192,-0.9860253518799542
40000000000,192,179,0.9374744396421956
40000000000,180,181,0.9697503902056333
40000000000,181,180,-0.9686098260891414
40000000000,180,193,-0.9152102892382367
40000000000,193,180,0.8342937405878436
40000000000,169,181,-0.9687743886787735
40000000000,181,169,0.9689189174480414
40000000000,181,194,-0.8325770455288197
40000000000,194,181,0.7885894348542585
40000000000,182,183,0.9687551180530779
40000000000,183,182,-0.9691615921636665
40000000000,182,195,0.6178151951127876
40000000000,195,182,-0.5912333135455308
40000000000,183,184,0.9691537022783083
40000000000,184,183,-0.9700900612016535
40000000000,183,196,0.7390835466598151
40000000000,196,183,-0.6486623772212264
40000000000,184,185,0.9700835690713198
40000000000,185,184,-0.9705476232151456
40000000000,184,197,0.9208929955949481
40000000000,197,184,-0.8321999613273151
40000000000,185,186,0.9707450560285111
40000000000,186,185,-0.9701305815671909
40000000000,185,198,0.9829478965183293
40000000000,198,185,-0.9929474632764883
40000000000,186,187,0.9705669373154912
40000000000,187,186,-0.9691986798505601
40000000000,186,199,0.7957241963136807
40000000000,199,186,-0.8913720786616924
40000000000,187,188,0.9697148809702493
40000000000,188,187,-0.9685502494597145
40000000000,187,200,0.6304045899818311
40000000000,200,187,-0.7130594197755875
40000000000,188,189,0.9689206490463431
40000000000,189,188,-0.9687767239479742
40000000000,188,201,0.5935393658402152
40000000000,201,188,-0.6068515983481939
40000000000,189,190,0.9689103382563979
40000000000,190,189,-0.9696869457618125
40000000000,189,202,0.6673980799132835
40000000000,202,189,-0.6038043624275146
40000000000,190,191,0.9697005244667755
40000000000,191,190,-0.9705125046923475
40000000000,190,203,0.8281836502592389
40000000000,203,190,-0.7266711443730276
40000000000,191,192,0.970614804311667
40000000000,192,191,-0.970559922131454
40000000000,191,204,0.9859191838370558
40000000000,204,191,-0.9370820986680429
40000000000,192,193,0.9708756587524477
40000000000,193,192,-0.9697910849933029
40000000000,192,205,0.9054433452615861
40000000000,205,192,-0.9701173402378328
40000000000,193,194,0.9702531270629488
40000000000,194,193,-0.9688631989252776
40000000000,193,206,0.6974085272036938
40000000000,206,193,-0.7973246351800192
40000000000,182,194,-0.968569446286249
40000000000,194,182,0.9692687566005331
40000000000,194,207,0.5963085415394698
40000000000,207,194,-0.6484454671812043
40000000000,195,196,0.9688469420590686
40000000000,196,195,-0.9696362293064384
40000000000,195,208,-0.789628206733704
40000000000,208,195,0.8125255121900432
40000000000,196,197,0.9695983474567094
40000000000,197,196,-0.9704205667904743
40000000000,196,209,-0.8101903813403708
40000000000,209,196,0.8851012724840603
40000000000,197,198,0.9704995742878635
40000000000,198,197,-0.9704420530474482
40000000000,197,210,-0.900810270153936
40000000000,210,197,0.9694452125783084
40000000000,198,199,0.9707707373791085
40000000000,199,198,-0.9696802289732948
40000000000,198,211,-0.985874549027672
40000000000,211,198,0.9786087029282788
40000000000,199,200,0.9701849898835675
40000000000,200,199,-0.9687914009187718
40000000000,199,212,-0.9577043547297391
40000000000,212,199,0.8829878964244428
40000000000,200,201,0.9692557018371539
40000000000,201,200,-0.968550494276375
40000000000,200,213,-0.8707813832456524
40000000000,213,200,0.8018426364828707
40000000000,201,202,0.9688014285191929
40000000000,202,201,-0.9691867802352322
40000000000,201,214,-0.8043654199828594
40000000000,214,201,0.7931001845040992
40000000000,202,203,0.9692385906628329
40000000000,203,202,-0.970164876024999
40000000000,202,215,-0.7906472908714512
40000000000,215,202,0.844392588506068
40000000000,203,204,0.9701965528958763
40000000000,204,203,-0.9706581377658882
40000000000,203,216,-0.8486382966311455
40000000000,216,203,0.9300038537237735
40000000000,204,205,0.9708588313392864
40000000000,205,204,-0.9702491557271153
40000000000,204,217,-0.9532996599693943
40000000000,217,204,0.9897848822233902
40000000000,205,206,0.9706569566896972
40000000000,206,205,-0.969289308471315
40000000000,205,218,-0.9860214926959447
40000000000,218,205,0.937475207147313
40000000000,206,207,0.9697503902056629
40000000000,207,206,-0.9686098260891101
40000000000,206,219,-0.9152111904333674
40000000000,219,206,0.8343324644057583
40000000000,195,207,-0.9687743886787812
40000000000,207,195,0.9689189174480723
40000000000,207,220,-0.8325789308715723
40000000000,220,207,0.7885301565635069
40000000000,208,209,0.9687551180530759
40000000000,209,208,-0.9691615921636778
40000000000,208,221,0.6178115181579305
40000000000,221,208,-0.5911411262638943
40000000000,209,210,0.9691537022782943
40000000000,210,209,-0.9700900612016488
40000000000,209,222,0.7390806850019233
40000000000,222,209,-0.6487208451593027
40000000000,210,211,0.9700835690713259
40000000000,211,210,-0.9705476362885408
40000000000,210,223,0.920891886516573
40000000000,223,210,-0.8321974224034031
40000000000,211,212,0.9707450696787551
40000000000,212,211,-0.9701305829739931
40000000000,211,224,0.982947344887923
40000000000,224,211,-0.9929474496091473
40000000000,212,213,0.9705669388698
40000000000,213,212,-0.9691986814110493
40000000000,212,225,0.7957213177554069
40000000000,225,212,-0.8913706506564478
40000000000,213,214,0.9697148809702314
40000000000,214,213,-0.9685502494597313
40000000000,213,226,0.6304003168105367
40000000000,226,213,-0.7130203121902702
40000000000,214,215,0.9689206490463185
40000000000,215,214,-0.9687767239479893
40000000000,214,227,0.5935353033125988
40000000000,227,214,-0.6068025392563208
40000000000,215,216,0.9689103382563878
40000000000,216,215,-0.9696869457618293
40000000000,215,228,0.6673947444149966
40000000000,228,215,-0.6038002065182247
40000000000,216,217,0.9697005262664606
40000000000,217,216,-0.9705133159045122
40000000000,216,229,0.8281815091183332
40000000000,229,216,-0.726667513397261
40000000000,217,218,0.9706156113871646
40000000000,218,217,-0.9705599252818619
40000000000,217,230,0.9859238295843354
40000000000,230,217,-0.9370810420161428
40000000000,218,219,0.9708756592911961
40000000000,219,218,-0.9697881716863058
40000000000,218,231,0.9054418378038369
40000000000,231,218,-0.9701169413376106
40000000000,219,220,0.9702502305713289
40000000000,220,219,-0.9688697996641784
40000000000,219,232,0.6973558029580197
40000000000,232,219,-0.7973753181292236
40000000000,208,220,-0.9685694324924842
40000000000,220,208,0.9692753290353807
40000000000,220,233,0.5963867912160926
40000000000,233,220,-0.6484417929216105
40000000000,221,222,0.9688394847628444
40000000000,222,221,-0.9696404147008664
40000000000,221,234,-0.789693414804359
40000000000,234,221,0.8123967504036308
40000000000,222,223,0.9696025359657068
40000000000,223,222,-0.9704205667904776
40000000000,222,235,-0.8101429752577162
40000000000,235,222,0.885144700088169
40000000000,223,224,0.9704995746795264
40000000000,224,223,-0.9704420534419513
40000000000,223,236,-0.9008101052956674
40000000000,236,223,0.9694451729492416
40000000000,224,225,0.970770737310221
40000000000,225,224,-0.9696802289046076
40000000000,224,237,-0.9858745363121133
40000000000,237,224,0.9786072592533054
40000000000,225,226,0.9701849862124083
40000000000,226,225,-0.968788098593423
40000000000,225,238,-0.9577042962584664
40000000000,238,225,0.882992764408644
40000000000,226,227,0.9692524108364765
40000000000,227,226,-0.9685464606127072
40000000000,226,239,-0.870805433107786
40000000000,239,226,0.8018681737101961
40000000000,227,228,0.9687974088109483
40000000000,228,227,-0.9691867867784126
40000000000,227,240,-0.8043980308966829
40000000000,240,227,0.7930668984022556
40000000000,228,229,0.969238590662859
40000000000,229,228,-0.970164876025001
40000000000,228,241,-0.7906469974365304
40000000000,241,228,0.8443923806290615
40000000000,229,230,0.9701965528958834
40000000000,230,229,-0.9706581377658883
40000000000,229,242,-0.848638116013017
40000000000,242,229,0.9300037787878681
40000000000,230,231,0.9708588313392861
40000000000,231,230,-0.9702491557271216
40000000000,230,243,-0.9532995869565963
40000000000,243,230,0.9897848785027598
40000000000,231,232,0.9706569566896971
40000000000,232,231,-0.9692941506398961
40000000000,231,244,-0.986021479333339
40000000000,244,231,0.9374750775267596
40000000000,232,233,0.9697552311021049
40000000000,233,232,-0.9686098260890995
40000000000,232,245,-0.9151778321559648
40000000000,245,232,0.8343322060659084
40000000000,221,233,-0.9687669340339377
40000000000,233,221,0.9689189174480428
40000000000,233,246,-0.8325787090664057
40000000000,246,233,0.7885298648204455
40000000000,234,235,0.9687712124054723
40000000000,235,234,-0.9691555160635736
40000000000,234,247,0.6179936746011393
40000000000,247,234,-0.5911448868245972
40000000000,235,236,0.9691476552107685
40000000000,236,235,-0.9700900671111761
40000000000,235,248,0.7390175243488314
40000000000,248,235,-0.6487251914624367
40000000000,236,237,0.9700835698092048
40000000000,237,236,-0.9705475847237511
40000000000,236,249,0.9208929262777545
40000000000,249,236,-0.8321600156370703
40000000000,237,238,0.9707450192339784
40000000000,238,237,-0.9701302699043403
40000000000,237,250,0.982948965175762
40000000000,250,237,-0.9929477374630498
40000000000,238,239,0.970566629851569
40000000000,239,238,-0.9691962579474903
40000000000,238,251,0.7957175779039547
40000000000,251,238,-0.8913873986172044
40000000000,239,240,0.9697124647766904
40000000000,240,239,-0.9685541304358737
40000000000,239,252,0.6303702345097205
40000000000,252,239,-0.7130413857748032
40000000000,240,241,0.9689245223752007
40000000000,241,240,-0.9687767239479603
40000000000,240,253,0.593584182366147
40000000000,253,240,-0.6068289547914727
40000000000,241,242,0.9689103432819629
40000000000,242,241,-0.9696869507640533
40000000000,241,254,0.6673980799132784
40000000000,254,241,-0.6038043624275337
40000000000,242,243,0.9697005253666139
40000000000,243,242,-0.9705133150154859
40000000000,242,255,0.8281835833486504
40000000000,255,242,-0.7266710309051719
40000000000,243,244,0.9706156130583404
40000000000,244,243,-0.9705599269619406
40000000000,243,256,0.9859239618388185
40000000000,256,243,-0.9370788852282019
40000000000,244,245,0.9708756590038895
40000000000,245,244,-0.9697881713920221
40000000000,244,257,0.9054433955057748
40000000000,257,244,-0.9701173535333496
40000000000,245,246,0.9702502305713382
40000000000,246,245,-0.9688697996641533
40000000000,245,258,0.6973596466736928
40000000000,258,245,-0.7973777317997482
40000000000,234,246,-0.9685855627725203
40000000000,246,234,0.9692753428021352
40000000000,246,259,0.5963909153892478
40000000000,259,246,-0.6484452510478967
40000000000,247,248,0.9688394847628075
40000000000,248,247,-0.9696404147008537
40000000000,247,260,-0.7896920027467925
40000000000,260,247,0.812395515663049
40000000000,248,249,0.9696025341627066
40000000000,249,248,-0.9704189567791531
40000000000,248,261,-0.8101415618028931
40000000000,261,248,0.8851439048283283
40000000000,249,250,0.9704979635695307
40000000000,250,249,-0.9704419977062213
40000000000,249,262,-0.9008393038244069
40000000000,262,249,0.969444994618259
40000000000,250,251,0.970770685892752
40000000000,251,250,-0.9696816879409328
40000000000,250,263,-0.9858740477976448
40000000000,263,250,0.9786071357273228
40000000000,251,252,0.9701864389066753
40000000000,252,251,-0.9687897482336201
40000000000,251,264,-0.9576954485635358
40000000000,264,251,0.8829867261141974
40000000000,252,253,0.9692540566585612
40000000000,253,252,-0.9685484778369788
40000000000,252,265,-0.8707924326707621
40000000000,265,252,0.801869902452276
40000000000,253,254,0.9687994190559239
40000000000,254,253,-0.9691867835068226
40000000000,253,266,-0.8043803252040344
40000000000,266,253,0.7930737742503473
40000000000,254,255,0.9692385906628476
40000000000,255,254,-0.9701648760250049
40000000000,254,267,-0.7906455302629413
40000000000,267,254,0.8444054536897001
40000000000,255,256,0.9701965543737465
40000000000,256,255,-0.9706580853249035
40000000000,255,268,-0.8486368817886747
40000000000,268,255,0.9300102248894787
40000000000,256,257,0.9708587793309887
40000000000,257,256,-0.970249152916138
40000000000,256,269,-0.9533017181753947
40000000000,269,256,0.9897848608297776
40000000000,257,258,0.9706569566896964
40000000000,258,257,-0.9692941506398842
40000000000,257,270,-0.9860214265852942
40000000000,270,257,0.937474565856683
40000000000,258,259,0.9697552311021139
40000000000,259,258,-0.9686098260891013
40000000000,258,271,-0.9151772312363482
40000000000,271,258,0.834330914366934
40000000000,247,259,-0.9687669340339169
40000000000,259,247,0.9689189174480825
40000000000,259,272,-0.8325776000407735
40000000000,272,259,0.7885284061046803
40000000000,260,261,0.9687712124054761
40000000000,261,260,-0.969155516063595
40000000000,260,273,0.6179927555252368
40000000000,273,260,-0.5911438840077339
40000000000,261,262,0.9691476552107837
40000000000,262,261,-0.9700900671111893
40000000000,261,274,0.7390168088556461
40000000000,274,261,-0.6487241688026889
40000000000,262,263,0.9700835698092107
40000000000,263,262,-0.9705475847237504
40000000000,262,275,0.9208926490088375
40000000000,275,262,-0.8321593808361932
40000000000,263,264,0.9707450188849663
40000000000,264,263,-0.9701305812154918
40000000000,263,276,0.9829489195023916
40000000000,276,263,-0.9929474603099503
40000000000,264,265,0.9705669382869335
40000000000,265,264,-0.9691959542949775
40000000000,264,277,0.7957235463179614
40000000000,277,264,-0.8913831944447438
40000000000,265,266,0.9697121647162844
40000000000,266,265,-0.9685531625819571
40000000000,265,278,0.6303649283603991
40000000000,278,265,-0.7130451344936696
40000000000,266,267,0.9689235525178298
40000000000,267,266,-0.9687748591438037
40000000000,266,279,0.5935719203823615
40000000000,279,266,-0.606820193098473
40000000000,267,268,0.9689084811814388
40000000000,268,267,-0.9696859000842437
40000000000,267,280,0.6673768966027973
40000000000,280,267,-0.6037738034748922
40000000000,268,269,0.9696994790564538
40000000000,269,268,-0.9705133145709628
40000000000,268,281,0.8281716337203514
40000000000,281,268,-0.726664896113356
40000000000,269,270,0.9706156114914823
40000000000,270,269,-0.9705599253867371
40000000000,269,282,0.985923930979598
40000000000,282,269,-0.9370786676771363
40000000000,270,271,0.9708756590038902
40000000000,271,270,-0.9697881713920281
40000000000,270,283,0.9054429683984635
40000000000,283,270,-0.9701172405131928
40000000000,271,272,0.9702502305713135
40000000000,272,271,-0.968869799664161
40000000000,271,284,0.6973585576320809
40000000000,284,271,-0.7972711523493528
40000000000,260,272,-0.9685855627725387
40000000000,272,260,0.9692753428021811
40000000000,272,285,0.5963897468839413
40000000000,285,272,-0.6484442712537554
40000000000,273,274,0.9688394847628508
40000000000,274,273,-0.9696404147008626
40000000000,273,286,-0.7896930570888564
40000000000,286,273,0.8125250760566957
40000000000,274,275,0.9696025341626866
40000000000,275,274,-0.9704189567791573
40000000000,274,287,-0.8101428998796946
40000000000,287,274,0.8850573141169953
40000000000,275,276,0.9704979627854728
40000000000,276,275,-0.9704420498914259
40000000000,275,288,-0.9008399631554237
40000000000,288,275,0.9694451531346931
40000000000,276,277,0.9707707373102198
40000000000,277,276,-0.9696813234441609
40000000000,276,289,-0.9858745249350274
40000000000,289,276,0.9786086466410989
40000000000,277,278,0.9701860767576118
40000000000,278,277,-0.9687901614655999
40000000000,277,290,-0.9576978205174146
40000000000,290,277,0.8829874982780306
40000000000,278,279,0.9692544665084813
40000000000,279,278,-0.9685477829957103
40000000000,278,291,-0.8707901211045929
40000000000,291,278,0.8018678485395638
40000000000,279,280,0.968798726789269
40000000000,280,279,-0.9691845143830915
40000000000,279,292,-0.8043870239344537
40000000000,292,279,0.7930666380308045
40000000000,280,281,0.9692363253483963
40000000000,281,280,-0.9701645875370225
40000000000,280,293,-0.790668815827022
40000000000,293,280,0.844399242053763
40000000000,281,282,0.9701962671429849
40000000000,282,281,-0.9706580849510342
40000000000,281,294,-0.8486417856185682
40000000000,294,281,0.9300106370148509
40000000000,282,283,0.9708587808211674
40000000000,283,282,-0.9702491544152014
40000000000,282,295,-0.9533020193443517
40000000000,295,282,0.9897846117669032
40000000000,283,284,0.9706569566896986
40000000000,284,283,-0.9692844587114983
40000000000,283,296,-0.9860214715967306
40000000000,296,283,0.9374750024796705
40000000000,284,285,0.9697455417183153
40000000000,285,284,-0.9686098260891293
40000000000,284,297,-0.9152442994349228
40000000000,297,284,0.8342586282422344
40000000000,273,285,-0.9687669417553361
40000000000,285,273,0.9689189251674531
40000000000,285,298,-0.8325784872610054
40000000000,298,285,0.7885295730769832
40000000000,286,287,0.9687551180530507
40000000000,287,286,-0.9691676326110432
40000000000,286,299,0.6178122075857793
40000000000,299,286,-0.5911418783754061
40000000000,287,288,0.9691597430942193
40000000000,288,287,-0.9700900584435995
40000000000,287,300,0.7391474188587062
40000000000,300,287,-0.6485964928714042
40000000000,288,289,0.9700835698092013
40000000000,289,288,-0.9705476370485743
40000000000,288,301,0.9208921961380894
40000000000,301,288,-0.8321981311950727
40000000000,289,290,0.9707450682831513
40000000000,290,289,-0.9701305815671962
40000000000,289,302,0.9829474012225141
40000000000,302,289,-0.9929469055040464
40000000000,290,291,0.9705669388697938
40000000000,291,290,-0.9691962579475231
40000000000,290,303,0.7957220606105724
40000000000,303,290,-0.8913710191745936
40000000000,291,292,0.969712467572654
40000000000,292,291,-0.9685541332444033
40000000000,291,304,0.6303670618884568
40000000000,304,291,-0.7130210720200575
40000000000,292,293,0.9689245187593407
40000000000,293,292,-0.9687757889242982
40000000000,292,305,0.5935811663696179
40000000000,305,292,-0.6068260670889031
40000000000,293,294,0.9689094110659929
40000000000,294,293,-0.9696859000842294
40000000000,293,306,0.6673854166112276
40000000000,306,293,-0.6037815871524261
40000000000,294,295,0.9696994795068035
40000000000,295,294,-0.970513517174308
40000000000,294,307,0.828170563116473
40000000000,307,294,-0.7266630806102973
40000000000,295,296,0.9706158130610762
40000000000,296,295,-0.9705599261743378
40000000000,295,308,0.9859250569798175
40000000000,308,295,-0.9370781548762489
40000000000,296,297,0.9708756582136778
40000000000,297,296,-0.9697939937118394
40000000000,296,309,0.905442214669588
40000000000,309,296,-0.9701170410630612
40000000000,297,298,0.9702560337090269
40000000000,298,297,-0.96886978495915
40000000000,297,310,0.6974545241119537
40000000000,310,297,-0.7972697239135491
40000000000,286,298,-0.968569446286275
40000000000,298,286,0.969275342802177
40000000000,298,311,0.5963878222583547
40000000000,311,298,-0.6484426574521249
40000000000,299,300,0.968839484762908
40000000000,300,299,-0.9696320373310907
40000000000,299,312,-0.7896936972158713
40000000000,312,299,0.8125256356258452
40000000000,300,301,0.9695941541869163
40000000000,301,300,-0.9704205685383414
40000000000,300,313,-0.8102374968831881
40000000000,313,300,0.8850576747673128
40000000000,301,302,0.9704995757502218
40000000000,302,301,-0.9704421604061322
40000000000,301,314,-0.9008101877248127
40000000000,314,301,0.9694451927637743
40000000000,302,303,0.9707708397395973
40000000000,303,302,-0.9696802289732952
40000000000,302,315,-0.9858754175825971
40000000000,315,302,0.9786086966741518
40000000000,303,304,0.9701849862123956
40000000000,304,303,-0.9687880985934441
40000000000,303,316,-0.9577043693475582
40000000000,316,303,0.8829879446846285
40000000000,304,305,0.9692524142786278
40000000000,305,304,-0.9685484812854375
40000000000,304,317,-0.8708056095298894
40000000000,317,304,0.8018684627506819
40000000000,305,306,0.968799419055936
40000000000,306,305,-0.9691852710419331
40000000000,305,318,-0.8043818546826415
40000000000,318,305,0.7930671394072564
40000000000,306,307,0.9692370796075838
40000000000,307,306,-0.9701645867962412
40000000000,306,319,-0.7906620200141404
40000000000,319,306,0.8443925885060408
40000000000,307,308,0.9701962671429799
40000000000,308,307,-0.9706580849510348
40000000000,307,320,-0.8486422973634115
40000000000,320,307,0.9300038911917011
40000000000,308,309,0.9708587808211666
40000000000,309,308,-0.9702491544151975
40000000000,308,321,-0.9533021653653377
40000000000,321,308,0.9897846192086868
40000000000,309,310,0.9706569566897012
40000000000,310,309,-0.9692844587115258
40000000000,309,322,-0.9860214926959393
40000000000,322,309,0.9374752071473039
40000000000,310,311,0.969745541718282
40000000000,311,310,-0.9686098260891222
40000000000,310,323,-0.9152445397046618
40000000000,323,310,0.8342591450307048
40000000000,299,311,-0.968766934033936
40000000000,311,299,0.9689189174480589
40000000000,311,324,-0.8325789308715859
40000000000,324,311,0.7885301565634268
40000000000,312,313,0.9687551180530402
40000000000,313,312,-0.9691676326110544
40000000000,312,325,0.6178140460624206
40000000000,325,312,-0.5911438840074178
40000000000,313,314,0.9691597399144234
40000000000,314,313,-0.9700900552920786
40000000000,313,326,0.7391488495305831
40000000000,326,313,-0.6485985384808374
40000000000,314,315,0.9700835690221917
40000000000,315,314,-0.9705476362379393
40000000000,314,327,0.920892787643314
40000000000,327,314,-0.8321994852804465
40000000000,315,316,0.9707450668875476
40000000000,316,315,-0.9701305801603912
40000000000,315,328,0.9829474986657101
40000000000,328,315,-0.9929469122871072
40000000000,316,317,0.9705669373154902
40000000000,317,316,-0.9691962563848663
40000000000,316,329,0.795723453461357
40000000000,329,316,-0.8913717101448027
40000000000,317,318,0.969712464776681
40000000000,318,317,-0.9685541304358524
40000000000,317,330,0.6303692632988993
40000000000,330,317,-0.7130586599845665
40000000000,318,319,0.9689245223752264
40000000000,319,318,-0.9687767239479724
40000000000,318,331,0.593583135998968
40000000000,331,318,-0.6068053680843408
40000000000,319,320,0.9689103432819696
40000000000,320,319,-0.9696869507640622
40000000000,319,332,0.6673972460377354
40000000000,332,319,-0.6038033234492125
40000000000,320,321,0.9697005249166851
40000000000,321,320,-0.9705135167301943
40000000000,320,333,0.8281830480637914
40000000000,333,320,-0.7266701231621054
40000000000,321,322,0.97061581306108
40000000000,322,321,-0.9705599261743396
40000000000,321,334,0.9859251275102752
40000000000,334,321,-0.9370790382776475
40000000000,322,323,0.9708756582136768
40000000000,323,322,-0.969793993711835
40000000000,322,335,0.9054429683984685
40000000000,335,322,-0.9701073420332019
40000000000,323,324,0.9702560337090285
40000000000,324,323,-0.9688697849591905
40000000000,323,336,0.6974564457086677
40000000000,336,323,-0.7972709310367575
40000000000,312,324,-0.9685694462862262
40000000000,324,312,0.9692753428021468
40000000000,324,337,0.5963898843451227
40000000000,337,324,-0.6484443865151711
40000000000,325,326,0.9688394847628442
40000000000,326,325,-0.9696320373310818
40000000000,325,338,-0.7896920027465101
40000000000,338,325,0.8124598422204851
40000000000,326,327,0.9695941541869307
40000000000,327,326,-0.9704205685383464
40000000000,326,339,-0.810235801126543
40000000000,339,326,0.8850567200958246
40000000000,327,328,0.9704995757502214
40000000000,328,327,-0.9704421604061328
40000000000,327,340,-0.9008091985735178
40000000000,340,327,0.9694449549891874
40000000000,328,329,0.9707708397395957
40000000000,329,328,-0.969680228973285
40000000000,328,341,-0.9858753611924252
40000000000,341,328,0.9786085649208394
40000000000,329,330,0.9701849898835643
40000000000,330,329,-0.968791400918752
40000000000,329,342,-0.9577040185198847
40000000000,342,329,0.8829867864395384
40000000000,330,331,0.9692556949592767
40000000000,331,330,-0.9685464537124538
40000000000,330,343,-0.8707803246172422
40000000000,343,330,0.801840902136406
40000000000,331,332,0.96879740881102
40000000000,332,331,-0.969186786778408
40000000000,331,344,-0.8043967429637544
40000000000,344,331,0.7930986008719221
40000000000,332,333,0.9692385906628552
40000000000,333,332,-0.9701648760250038
40000000000,332,345,-0.7906455302629569
40000000000,345,332,0.8443913412448175
40000000000,333,334,0.97019655437375
40000000000,334,333,-0.9706580920715766
40000000000,333,346,-0.8486368516856013
40000000000,346,333,0.9300032542366378
40000000000,334,335,0.9708587869774272
40000000000,335,334,-0.9702479129585402
40000000000,334,347,-0.9533014084311758
40000000000,347,334,0.9897848608297752
40000000000,335,336,0.970655718903141
40000000000,336,335,-0.9692844587115009
40000000000,335,348,-0.9860253676988336
40000000000,348,335,0.9374745931435294
40000000000,336,337,0.9697455417183052
40000000000,337,336,-0.9686098260891428
40000000000,336,349,-0.9152437588283147
40000000000,349,336,0.834331043536927
40000000000,325,337,-0.9687669340339436
40000000000,337,325,0.9689189174480386
40000000000,337,350,-0.8325776000408159
40000000000,350,337,0.7885284061045562
40000000000,338,339,0.9687631846284017
40000000000,339,338,-0.9691676326110485
40000000000,0,338,0.230466371193836
40000000000,338,0,-0.2216291197667921
40000000000,339,340,0.9691597399144231
40000000000,340,339,-0.9700900552920794
40000000000,1,339,0.29457382102230806
40000000000,339,1,-0.1837543424774148
40000000000,340,341,0.9700835668576646
40000000000,341,340,-0.9705476340084154
40000000000,2,340,0.40949248213177414
40000000000,340,2,-0.22617780324784287
40000000000,341,342,0.9707450709814396
40000000000,342,341,-0.9701305842871333
40000000000,3,341,0.9377966842708402
40000000000,341,3,-0.8345575050469315
40000000000,342,343,0.970566937315487
40000000000,343,342,-0.9691986798505945
40000000000,4,342,0.3009585178081977
40000000000,342,4,-0.4941152266989115
40000000000,343,344,0.9697148809702199
40000000000,344,343,-0.9685502494597057
40000000000,5,343,0.18308370452902872
40000000000,343,5,-0.32272648223423916
40000000000,344,345,0.9689206490463538
40000000000,345,344,-0.9687767239479812
40000000000,6,344,0.2053848430333499
40000000000,344,6,-0.24974360878840748
40000000000,345,346,0.9689103382563957
40000000000,346,345,-0.9696869457618197
40000000000,7,345,0.2604319498379764
40000000000,345,7,-0.19833010649983226
40000000000,346,347,0.9697005253666131
40000000000,347,346,-0.9705133150154868
40000000000,8,346,0.3397558453305805
40000000000,346,8,-0.18685821146512438
40000000000,347,348,0.9706156114914758
40000000000,348,347,-0.9705599253867395
40000000000,9,347,0.5602298487188804
40000000000,347,9,-0.36799825514043444
40000000000,348,349,0.9708756587524459
40000000000,349,348,-0.9697881711344505
40000000000,10,348,0.6280094871461359
40000000000,348,10,-0.786847097595145
40000000000,349,350,0.9702502232027692
40000000000,350,349,-0.9688697923116737
40000000000,11,349,0.2075815549389164
40000000000,349,11,-0.38247428187323745
40000000000,338,350,-0.968577510809279
40000000000,350,338,0.969275342802202
40000000000,12,350,0.18758233242151642
40000000000,350,12,-0.2828060784069236
50000000000,0,1,0.9687643432361707
50000000000,1,0,-0.9691812776736982
50000000000,0,13,0.6194710308232722
50000000000,13,0,-0.5911792217836378
50000000000,1,2,0.969172690475827
50000000000,2,1,-0.9701055230979748
50000000000,1,14,0.7424792620535604
50000000000,14,1,-0.6512348559954021
50000000000,2,3,0.9701036510025699
50000000000,3,2,-0.9705462570778302
50000000000,2,15,0.9243910318438793
50000000000,15,2,-0.8367696584180171
50000000000,3,4,0.9707511203455995
50000000000,4,3,-0.970112546562773
50000000000,3,16,0.98108633149028
50000000000,16,3,-0.9935692385313066
50000000000,4,5,0.9705573276618593
50000000000,5,4,-0.9691761514697761
50000000000,4,17,0.7912657878823284
50000000000,17,4,-0.8875875646172149
50000000000,5,6,0.9696913082920756
50000000000,6,5,-0.9685527313970993
50000000000,5,18,0.6283164013118114
50000000000,18,5,-0.7099563021327441
50000000000,6,7,0.9689163238208128
50000000000,7,6,-0.9687898916969394
50000000000,6,19,0.5940964730468759
50000000000,19,6,-0.6056956188448628
50000000000,7,8,0.968920860454092
50000000000,8,7,-0.9697044613179087
50000000000,7,20,0.6699260409423705
50000000000,20,7,-0.6049391259302522
50000000000,8,9,0.9697191083232387
50000000000,9,8,-0.9705262141488044
50000000000,8,21,0.8320370772717046
50000000000,21,8,-0.7305686578325472
50000000000,9,10,0.9706296880113009
50000000000,10,9,-0.97054961631947
50000000000,9,22,0.9873799969690087
50000000000,22,9,-0.9406863539769891
50000000000,10,11,0.9708717749313085
50000000000,11,10,-0.9697705102211939
50000000000,10,23,0.901185198511022
50000000000,23,10,-0.9676767260530573
50000000000,11,12,0.9702358440918654
50000000000,12,11,-0.9688469392422602
50000000000,11,24,0.6939986238135407
50000000000,24,11,-0.7935776092159736
50000000000,0,12,-0.9685809166095045
50000000000,12,0,0.9692495910013241
50000000000,12,25,0.5955840109033258
50000000000,25,12,-0.646250493442095
50000000000,13,14,0.9688582849976451
50000000000,14,13,-0.9696571890692146
50000000000,13,26,-0.7893299103768932
50000000000,26,13,0.8135361997789565
50000000000,14,15,0.9696194471375964
50000000000,15,14,-0.9704278084624538
50000000000,14,27,-0.8113897286732049
50000000000,27,14,0.8869379130849091
50000000000,15,16,0.9705132479243944
50000000000,16,15,-0.9704340683183768
50000000000,15,28,-0.9031108375532525
50000000000,28,15,0.9707524258302919
50000000000,16,17,0.970766865586413
50000000000,17,16,-0.9696627410396086
50000000000,16,29,-0.9865543040314128
50000000000,29,16,0.9774179312460372
50000000000,17,18,0.9701667774888721
50000000000,18,17,-0.9687756644305823
50000000000,17,30,-0.9561259883020573
50000000000,30,17,0.8807347580673762
50000000000,18,19,0.9692374276741866
50000000000,19,18,-0.9685576256703605
50000000000,18,31,-0.8690642377630521
50000000000,31,18,0.8009587418427742
50000000000,19,20,0.9688018137953842
50000000000,20,19,-0.9692042205626624
50000000000,19,32,-0.8034629017576658
50000000000,32,19,0.7936338451705645
50000000000,20,21,0.9692501115776447
50000000000,21,20,-0.9701816452229637
50000000000,20,33,-0.7911109772049099
50000000000,33,20,0.8459155551395378
50000000000,21,22,0.9702174264770679
50000000000,22,21,-0.9706562281942577
50000000000,21,34,-0.850568321811702
50000000000,34,21,0.9318296191885338
50000000000,22,23,0.970866520467305
50000000000,23,22,-0.9702309082165825
50000000000,22,35,-0.9551688647349728
50000000000,35,22,0.9899943854509914
50000000000,23,24,0.9706421005873389
50000000000,24,23,-0.9692716859070384
50000000000,23,36,-0.9853429217683797
50000000000,36,23,0.935369923810294
50000000000,24,25,0.9697293222509104
50000000000,25,24,-0.9686021715927092
50000000000,24,37,-0.9133506946075054
50000000000,37,24,0.8326255789094574
50000000000,13,25,-0.9687854514105781
50000000000,25,13,0.9689065197096925
50000000000,25,38,-0.8312120164287601
50000000000,38,25,0.788390199181013
50000000000,26,27,0.9687643432361969
50000000000,27,26,-0.9691753009406596
50000000000,26,39,0.6194712598398472
50000000000,39,26,-0.5911794729802357
50000000000,27,28,0.9691667163647187
50000000000,28,27,-0.9701077534552235
50000000000,27,40,0.7424139918047785
50000000000,40,27,-0.6512351110818814
50000000000,28,29,0.9701058778256224
50000000000,29,28,-0.9705463397386948
50000000000,28,41,0.9244131713431645
50000000000,41,28,-0.8367504500214737
50000000000,29,30,0.9707511962246387
50000000000,30,29,-0.9701138490486615
50000000000,29,42,0.981083654710492
50000000000,42,29,-0.9935692385313079
50000000000,30,31,0.9705586195351161
50000000000,31,30,-0.9691761514697724
50000000000,30,43,0.7912935270234066
50000000000,43,30,-0.8875874697204426
50000000000,31,32,0.9696912969665861
50000000000,32,31,-0.9685449281555222
50000000000,31,44,0.6283164013115387
50000000000,44,31,-0.7099563021327764
50000000000,32,33,0.9689085617397042
50000000000,33,32,-0.968789906143022
50000000000,32,45,0.594006828362
50000000000,45,32,-0.6056958552735752
50000000000,33,34,0.9689208505574776
50000000000,34,33,-0.9697044514548141
50000000000,33,46,0.6699260409423875
50000000000,46,33,-0.6049391259301106
50000000000,34,35,0.9697191099689543
50000000000,35,34,-0.9705265952349048
50000000000,34,47,0.8320372088161465
50000000000,47,34,-0.7305688828080079
50000000000,35,36,0.9706300679060003
50000000000,36,35,-0.9705495008543041
50000000000,35,48,0.9873821202829344
50000000000,48,35,-0.9406856835028612
50000000000,36,37,0.9708716583649023
50000000000,37,36,-0.9697675207899603
50000000000,36,49,0.9011811430853321
50000000000,49,36,-0.9676767533861426
50000000000,37,38,0.9702328647284667
50000000000,38,37,-0.9688535967013633
50000000000,37,50,0.693948867994287
50000000000,50,37,-0.7935777620502008
50000000000,26,38,-0.96858090277725
50000000000,38,26,0.969256227296006
50000000000,38,51,0.5956670768989568
50000000000,51,38,-0.6462504934421224
50000000000,39,40,0.9688582849976433
50000000000,40,39,-0.9696571890692258
50000000000,39,52,-0.7893319637229196
50000000000,52,39,0.8135700340205929
50000000000,40,41,0.9696194454881993
50000000000,41,40,-0.9704270485140011
50000000000,40,53,-0.811391770459691
50000000000,53,40,0.8869175200425437
50000000000,41,42,0.9705124864321237
50000000000,42,41,-0.9704340651399206
50000000000,41,54,-0.9031263942028301
50000000000,54,41,0.9707643198887083
50000000000,42,43,0.9707668660176263
50000000000,43,42,-0.9696627414622582
50000000000,42,55,-0.986554369889442
50000000000,55,42,0.9774168233241681
50000000000,43,44,0.970166784996364
50000000000,44,43,-0.9687756719847996
50000000000,43,56,-0.9561264454159382
50000000000,56,43,0.8807780557663046
50000000000,44,45,0.9692374276741883
50000000000,45,44,-0.9685576256703547
50000000000,44,57,-0.8690655765934201
50000000000,57,44,0.8009088807807047
50000000000,45,46,0.9688018137953711
50000000000,46,45,-0.9692042205626474
50000000000,45,58,-0.8034648432160508
50000000000,58,45,0.7935696960874717
50000000000,46,47,0.9692501115776384
50000000000,47,46,-0.9701816452229595
50000000000,46,59,-0.7911130313901156
50000000000,59,46,0.8459169976369652
50000000000,47,48,0.9702174268725541
50000000000,48,47,-0.9706562180571998
50000000000,47,60,-0.850569990240601
50000000000,60,47,0.9318574532521323
50000000000,48,49,0.9708665103984239
50000000000,49,48,-0.9702309075278285
50000000000,48,61,-0.9551698893225835
50000000000,61,48,0.9899944090152444
50000000000,49,50,0.9706421005873421
50000000000,50,49,-0.969271685907069
50000000000,49,62,-0.9853430084115435
50000000000,62,49,0.9353682989896747
50000000000,50,51,0.969729322250872
50000000000,51,50,-0.9686021715926703
50000000000,50,63,-0.9133515838039714
50000000000,63,50,0.8326087411433231
50000000000,39,51,-0.9687854514105705
50000000000,51,39,0.968906519709741
50000000000,51,64,-0.8312135805913667
50000000000,64,51,0.7884232683104898
50000000000,52,53,0.968760315859797
50000000000,53,52,-0.9691782904765821
50000000000,52,65,0.6194231232720614
50000000000,65,52,-0.591219539930243
50000000000,53,54,0.9691697045857236
50000000000,54,53,-0.9701055259651598
50000000000,53,66,0.7424439670029707
50000000000,66,53,-0.6512311572430425
50000000000,54,55,0.9701036510025728
50000000000,55,54,-0.970546298439604
50000000000,54,67,0.9243899689051029
50000000000,67,54,-0.8367481242676071
50000000000,55,56,0.970751158316432
50000000000,56,55,-0.9701112420269484
50000000000,55,68,0.9810847855737924
50000000000,68,55,-0.9935692362143668
50000000000,56,57,0.9705560370202128
50000000000,57,56,-0.9691810803264136
50000000000,56,69,0.7912350276196048
50000000000,69,56,-0.8875861411599358
50000000000,57,58,0.9696962079472119
50000000000,58,57,-0.968552720033797
50000000000,57,70,0.6283817957066145
50000000000,70,57,-0.7099534336474498
50000000000,58,59,0.968916323820815
50000000000,59,58,-0.9687898916969486
50000000000,58,71,0.5940925433880179
50000000000,71,58,-0.6055110281151939
50000000000,59,60,0.968920850557468
50000000000,60,59,-0.9697003321663428
50000000000,59,72,0.6699229290899377
50000000000,72,59,-0.6049352272162759
50000000000,60,61,0.9697149998592984
50000000000,61,60,-0.9705265952349121
50000000000,60,73,0.8319904923333926
50000000000,73,60,-0.7305246014506712
50000000000,61,62,0.9706300657356434
50000000000,62,61,-0.9705495876604364
50000000000,61,74,0.9873820113946885
50000000000,74,61,-0.9406861198431387
50000000000,62,63,0.9708717458746072
50000000000,63,62,-0.9697690161734551
50000000000,62,75,0.9011827034910379
50000000000,75,62,-0.9676749943739268
50000000000,63,64,0.9702343549941388
50000000000,64,63,-0.9688502692745607
50000000000,63,76,0.6939701221616007
50000000000,76,63,-0.7935888486551377
50000000000,52,64,-0.968576883409888
50000000000,64,52,0.9692529104408311
50000000000,64,77,0.5956216824039214
50000000000,77,64,-0.6462472378411168
50000000000,65,66,0.9688619869236412
50000000000,66,65,-0.9696571890692041
50000000000,65,78,-0.7892995337811071
50000000000,78,65,0.813554160772443
50000000000,66,67,0.9696194454882148
50000000000,67,66,-0.9704270485140049
50000000000,66,79,-0.8113919464757688
50000000000,79,66,0.8869176180633835
50000000000,67,68,0.9705124849556193
50000000000,68,67,-0.9704340636564965
50000000000,67,80,-0.9031264747644452
50000000000,80,67,0.9707585324758495
50000000000,68,69,0.9707668657876702
50000000000,69,68,-0.9696627412368678
50000000000,68,81,-0.9865543723981
50000000000,81,68,0.9774168306047769
50000000000,69,70,0.9701667849963534
50000000000,70,69,-0.9687756719848326
50000000000,69,82,-0.9561264454160001
50000000000,82,69,0.8807780557663104
50000000000,70,71,0.9692374000112138
50000000000,71,70,-0.9685414633476964
50000000000,70,83,-0.8690655765932548
50000000000,83,70,0.8009088807805678
50000000000,71,72,0.9687857218989949
50000000000,72,71,-0.9692042335677437
50000000000,71,84,-0.8035965302806037
50000000000,84,71,0.7935699705717119
50000000000,72,73,0.969250111577601
50000000000,73,72,-0.9701794141684119
50000000000,72,85,-0.7911131781179656
50000000000,85,72,0.845917100672586
50000000000,73,74,0.970215202778973
50000000000,74,73,-0.9706562391254874
50000000000,73,86,-0.8506007068975842
50000000000,86,73,0.9318575019107009
50000000000,74,75,0.970866529504899
50000000000,75,74,-0.9702307451970291
50000000000,74,87,-0.9551689003460957
50000000000,87,74,0.9899936450720187
50000000000,75,76,0.9706419387796568
50000000000,76,75,-0.9692729168251917
50000000000,75,88,-0.9853435601624109
50000000000,88,75,0.9353675605857981
50000000000,76,77,0.9697305524453516
50000000000,77,76,-0.9686021715926729
50000000000,76,89,-0.913343177330257
50000000000,89,76,0.8326088875566462
50000000000,65,77,-0.9687891519263876
50000000000,77,65,0.9689065197097344
50000000000,77,90,-0.8312137202489583
50000000000,90,77,0.7884234504158999
50000000000,78,79,0.9687623299399554
50000000000,79,78,-0.969178290476593
50000000000,78,91,0.6194487662248933
50000000000,91,78,-0.5912012334385157
50000000000,79,80,0.9691697031354015
50000000000,80,79,-0.9701066372866397
50000000000,79,92,0.742446538760148
50000000000,92,79,-0.6512039650881278
50000000000,80,81,0.9701047648526091
50000000000,81,80,-0.9705462984396045
50000000000,80,93,0.9244021019040358
50000000000,93,80,-0.8367600542620734
50000000000,81,82,0.9707511583164319
50000000000,82,81,-0.970111242026946
50000000000,81,94,0.9810849855406625
50000000000,94,81,-0.9935710974484242
50000000000,82,83,0.9705560370202144
50000000000,83,82,-0.9691810803264166
50000000000,82,95,0.7912379474837203
50000000000,95,82,-0.887587608906827
50000000000,83,84,0.9696962079472358
50000000000,84,83,-0.9685527200338024
50000000000,83,96,0.6283854248882185
50000000000,96,83,-0.7099561109001697
50000000000,84,85,0.9689163238208562
50000000000,85,84,-0.9687898916969468
50000000000,84,97,0.5940964730471819
50000000000,97,84,-0.605695618845047
50000000000,85,86,0.9689208505574806
50000000000,86,85,-0.969700332166337
50000000000,85,98,0.6699258334852247
50000000000,98,85,-0.6049388660156146
50000000000,86,87,0.9697150015112793
50000000000,87,86,-0.9705273548894431
50000000000,86,99,0.8319923341892641
50000000000,99,86,-0.730527751318297
50000000000,87,88,0.9706308212707007
50000000000,88,87,-0.9705496202932695
50000000000,87,100,0.9873863624716008
50000000000,100,87,-0.9406869369106836
50000000000,88,89,0.9708717749821603
50000000000,89,88,-0.9697690161467931
50000000000,88,101,0.9011852108027324
50000000000,101,88,-0.9676754026744566
50000000000,89,90,0.9702343559351825
50000000000,90,89,-0.9688502702166225
50000000000,89,102,0.6939737262424029
50000000000,102,89,-0.7935888159234245
50000000000,78,90,-0.9685788969437882
50000000000,90,78,0.9692529104408362
50000000000,90,103,0.5956254315584498
50000000000,103,90,-0.6462184571048549
50000000000,91,92,0.9688601350813502
50000000000,92,91,-0.9696551336506248
50000000000,91,104,-0.7893135718299237
50000000000,104,91,0.8135521967469782
50000000000,92,93,0.9696173909922795
50000000000,93,92,-0.9704274290406257
50000000000,92,105,-0.8114129200341934
50000000000,105,92,0.8869163805511093
50000000000,93,94,0.9705128690150966
50000000000,94,93,-0.9704335934240169
50000000000,93,106,-0.9031179715944473
50000000000,106,93,0.9707596752992023
50000000000,94,95,0.970766404600113
50000000000,95,94,-0.9696627406170032
50000000000,94,107,-0.9865509023959028
50000000000,107,94,0.977416625820125
50000000000,95,96,0.9701667739850428
50000000000,96,95,-0.9687756609049506
50000000000,95,108,-0.9561259578276795
50000000000,108,95,0.8807346598620914
50000000000,96,97,0.9692374276741739
50000000000,97,96,-0.9685576256703934
50000000000,96,109,-0.8690641009089517
50000000000,109,96,0.8010105442863953
50000000000,97,98,0.9688018007775165
50000000000,98,97,-0.9692042075574893
50000000000,97,110,-0.8034629621641207
50000000000,110,97,0.7935677015093625
50000000000,98,99,0.969250111577619
50000000000,99,98,-0.9701794141684197
50000000000,98,111,-0.7911110456843135
50000000000,111,98,0.8459156032272913
50000000000,99,100,0.9702152011981365
50000000000,100,99,-0.9706562375290457
50000000000,99,112,-0.8505990386344855
50000000000,112,99,0.9318025073985878
50000000000,100,101,0.9708665295048994
50000000000,101,100,-0.9702307451970252
50000000000,100,113,-0.9551683094067729
50000000000,113,100,0.9899951501865074
50000000000,101,102,0.9706419389212383
50000000000,102,101,-0.9692727055073015
50000000000,101,114,-0.985343464306024
50000000000,114,101,0.9353699039111588
50000000000,102,103,0.9697303384250671
50000000000,103,102,-0.9685992516322005
50000000000,102,115,-0.9133436425664795
50000000000,115,102,0.8326161459909277
50000000000,91,103,-0.9687873029309967
50000000000,103,91,0.9689036027378114
50000000000,103,116,-0.8312344606189638
50000000000,116,103,0.788421146784926
50000000000,104,105,0.9687623311637509
50000000000,105,104,-0.9691782916931618
50000000000,104,117,0.6194488234803311
50000000000,117,104,-0.5912232763248922
50000000000,105,106,0.9691697033167173
50000000000,106,105,-0.970106359359181
50000000000,105,118,0.7424465443026999
50000000000,118,105,-0.6512116958249449
50000000000,106,107,0.9701044864723262
50000000000,107,106,-0.9705462984396047
50000000000,106,119,0.9243993136879697
50000000000,119,106,-0.8367564526817678
50000000000,107,108,0.9707511570354546
50000000000,108,107,-0.9701138477628114
50000000000,107,120,0.9810849998239402
50000000000,120,107,-0.9935692386057113
50000000000,108,109,0.970558616271246
50000000000,109,108,-0.9691712148804077
50000000000,108,121,0.7912935270234367
50000000000,121,108,-0.8875874697203265
50000000000,109,110,0.969686400965118
50000000000,110,109,-0.9685527427603555
50000000000,109,122,0.6282473759077666
50000000000,122,109,-0.7099564933656163
50000000000,110,111,0.9689163238208244
50000000000,111,110,-0.9687898916969714
50000000000,110,123,0.5940964730469157
50000000000,123,110,-0.6056956188446645
50000000000,111,112,0.9689208558352123
50000000000,112,111,-0.969708569539031
50000000000,111,124,0.6699258334852181
50000000000,124,111,-0.6049388660153268
50000000000,112,113,0.9697232119884349
50000000000,113,112,-0.9705258343696448
50000000000,112,125,0.8320817465661999
50000000000,125,112,-0.7305276313332727
50000000000,113,114,0.9706293125532405
50000000000,114,113,-0.9705494992644145
50000000000,113,126,0.9873778770155966
50000000000,126,113,-0.9406896771987894
50000000000,114,115,0.9708716583649009
50000000000,115,114,-0.9697682685887024
50000000000,114,127,0.9011810939175231
50000000000,127,114,-0.9676767397196048
50000000000,115,116,0.9702336100072898
50000000000,116,115,-0.9688502711586962
50000000000,115,128,0.6939612466672651
50000000000,128,115,-0.793591141101375
50000000000,104,116,-0.9685788952139438
50000000000,116,104,0.9692529087090501
50000000000,116,129,0.5956254154676176
50000000000,129,116,-0.646207796292673
50000000000,117,118,0.9688619844447939
50000000000,118,117,-0.969655646119682
50000000000,117,130,-0.7892994983761561
50000000000,130,117,0.8135701567675856
50000000000,118,119,0.9696179047670671
50000000000,119,118,-0.9704272865292974
50000000000,118,131,-0.8114093785834389
50000000000,131,118,0.8869176376675685
50000000000,119,120,0.97051272305117
50000000000,120,119,-0.9704340646497667
50000000000,119,132,-0.9031219659820553
50000000000,132,119,0.9707614298184372
50000000000,120,121,0.9707668660176273
50000000000,121,120,-0.9696627414622375
50000000000,120,133,-0.9865543723981024
50000000000,133,120,0.9774161810761713
50000000000,121,122,0.9701667849963634
50000000000,122,121,-0.9687756719848195
50000000000,121,134,-0.9561264454159947
50000000000,134,121,0.880778055766296
50000000000,122,123,0.9692374276742126
50000000000,123,122,-0.9685576256703501
50000000000,122,135,-0.8690655765932548
50000000000,135,122,0.8009088807807561
50000000000,123,124,0.968801800777493
50000000000,124,123,-0.9692042075574641
50000000000,123,136,-0.8034648432161253
50000000000,136,123,0.793569696087465
50000000000,124,125,0.9692501115776007
50000000000,125,124,-0.9701794141684098
50000000000,124,137,-0.7911131781179356
50000000000,137,124,0.8459171006726002
50000000000,125,126,0.9702152003550778
50000000000,126,125,-0.9706562787656546
50000000000,125,138,-0.8506009452205725
50000000000,138,125,0.9318032862708662
50000000000,126,127,0.9708665693821951
50000000000,127,126,-0.9702309102828175
50000000000,126,139,-0.955166729943788
50000000000,139,126,0.9899951757567289
50000000000,127,128,0.9706421005873479
50000000000,128,127,-0.9692729164143931
50000000000,127,140,-0.9853430161541107
50000000000,140,127,0.9353675672189852
50000000000,128,129,0.9697305496090775
50000000000,129,128,-0.9685982785825128
50000000000,128,141,-0.9133431696643689
50000000000,141,128,0.8326088712884786
50000000000,117,129,-0.9687891555312389
50000000000,129,117,0.9689026324483069
50000000000,129,142,-0.8312437290472984
50000000000,142,129,0.7884234504159464
50000000000,130,131,0.9687603191247591
50000000000,131,130,-0.9691782937208333
50000000000,130,143,0.6194231232719777
50000000000,143,130,-0.5912195399302606
50000000000,131,132,0.9691697031354422
50000000000,132,131,-0.970106081018792
50000000000,131,144,0.7424439226624125
50000000000,144,131,-0.6512310934713945
50000000000,132,133,0.9701042080372209
50000000000,133,132,-0.9705462777665524
50000000000,132,145,0.9243955372693092
50000000000,145,132,-0.8367529264310107
50000000000,133,134,0.9707511408027676
50000000000,134,133,-0.9701112434970954
50000000000,133,146,0.9810854404767275
50000000000,146,133,-0.9935701657751909
50000000000,134,135,0.9705560370202141
50000000000,135,134,-0.9691810803264063
50000000000,134,147,0.7912350276196176
50000000000,147,134,-0.8875861411598877
50000000000,135,136,0.9696962079472093
50000000000,136,135,-0.9685527200338024
50000000000,135,148,0.6283817957065483
50000000000,148,135,-0.7099534336470927
50000000000,136,137,0.9689163238208103
50000000000,137,136,-0.9687898916969698
50000000000,136,149,0.5940930345945269
50000000000,149,136,-0.6056923088474047
50000000000,137,138,0.9689208703506166
50000000000,138,137,-0.9697085839765613
50000000000,137,150,0.6699229290899341
50000000000,150,137,-0.6049352272166694
50000000000,138,139,0.9697232119884489
50000000000,139,138,-0.9705258343696461
50000000000,138,151,0.8320797122584439
50000000000,151,138,-0.7305241514691365
50000000000,139,140,0.9706293124481005
50000000000,140,139,-0.970549617803167
50000000000,139,152,0.9873777647029228
50000000000,152,139,-0.9406887745535605
50000000000,140,141,0.9708717751347167
50000000000,141,140,-0.9697690163067153
50000000000,140,153,0.9011837235004806
50000000000,153,140,-0.967676316054426
50000000000,141,142,0.9702343549941298
50000000000,142,141,-0.9688502692745278
50000000000,141,154,0.6939701221615782
50000000000,154,141,-0.793575393118818
50000000000,130,142,-0.968576883409882
50000000000,142,130,0.9692529104408468
50000000000,142,155,0.5956216824038298
50000000000,155,142,-0.646247237841016
50000000000,143,144,0.9688619869236353
50000000000,144,143,-0.9696571890692188
50000000000,143,156,-0.7892995691861217
50000000000,156,143,0.8135381638816572
50000000000,144,145,0.96961944590054
50000000000,145,144,-0.9704272386146604
50000000000,144,157,-0.8113919112726269
50000000000,157,144,0.8869175984591978
50000000000,145,146,0.9705126786046919
50000000000,146,145,-0.9704338303145916
50000000000,145,158,-0.903122867751901
50000000000,158,145,0.9707585277968522
50000000000,146,147,0.9707666354914225
50000000000,147,146,-0.969662741039603
50000000000,146,159,-0.9865526766740611
50000000000,159,146,0.9774159485947215
50000000000,147,148,0.9701667849963679
50000000000,148,147,-0.9687756719847944
50000000000,147,160,-0.9561264758902626
50000000000,160,147,0.8807572430200733
50000000000,148,149,0.9692374276741752
50000000000,149,148,-0.9685576256703363
50000000000,148,161,-0.869065576593489
50000000000,161,148,0.8009609140077606
50000000000,149,150,0.9688018007774519
50000000000,150,149,-0.9692042075575235
50000000000,149,162,-0.8034648432163585
50000000000,162,149,0.7935696960874771
50000000000,150,151,0.9692501115775913
50000000000,151,150,-0.9701794141684159
50000000000,150,163,-0.7911131781177163
50000000000,163,150,0.8459171006725703
50000000000,151,152,0.9702152003550898
50000000000,152,151,-0.9706562787656545
50000000000,151,164,-0.8506009452204449
50000000000,164,151,0.9318032862708977
50000000000,152,153,0.9708665693821956
50000000000,153,152,-0.9702309102828245
50000000000,152,165,-0.9551667299437772
50000000000,165,152,0.9899951757567278
50000000000,153,154,0.970642100587346
50000000000,154,153,-0.9692716859070618
50000000000,153,166,-0.9853430161541046
50000000000,166,153,0.93536756721899
50000000000,154,155,0.9697293222508773
50000000000,155,154,-0.9686021715926597
50000000000,154,167,-0.9133516757898513
50000000000,167,154,0.8325902101562304
50000000000,143,155,-0.9687891519263954
50000000000,155,143,0.9689065197097297
50000000000,155,168,-0.8312136923175074
50000000000,168,155,0.7884544404265237
50000000000,156,157,0.9687643367124054
50000000000,157,156,-0.969178283988019
50000000000,156,169,0.6194708018067324
50000000000,169,156,-0.5911789705870363
50000000000,157,158,0.969169704585728
50000000000,158,157,-0.9701066387186214
50000000000,157,170,0.7424464500788484
50000000000,170,157,-0.6512347284522458
50000000000,158,159,0.9701047651489224
50000000000,159,158,-0.9705462703117622
50000000000,158,171,0.9244020354756503
50000000000,171,158,-0.8367598992166001
50000000000,159,160,0.970751130422244
50000000000,160,159,-0.9701125447598085
50000000000,159,172,0.9810858940521039
50000000000,172,159,-0.9935701680300034
50000000000,160,161,0.9705573276618562
50000000000,161,160,-0.9691761514697775
50000000000,160,173,0.7912654103386022
50000000000,173,160,-0.8875873748233472
50000000000,161,162,0.9696912969666015
50000000000,162,161,-0.9685527200338029
50000000000,161,174,0.6283161420654726
50000000000,174,161,-0.709956110899998
50000000000,162,163,0.9689163238208068
50000000000,163,162,-0.9687898916969637
50000000000,162,175,0.5940962274427445
50000000000,175,162,-0.6056049803952084
50000000000,163,164,0.9689208703506323
50000000000,164,163,-0.9697085839765639
50000000000,163,176,0.6699258334852192
50000000000,176,163,-0.6049388660156007
50000000000,164,165,0.9697232119884351
50000000000,165,164,-0.9705258343696477
50000000000,164,177,0.8320815536525842
50000000000,177,164,-0.7305273013377562
50000000000,165,166,0.9706293124480988
50000000000,166,165,-0.9705496178031634
50000000000,165,178,0.9873778624925386
50000000000,178,165,-0.9406895604782723
50000000000,166,167,0.9708717749313078
50000000000,167,166,-0.9697705102211899
50000000000,166,179,0.9011851001773806
50000000000,179,166,-0.9676766987199419
50000000000,167,168,0.9702358440918688
50000000000,168,167,-0.9688469392422273
50000000000,167,180,0.6939983822286598
50000000000,180,167,-0.7935774563816214
50000000000,156,168,-0.9685809166094635
50000000000,168,156,0.969249591001324
50000000000,168,181,0.5955837534402262
50000000000,181,168,-0.646250276401658
50000000000,169,170,0.9688582849976684
50000000000,170,169,-0.9696571890692064
50000000000,169,182,-0.7893299103768677
50000000000,182,169,0.8135361997789593
50000000000,170,171,0.9696194463129136
50000000000,171,170,-0.9704274286396151
50000000000,170,183,-0.8113897286731613
50000000000,183,170,0.886894850176007
50000000000,171,172,0.9705128690150948
50000000000,172,171,-0.9704338311095786
50000000000,171,184,-0.9031179715944647
50000000000,184,171,0.97076402982943
50000000000,172,173,0.9707666354914227
50000000000,173,172,-0.9696627410396326
50000000000,172,185,-0.986552601100929
50000000000,185,172,0.9774156481055548
50000000000,173,174,0.9701667849963458
50000000000,174,173,-0.968775671984776
50000000000,173,186,-0.9561259883020284
50000000000,186,173,0.8807556718773428
50000000000,174,175,0.9692374138427138
50000000000,175,174,-0.9685495508079646
50000000000,174,187,-0.869064148507906
50000000000,187,174,0.8009585970316956
50000000000,175,176,0.9687937675853295
50000000000,176,175,-0.969204220562658
50000000000,175,188,-0.8035286233565841
50000000000,188,175,0.79363384517068
50000000000,176,177,0.9692501115776261
50000000000,177,176,-0.9701794141684209
50000000000,176,189,-0.7911109772050287
50000000000,189,176,0.8459155551395293
50000000000,177,178,0.9702152011981376
50000000000,178,177,-0.9706562796175885
50000000000,177,190,-0.8505989194727035
50000000000,190,177,0.931829619188484
50000000000,178,179,0.9708665679217376
50000000000,179,178,-0.97023090881362
50000000000,178,191,-0.9551661922878445
50000000000,191,178,0.9899951501865059
50000000000,179,180,0.9706421005873386
50000000000,180,179,-0.9692716859070486
50000000000,179,192,-0.9853429217683795
50000000000,192,179,0.9353667181691026
50000000000,180,181,0.969729322250881
50000000000,181,180,-0.9686021715926583
50000000000,180,193,-0.9133506946075856
50000000000,193,180,0.832588127722075
50000000000,169,181,-0.968785451410557
50000000000,181,169,0.9689065197097472
50000000000,181,194,-0.8312119047029501
50000000000,194,181,0.7884521096334566
50000000000,182,183,0.9687643432361785
50000000000,183,182,-0.9691812776736983
50000000000,182,195,0.6194712598398159
50000000000,195,182,-0.591179472980298
50000000000,183,184,0.9691726904758285
50000000000,184,183,-0.9701055230979783
50000000000,183,196,0.742479439406483
50000000000,196,183,-0.6512351110819172
50000000000,184,185,0.9701036513975426
50000000000,185,184,-0.9705462678263258
50000000000,184,197,0.9243910318439171
50000000000,197,184,-0.8367506050712086
50000000000,185,186,0.9707511278765971
50000000000,186,185,-0.970112544587563
50000000000,185,198,0.9810860071544926
50000000000,198,185,-0.9935701683577893
50000000000,186,187,0.9705573276618504
50000000000,187,186,-0.9691761514697815
50000000000,186,199,0.7912657878822782
50000000000,199,186,-0.8875875646172843
50000000000,187,188,0.9696912969665964
50000000000,188,187,-0.9685449281555238
50000000000,187,200,0.6283166605579059
50000000000,200,187,-0.70995649336533
50000000000,188,189,0.9689085617396724
50000000000,189,188,-0.9687899061430555
50000000000,188,201,0.5940068283618155
50000000000,201,188,-0.6056054532936157
50000000000,189,190,0.9689208505574395
50000000000,190,189,-0.9697044514548345
50000000000,189,202,0.6699260409423405
50000000000,202,189,-0.6049391259301053
50000000000,190,191,0.9697191099689466
50000000000,191,190,-0.9705258359823734
50000000000,190,203,0.8320372088162068
50000000000,203,190,-0.7305279763084273
50000000000,191,192,0.970629312448099
50000000000,192,191,-0.970549617803166
50000000000,191,204,0.9873778770155955
50000000000,204,191,-0.9406896771988028
50000000000,192,193,0.9708717749313054
50000000000,193,192,-0.9697705102211729
50000000000,192,205,0.9011851985110312
50000000000,205,192,-0.9676554941912772
50000000000,193,194,0.9702358440918727
50000000000,194,193,-0.9688469392422494
50000000000,193,206,0.6939988653982916
50000000000,206,193,-0.7935777620501199
50000000000,182,194,-0.9685809166094922
50000000000,194,182,0.9692495910013087
50000000000,194,207,0.5955842683661158
50000000000,207,194,-0.6462507104825505
50000000000,195,196,0.9688582849976547
50000000000,196,195,-0.9696571890692187
50000000000,195,208,-0.7893321761382105
50000000000,208,195,0.8135381638816056
50000000000,196,197,0.9696194454882118
50000000000,197,196,-0.9704270485140081
50000000000,196,209,-0.8113919816789189
50000000000,209,196,0.8868961049606517
50000000000,197,198,0.9705124881192451
50000000000,198,197,-0.9704338295196036
50000000000,197,210,-0.9031264747644215
50000000000,210,197,0.9707643386021949
50000000000,198,199,0.9707666354914223
50000000000,199,198,-0.9696627410396137
50000000000,198,211,-0.9865526775562337
50000000000,211,198,0.9774161947287417
50000000000,199,200,0.9701667849963644
50000000000,200,199,-0.9687756719847889
50000000000,199,212,-0.9561264758902458
50000000000,212,199,0.8807572430200649
50000000000,200,201,0.9692374138427309
50000000000,201,200,-0.9685495508079803
50000000000,200,213,-0.8690655765934426
50000000000,213,200,0.8009609140077701
50000000000,201,202,0.9687937675853223
50000000000,202,201,-0.9692042205626974
50000000000,201,214,-0.8035306939318894
50000000000,214,201,0.7936360407266716
50000000000,202,203,0.9692501115775827
50000000000,203,202,-0.970179414168418
50000000000,202,215,-0.7911133248453772
50000000000,215,202,0.8459172037081983
50000000000,203,204,0.9702152011981281
50000000000,204,203,-0.9706562796175879
50000000000,203,216,-0.850600826059021
50000000000,216,203,0.9318303978930177
50000000000,204,205,0.9708665706603206
50000000000,205,204,-0.9702283049243876
50000000000,204,217,-0.9551667484819918
50000000000,217,204,0.9899944106688785
50000000000,205,206,0.970639504543073
50000000000,206,205,-0.9692716891954517
50000000000,205,218,-0.9853517336523339
50000000000,218,205,0.9353676202844387
50000000000,206,207,0.9697293222508921
50000000000,207,206,-0.9686021715926472
50000000000,206,219,-0.9133516757898732
50000000000,219,206,0.8326276611224271
50000000000,195,207,-0.96878545141057
50000000000,207,195,0.9689065197097572
50000000000,207,220,-0.8312136923174336
50000000000,220,207,0.7883923845875621
50000000000,208,209,0.9687643432362049
50000000000,209,208,-0.9691812776737
50000000000,208,221,0.6194673665663512
50000000000,221,208,-0.5910872796454582
50000000000,209,210,0.9691726904758325
50000000000,210,209,-0.9701055230979702
50000000000,209,222,0.742476424409109
50000000000,222,209,-0.6511072079548258
50000000000,210,211,0.970103651002584
50000000000,211,210,-0.9705462777665529
50000000000,210,223,0.9243899689051194
50000000000,223,210,-0.8367481242675747
50000000000,211,212,0.9707511380576791
50000000000,212,211,-0.9701125452765529
50000000000,211,224,0.9810854404767311
50000000000,224,211,-0.993570165775191
50000000000,212,213,0.970557327661852
50000000000,213,212,-0.9691761514697834
50000000000,212,225,0.7912627675255673
50000000000,225,212,-0.8875860462625084
50000000000,213,214,0.9696912969665928
50000000000,214,213,-0.9685449281555571
50000000000,213,226,0.6283123829975823
50000000000,226,213,-0.7099533380311233
50000000000,214,215,0.9689085617396724
50000000000,215,214,-0.9687899061430247
50000000000,214,227,0.5940028983788369
50000000000,227,214,-0.6056468716699324
50000000000,215,216,0.9689208505574822
50000000000,216,215,-0.9697044514548161
50000000000,215,228,0.6699227216336024
50000000000,228,215,-0.6049349673026663
50000000000,216,217,0.9697191099689694
50000000000,217,216,-0.970526595234908
50000000000,216,229,0.8320351041021551
50000000000,229,216,-0.7305243764600191
50000000000,217,218,0.9706300662224733
50000000000,218,217,-0.9705496178031662
50000000000,217,230,0.9873820113946944
50000000000,230,217,-0.940688743430365
50000000000,218,219,0.9708717749313056
50000000000,219,218,-0.9697675207899642
50000000000,218,231,0.9011836251660073
50000000000,231,218,-0.9676550566834508
50000000000,219,220,0.9702328571922811
50000000000,220,219,-0.9688535891726501
50000000000,219,232,0.6939452439719193
50000000000,232,219,-0.7936831068940065
50000000000,208,220,-0.9685809166094719
50000000000,220,208,0.969256241137341
50000000000,220,233,0.5956632152571241
50000000000,233,220,-0.6461620593326753
50000000000,221,222,0.968850872488905
50000000000,222,221,-0.969648962631522
50000000000,221,234,-0.7893972385773269
50000000000,234,221,0.8135380411249955
50000000000,222,223,0.9696112145316287
50000000000,223,222,-0.9704270501211782
50000000000,222,235,-0.811484471124988
50000000000,235,222,0.8869820625456224
50000000000,223,224,0.9705124881192446
50000000000,224,223,-0.9704338295196036
50000000000,223,236,-0.9031263136412535
50000000000,236,223,0.9707526878901556
50000000000,224,225,0.9707666354914228
50000000000,225,224,-0.9696627410396059
50000000000,224,237,-0.9865526681463769
50000000000,237,224,0.9774168169525025
50000000000,225,226,0.9701667812426298
50000000000,226,225,-0.9687756682077143
50000000000,225,238,-0.9561264149417583
50000000000,238,225,0.8807518184619884
50000000000,226,227,0.9692374207584485
50000000000,227,226,-0.9685535898140603
50000000000,226,239,-0.8690654427102682
50000000000,239,226,0.8009346812938161
50000000000,227,228,0.968797792258389
50000000000,228,227,-0.9692042205626891
50000000000,227,240,-0.8034975762385336
50000000000,240,227,0.7936026642911791
50000000000,228,229,0.969250111577591
50000000000,229,228,-0.9701794141684167
50000000000,228,241,-0.7911129580263847
50000000000,241,228,0.845944951806121
50000000000,229,230,0.9702152011981393
50000000000,230,229,-0.9706562796175883
50000000000,229,242,-0.8506006473166727
50000000000,242,229,0.9318167456839774
50000000000,230,231,0.9708665706603198
50000000000,231,230,-0.9702283049243942
50000000000,230,243,-0.9551666789579116
50000000000,243,230,0.9899944073616166
50000000000,231,232,0.9706395078547281
50000000000,232,231,-0.9692815230062332
50000000000,231,244,-0.9853517187184919
50000000000,244,231,0.9353674858542474
50000000000,232,233,0.9697391389998742
50000000000,233,232,-0.9685943768521674
50000000000,232,245,-0.9132836721239571
50000000000,245,232,0.8326272707077451
50000000000,221,233,-0.9687780272582033
50000000000,233,221,0.9688987204225377
50000000000,233,246,-0.8312734830078448
50000000000,246,233,0.7883920931998025
50000000000,234,235,0.9687643301886175
50000000000,235,234,-0.9691693018393912
50000000000,234,247,0.6194710308233585
50000000000,247,234,-0.59109129910483
50000000000,235,236,0.9691607271099584
50000000000,236,235,-0.9701077534552287
50000000000,235,248,0.7423485400671089
50000000000,248,235,-0.6511115450372278
50000000000,236,237,0.970105877825617
50000000000,237,236,-0.9705462984396052
50000000000,236,249,0.9244133041895727
50000000000,249,236,-0.8367698134590319
50000000000,237,238,0.9707511570354541
50000000000,238,237,-0.9701128710903133
50000000000,237,250,0.9810849998239415
50000000000,250,237,-0.9935701683180578
50000000000,238,239,0.9705576508223719
50000000000,239,238,-0.9691786152183081
50000000000,238,251,0.7912727699143647
50000000000,251,238,-0.8875797059595361
50000000000,239,240,0.9696937534214473
50000000000,240,239,-0.9685488256109913
50000000000,239,252,0.6283512373744383
50000000000,252,239,-0.7099564455572026
50000000000,240,241,0.9689124442897755
50000000000,241,240,-0.9687861941801039
50000000000,240,253,0.5940517738665388
50000000000,253,240,-0.6056506546868187
50000000000,241,242,0.9689171624784002
50000000000,242,241,-0.9697065185322875
50000000000,241,254,0.6698858446702296
50000000000,254,241,-0.6049784339122082
50000000000,242,243,0.9697211617835202
50000000000,243,242,-0.9705265944316729
50000000000,242,255,0.8320595789822016
50000000000,255,242,-0.7305688828079849
50000000000,243,244,0.9706300679060056
50000000000,244,243,-0.9705496194985118
50000000000,243,256,0.9873821275421105
50000000000,256,243,-0.9406870536340168
50000000000,244,245,0.9708717747143444
50000000000,245,244,-0.9697675205633481
50000000000,244,257,0.9011852509512713
50000000000,257,244,-0.9676555087735791
50000000000,245,246,0.9702328571922783
50000000000,246,245,-0.9688535891726754
50000000000,245,258,0.6939491095956267
50000000000,258,245,-0.7936855516623134
50000000000,234,246,-0.9685809166094648
50000000000,246,234,0.9692562411373107
50000000000,246,259,0.5956673343423057
50000000000,259,246,-0.6461655323027142
50000000000,247,248,0.9688508724888943
50000000000,248,247,-0.9696489626315508
50000000000,247,260,-0.7893958226727358
50000000000,260,247,0.8135368135604553
50000000000,248,249,0.9696112161935568
50000000000,249,248,-0.9704278100633409
50000000000,248,261,-0.8114830633178467
50000000000,261,248,0.8869812786018735
50000000000,249,250,0.9705132496107279
50000000000,250,249,-0.9704338326995527
50000000000,249,262,-0.9031110792576124
50000000000,262,249,0.9707524819860078
50000000000,250,251,0.9707666354914223
50000000000,251,250,-0.9696619921870514
50000000000,250,263,-0.98655262109698
50000000000,263,250,0.9774166804294927
50000000000,251,252,0.970166037577609
50000000000,252,251,-0.9687756700962581
50000000000,251,264,-0.9561305433907713
50000000000,264,251,0.8807547514954372
50000000000,252,253,0.9692374173005851
50000000000,253,252,-0.9685535863481924
50000000000,252,265,-0.8690645055289132
50000000000,265,252,0.8009559244505534
50000000000,253,254,0.9687977987734603
50000000000,254,253,-0.9692072183011224
50000000000,253,266,-0.8034962982082207
50000000000,266,253,0.7935930330614906
50000000000,254,255,0.9692530970197888
50000000000,255,254,-0.9701816452229634
50000000000,254,267,-0.7910821546785722
50000000000,267,254,0.8459298675537325
50000000000,255,256,0.9702174260815871
50000000000,256,255,-0.9706562383272684
50000000000,255,268,-0.8505687985060196
50000000000,268,255,0.9318162346040755
50000000000,256,257,0.9708665331803616
50000000000,257,256,-0.9702283049243874
50000000000,256,269,-0.9551684310710605
50000000000,269,256,0.9899947731458313
50000000000,257,258,0.9706395078547313
50000000000,258,257,-0.9692815230062358
50000000000,257,270,-0.985351659768057
50000000000,270,257,0.9353669551983141
50000000000,258,259,0.9697391389998735
50000000000,259,258,-0.9685943768521315
50000000000,258,271,-0.9132830586357107
50000000000,271,258,0.8326259693246095
50000000000,247,259,-0.9687780272582237
50000000000,259,247,0.968898720422505
50000000000,259,272,-0.8312723659336352
50000000000,272,259,0.7883906362619522
50000000000,260,261,0.9687643301886016
50000000000,261,260,-0.9691693018393694
50000000000,260,273,0.6194701147576007
50000000000,273,260,-0.5910902942382901
50000000000,261,262,0.969160727109969
50000000000,262,261,-0.9701077534552348
50000000000,261,274,0.7423478304991827
50000000000,274,261,-0.6511105245471187
50000000000,262,263,0.9701058778256081
50000000000,263,262,-0.9705462984396039
50000000000,262,275,0.9244130384966156
50000000000,275,262,-0.8367691932944291
50000000000,263,264,0.9707511572069989
50000000000,264,263,-0.9701126269142476
50000000000,263,276,0.9810849426907755
50000000000,276,263,-0.9935701676823514
50000000000,264,265,0.97055740785045
50000000000,265,264,-0.9691764589256924
50000000000,264,277,0.7912667901072692
50000000000,277,264,-0.8875793322895758
50000000000,265,266,0.9696916083754716
50000000000,266,265,-0.9685498037653372
50000000000,265,278,0.628319937603722
50000000000,278,265,-0.7099557164830936
50000000000,266,267,0.9689134144555988
50000000000,267,266,-0.9687880451043349
50000000000,266,279,0.5940620084951261
50000000000,279,266,-0.6056496904593542
50000000000,267,268,0.9689190118269735
50000000000,268,267,-0.9697065185322706
50000000000,267,280,0.6699051908778214
50000000000,280,267,-0.6049529568003691
50000000000,268,269,0.9697211609622585
50000000000,269,268,-0.9705262141488037
50000000000,268,281,0.8320590528371251
50000000000,281,268,-0.7305577563599552
50000000000,269,270,0.9706296895901069
50000000000,270,269,-0.9705496179089945
50000000000,269,282,0.9873799770030248
50000000000,282,269,-0.940686849368085
50000000000,270,271,0.9708717747143449
50000000000,271,270,-0.9697675205633424
50000000000,270,283,0.9011850018437231
50000000000,283,270,-0.9676766713867989
50000000000,271,272,0.9702328571922835
50000000000,272,271,-0.9688535891726611
50000000000,271,284,0.6939480143468386
50000000000,284,271,-0.7935772220425135
50000000000,260,272,-0.968580916609463
50000000000,272,260,0.9692562411373227
50000000000,272,285,0.595666167278272
50000000000,285,272,-0.6461645483027149
50000000000,273,274,0.9688508724888857
50000000000,274,273,-0.9696489626315172
50000000000,273,286,-0.7893968798877651
50000000000,286,273,0.8135377301470034
50000000000,274,275,0.9696112161935864
50000000000,275,274,-0.9704278100633406
50000000000,274,287,-0.8114843960481829
50000000000,287,274,0.886895906289736
50000000000,275,276,0.9705132496107282
50000000000,276,275,-0.9704338326995519
50000000000,275,288,-0.9031117238015341
50000000000,288,275,0.9707526317345007
50000000000,276,277,0.9707666354914223
50000000000,277,276,-0.9696619921870664
50000000000,276,289,-0.9865526587365111
50000000000,289,276,0.9774154905848836
50000000000,277,278,0.970166037108132
50000000000,278,277,-0.9687756696241261
50000000000,277,290,-0.9561307890746846
50000000000,290,277,0.8807568502348825
50000000000,278,279,0.9692374188133952
50000000000,279,278,-0.9685535878645023
50000000000,278,291,-0.8690652251502103
50000000000,291,278,0.8009603438143552
50000000000,279,280,0.9687977965339191
50000000000,280,279,-0.9692053468182428
50000000000,279,292,-0.8034973436853321
50000000000,292,279,0.7935858654019732
50000000000,280,281,0.9692512321156911
50000000000,281,280,-0.9701810885070931
50000000000,280,293,-0.7911016547184091
50000000000,293,280,0.8459237160291466
50000000000,281,282,0.9702168703871743
50000000000,282,281,-0.9706562383272689
50000000000,281,294,-0.8505774016898469
50000000000,294,281,0.9318200189816512
50000000000,282,283,0.9708665291624753
50000000000,283,282,-0.9702309075278307
50000000000,282,295,-0.9551687135053952
50000000000,295,282,0.9899946908236005
50000000000,283,284,0.9706421005873412
50000000000,284,283,-0.9692716859070527
50000000000,283,296,-0.9853429866585898
50000000000,296,283,0.9353673018913937
50000000000,284,285,0.9697293109001843
50000000000,285,284,-0.9685943768521423
50000000000,284,297,-0.9133513691703187
50000000000,297,284,0.8326270104311985
50000000000,273,285,-0.9687780349694444
50000000000,285,273,0.9688987281513044
50000000000,285,298,-0.8312732595930423
50000000000,298,285,0.7885159017411338
50000000000,286,287,0.9687643562838096
50000000000,287,286,-0.969181290638521
50000000000,286,299,0.6194687406612576
50000000000,299,286,-0.5912646300505604
50000000000,287,288,0.9691726877713075
50000000000,288,287,-0.9701077450635402
50000000000,287,300,0.7424773111725275
50000000000,300,287,-0.6512320500452815
50000000000,288,289,0.9701058778256108
50000000000,289,288,-0.9705462570778304
50000000000,288,301,0.9244124716864108
50000000000,301,288,-0.8367678702798738
50000000000,289,290,0.9707511190642492
50000000000,290,289,-0.9701125452765536
50000000000,289,302,0.9810861667650457
50000000000,302,289,-0.9935701664109168
50000000000,290,291,0.9705573268436523
50000000000,291,290,-0.969176150645431
50000000000,290,303,0.791263522616255
50000000000,303,290,-0.887586425851909
50000000000,291,292,0.9696913026293482
50000000000,292,291,-0.9685507788859037
50000000000,291,304,0.6283134847929362
50000000000,304,291,-0.7099541507679135
50000000000,292,293,0.9689143862385002
50000000000,293,292,-0.968788971199501
50000000000,292,305,0.5940712376398037
50000000000,305,292,-0.6056477583130842
50000000000,293,294,0.9689199349933431
50000000000,294,293,-0.9697060031479736
50000000000,293,306,0.669913632114378
50000000000,306,293,-0.6049557585428934
50000000000,294,295,0.9697206481591287
50000000000,295,294,-0.9705263092478916
50000000000,294,307,0.8320524080653048
50000000000,307,294,-0.7305610698199044
50000000000,295,296,0.9706297841972287
50000000000,296,295,-0.9705496183063725
50000000000,295,308,0.9873804456930764
50000000000,308,295,-0.9406850342191992
50000000000,296,297,0.9708717749313062
50000000000,297,296,-0.9697675207899588
50000000000,296,309,0.9011842151720746
50000000000,309,296,-0.9676764527210624
50000000000,297,298,0.9702328571922826
50000000000,298,297,-0.9688402789224395
50000000000,297,310,0.6939462103783799
50000000000,310,297,-0.7935760808731525
50000000000,286,298,-0.9685809166094734
50000000000,298,286,0.9692429304770535
50000000000,298,311,0.5954981102580035
50000000000,311,298,-0.6461629275736883
50000000000,299,300,0.9688656859636288
50000000000,300,299,-0.969657189069196
50000000000,299,312,-0.7892668173128637
50000000000,312,299,0.8135380411250166
50000000000,300,301,0.9696194454882243
50000000000,301,300,-0.9704278068615332
50000000000,300,313,-0.8113919816789656
50000000000,313,300,0.8868961049607086
50000000000,301,302,0.9705132479243919
50000000000,302,301,-0.9704338310037218
50000000000,301,314,-0.9031120460729688
50000000000,314,301,0.9707759290799
50000000000,302,303,0.9707666354914221
50000000000,303,302,-0.9696627410396093
50000000000,302,315,-0.9865526775562357
50000000000,315,302,0.9774155451964482
50000000000,303,304,0.970166781242634
50000000000,304,303,-0.9687756682076829
50000000000,303,316,-0.9561264758902411
50000000000,316,303,0.8807572430200705
50000000000,304,305,0.9692374207584669
50000000000,305,304,-0.9685535898140505
50000000000,304,317,-0.8690656212211902
50000000000,317,304,0.8009349709331948
50000000000,305,306,0.9687977987734668
50000000000,306,305,-0.9692057229754589
50000000000,305,318,-0.8034978350803685
50000000000,318,305,0.7936029387556551
50000000000,306,307,0.9692516045908388
50000000000,307,306,-0.9701813665330611
50000000000,306,319,-0.7910985471563349
50000000000,319,306,0.845945106346319
50000000000,307,308,0.9702171490526768
50000000000,308,307,-0.9706562180571995
50000000000,307,320,-0.8505740535141261
50000000000,320,307,0.931816818695374
50000000000,308,309,0.9708665090285271
50000000000,309,308,-0.9702309061503289
50000000000,308,321,-0.9551699284281951
50000000000,321,308,0.9899946982642808
50000000000,309,310,0.970642100587346
50000000000,310,309,-0.9692716859070388
50000000000,309,322,-0.985343010255011
50000000000,322,309,0.9353675141534924
50000000000,310,311,0.9697293109002028
50000000000,311,310,-0.9685943768521504
50000000000,310,323,-0.913351614465933
50000000000,323,310,0.8326275309842451
50000000000,299,311,-0.9687928639608671
50000000000,311,299,0.9688987494078195
50000000000,311,324,-0.8312737064232465
50000000000,324,311,0.7885164843629208
50000000000,312,313,0.9687643562837193
50000000000,313,312,-0.9691812906384897
50000000000,312,325,0.6194705727903069
50000000000,325,312,-0.591266639460151
50000000000,313,314,0.9691726846810286
50000000000,314,313,-0.9701032892048542
50000000000,313,326,0.7424787299948613
50000000000,326,313,-0.6512340907365105
50000000000,314,315,0.9701014198297286
50000000000,315,314,-0.970546256220065
50000000000,314,327,0.9243686240861634
50000000000,327,314,-0.8367691932944418
50000000000,315,316,0.9707511190642485
50000000000,316,315,-0.9701125452765534
50000000000,315,328,0.981086281025897
50000000000,328,315,-0.9935701676823504
50000000000,316,317,0.9705573276618505
50000000000,317,316,-0.9691786152183316
50000000000,316,329,0.7912650327946215
50000000000,329,316,-0.887587185029345
50000000000,317,318,0.9696937534214234
50000000000,318,317,-0.9685488256110351
50000000000,317,330,0.6283501356180828
50000000000,330,317,-0.7099556328189125
50000000000,318,319,0.9689124442897571
50000000000,319,318,-0.9687861941801099
50000000000,318,331,0.5940507914098222
50000000000,331,318,-0.6056497089311669
50000000000,319,320,0.9689171624783981
50000000000,320,319,-0.9697065185322774
50000000000,319,332,0.6698850148008542
50000000000,332,319,-0.6049773942931097
50000000000,320,321,0.9697211611675779
50000000000,321,320,-0.9705263092479021
50000000000,320,333,0.8320590528371532
50000000000,333,320,-0.7305679829059192
50000000000,321,322,0.9706297841972166
50000000000,322,321,-0.9705496183063747
50000000000,321,334,0.9873805046813768
50000000000,334,321,-0.9406861643002647
50000000000,322,323,0.9708717749313049
50000000000,323,322,-0.9697675207899581
50000000000,322,335,0.9011849035099443
50000000000,335,322,-0.9676660289426698
50000000000,323,324,0.9702328571922801
50000000000,324,323,-0.9688402789224226
50000000000,323,336,0.6939481431902321
50000000000,336,323,-0.7935773035473853
50000000000,312,324,-0.9685809166095043
50000000000,324,312,0.9692429304770758
50000000000,324,337,0.5955001701168744
50000000000,337,324,-0.646164664058919
50000000000,325,326,0.9688656859636356
50000000000,326,325,-0.9696571890692365
50000000000,325,338,-0.7892651177558253
50000000000,338,325,0.8135365680477604
50000000000,326,327,0.9696194454882153
50000000000,327,326,-0.970427806861531
50000000000,326,339,-0.8113902919245125
50000000000,339,326,0.8868951638719464
50000000000,327,328,0.9705132479243952
50000000000,328,327,-0.9704338310037204
50000000000,327,340,-0.9031110792576021
50000000000,340,327,0.9707757045786272
50000000000,328,329,0.9707666354914231
50000000000,329,328,-0.9696627410396281
50000000000,328,341,-0.9865526185878802
50000000000,341,328,0.9774153740805082
50000000000,329,330,0.9701667812426269
50000000000,330,329,-0.9687756682077169
50000000000,329,342,-0.956126110199085
50000000000,342,329,0.8807560646635064
50000000000,330,331,0.9692374207584453
50000000000,331,330,-0.9685535898140671
50000000000,330,343,-0.8690645501565568
50000000000,343,330,0.8009592486811093
50000000000,331,332,0.9687977987734668
50000000000,332,331,-0.969207218301132
50000000000,331,344,-0.8034962820306126
50000000000,344,331,0.79363439405893
50000000000,332,333,0.9692530970197667
50000000000,333,332,-0.97018164522296
50000000000,332,345,-0.7910822280470243
50000000000,345,332,0.8459159157635561
50000000000,333,334,0.970217426674808
50000000000,334,333,-0.9706562283937789
50000000000,333,346,-0.8505687389192638
50000000000,346,333,0.9318297895300748
50000000000,334,335,0.9708665214946507
50000000000,335,334,-0.9702296069518089
50000000000,334,347,-0.9551689733630042
50000000000,347,334,0.9899947737658706
50000000000,335,336,0.9706408052369146
50000000000,336,335,-0.9692716891954728
50000000000,335,348,-0.9853473023447076
50000000000,348,335,0.9353669304320141
50000000000,336,337,0.9697293109001826
50000000000,337,336,-0.96859437685214
50000000000,336,349,-0.9133508785791907
50000000000,349,336,0.8326259693246019
50000000000,325,337,-0.9687928639608081
50000000000,337,325,0.9688987494078356
50000000000,337,350,-0.8312724776409666
50000000000,350,337,0.7883907819556627
50000000000,338,339,0.9687643562837615
50000000000,339,338,-0.969181290638519
50000000000,0,338,0.23147596600575557
50000000000,338,0,-0.22054472690880006
50000000000,339,340,0.9691726846810107
50000000000,340,339,-0.9701032892048663
50000000000,1,339,0.2961189542273509
50000000000,339,1,-0.18350637073986284
50000000000,340,341,0.9701014206716729
50000000000,341,340,-0.9705462570778307
50000000000,2,340,0.4134527895320332
50000000000,340,2,-0.22927786030641095
50000000000,341,342,0.9707511176001059
50000000000,342,341,-0.9701125438068371
50000000000,3,341,0.9540704592783659
50000000000,341,3,-0.8611419367218816
50000000000,342,343,0.9705573276618529
50000000000,343,342,-0.9691761514697845
50000000000,4,342,0.294434589438762
50000000000,342,4,-0.48736238926704384
50000000000,343,344,0.9696912969665961
50000000000,344,343,-0.9685449281555687
50000000000,5,343,0.18283226910661457
50000000000,343,5,-0.320885035609374
50000000000,344,345,0.9689085617396854
50000000000,345,344,-0.9687899061430326
50000000000,6,344,0.20632473224534933
50000000000,344,6,-0.2485209028443044
50000000000,345,346,0.9689208505574659
50000000000,346,345,-0.9697044514548394
50000000000,7,345,0.26163599131515547
50000000000,345,7,-0.1975281934063778
50000000000,346,347,0.9697191091460935
50000000000,347,346,-0.970526214953607
50000000000,8,346,0.3420210033949462
50000000000,346,8,-0.18761310713470922
50000000000,347,348,0.9706296895901068
50000000000,348,347,-0.9705496179089939
50000000000,9,347,0.5699660999249873
50000000000,347,9,-0.3782808799486844
50000000000,348,349,0.9708717749313045
50000000000,349,348,-0.9697675207899613
50000000000,10,348,0.6053500751135894
50000000000,348,10,-0.7685230038945524
50000000000,349,350,0.9702328647284691
50000000000,350,349,-0.9688535967013856
50000000000,11,349,0.20564223099415288
50000000000,349,11,-0.3793604260544409
50000000000,338,350,-0.9685809027772414
50000000000,350,338,0.9692562272960085
50000000000,12,350,0.18813069428598775
50000000000,350,12,-0.28136719633164436
60000000000,0,1,0.9687579345819054
60000000000,1,0,-0.9691934459303072
60000000000,0,13,0.6210123276439401
60000000000,13,0,-0.5911962503723209
60000000000,1,2,0.9691838868274355
60000000000,2,1,-0.9701231648427021
60000000000,1,14,0.7458190336972862
60000000000,14,1,-0.6537898351151697
60000000000,2,3,0.9701215578683928
60000000000,3,2,-0.9705471616565917
60000000000,2,15,0.9278422995101406
60000000000,15,2,-0.841369479033293
60000000000,3,4,0.9707554174680441
60000000000,4,3,-0.9700973967812752
60000000000,3,16,0.979072847132754
60000000000,16,3,-0.9940523332587797
60000000000,4,5,0.9705428806660564
60000000000,5,4,-0.9691579385293349
60000000000,4,17,0.7868154644723309
60000000000,17,4,-0.883771668509706
60000000000,5,6,0.9696682090265005
60000000000,6,5,-0.968542219016432
60000000000,5,18,0.626317259689165
60000000000,18,5,-0.7068551855975315
60000000000,6,7,0.9688991579986547
60000000000,7,6,-0.96879918025806
60000000000,6,19,0.5945466452567505
60000000000,19,6,-0.6045137417451872
60000000000,7,8,0.96892727421057
60000000000,8,7,-0.9697254157787669
60000000000,7,20,0.6724446122975387
60000000000,20,7,-0.606190513497666
60000000000,8,9,0.9697407748666056
60000000000,9,8,-0.9705331400717285
60000000000,8,21,0.8359336117992947
60000000000,21,8,-0.7345431458587766
60000000000,9,10,0.9706454590018683
60000000000,10,9,-0.9705420528733889
60000000000,9,22,0.9887047267903074
60000000000,22,9,-0.944233862229635
60000000000,10,11,0.9708666654620682
60000000000,11,10,-0.9697468995576034
60000000000,10,23,0.8969156714619058
60000000000,23,10,-0.9651576170841848
60000000000,11,12,0.9702118925962864
60000000000,12,11,-0.9688403376084028
60000000000,11,24,0.690563901664296
60000000000,24,11,-0.7898671051942344
60000000000,0,12,-0.9685807304461934
60000000000,12,0,0.9692404009982091
60000000000,12,25,0.595030660116924
60000000000,25,12,-0.6441174628476661
60000000000,13,14,0.9688675325262971
60000000000,14,13,-0.9696713612677292
60000000000,13,26,-0.7890495921602072
60000000000,26,13,0.8146159697723079
60000000000,14,15,0.9696374803254587
60000000000,15,14,-0.9704379208389696
60000000000,14,27,-0.8126786306557074
60000000000,27,14,0.88871052730716
60000000000,15,16,0.9705257172350106
60000000000,16,15,-0.9704247934932534
60000000000,15,28,-0.905392423307639
60000000000,28,15,0.9720473250031473
60000000000,16,17,0.9707618956192261
60000000000,17,16,-0.9696420745418552
60000000000,16,29,-0.9871697745516491
60000000000,29,16,0.976189580838499
60000000000,17,18,0.9701496801190929
60000000000,18,17,-0.9687571163801473
60000000000,17,30,-0.9545293038381687
60000000000,30,17,0.878546237391535
60000000000,18,19,0.9692165456240477
60000000000,19,18,-0.9685570763274446
60000000000,18,31,-0.8673812032111152
60000000000,31,18,0.8000314092273548
60000000000,19,20,0.9687984878192354
60000000000,20,19,-0.9692229083895201
60000000000,19,32,-0.8026333447643191
60000000000,32,19,0.7941094163313246
60000000000,20,21,0.9692706809052423
60000000000,21,20,-0.9701999026591402
60000000000,20,33,-0.7915570400092548
60000000000,33,20,0.8474879063579723
60000000000,21,22,0.9702395330007323
60000000000,22,21,-0.9706583967546653
60000000000,21,34,-0.8525029485784326
60000000000,34,21,0.9336252832477521
60000000000,22,23,0.9708702422796612
60000000000,23,22,-0.9702141570932676
60000000000,22,35,-0.956980250791539
60000000000,35,22,0.9901531855188027
60000000000,23,24,0.970628852030599
60000000000,24,23,-0.9692536059070994
60000000000,23,36,-0.9846099847931407
60000000000,36,23,0.9332031010023394
60000000000,24,25,0.9697121097866757
60000000000,25,24,-0.9685968395770324
60000000000,24,37,-0.9114769670518008
60000000000,37,24,0.8309317988549113
60000000000,13,25,-0.9688026072782019
60000000000,25,13,0.9688966171990808
60000000000,25,38,-0.8298486168925112
60000000000,38,25,0.7883182298880542
60000000000,26,27,0.9687659788798784
60000000000,27,26,-0.9691993517177369
60000000000,26,39,0.6211013055382782
60000000000,39,26,-0.5911962503724583
60000000000,27,28,0.969189795839352
60000000000,28,27,-0.9701231648426994
60000000000,27,40,0.7458837193444556
60000000000,40,27,-0.6538508306026114
60000000000,28,29,0.9701215578683998
60000000000,29,28,-0.9705472236315986
60000000000,28,41,0.9278422995101644
60000000000,41,28,-0.841369479033291
60000000000,29,30,0.9707554749706006
60000000000,30,29,-0.9700973994766622
60000000000,29,42,0.9790703540387752
60000000000,42,29,-0.9940538043854436
60000000000,30,31,0.9705428841088565
60000000000,31,30,-0.9691629473325558
60000000000,30,43,0.7868156562381405
60000000000,43,30,-0.88377176615537
60000000000,31,32,0.9696731996386717
60000000000,32,31,-0.9685500387720113
60000000000,31,44,0.6263872255344541
60000000000,44,31,-0.7069284474591186
60000000000,32,33,0.9689069479558446
60000000000,33,32,-0.9687991658172077
60000000000,32,45,0.5946364114458546
60000000000,45,32,-0.6045135046048075
60000000000,33,34,0.9689272839623673
60000000000,34,33,-0.9697254254832383
60000000000,33,46,0.6724448187410502
60000000000,46,33,-0.6061907735456201
60000000000,34,35,0.9697407741224976
60000000000,35,34,-0.9705331393430536
60000000000,34,47,0.8359334825805513
60000000000,47,34,-0.7345029320869861
60000000000,35,36,0.9706454590018698
60000000000,36,35,-0.9705421846120423
60000000000,35,48,0.9887047297049785
60000000000,48,35,-0.9442338895390598
60000000000,36,37,0.9708667949697662
60000000000,37,36,-0.9697499675996507
60000000000,36,49,0.8969202078829459
60000000000,49,36,-0.9651633028880341
60000000000,37,38,0.9702149505631604
60000000000,38,37,-0.9688336214178547
60000000000,37,50,0.6906147727175322
60000000000,50,37,-0.7898671051941923
60000000000,26,38,-0.9685887864628435
60000000000,38,26,0.9692337061247598
60000000000,38,51,0.5949474275360344
60000000000,51,38,-0.6441176807794465
60000000000,39,40,0.9688675325262823
60000000000,40,39,-0.9696753905598047
60000000000,39,52,-0.7890515799712835
60000000000,52,39,0.8146815698698482
60000000000,40,41,0.9696415127695676
60000000000,41,40,-0.9704379208389713
60000000000,40,53,-0.8126348686293903
60000000000,53,40,0.888732874526908
60000000000,41,42,0.9705257236061234
60000000000,42,41,-0.9704242686266846
60000000000,41,54,-0.9053935251279494
60000000000,54,41,0.9720475718801556
60000000000,42,43,0.970761378535329
60000000000,43,42,-0.9696420739564471
60000000000,42,55,-0.9871665592529429
60000000000,55,42,0.976187485880687
60000000000,43,44,0.9701496801190977
60000000000,44,43,-0.9687638386931758
60000000000,43,56,-0.9545297479204974
60000000000,56,43,0.8785476351994692
60000000000,44,45,0.9692232387739166
60000000000,45,44,-0.9685570623975052
60000000000,44,57,-0.8673330032845411
60000000000,57,44,0.8000859818019168
60000000000,45,46,0.9687985007528164
60000000000,46,45,-0.9692229212899868
60000000000,45,58,-0.802635425322274
60000000000,58,45,0.7940453450565308
60000000000,46,47,0.9692706752947345
60000000000,47,46,-0.9701977404071752
60000000000,46,59,-0.7915592410380639
60000000000,59,46,0.8474338713851312
60000000000,47,48,0.9702373814785422
60000000000,48,47,-0.9706583950496476
60000000000,47,60,-0.8525346309105359
60000000000,60,47,0.9336259940553189
60000000000,48,49,0.9708702422796621
60000000000,49,48,-0.9702148368202671
60000000000,48,61,-0.9569807466051916
60000000000,61,48,0.9901527205427147
60000000000,49,50,0.9706295299573123
60000000000,50,49,-0.9692536059070987
60000000000,49,62,-0.9846076841956392
60000000000,62,49,0.9332047649394316
60000000000,50,51,0.9697121097866688
60000000000,51,50,-0.9685968395770168
60000000000,50,63,-0.9114778742608435
60000000000,63,50,0.8309336995547395
60000000000,39,51,-0.9688026072782372
60000000000,51,39,0.9688966171990955
60000000000,51,64,-0.8298502488075978
60000000000,64,51,0.7883203394879812
60000000000,52,53,0.968757941063899
60000000000,53,52,-0.9691964064181777
60000000000,52,65,0.6210089038786404
60000000000,65,52,-0.5911924749750456
60000000000,53,54,0.9691868396763391
60000000000,54,53,-0.9701231620635729
60000000000,53,66,0.7458486514991233
60000000000,66,53,-0.6538163889325944
60000000000,54,55,0.9701215578683895
60000000000,55,54,-0.9705471616565934
60000000000,54,67,0.9278413462412791
60000000000,67,54,-0.8413672090542161
60000000000,55,56,0.9707554201528591
60000000000,56,55,-0.9700973994766591
60000000000,55,68,0.97907257365429
60000000000,68,55,-0.9940538097491999
60000000000,56,57,0.9705428841088598
60000000000,57,56,-0.9691579420000416
60000000000,56,69,0.7868125879777387
60000000000,69,56,-0.8837054611429742
60000000000,57,58,0.969668220491602
60000000000,58,57,-0.9685578578228599
60000000000,57,70,0.6263136271014557
60000000000,70,57,-0.7069257526704994
60000000000,58,59,0.9689147401817743
60000000000,59,58,-0.9688065279402788
60000000000,58,71,0.5947227450521076
60000000000,71,58,-0.6045099475069878
60000000000,59,60,0.9689346228953963
60000000000,60,59,-0.9697254157787575
60000000000,59,72,0.6725218216366318
60000000000,72,59,-0.6061866127877995
60000000000,60,61,0.9697407756107324
60000000000,61,60,-0.9705338541727216
60000000000,60,73,0.8359316735162984
60000000000,73,60,-0.734539801824899
60000000000,61,62,0.9706461684292816
60000000000,62,61,-0.9705421530856344
60000000000,61,74,0.9887083669753672
60000000000,74,61,-0.9442330156331413
60000000000,62,63,0.9708667625847225
60000000000,63,62,-0.9697499676182275
60000000000,62,75,0.8969175180566008
60000000000,75,62,-0.9651656820224872
60000000000,63,64,0.970214950563147
60000000000,64,63,-0.9688336214178472
60000000000,63,76,0.6906110077039624
60000000000,76,63,-0.7898510349450839
60000000000,52,64,-0.9685807374025953
60000000000,64,52,0.9692336991610135
60000000000,64,77,0.5949434421687322
60000000000,77,64,-0.6441143028425387
60000000000,65,66,0.968867532526318
60000000000,66,65,-0.9696733767051122
60000000000,65,78,-0.7890517574545288
60000000000,78,65,0.8146497785591099
60000000000,66,67,0.9696394973383462
60000000000,67,66,-0.9704379208389692
60000000000,66,79,-0.8126578725956339
60000000000,79,66,0.8887329324915526
60000000000,67,68,0.9705257221193937
60000000000,68,67,-0.9704242671304347
60000000000,67,80,-0.9053936431798504
60000000000,80,67,0.9720475983312342
60000000000,68,69,0.970761378963793
60000000000,69,68,-0.9696359212768539
60000000000,68,81,-0.9871665614479116
60000000000,81,68,0.9761886599754008
60000000000,69,70,0.970143568958757
60000000000,70,69,-0.9687638541367816
60000000000,69,82,-0.9545665647316073
60000000000,82,69,0.8785478348859589
60000000000,70,71,0.9692232387739304
60000000000,71,70,-0.9685570623975116
60000000000,70,83,-0.8673330032845852
60000000000,83,70,0.8000859818018768
60000000000,71,72,0.9687984878192791
60000000000,72,71,-0.9692229083895332
60000000000,71,84,-0.8026354253220125
60000000000,84,71,0.7940453450563392
60000000000,72,73,0.9692706809052505
60000000000,73,72,-0.9701999026591454
60000000000,72,85,-0.7915593877735476
60000000000,85,72,0.847433973516715
60000000000,73,74,0.970239533000725
60000000000,74,73,-0.9706583967546639
60000000000,73,86,-0.8525047172692711
60000000000,86,73,0.933625994055455
60000000000,74,75,0.9708702416113678
60000000000,75,74,-0.9702151758093719
60000000000,74,87,-0.9569807796593268
60000000000,87,74,0.9901532094743134
60000000000,75,76,0.9706298678560192
60000000000,76,75,-0.9692523556186307
60000000000,75,88,-0.984606490371675
60000000000,88,75,0.9332056659025572
60000000000,76,77,0.9697108606459524
60000000000,77,76,-0.9685968395770305
60000000000,76,89,-0.9114865702697565
60000000000,89,76,0.8309433423230274
60000000000,65,77,-0.9688026072782153
60000000000,77,65,0.9688966171990878
60000000000,77,90,-0.8298503894901176
60000000000,90,77,0.788304934838635
60000000000,78,79,0.9687619582972123
60000000000,79,78,-0.969196399979717
60000000000,78,91,0.6210567884984036
60000000000,91,78,-0.5911962189108196
60000000000,79,80,0.969186843894558
60000000000,80,79,-0.9701231662322708
60000000000,79,92,0.7458513330770468
60000000000,92,79,-0.6538202694454143
60000000000,80,81,0.9701215587090453
60000000000,81,80,-0.9705471935226446
60000000000,80,93,0.9278422677346231
60000000000,93,80,-0.8413694033675683
60000000000,81,82,0.9707554475848178
60000000000,82,81,-0.9700973994766643
60000000000,81,94,0.9790716083534635
60000000000,94,81,-0.9940523334551952
60000000000,82,83,0.9705428841088563
60000000000,83,82,-0.9691579420000472
60000000000,82,95,0.7868155539715395
60000000000,95,82,-0.8837717140819498
60000000000,83,84,0.9696682204916036
60000000000,84,83,-0.9685578578228756
60000000000,83,96,0.6263172596892986
60000000000,96,83,-0.7069284474590858
60000000000,84,85,0.9689147401818045
60000000000,85,84,-0.968806527940216
60000000000,84,97,0.5947261747685127
60000000000,97,84,-0.6045132674645127
60000000000,85,86,0.9689346228954118
60000000000,86,85,-0.9697254157787397
60000000000,85,98,0.6725247115539381
60000000000,98,85,-0.6061902534502028
60000000000,86,87,0.9697407756107078
60000000000,87,86,-0.9705331408003915
60000000000,86,99,0.8359334825803659
60000000000,99,86,-0.734462940279918
60000000000,87,88,0.9706454605925247
60000000000,88,87,-0.9705421203540974
60000000000,87,100,0.9887047238756488
60000000000,100,87,-0.9442338349202033
60000000000,88,89,0.9708667301931516
60000000000,89,88,-0.9697492010417589
60000000000,88,101,0.8969179268701148
60000000000,101,88,-0.965163291716355
60000000000,89,90,0.9702141874832237
60000000000,90,89,-0.968835302415045
60000000000,89,102,0.690601958293553
60000000000,102,89,-0.7898553480382545
60000000000,78,90,-0.9685847600278927
60000000000,90,78,0.9692353773407707
60000000000,90,103,0.5949680591320872
60000000000,103,90,-0.6440853985728168
60000000000,91,92,0.9688675313058959
60000000000,92,91,-0.9696733754947645
60000000000,91,104,-0.7890494501737124
60000000000,104,91,0.8146557816588783
60000000000,92,93,0.9696394973383348
60000000000,93,92,-0.9704379208389712
60000000000,92,105,-0.8126556328437721
60000000000,105,92,0.8887330248997246
60000000000,93,94,0.9705257189338328
60000000000,94,93,-0.9704247952013225
60000000000,93,106,-0.9053923839568345
60000000000,106,93,0.9720445558553166
60000000000,94,95,0.9707618956192243
60000000000,95,94,-0.9696420745418521
60000000000,94,107,-0.9871697726314129
60000000000,107,94,0.9761884077266485
60000000000,95,96,0.9701496842131453
60000000000,96,95,-0.9687638428111438
60000000000,95,108,-0.9545293038381611
60000000000,108,95,0.8785462373915253
60000000000,96,97,0.9692232387739148
60000000000,97,96,-0.9685570623974977
60000000000,96,109,-0.8673316910495564
60000000000,109,96,0.8000838733368089
60000000000,97,98,0.968798487819236
60000000000,98,97,-0.9692229083895375
60000000000,97,110,-0.802633275418235
60000000000,110,97,0.7941755891780711
60000000000,98,99,0.9692706809052447
60000000000,99,98,-0.9701955859036742
60000000000,98,111,-0.7915572552272715
60000000000,111,98,0.8474324892137034
60000000000,99,100,0.9702352282445009
60000000000,100,99,-0.9706583950496481
60000000000,99,112,-0.8525628897868144
60000000000,112,99,0.9336253306348224
60000000000,100,101,0.9708702419455137
60000000000,101,100,-0.9702148364835079
60000000000,100,113,-0.9569802177371945
60000000000,113,100,0.9901531840215847
60000000000,101,102,0.9706295294441243
60000000000,102,101,-0.9692525365808513
60000000000,101,114,-0.9846075844465939
60000000000,114,101,0.9332030666345369
60000000000,102,103,0.9697110393329995
60000000000,103,102,-0.968593909549615
60000000000,102,115,-0.9114843140037956
60000000000,115,102,0.8309507595004897
60000000000,91,103,-0.9688026117796554
60000000000,103,91,0.9688936930237996
60000000000,103,116,-0.8298712478806332
60000000000,116,103,0.7883026342072134
60000000000,104,105,0.9687609546862442
60000000000,105,104,-0.969196217431472
60000000000,104,117,0.6210456662338383
60000000000,117,104,-0.5911743038325282
60000000000,105,106,0.9691866590577631
60000000000,106,105,-0.9701237047438315
60000000000,105,118,0.7458493281336043
60000000000,118,105,-0.6538355421231664
60000000000,106,107,0.9701220979118117
60000000000,107,106,-0.970547193522644
60000000000,106,119,0.9278476070227774
60000000000,119,106,-0.8413739766017931
60000000000,107,108,0.9707554463321143
60000000000,108,107,-0.9700973982186974
60000000000,107,120,0.9790715918117807
60000000000,120,107,-0.994053804213195
60000000000,108,109,0.9705428841088583
60000000000,109,108,-0.9691579420000243
60000000000,108,121,0.7868156562381555
60000000000,121,108,-0.8837717661553763
60000000000,109,110,0.9696681975613527
60000000000,110,109,-0.9685422074997309
60000000000,109,122,0.626317259689309
60000000000,122,109,-0.7069284474591149
60000000000,110,111,0.9688991724433339
60000000000,111,110,-0.9688065567680408
60000000000,110,123,0.5945466452567217
60000000000,123,110,-0.604513741745177
60000000000,111,112,0.9689346280855635
60000000000,112,111,-0.9697254209540861
60000000000,111,124,0.6725247115536377
60000000000,124,111,-0.6061902534502233
60000000000,112,113,0.969740772634274
60000000000,113,112,-0.9705331378856773
60000000000,112,125,0.8359334136697407
60000000000,125,112,-0.7345428040345037
60000000000,113,114,0.9706454574112223
60000000000,114,113,-0.9705421830138115
60000000000,113,126,0.988704729704979
60000000000,126,113,-0.9442360699006906
60000000000,114,115,0.9708667950418027
60000000000,115,114,-0.9697484341821164
60000000000,114,127,0.8969201566662584
60000000000,127,114,-0.9651632879924621
60000000000,115,116,0.9702134221787808
60000000000,116,115,-0.968835303378746
60000000000,115,128,0.6905892766268728
60000000000,128,115,-0.7898533950413186
60000000000,104,116,-0.9685837529274721
60000000000,116,104,0.9692353756006147
60000000000,116,129,0.5949680430623183
60000000000,129,116,-0.6440746922011308
60000000000,117,118,0.9688656937941437
60000000000,118,117,-0.9696743850400824
60000000000,117,130,-0.7890679868898457
60000000000,130,117,0.8146816919059101
60000000000,118,119,0.9696405052516536
60000000000,119,118,-0.9704380987940237
60000000000,118,131,-0.8126464059154836
60000000000,131,118,0.8887329228307475
60000000000,119,120,0.9705259004286602
60000000000,120,119,-0.9704242675311799
60000000000,119,132,-0.905390200253296
60000000000,132,119,0.9720448358153744
60000000000,120,121,0.9707613785353257
60000000000,121,120,-0.9696420739564368
60000000000,120,133,-0.9871665635058627
60000000000,133,120,0.9761892504835605
60000000000,121,122,0.97014968011911
60000000000,122,121,-0.96876383869315
60000000000,121,134,-0.9545298113607991
60000000000,134,121,0.878547834885968
60000000000,122,123,0.9692232387739445
60000000000,123,122,-0.9685570623975018
60000000000,122,135,-0.8673330032845135
60000000000,135,122,0.8000859818020634
60000000000,123,124,0.9687984878192302
60000000000,124,123,-0.9692229083895367
60000000000,123,136,-0.8026354253222686
60000000000,136,123,0.7941778498245051
60000000000,124,125,0.9692706809052485
60000000000,125,124,-0.9701999026591402
60000000000,124,137,-0.7915593877735408
60000000000,137,124,0.847545093534357
60000000000,125,126,0.9702395321028047
60000000000,126,125,-0.9706584271293481
60000000000,125,138,-0.8525047172692535
60000000000,138,125,0.933625994055323
60000000000,126,127,0.9708702689215949
60000000000,127,126,-0.9702148368202717
60000000000,126,139,-0.9569789903489522
60000000000,139,126,0.9901532086758613
60000000000,127,128,0.9706295299573058
60000000000,128,127,-0.9692523564827401
60000000000,127,140,-0.9846076903529901
60000000000,140,127,0.9332074059359692
60000000000,128,129,0.9697108577762782
60000000000,129,128,-0.9685929321337841
60000000000,128,141,-0.9114865780901146
60000000000,141,128,0.8309338306373641
60000000000,117,129,-0.9688007716121947
60000000000,129,117,0.9688927155097584
60000000000,129,142,-0.8298805729348618
60000000000,142,129,0.7883205213502499
60000000000,130,131,0.968757937822946
60000000000,131,130,-0.9691964031989506
60000000000,130,143,0.621008903878766
60000000000,143,130,-0.591192474975059
60000000000,131,132,0.9691868438945637
60000000000,132,131,-0.9701237049174201
60000000000,131,144,0.7458486954594405
60000000000,144,131,-0.6538164525475372
60000000000,132,133,0.9701220970710503
60000000000,133,132,-0.9705472081551826
60000000000,132,145,0.927846661734588
60000000000,145,132,-0.8413717255697278
60000000000,133,134,0.9707554586890595
60000000000,134,133,-0.9700973968710052
60000000000,133,146,0.9790707203944734
60000000000,146,133,-0.9940530749641375
60000000000,134,135,0.9705428772232083
60000000000,135,134,-0.9691579350586191
60000000000,134,147,0.7868125879777471
60000000000,147,134,-0.8837702038232998
60000000000,135,136,0.9696682204916044
60000000000,136,135,-0.968542230533071
60000000000,135,148,0.626313627101284
60000000000,148,135,-0.7069257526705132
60000000000,136,137,0.9688991435539307
60000000000,137,136,-0.9687917922164868
60000000000,136,149,0.5945427249330835
60000000000,149,136,-0.6045099475067156
60000000000,137,138,0.9689199140519941
60000000000,138,137,-0.9697254157787479
60000000000,137,150,0.6723612056620788
60000000000,150,137,-0.6061866127878093
60000000000,138,139,0.969740775610742
60000000000,139,138,-0.970533140800394
60000000000,138,151,0.8359316735163067
60000000000,151,138,-0.7345398018248829
60000000000,139,140,0.9706454588959681
60000000000,140,139,-0.9705420527669554
60000000000,139,152,0.9887046395436592
60000000000,152,139,-0.9442352251408147
60000000000,140,141,0.9708666653187892
60000000000,141,140,-0.9697499675996493
60000000000,140,153,0.8969141349202221
60000000000,153,140,-0.9651571701712669
60000000000,141,142,0.9702149505631664
60000000000,142,141,-0.9688336214178502
60000000000,141,154,0.6906110077040344
60000000000,154,141,-0.7898647064785544
60000000000,130,142,-0.9685807374025407
60000000000,142,130,0.9692336991609999
60000000000,142,155,0.5949434421686594
60000000000,155,142,-0.6441143028425973
60000000000,143,144,0.9688675325263321
60000000000,144,143,-0.9696733767051148
60000000000,143,156,-0.7890517219578355
60000000000,156,143,0.8146816919059957
60000000000,144,145,0.9696394977121731
60000000000,145,144,-0.9704380991552171
60000000000,144,157,-0.8126579076602519
60000000000,157,144,0.8887329518130967
60000000000,145,146,0.9705259008268039
60000000000,146,145,-0.9704245337757444
60000000000,145,158,-0.9053901904154541
60000000000,158,145,0.9720475939227388
60000000000,146,147,0.9707616369861567
60000000000,147,146,-0.9696420739564301
60000000000,146,159,-0.9871682037402304
60000000000,159,146,0.9761888113120705
60000000000,147,148,0.9701496801190927
60000000000,148,147,-0.9687638386931786
60000000000,147,160,-0.9545297796407183
60000000000,160,147,0.8785477350427369
60000000000,148,149,0.9692232387738965
60000000000,149,148,-0.9685570623974963
60000000000,148,161,-0.8673330935763861
60000000000,161,148,0.8000335856636862
60000000000,149,150,0.9687984878192446
60000000000,150,149,-0.969222908389539
60000000000,149,162,-0.802635425322222
60000000000,162,149,0.7941778498245222
60000000000,150,151,0.9692706809052459
60000000000,151,150,-0.9701999026591414
60000000000,150,163,-0.7915593877735464
60000000000,163,150,0.8475450935341555
60000000000,151,152,0.9702395321027999
60000000000,152,151,-0.9706584271293478
60000000000,151,164,-0.85250471726928
60000000000,164,151,0.933625994055323
60000000000,152,153,0.9708702689215953
60000000000,153,152,-0.9702141570932585
60000000000,152,165,-0.9569789903489454
60000000000,165,152,0.9901532086758625
60000000000,153,154,0.9706288520306032
60000000000,154,153,-0.9692536059070878
60000000000,153,166,-0.9846100865774092
60000000000,166,153,0.9332074059359781
60000000000,154,155,0.9697121097866684
60000000000,155,154,-0.9685968395770341
60000000000,154,167,-0.9114779055439615
60000000000,167,154,0.8309718751697881
60000000000,143,155,-0.9688026072782047
60000000000,155,143,0.968896617199095
60000000000,155,168,-0.8298504176265846
60000000000,168,155,0.7882582071797716
60000000000,156,157,0.9687579410639311
60000000000,157,156,-0.969196406418181
60000000000,156,169,0.6210120993924528
60000000000,169,156,-0.5911959986790885
60000000000,157,158,0.9691868424884794
60000000000,158,157,-0.9701231648426942
60000000000,157,170,0.7458511132754463
60000000000,170,157,-0.6538504489262117
60000000000,158,159,0.9701215580785629
60000000000,159,158,-0.9705471967541588
60000000000,158,171,0.9278422041835364
60000000000,171,158,-0.8413692520360457
60000000000,159,160,0.9707554507644125
60000000000,160,159,-0.9700973992294609
60000000000,159,172,0.9790714153153931
60000000000,172,159,-0.994053069756465
60000000000,160,161,0.9705428841088614
60000000000,161,160,-0.9691629473325202
60000000000,160,173,0.786815272706442
60000000000,173,160,-0.883739201268807
60000000000,161,162,0.9696731996387091
60000000000,162,161,-0.9685422190164089
60000000000,161,174,0.6263869660826761
60000000000,174,161,-0.7069282549739787
60000000000,162,163,0.968899143553922
60000000000,163,162,-0.9687917922165329
60000000000,162,175,0.5945461552154311
60000000000,175,162,-0.6045132674643771
60000000000,163,164,0.9689199140519974
60000000000,164,163,-0.9697254157787648
60000000000,163,176,0.672364096153003
60000000000,176,163,-0.6061902534502466
60000000000,164,165,0.9697407756107221
60000000000,165,164,-0.9705331408003923
60000000000,164,177,0.8359334825805758
60000000000,177,164,-0.7345429229234693
60000000000,165,166,0.970645458895965
60000000000,166,165,-0.9705420527669563
60000000000,165,178,0.9887047180462876
60000000000,178,165,-0.9442315999731394
60000000000,166,167,0.9708666654620671
60000000000,167,166,-0.9697468995575812
60000000000,166,179,0.8969155690261904
60000000000,179,166,-0.965157587290106
60000000000,167,168,0.9702118925963061
60000000000,168,167,-0.9688403376084094
60000000000,167,180,0.6905636587437253
60000000000,180,167,-0.7898669504384348
60000000000,156,168,-0.9685807304462085
60000000000,168,156,0.9692404009982033
60000000000,168,181,0.5950304030159305
60000000000,181,168,-0.6441172449159185
60000000000,169,170,0.9688675325263267
60000000000,170,169,-0.9696753905598031
60000000000,169,182,-0.789049450173598
60000000000,182,169,0.8146797393312994
60000000000,170,171,0.9696415127695579
60000000000,171,170,-0.9704379208389686
60000000000,170,183,-0.8126326945002643
60000000000,183,170,0.8887529004588224
60000000000,171,172,0.9705257221193914
60000000000,172,171,-0.9704245329746413
60000000000,171,184,-0.9053923446060372
60000000000,184,171,0.972047307369063
60000000000,172,173,0.9707616372814573
60000000000,173,172,-0.9696390001085564
60000000000,172,185,-0.9871681373835456
60000000000,185,172,0.9761884262744105
60000000000,173,174,0.9701466269355207
60000000000,174,173,-0.9687638464149912
60000000000,173,186,-0.9545476834849201
60000000000,186,173,0.878546237391493
60000000000,174,175,0.969223238773924
60000000000,175,174,-0.9685570623974956
60000000000,174,187,-0.8673316489094985
60000000000,187,174,0.8000312641316282
60000000000,175,176,0.9687984878192132
60000000000,176,175,-0.9692229083895717
60000000000,175,188,-0.8026333447644294
60000000000,188,175,0.7941094163313442
60000000000,176,177,0.9692706809052141
60000000000,177,176,-0.9701999026591391
60000000000,176,189,-0.7915570400091698
60000000000,189,176,0.8474879063579677
60000000000,177,178,0.9702395330007315
60000000000,178,177,-0.9706583654240292
60000000000,177,190,-0.8525029485784473
60000000000,190,177,0.9336252832477102
60000000000,178,179,0.9708702141655687
60000000000,179,178,-0.97021415565634
60000000000,178,191,-0.9569820223741768
60000000000,191,178,0.9901531855188024
60000000000,179,180,0.9706288520306013
60000000000,180,179,-0.9692536059071306
60000000000,179,192,-0.9846099815097796
60000000000,192,179,0.9331996207012301
60000000000,180,181,0.9697121097866465
60000000000,181,180,-0.968596839577001
60000000000,180,193,-0.9114769044857066
60000000000,193,180,0.8309697780698598
60000000000,169,181,-0.9688026072782282
60000000000,181,169,0.9688966171991146
60000000000,181,194,-0.8298486168924768
60000000000,194,181,0.7882558790370792
60000000000,182,183,0.968757934581919
60000000000,183,182,-0.9691934459302961
60000000000,182,195,0.6210125558955817
60000000000,195,182,-0.5911965020661105
60000000000,183,184,0.9691838868274473
60000000000,184,183,-0.9701231648427103
60000000000,183,196,0.745819209548323
60000000000,196,183,-0.6538510850533187
60000000000,184,185,0.9701215574480574
60000000000,185,184,-0.9705471922394897
60000000000,184,197,0.9278423630611727
60000000000,197,184,-0.8413696303646641
60000000000,185,186,0.9707554470031423
60000000000,186,185,-0.9700973988925431
60000000000,185,198,0.9790716124888806
60000000000,198,185,-0.9940530687886628
60000000000,186,187,0.9705428841088621
60000000000,187,186,-0.9691629473325298
60000000000,186,199,0.7868156562382006
60000000000,199,186,-0.8837393965869489
60000000000,187,188,0.9696731996387016
60000000000,188,187,-0.9685500387719864
60000000000,187,200,0.6263874849863418
60000000000,200,187,-0.7069286399441734
60000000000,188,189,0.9689069479558692
60000000000,189,188,-0.9687991658172168
60000000000,188,201,0.5946366564463377
60000000000,201,188,-0.6045137417453529
60000000000,189,190,0.9689272839623575
60000000000,190,189,-0.9697254254832429
60000000000,189,202,0.6724448187410409
60000000000,202,189,-0.6061907735454477
60000000000,190,191,0.9697407741225063
60000000000,191,190,-0.970533139343054
60000000000,190,203,0.8359336117993691
60000000000,203,190,-0.7345031550369183
60000000000,191,192,0.9706454588959681
60000000000,192,191,-0.9705423161406538
60000000000,191,204,0.9887047297049821
60000000000,204,191,-0.9442317092132315
60000000000,192,193,0.9708669246619607
60000000000,193,192,-0.969746899557609
60000000000,192,205,0.8969248467191488
60000000000,205,192,-0.9651690180440452
60000000000,193,194,0.9702118925962808
60000000000,194,193,-0.9688403376083803
60000000000,193,206,0.690564144584836
60000000000,206,193,-0.7898672599500389
60000000000,182,194,-0.9685807304462078
60000000000,194,182,0.9692404009982306
60000000000,194,207,0.5950309172179743
60000000000,207,194,-0.6441176807796097
60000000000,195,196,0.9688675325263096
60000000000,196,195,-0.9696753905598166
60000000000,195,208,-0.7890517219578925
60000000000,208,195,0.814681691905853
60000000000,196,197,0.9696415127695313
60000000000,197,196,-0.9704379208389684
60000000000,196,209,-0.812634938762733
60000000000,209,196,0.8887541369193165
60000000000,197,198,0.9705257205266119
60000000000,198,197,-0.9704245313724306
60000000000,197,210,-0.9053936038292563
60000000000,210,197,0.9720475895142039
60000000000,198,199,0.9707616374290999
60000000000,199,198,-0.969639000253328
60000000000,198,211,-0.9871682021970616
60000000000,211,198,0.9761892430646498
60000000000,199,200,0.970146626935527
60000000000,200,199,-0.9687638464149947
60000000000,199,212,-0.9545482067423812
60000000000,212,199,0.8785370927805283
60000000000,200,201,0.9692232387739188
60000000000,201,200,-0.968557062397503
60000000000,200,213,-0.8673330935763464
60000000000,213,200,0.800033585663647
60000000000,201,202,0.9687984878192615
60000000000,202,201,-0.9692229083895526
60000000000,201,214,-0.8026354253221223
60000000000,214,201,0.7941116043760803
60000000000,202,203,0.9692706809052303
60000000000,203,202,-0.9701977459799743
60000000000,202,215,-0.791559387773565
60000000000,215,202,0.8474895401765555
60000000000,203,204,0.9702373831613859
60000000000,204,203,-0.9706583654240286
60000000000,203,216,-0.8525347488114484
60000000000,216,203,0.9336260414424989
60000000000,204,205,0.9708702114916756
60000000000,205,204,-0.9702155118811979
60000000000,204,217,-0.9569825512286708
60000000000,217,204,0.9901532094743142
60000000000,205,206,0.9706302038956087
60000000000,206,205,-0.9692536024529138
60000000000,205,218,-0.9846052869542693
60000000000,218,205,0.9332004455496294
60000000000,206,207,0.9697121097866694
60000000000,207,206,-0.968596839577013
60000000000,206,219,-0.9114779681100821
60000000000,219,206,0.8308957802112114
60000000000,195,207,-0.9688026072782174
60000000000,207,195,0.9688966171991311
60000000000,207,220,-0.8298503050804694
60000000000,220,207,0.7883827507917286
60000000000,208,209,0.9687579345819095
60000000000,209,208,-0.9691934459302822
60000000000,208,221,0.6210091321294265
60000000000,221,208,-0.5912803856156476
60000000000,209,210,0.9691838868274562
60000000000,210,209,-0.9701231648427068
60000000000,209,222,0.7458163959335689
60000000000,222,209,-0.6537860180825021
60000000000,210,211,0.9701215570277343
60000000000,211,210,-0.9705472072995199
60000000000,210,223,0.9278413462412987
60000000000,223,210,-0.8413672090541964
60000000000,211,212,0.9707554600309426
60000000000,212,211,-0.9700980794434697
60000000000,211,224,0.9790707265977932
60000000000,224,211,-0.9940529829221915
60000000000,212,213,0.9705435582143033
60000000000,213,212,-0.969162945601783
60000000000,212,225,0.7868270036925705
60000000000,225,212,-0.8837702038232932
60000000000,213,214,0.9696731996387226
60000000000,214,213,-0.9685500387719972
60000000000,213,226,0.6263832040337817
60000000000,226,213,-0.7068888333749006
60000000000,214,215,0.9689069479558535
60000000000,215,214,-0.9687991658172357
60000000000,214,227,0.5946328589459053
60000000000,227,214,-0.6045552920699242
60000000000,215,216,0.9689272839623299
60000000000,216,215,-0.9697254254832413
60000000000,215,228,0.672441515649866
60000000000,228,215,-0.6061866127878399
60000000000,216,217,0.9697407741224982
60000000000,217,216,-0.9705331393430492
60000000000,216,229,0.8359315442972602
60000000000,229,216,-0.7344995878337377
60000000000,217,218,0.9706454588959724
60000000000,218,217,-0.970542316140651
60000000000,217,230,0.9887046364348938
60000000000,230,217,-0.9442308352885647
60000000000,218,219,0.9708669243722285
60000000000,219,218,-0.9697530308134732
60000000000,218,231,0.8969232078146975
60000000000,231,218,-0.9651685414306888
60000000000,219,220,0.9702180037371948
60000000000,220,219,-0.9688268947118898
60000000000,219,232,0.6906617562582996
60000000000,232,219,-0.7898646291007396
60000000000,208,220,-0.9685807443588922
60000000000,220,208,0.969226986867735
60000000000,220,233,0.5948598212466167
60000000000,233,220,-0.6439431049929732
60000000000,221,222,0.9688748754230317
60000000000,222,221,-0.9696713515751462
60000000000,221,234,-0.7889862280299776
60000000000,234,221,0.8146813257978326
60000000000,222,223,0.969637480325421
60000000000,223,222,-0.9704379208389706
60000000000,222,235,-0.8126805941623211
60000000000,235,222,0.8887116094156806
60000000000,223,224,0.9705257209248068
60000000000,224,223,-0.9704245649744244
60000000000,223,236,-0.9053934464266378
60000000000,236,223,0.9720475542460828
60000000000,224,225,0.9707616695220924
60000000000,225,224,-0.9696420742125528
60000000000,224,237,-0.9871683974914452
60000000000,237,224,0.9761886247348717
60000000000,225,226,0.9701496801190943
60000000000,226,225,-0.9687604788472249
60000000000,225,238,-0.9545297479205612
60000000000,238,225,0.8785422392694268
60000000000,226,227,0.9692199004542611
60000000000,227,226,-0.9685611013349942
60000000000,226,239,-0.8673576915622914
60000000000,239,226,0.8000596397864507
60000000000,227,228,0.9688024990215494
60000000000,228,227,-0.9692229019392952
60000000000,227,240,-0.8026021213445839
60000000000,240,227,0.7941443186050725
60000000000,228,229,0.9692706809052521
60000000000,229,228,-0.9701977459799666
60000000000,228,241,-0.7915591676704896
60000000000,241,228,0.847461605325542
60000000000,229,230,0.9702373831613785
60000000000,230,229,-0.9706583654240288
60000000000,229,242,-0.8525344540591293
60000000000,242,229,0.9336259229745704
60000000000,230,231,0.9708702114916752
60000000000,231,230,-0.9702155118812023
60000000000,230,243,-0.9569824851220379
60000000000,243,230,0.9901532064798724
60000000000,231,232,0.9706302038956082
60000000000,232,231,-0.9692536024529113
60000000000,231,244,-0.9846052703132242
60000000000,244,231,0.9332141163924179
60000000000,232,233,0.9697120983134315
60000000000,233,232,-0.9685811915078405
60000000000,232,245,-0.9114778429777226
60000000000,245,232,0.8308955180178662
60000000000,221,233,-0.968809985933311
60000000000,233,221,0.9688810067228593
60000000000,233,246,-0.8299709053377334
60000000000,246,233,0.7883826053212495
60000000000,234,235,0.968757947545985
60000000000,235,234,-0.9691993645824099
60000000000,234,247,0.6210127841469392
60000000000,247,234,-0.5912844123872463
60000000000,235,236,0.9691897902214132
60000000000,236,235,-0.9701231592844313
60000000000,235,248,0.7458837193444804
60000000000,248,235,-0.6537898351151473
60000000000,236,237,0.9701215578683922
60000000000,237,236,-0.9705471926672088
60000000000,236,249,0.9278424266121904
60000000000,249,236,-0.8413879988361695
60000000000,237,238,0.9707554449900565
60000000000,238,237,-0.9700977375504586
60000000000,237,250,0.9790716145565915
60000000000,250,237,-0.9940529768396758
60000000000,238,239,0.9705432203678717
60000000000,239,238,-0.9691604439126574
60000000000,238,251,0.7868228640681725
60000000000,251,238,-0.8837636740549006
60000000000,239,240,0.9696706995850387
60000000000,240,239,-0.968546124663389
60000000000,239,252,0.6263524374436904
60000000000,252,239,-0.7069102767502187
60000000000,240,241,0.9689030617080554
60000000000,241,240,-0.9688028627409514
60000000000,240,253,0.5945918349726199
60000000000,253,240,-0.6045139196004411
60000000000,241,242,0.9689309499873364
60000000000,242,241,-0.9697254157787603
60000000000,241,254,0.67248497207085
60000000000,254,241,-0.6061907735454307
60000000000,242,243,0.9697407748666147
60000000000,243,242,-0.9705331400717302
60000000000,242,255,0.835933676408677
60000000000,255,242,-0.7345232620404655
60000000000,243,244,0.9706454605925159
60000000000,244,243,-0.9705417906844882
60000000000,243,256,0.9887047297049733
60000000000,256,243,-0.9442338895390617
60000000000,244,245,0.9708664054130873
60000000000,245,244,-0.9697530306533647
60000000000,244,257,0.8969069605225886
60000000000,257,244,-0.9651690339297583
60000000000,245,246,0.9702180037371979
60000000000,246,245,-0.9688268947118593
60000000000,245,258,0.6906656424580352
60000000000,258,245,-0.7898671051942314
60000000000,234,246,-0.9685807443588671
60000000000,246,234,0.9692269868677621
60000000000,246,259,0.5948639354906201
60000000000,259,246,-0.6439465925532415
60000000000,247,248,0.9688748754230468
60000000000,248,247,-0.969671351575124
60000000000,247,260,-0.7889848079683699
60000000000,260,247,0.8146801054389357
60000000000,248,249,0.9696374818237925
60000000000,249,248,-0.9704386336772727
60000000000,248,261,-0.8126791916576571
60000000000,261,248,0.8887108364810287
60000000000,249,250,0.9705264353319525
60000000000,250,249,-0.9704245681786572
60000000000,249,262,-0.9053788476732723
60000000000,262,249,0.9720473602713503
60000000000,250,251,0.9707616695220906
60000000000,251,250,-0.9696413061298564
60000000000,250,263,-0.9871683563409802
60000000000,263,250,0.9761884763533237
60000000000,251,252,0.9701489172726068
60000000000,252,251,-0.9687621610293057
60000000000,251,264,-0.9545340241730857
60000000000,264,251,0.8785412345730115
60000000000,252,253,0.9692215699385401
60000000000,253,252,-0.9685570693624703
60000000000,252,265,-0.8673443884985669
60000000000,265,252,0.8000581345084267
60000000000,253,254,0.9687984910526355
60000000000,254,253,-0.9692229116146349
60000000000,253,266,-0.8026337836315617
60000000000,266,253,0.794143002454516
60000000000,254,255,0.969270678100004
60000000000,255,254,-0.9701988219609899
60000000000,254,267,-0.7915576269499848
60000000000,267,254,0.8474605330395184
60000000000,255,256,0.9702384585055438
60000000000,256,255,-0.9706583967546649
60000000000,255,268,-0.8525183481766065
60000000000,268,255,0.9336188393246945
60000000000,256,257,0.970870238180892
60000000000,257,256,-0.9702155118811949
60000000000,256,269,-0.956980383008787
60000000000,269,256,0.9901531915076812
60000000000,257,258,0.9706302038956124
60000000000,258,257,-0.9692536024529195
60000000000,257,270,-0.9846052046237241
60000000000,270,257,0.9332135665562932
60000000000,258,259,0.9697120983134195
60000000000,259,258,-0.9685811915078538
60000000000,258,271,-0.9114772173162885
60000000000,271,258,0.830894207050538
60000000000,247,259,-0.9688099859333009
60000000000,259,247,0.9688810067228373
60000000000,259,272,-0.8299697802496679
60000000000,272,259,0.7883811506171847
60000000000,260,261,0.9687579475459244
60000000000,261,260,-0.9691993645823651
60000000000,260,273,0.6210118711407652
60000000000,273,260,-0.5912834056929627
60000000000,261,262,0.9691897902214143
60000000000,262,261,-0.9701231592844202
60000000000,261,274,0.7458830160181563
60000000000,274,261,-0.6537888172400055
60000000000,262,263,0.9701215578683868
60000000000,263,262,-0.9705471926672081
60000000000,262,275,0.9278421724079381
60000000000,275,262,-0.841387393543626
60000000000,263,264,0.9707554451578142
60000000000,264,263,-0.9700977377189128
60000000000,263,276,0.979071550457527
60000000000,276,263,-0.9940530701712342
60000000000,264,265,0.9705432201528374
60000000000,265,264,-0.9691604436960399
60000000000,264,277,0.7868220850311415
60000000000,277,264,-0.8837632773560313
60000000000,265,266,0.9696707024485468
60000000000,266,265,-0.9685461275398294
60000000000,265,278,0.6263514158150204
60000000000,278,265,-0.7069095188204056
60000000000,266,267,0.9689030599041142
60000000000,267,266,-0.9688028609375177
60000000000,266,279,0.5945908243041818
60000000000,279,266,-0.6045200079916275
60000000000,267,268,0.9689309524228857
60000000000,268,267,-0.9697264267474432
60000000000,267,280,0.6724841334359651
60000000000,280,267,-0.606194563499769
60000000000,268,269,0.9697417807784936
60000000000,269,268,-0.9705331397073909
60000000000,268,281,0.835944081744446
60000000000,281,268,-0.7345123167847863
60000000000,269,270,0.97064546059252
60000000000,270,269,-0.9705417906844873
60000000000,269,282,0.9887047063875951
60000000000,282,269,-0.9442336710634263
60000000000,270,271,0.9708664054130869
60000000000,271,270,-0.9697530306533708
60000000000,270,283,0.8969064961316826
60000000000,283,270,-0.9651688988911695
60000000000,271,272,0.9702180037371925
60000000000,272,271,-0.9688268947118429
60000000000,271,284,0.6906645413794014
60000000000,284,271,-0.7898664036413123
60000000000,260,272,-0.9685807443588699
60000000000,272,260,0.9692269868677351
60000000000,272,285,0.5948632840789058
60000000000,285,272,-0.6441171286950134
60000000000,273,274,0.9688748754230166
60000000000,274,273,-0.9696713515751456
60000000000,273,286,-0.7889858682871494
60000000000,286,273,0.8146810166455837
60000000000,274,275,0.9696374818238037
60000000000,275,274,-0.9704386336772668
60000000000,274,287,-0.8126802388671334
60000000000,287,274,0.888711413608863
60000000000,275,276,0.9705264349339554
60000000000,276,275,-0.9704245345768518
60000000000,275,288,-0.9053794773327483
60000000000,288,275,0.9720475013438554
60000000000,276,277,0.9707616373183695
60000000000,277,276,-0.969641306202851
60000000000,276,289,-0.9871681836789558
60000000000,289,276,0.9761874270199332
60000000000,277,278,0.9701489177526577
60000000000,278,277,-0.9687621615121762
60000000000,277,290,-0.9545342838664245
60000000000,290,277,0.8785366559467772
60000000000,278,279,0.9692215708070228
60000000000,279,278,-0.9685576993479584
60000000000,278,291,-0.8673451051564113
60000000000,291,278,0.8000592861367697
60000000000,279,280,0.9687991182102961
60000000000,280,279,-0.9692232802862709
60000000000,279,292,-0.8026296976056291
60000000000,292,279,0.7941275516726813
60000000000,280,281,0.9692710472163858
60000000000,281,280,-0.9701982830315439
60000000000,280,293,-0.7915551589618796
60000000000,293,280,0.8474682893739851
60000000000,281,282,0.9702379209395846
60000000000,282,281,-0.9706583967546654
60000000000,281,294,-0.8525267697168515
60000000000,294,281,0.9336208738875391
60000000000,282,283,0.9708702396064764
60000000000,283,282,-0.9702155133177378
60000000000,282,295,-0.9569806515744639
60000000000,295,282,0.99015308192581
60000000000,283,284,0.9706302038956115
60000000000,284,283,-0.9692536024529109
60000000000,283,296,-0.9846052606784788
60000000000,296,283,0.933214035747499
60000000000,284,285,0.9697121212598564
60000000000,285,284,-0.9685968510517923
60000000000,284,297,-0.9114777178454149
60000000000,297,284,0.8309714819636002
60000000000,273,285,-0.9688099648454931
60000000000,285,273,0.9688966249028411
60000000000,285,298,-0.8298499674428634
60000000000,298,285,0.7882576251437224
60000000000,286,287,0.9687579475459631
60000000000,287,286,-0.9691993645824079
60000000000,286,299,0.6210100451319719
60000000000,299,286,-0.5912813923071847
60000000000,287,288,0.9691897932174115
60000000000,288,287,-0.9701231622486126
60000000000,287,300,0.7458816093668675
60000000000,300,287,-0.6537867814890636
60000000000,288,289,0.9701215578683995
60000000000,289,288,-0.9705471616565928
60000000000,288,301,0.9278416639983746
60000000000,301,288,-0.8413861829552671
60000000000,289,290,0.9707554175574187
60000000000,290,289,-0.9700980780959586
60000000000,289,302,0.9790726398188893
60000000000,302,289,-0.9940530733050582
60000000000,290,291,0.9705435573547504
60000000000,291,290,-0.969160443046143
60000000000,290,303,0.7868277707355485
60000000000,303,290,-0.8837705944069691
60000000000,291,292,0.9696707053120731
60000000000,292,291,-0.9685480849746473
60000000000,291,304,0.6263493239097915
60000000000,304,291,-0.7068896514778962
60000000000,292,293,0.9689050070121319
60000000000,293,292,-0.9688019369777194
60000000000,292,305,0.5946113363614616
60000000000,305,292,-0.604511014634705
60000000000,293,294,0.9689300349662917
60000000000,294,293,-0.9697261758615036
60000000000,293,306,0.6724724824094201
60000000000,306,293,-0.6062070710609124
60000000000,294,295,0.9697415294304577
60000000000,295,294,-0.970533318339094
60000000000,294,307,0.8359402932582114
60000000000,307,294,-0.7345105053441902
60000000000,295,296,0.9706456381044848
60000000000,296,295,-0.9705417910843313
60000000000,295,308,0.9887055946679448
60000000000,308,295,-0.9442332545926889
60000000000,296,297,0.9708664055642287
60000000000,297,296,-0.9697468992636957
60000000000,296,309,0.8969056766074813
60000000000,309,296,-0.9651686605844794
60000000000,297,298,0.9702118925963245
60000000000,298,297,-0.9688403376083898
60000000000,297,310,0.6905609866163314
60000000000,310,297,-0.78986524812414
60000000000,286,298,-0.9685807165334333
60000000000,298,286,0.9692403870966525
60000000000,298,311,0.5950278320087018
60000000000,311,298,-0.644115065601367
60000000000,299,300,0.9688748754230381
60000000000,300,299,-0.9696713515751315
60000000000,299,312,-0.788986512042517
60000000000,312,299,0.8146815698698954
60000000000,300,301,0.9696374826228327
60000000000,301,300,-0.9704386344453263
60000000000,300,313,-0.8126808746631223
60000000000,313,300,0.8887117640027554
60000000000,301,302,0.9705264365259665
60000000000,302,301,-0.9704245361790608
60000000000,301,314,-0.9053797501882574
60000000000,314,301,0.9720475624761385
60000000000,302,303,0.9707616371338097
60000000000,303,302,-0.9696420741027978
60000000000,302,315,-0.9871682021970597
60000000000,315,302,0.9761874937939906
60000000000,303,304,0.9701496801190846
60000000000,304,303,-0.9687604788472242
60000000000,303,316,-0.9545297955007978
60000000000,316,303,0.8785477849643365
60000000000,304,305,0.9692198969787011
60000000000,305,304,-0.9685570728449515
60000000000,304,317,-0.8673578721294046
60000000000,317,304,0.8000599299605983
60000000000,305,306,0.9687984910526583
60000000000,306,305,-0.9692243893091536
60000000000,305,318,-0.8026353277959236
60000000000,318,305,0.7941446262769579
60000000000,306,307,0.9692721522457637
60000000000,307,306,-0.9701982819872399
60000000000,306,319,-0.7915448567447441
60000000000,319,306,0.8474617585094474
60000000000,307,308,0.9702379198876645
60000000000,308,307,-0.9706583956890315
60000000000,307,320,-0.8525272265944284
60000000000,320,307,0.9336260236723218
60000000000,308,309,0.9708702409430702
60000000000,309,308,-0.9702155146646069
60000000000,308,321,-0.9569807672640313
60000000000,321,308,0.9901530871663038
60000000000,309,310,0.9706302038956096
60000000000,310,309,-0.9692536024529148
60000000000,309,322,-0.9846052935232119
60000000000,322,309,0.9332005005393637
60000000000,310,311,0.9697121212598478
60000000000,311,310,-0.9685968510517725
60000000000,310,323,-0.9114779681100925
60000000000,323,310,0.830972006238368
60000000000,299,311,-0.9688099571780048
60000000000,311,299,0.9688966171991156
60000000000,311,324,-0.8298504176266158
60000000000,324,311,0.7882582071798244
60000000000,312,313,0.9687579475460084
60000000000,313,312,-0.9691993645823923
60000000000,312,325,0.6210118711411724
60000000000,325,312,-0.5912834056929208
60000000000,313,314,0.9691897902214308
60000000000,314,313,-0.970123159284427
60000000000,313,326,0.7458830160183916
60000000000,326,313,-0.6537888172397737
60000000000,314,315,0.9701215569717492
60000000000,315,314,-0.9705471607446735
60000000000,314,327,0.9278421724079161
60000000000,327,314,-0.841387393543623
60000000000,315,316,0.970755418899828
60000000000,316,315,-0.970097398218695
60000000000,315,328,0.9790727721475556
60000000000,328,315,-0.9940530703555784
60000000000,316,317,0.9705428841088621
60000000000,317,316,-0.9691604456456953
60000000000,316,329,0.7868148891745321
60000000000,329,316,-0.8837390059506256
60000000000,317,318,0.9696706995850355
60000000000,318,317,-0.9685461246633775
60000000000,317,330,0.6263513347334022
60000000000,330,317,-0.7068911433138458
60000000000,318,319,0.9689030617080588
60000000000,319,318,-0.9688028627409263
60000000000,318,331,0.594590916183051
60000000000,331,318,-0.6045582561904408
60000000000,319,320,0.968930949987356
60000000000,320,319,-0.9697254157787565
60000000000,319,332,0.6724841463379727
60000000000,332,319,-0.6061897333551554
60000000000,320,321,0.9697407750526451
60000000000,321,320,-0.9705333187030534
60000000000,320,333,0.8359331595336218
60000000000,333,320,-0.7345223702699448
60000000000,321,322,0.9706456349235655
60000000000,322,321,-0.9705423150486481
60000000000,321,334,0.9887056398415849
60000000000,334,321,-0.9442336778908013
60000000000,322,323,0.9708669246619617
60000000000,323,322,-0.9697468995576047
60000000000,322,335,0.8969243345630992
60000000000,335,322,-0.9651688691028958
60000000000,323,324,0.9702118925962925
60000000000,324,323,-0.968840337608405
60000000000,323,336,0.6905629299819689
60000000000,336,323,-0.7898664861709451
60000000000,312,324,-0.9685807165334496
60000000000,324,312,0.9692403870966262
60000000000,324,337,0.5950298888140162
60000000000,337,324,-0.6441168090525888
60000000000,325,326,0.9688748754230478
60000000000,326,325,-0.9696713515751251
60000000000,325,338,-0.7889849499744775
60000000000,338,325,0.814616335937378
60000000000,326,327,0.9696374818237941
60000000000,327,326,-0.9704386336772705
60000000000,326,339,-0.8126791916576415
60000000000,339,326,0.8887108364808717
60000000000,327,328,0.9705264348279575
60000000000,328,327,-0.97042453447018
60000000000,327,340,-0.9053788476732604
60000000000,340,327,0.9720473602713148
60000000000,328,329,0.9707616372814574
60000000000,329,328,-0.9696390001085572
60000000000,328,341,-0.9871681528153722
60000000000,341,328,0.9761873157295629
60000000000,329,330,0.9701466230890274
60000000000,330,329,-0.9687604827121491
60000000000,329,342,-0.9545478103352253
60000000000,342,329,0.8785466367656332
60000000000,330,331,0.9692199004542997
60000000000,331,330,-0.9685611013349922
60000000000,330,343,-0.8673567887267967
60000000000,343,330,0.8000319170624296
60000000000,331,332,0.9688025054822562
60000000000,332,331,-0.9692229083895476
60000000000,331,344,-0.8026008859199887
60000000000,344,331,0.7941098949656207
60000000000,332,333,0.9692706780999792
60000000000,333,332,-0.9701988219609986
60000000000,332,345,-0.7915575535823757
60000000000,345,332,0.8474882637553902
60000000000,333,334,0.9702384580847049
60000000000,334,333,-0.9706583963284123
60000000000,333,346,-0.852518377653392
60000000000,346,333,0.9336254727964518
60000000000,334,335,0.9708702402747736
60000000000,335,334,-0.9702155139911707
60000000000,334,347,-0.9569803747452169
60000000000,347,334,0.9901531911333769
60000000000,335,336,0.9706302038956115
60000000000,336,335,-0.9692536024529246
60000000000,335,348,-0.984605214695829
60000000000,348,335,0.9331998406611981
60000000000,336,337,0.9697121212598467
60000000000,337,336,-0.968596851051799
60000000000,336,349,-0.9114772173162758
60000000000,349,336,0.8309323231861381
60000000000,325,337,-0.9688099571779877
60000000000,337,325,0.9688966171990863
60000000000,337,350,-0.8298489545297677
60000000000,350,337,0.7883186663567127
60000000000,338,339,0.9687659788798896
60000000000,339,338,-0.9691993517177044
60000000000,0,338,0.23268676056515078
60000000000,338,0,-0.21944083016730373
60000000000,339,340,0.9691897902214335
60000000000,340,339,-0.9701231592844268
60000000000,1,339,0.2978049448909846
60000000000,339,1,-0.18322020967549543
60000000000,340,341,0.9701215569717667
60000000000,341,340,-0.9705471607446744
60000000000,2,340,0.41753098002770617
60000000000,340,2,-0.2324117549261033
60000000000,341,342,0.9707554188998273
60000000000,342,341,-0.9700973982187032
60000000000,3,341,0.9685081533995118
60000000000,341,3,-0.8866539768108047
60000000000,342,343,0.9705428841088539
60000000000,343,342,-0.9691629473325206
60000000000,4,342,0.28825269142819454
60000000000,342,4,-0.4808891524313958
60000000000,343,344,0.9696731996387082
60000000000,344,343,-0.9685500387720056
60000000000,5,343,0.18266945285123226
60000000000,343,5,-0.31894532061838626
60000000000,344,345,0.9689069479558522
60000000000,345,344,-0.9687991658172215
60000000000,6,344,0.2073544017785674
60000000000,344,6,-0.247163501721373
60000000000,345,346,0.9689272839623573
60000000000,346,345,-0.9697254254832419
60000000000,7,345,0.26301719940575174
60000000000,345,7,-0.19680449954103285
60000000000,346,347,0.9697407741224873
60000000000,347,346,-0.9705331393430521
60000000000,8,346,0.34426607568539125
60000000000,346,8,-0.18836430540538948
60000000000,347,348,0.9706454574112228
60000000000,348,347,-0.9705423146491863
60000000000,9,347,0.5802074758133162
60000000000,347,9,-0.3891967483943069
60000000000,348,349,0.9708669246619616
60000000000,349,348,-0.9697499677481746
60000000000,10,348,0.5836086804206719
60000000000,348,10,-0.7506662861648125
60000000000,349,350,0.9702149505631642
60000000000,350,349,-0.9688336214178555
60000000000,11,349,0.20391349034614661
60000000000,349,11,-0.3762948488972516
60000000000,338,350,-0.9685887864628323
60000000000,350,338,0.9692337061247649
60000000000,12,350,0.18855322939726393
60000000000,350,12,-0.2799974550413086
70000000000,0,1,0.9687539700382218
70000000000,1,0,-0.9692180199500465
70000000000,0,13,0.622617943432123
70000000000,13,0,-0.5912957650480517
70000000000,1,2,0.9692032138049147
70000000000,2,1,-0.9701390327568487
70000000000,1,14,0.7492973059106378
70000000000,14,1,-0.6565191943056563
70000000000,2,3,0.9701414726141966
70000000000,3,2,-0.9705453693548297
70000000000,2,15,0.931247154346969
70000000000,15,2,-0.8459581187483924
70000000000,3,4,0.9707609758151422
70000000000,4,3,-0.9700786274587148
70000000000,3,16,0.9769464943742955
70000000000,16,3,-0.9943921396629702
70000000000,4,5,0.9705290874305421
70000000000,5,4,-0.9691415025961689
70000000000,4,17,0.7823693483959244
70000000000,17,4,-0.8799214415120925
70000000000,5,6,0.9696513001565544
70000000000,6,5,-0.9685401115099085
70000000000,5,18,0.6244305235321794
70000000000,18,5,-0.7039028578902715
70000000000,6,7,0.9688944368532905
70000000000,7,6,-0.9688131485672021
70000000000,6,19,0.5951599367086392
70000000000,19,6,-0.6034912762213707
70000000000,7,8,0.9689340931324157
70000000000,8,7,-0.9697480561748963
70000000000,7,20,0.6750237607698455
70000000000,20,7,-0.6074537569858511
70000000000,8,9,0.969759712934457
70000000000,9,8,-0.9705422268704119
70000000000,8,21,0.8398290084787738
70000000000,21,8,-0.7384538547599316
70000000000,9,10,0.9706591626257568
70000000000,10,9,-0.970533156936518
70000000000,9,22,0.9899056835124097
70000000000,22,9,-0.9476420597674516
70000000000,10,11,0.9708604256527655
70000000000,11,10,-0.9697274939455457
70000000000,10,23,0.8925703926928475
70000000000,23,10,-0.9625386253976049
70000000000,11,12,0.9701924583151847
70000000000,12,11,-0.9688164767771751
70000000000,11,24,0.6872588385992237
70000000000,24,11,-0.7861201066879193
70000000000,0,12,-0.9685829995340361
70000000000,12,0,0.9692143191687125
70000000000,12,25,0.594313526753899
70000000000,25,12,-0.6419633128410884
70000000000,13,14,0.9688840886941933
70000000000,14,13,-0.9696972557243162
70000000000,13,26,-0.7887664392509115
70000000000,26,13,0.815763764798487
70000000000,14,15,0.9696588810064176
70000000000,15,14,-0.9704475054734916
70000000000,14,27,-0.8139168873161539
70000000000,27,14,0.8905434222136366
70000000000,15,16,0.9705373991038186
70000000000,16,15,-0.9704154579082291
70000000000,15,28,-0.9076795632865584
70000000000,28,15,0.9732954970263078
70000000000,16,17,0.9707569231235681
70000000000,17,16,-0.9696215218881717
70000000000,16,29,-0.9877292197627457
70000000000,29,16,0.9748929368710588
70000000000,17,18,0.9701289897126067
70000000000,18,17,-0.9687511637707611
70000000000,17,30,-0.9529221160126096
70000000000,30,17,0.8763925869766792
70000000000,18,19,0.9692044263095948
70000000000,19,18,-0.9685691821397993
70000000000,18,31,-0.8656340072082227
70000000000,31,18,0.7992022906620175
70000000000,19,20,0.9688036588703439
70000000000,20,19,-0.9692426012097797
70000000000,19,32,-0.8017444524810377
70000000000,32,19,0.7947246419437685
70000000000,20,21,0.9692836767049718
70000000000,21,20,-0.9702142348096918
70000000000,20,33,-0.7920721836383567
70000000000,33,20,0.8490019806140614
70000000000,21,22,0.9702532065686096
70000000000,22,21,-0.9706576106789878
70000000000,21,34,-0.8545461946285972
70000000000,34,21,0.9353874456835222
70000000000,22,23,0.9708749089775978
70000000000,23,22,-0.9701957483119027
70000000000,22,35,-0.9587901536057191
70000000000,35,22,0.9902536384088167
70000000000,23,24,0.9706143909808831
70000000000,24,23,-0.9692321254126401
70000000000,23,36,-0.9838335264261425
70000000000,36,23,0.9310498325953177
70000000000,24,25,0.9696879302226229
70000000000,25,24,-0.9685862344663896
70000000000,24,37,-0.9096402245374907
70000000000,37,24,0.8292867393325363
70000000000,13,25,-0.9688191688344896
70000000000,25,13,0.9688816260512605
70000000000,25,38,-0.8285461383862308
70000000000,38,25,0.788187858552517
70000000000,26,27,0.9687620085399757
70000000000,27,26,-0.9692180199500474
70000000000,26,39,0.6227064873387324
70000000000,39,26,-0.5912081295676848
70000000000,27,28,0.9692032138049129
70000000000,28,27,-0.9701390327568552
70000000000,27,40,0.7492971316218875
70000000000,40,27,-0.6564587403814537
70000000000,28,29,0.9701414726141899
70000000000,29,28,-0.9705453693548305
70000000000,28,41,0.9312471543469641
70000000000,41,28,-0.845958118748361
70000000000,29,30,0.9707609784453218
70000000000,30,29,-0.9700772034784657
70000000000,29,42,0.9769464943742988
70000000000,42,29,-0.9943921396629692
70000000000,30,31,0.9705276717161455
70000000000,31,30,-0.9691415025961883
70000000000,30,43,0.7823399967898396
70000000000,43,30,-0.8799882438805979
70000000000,31,32,0.9696513001565533
70000000000,32,31,-0.9685401115099141
70000000000,31,44,0.6244310428294837
70000000000,44,31,-0.7039771408903069
70000000000,32,33,0.9688944512649339
70000000000,33,32,-0.9688204818621344
70000000000,32,45,0.5951601811115869
70000000000,45,32,-0.6035819993653584
70000000000,33,34,0.9689413985724145
70000000000,34,33,-0.9697520077436891
70000000000,33,46,0.675103556696072
70000000000,46,33,-0.6074537569860029
70000000000,34,35,0.9697636548333829
70000000000,35,34,-0.9705422262186042
70000000000,34,47,0.839871898821993
70000000000,47,34,-0.7384929346939819
70000000000,35,36,0.9706591626257519
70000000000,36,35,-0.9705331569365164
70000000000,35,48,0.9899056835124048
70000000000,48,35,-0.9476416196754512
70000000000,36,37,0.9708604255760708
70000000000,37,36,-0.9697306387591829
70000000000,36,49,0.892570445968431
70000000000,49,36,-0.9625446859827056
70000000000,37,38,0.97019560073048
70000000000,38,37,-0.9688232490710382
70000000000,37,50,0.6873105756833744
70000000000,50,37,-0.7861478805169136
70000000000,26,38,-0.9685910358775432
70000000000,38,26,0.9692210918507894
70000000000,38,51,0.5943974318358723
70000000000,51,38,-0.6420492051918734
70000000000,39,40,0.9688767791610322
70000000000,40,39,-0.9696933062909131
70000000000,39,52,-0.7888335441503223
70000000000,52,39,0.8157656454323892
70000000000,40,41,0.9696549298879558
70000000000,41,40,-0.9704475067697222
70000000000,40,53,-0.8139641766145518
70000000000,53,40,0.8905654804980022
70000000000,41,42,0.9705373991038224
70000000000,42,41,-0.9704154579082263
70000000000,41,54,-0.9076806387505261
70000000000,54,41,0.973295729112266
70000000000,42,43,0.9707569229560766
70000000000,43,42,-0.969627814928319
70000000000,42,55,-0.9877292698944056
70000000000,55,42,0.9748931620018689
70000000000,43,44,0.9701352561531338
70000000000,44,43,-0.9687579366627693
70000000000,43,56,-0.9528845503445021
70000000000,56,43,0.8763495955852463
70000000000,44,45,0.9692111699098347
70000000000,45,44,-0.9685771960592033
70000000000,44,57,-0.8655852731639122
70000000000,57,44,0.7991512711292811
70000000000,45,46,0.968811672065444
70000000000,46,45,-0.9692426012097806
70000000000,45,58,-0.8016803475509762
70000000000,58,45,0.7947928120538433
70000000000,46,47,0.969283676704995
70000000000,47,46,-0.9702163243190678
70000000000,46,59,-0.792074384329774
70000000000,59,46,0.8489483763030955
70000000000,47,48,0.970255290145394
70000000000,48,47,-0.9706576058318278
70000000000,47,60,-0.8545187187389646
70000000000,60,47,0.9353881373749628
70000000000,48,49,0.9708749030766219
70000000000,49,48,-0.9701964576560984
70000000000,48,61,-0.9587909682242808
70000000000,61,48,0.9902538819154832
70000000000,49,50,0.9706150998653398
70000000000,50,49,-0.9692346637423117
70000000000,49,62,-0.9838310122343956
70000000000,62,49,0.9310525028623523
70000000000,50,51,0.9696904679960148
70000000000,51,50,-0.9685940704047674
70000000000,50,63,-0.9096235376791326
70000000000,63,50,0.8293080374157394
70000000000,39,51,-0.9688118477908911
70000000000,51,39,0.9688894490790996
70000000000,51,64,-0.8284870746379693
70000000000,64,51,0.7882212817893172
70000000000,52,53,0.9687620021164075
70000000000,53,52,-0.9692150962836561
70000000000,52,65,0.6227030755491941
70000000000,65,52,-0.5912480388176072
70000000000,53,54,0.9692002949466241
70000000000,54,53,-0.9701390327568535
70000000000,53,66,0.7492626471450875
70000000000,66,53,-0.656515260820803
70000000000,54,55,0.9701414726141917
70000000000,55,54,-0.9705453693548305
70000000000,54,67,0.9312462442539046
70000000000,67,54,-0.845955905150087
70000000000,55,56,0.9707609731849498
70000000000,56,55,-0.9700800492016689
70000000000,55,68,0.9769462192246114
70000000000,68,55,-0.9943911188498693
70000000000,56,57,0.9705304972938975
70000000000,57,56,-0.9691465780852039
70000000000,56,69,0.7823959737841936
70000000000,69,56,-0.8799198354939175
70000000000,57,58,0.9696563529693168
70000000000,58,57,-0.9685322450888434
70000000000,57,70,0.6244972747057537
70000000000,70,57,-0.7038260519674763
70000000000,58,59,0.9688866262701327
70000000000,59,58,-0.968827803694953
70000000000,58,71,0.5950661493165853
70000000000,71,58,-0.603397220113681
70000000000,59,60,0.9689486926079519
70000000000,60,59,-0.9697520077437063
70000000000,59,72,0.6751800627077688
70000000000,72,59,-0.6075265808725355
70000000000,60,61,0.9697636535060448
70000000000,61,60,-0.9705415550272435
70000000000,60,73,0.839869869330575
70000000000,73,60,-0.7384503209076909
70000000000,61,62,0.9706584968291808
70000000000,62,61,-0.9705330825072543
70000000000,61,74,0.9899023843811282
70000000000,74,61,-0.9476417607467615
70000000000,62,63,0.9708603533821176
70000000000,63,62,-0.9697290669097116
70000000000,62,75,0.892566394813291
70000000000,75,62,-0.9625441890871996
70000000000,63,64,0.9701940301411269
70000000000,64,63,-0.968819864246095
70000000000,63,76,0.6872809227477006
70000000000,76,63,-0.7861315655302346
70000000000,52,64,-0.9685910358775514
70000000000,64,52,0.9692177068315898
70000000000,64,77,0.5943513713542953
70000000000,77,64,-0.6419598116050574
70000000000,65,66,0.9688804353531295
70000000000,66,65,-0.969697255724305
70000000000,65,78,-0.78880116778996
70000000000,78,65,0.8157816216692347
70000000000,66,67,0.9696588816751978
70000000000,67,66,-0.9704475061216081
70000000000,66,79,-0.8139190874366492
70000000000,79,66,0.8905550799262807
70000000000,67,68,0.970537397607375
70000000000,68,67,-0.9704160439478464
70000000000,67,80,-0.9076807539785341
70000000000,80,67,0.9732905143301825
70000000000,68,69,0.9707574956360259
70000000000,69,68,-0.9696215219622172
70000000000,68,81,-0.987732400628428
70000000000,81,68,0.9748931866582641
70000000000,69,70,0.9701289897126218
70000000000,70,69,-0.9687443803025189
70000000000,69,82,-0.9529226765043576
70000000000,82,69,0.8763497985174432
70000000000,70,71,0.9691976442216778
70000000000,71,70,-0.9685611277552456
70000000000,70,83,-0.8656854682291361
70000000000,83,70,0.7991515618363436
70000000000,71,72,0.9687956459989399
70000000000,72,71,-0.9692484539659638
70000000000,71,84,-0.8018124627292853
70000000000,84,71,0.7947930844926224
70000000000,72,73,0.9692895052476465
70000000000,73,72,-0.970214234809706
70000000000,72,85,-0.7920168115859795
70000000000,85,72,0.8489484775269678
70000000000,73,74,0.9702532065685964
70000000000,74,73,-0.9706576164203379
70000000000,73,86,-0.854548060050252
70000000000,86,73,0.9353881834877424
70000000000,74,75,0.9708749135674302
70000000000,75,74,-0.9701964589715496
70000000000,74,87,-0.9587902640930582
70000000000,87,74,0.9902538826124322
70000000000,75,76,0.9706150998653461
70000000000,76,75,-0.9692333948260612
70000000000,75,88,-0.9838310185981302
70000000000,88,75,0.9310525526526704
70000000000,76,77,0.9696891935523267
70000000000,77,76,-0.968586228655916
70000000000,76,89,-0.9096323996832544
70000000000,89,76,0.8293081529005868
70000000000,65,77,-0.968815516932996
70000000000,77,65,0.9688816260512421
70000000000,77,90,-0.828547951896354
70000000000,90,77,0.7882058418973434
70000000000,78,79,0.9687599968744335
70000000000,79,78,-0.9692165584038297
70000000000,78,91,0.6226842663916757
70000000000,91,78,-0.5912299441156801
70000000000,79,80,0.9692017560230346
70000000000,80,79,-0.9701400756938517
70000000000,79,92,0.7492811967486269
70000000000,92,79,-0.6565190039758609
70000000000,80,81,0.970142514336474
70000000000,81,80,-0.9705453684562153
70000000000,80,93,0.9312573185143788
70000000000,93,80,-0.845957971175647
70000000000,81,82,0.9707609758151414
70000000000,82,81,-0.9700800518332147
70000000000,81,94,0.9769465032101999
70000000000,94,81,-0.994391107852042
70000000000,82,83,0.9705304972939087
70000000000,83,82,-0.9691465780852037
70000000000,82,95,0.7823989849355918
70000000000,95,82,-0.8799213879828827
70000000000,83,84,0.9696563529693113
70000000000,84,83,-0.9685322450888141
70000000000,83,96,0.6245014287772876
70000000000,96,83,-0.7039769471842204
70000000000,84,85,0.9688866262701705
70000000000,85,84,-0.9688278036949177
70000000000,84,97,0.5950700600837219
70000000000,97,84,-0.603581999365068
70000000000,85,86,0.968948692607986
70000000000,86,85,-0.969752007743695
70000000000,85,98,0.6751833486035289
70000000000,98,85,-0.6075307432710421
70000000000,86,87,0.9697636535060532
70000000000,87,86,-0.9705415550272463
70000000000,86,99,0.8398718988219736
70000000000,99,86,-0.7385320136858357
70000000000,87,88,0.9706584972294829
70000000000,88,87,-0.9705330829094633
70000000000,87,100,0.9899024522323827
70000000000,100,87,-0.9476425253481505
70000000000,88,89,0.9708603533821184
70000000000,89,88,-0.9697290669097097
70000000000,88,101,0.8925680197438459
70000000000,101,88,-0.9625461929791178
70000000000,89,90,0.9701940311249945
70000000000,90,89,-0.968821557973922
70000000000,89,102,0.6872846159851344
70000000000,102,89,-0.7861358879786451
70000000000,78,90,-0.9685890279652134
70000000000,90,78,0.969219399671649
70000000000,90,103,0.5943762311236409
70000000000,103,90,-0.6419845948124114
70000000000,91,92,0.9688786088142417
70000000000,92,91,-0.9696972569139853
70000000000,91,104,-0.7888151322343978
70000000000,104,91,0.8157796956122092
70000000000,92,93,0.9696588810064481
70000000000,93,92,-0.9704475054734851
70000000000,92,105,-0.8139168458454981
70000000000,105,92,0.8905538580139433
70000000000,93,94,0.9705373927978145
70000000000,94,93,-0.9704160391197825
70000000000,93,106,-0.9076795632865474
70000000000,106,93,0.9732928773035451
70000000000,94,95,0.9707574957289407
70000000000,95,94,-0.9696215220468322
70000000000,94,107,-0.9877323397790299
70000000000,107,94,0.9748929132851386
70000000000,95,96,0.9701289939011912
70000000000,96,95,-0.9687579408648666
70000000000,95,108,-0.9529221489826104
70000000000,108,95,0.8763481750568666
70000000000,96,97,0.9692111699098293
70000000000,97,96,-0.9685771960591835
70000000000,96,109,-0.8655839458720231
70000000000,109,96,0.7991491586652006
70000000000,97,98,0.9688116848566098
70000000000,98,97,-0.9692484539659686
70000000000,97,110,-0.8016784484219697
70000000000,110,97,0.7947908323406617
70000000000,98,99,0.969289505247632
70000000000,99,98,-0.9702184105416238
70000000000,98,111,-0.7920143856364611
70000000000,111,98,0.8489468039660218
70000000000,99,100,0.9702573704375869
70000000000,100,99,-0.9706576182131074
70000000000,99,112,-0.8544875074305437
70000000000,112,99,0.9353873534579966
70000000000,100,101,0.9708749132401846
70000000000,101,100,-0.9701966362201639
70000000000,100,113,-0.9587897936950053
70000000000,113,100,0.9902534140029696
70000000000,101,102,0.9706152765484954
70000000000,102,101,-0.969233572847536
70000000000,101,114,-0.9838302483575605
70000000000,114,101,0.9310497970301025
70000000000,102,103,0.9696893734249332
70000000000,103,102,-0.968588190229467
70000000000,102,115,-0.9096301326431518
70000000000,115,102,0.8293060245492657
70000000000,91,103,-0.9688136863172104
70000000000,103,91,0.9688835829484727
70000000000,103,116,-0.828530934490182
70000000000,116,103,0.7882113099332044
70000000000,104,105,0.9687599962719458
70000000000,105,104,-0.9692165578050307
70000000000,104,117,0.6226842948239233
70000000000,117,104,-0.5912299756390695
70000000000,105,106,0.9692017562783776
70000000000,106,105,-0.9701395552526695
70000000000,105,118,0.7492811831319757
70000000000,118,105,-0.6565114592182013
70000000000,106,107,0.9701419931330277
70000000000,107,106,-0.9705453684562155
70000000000,106,119,0.9312522213365771
70000000000,119,106,-0.8459601822448847
70000000000,107,108,0.9707609745876031
70000000000,108,107,-0.9700800506050531
70000000000,107,120,0.9769464842779192
70000000000,120,107,-0.9943911085852305
70000000000,108,109,0.9705304972939108
70000000000,109,108,-0.969146578085196
70000000000,108,121,0.782398699388336
70000000000,121,108,-0.8799212407602552
70000000000,109,110,0.9696563529693152
70000000000,110,109,-0.9685322450888273
70000000000,109,122,0.6245009095180006
70000000000,122,109,-0.703828764413104
70000000000,110,111,0.9688866262701552
70000000000,111,110,-0.968827803694956
70000000000,110,123,0.5950695712369599
70000000000,123,110,-0.6034005498582613
70000000000,111,112,0.9689486785844447
70000000000,112,111,-0.969751993769069
70000000000,111,124,0.6751829378659536
70000000000,124,111,-0.6073762482279945
70000000000,112,113,0.9697636561606863
70000000000,113,112,-0.9705428963435507
70000000000,112,125,0.8398718311779473
70000000000,125,112,-0.7384537369748093
70000000000,113,114,0.9706598277665994
70000000000,114,113,-0.9705331585451602
70000000000,113,126,0.9899089092976644
70000000000,126,113,-0.9476406630365722
70000000000,114,115,0.9708604256144181
70000000000,115,114,-0.9697290669711037
70000000000,114,127,0.8925703926928427
70000000000,127,114,-0.9625446698235693
70000000000,115,116,0.9701940311250037
70000000000,116,115,-0.9688207116853242
70000000000,115,128,0.6872846462673176
70000000000,128,115,-0.7861339545628258
70000000000,104,116,-0.9685890297106753
70000000000,116,104,0.9692185550821475
70000000000,116,129,0.5943658072328228
70000000000,129,116,-0.6420061227267351
70000000000,117,118,0.9688786064126435
70000000000,118,117,-0.9696967611944833
70000000000,117,130,-0.7888173919618249
70000000000,130,117,0.8157657060981207
70000000000,118,119,0.9696583877897241
70000000000,119,118,-0.9704475894668328
70000000000,118,131,-0.813924754544698
70000000000,131,118,0.8905550894445319
70000000000,119,120,0.9705374802703299
70000000000,120,119,-0.970416043143168
70000000000,119,132,-0.9076791327277082
70000000000,132,119,0.9732931384183775
70000000000,120,121,0.9707574957289418
70000000000,121,120,-0.9696215220468271
70000000000,120,133,-0.9877323988387428
70000000000,133,120,0.974892670326495
70000000000,121,122,0.9701289897126206
70000000000,122,121,-0.9687443803024607
70000000000,121,134,-0.952922676504362
70000000000,134,121,0.8763497985174291
70000000000,122,123,0.9691976442216734
70000000000,123,122,-0.9685611277552844
70000000000,122,135,-0.8656854682293461
70000000000,135,122,0.7992576609473359
70000000000,123,124,0.9687956459989493
70000000000,124,123,-0.9692367649352677
70000000000,123,136,-0.8018127239998168
70000000000,136,123,0.7946608176403909
70000000000,124,125,0.9692778390330876
70000000000,125,124,-0.9702142348097011
70000000000,124,137,-0.7921322399430057
70000000000,137,124,0.8490587090732012
70000000000,125,126,0.9702532073995402
70000000000,126,125,-0.9706575942792207
70000000000,125,138,-0.8545480600502545
70000000000,138,125,0.9353881834878293
70000000000,126,127,0.9708748925774591
70000000000,127,126,-0.9701964563406378
70000000000,126,139,-0.9587917183288911
70000000000,139,126,0.990253883262982
70000000000,127,128,0.9706150998653418
70000000000,128,127,-0.9692333948261009
70000000000,127,140,-0.9838310204163474
70000000000,140,127,0.9310507146102606
70000000000,128,129,0.9696891964551073
70000000000,129,128,-0.9685901510605969
70000000000,128,141,-0.9096324076571565
70000000000,141,128,0.8293081693984412
70000000000,117,129,-0.9688136863172122
70000000000,129,117,0.9688855426925693
70000000000,129,142,-0.8285175717096998
70000000000,142,129,0.7882214633996016
70000000000,130,131,0.9687620053282145
70000000000,131,130,-0.9692165584038425
70000000000,130,143,0.6227030755491965
70000000000,143,130,-0.5912480388176191
70000000000,131,132,0.9692017560230383
70000000000,132,131,-0.9701395550006202
70000000000,131,144,0.7492785823463276
70000000000,144,131,-0.6565151973773835
70000000000,132,133,0.9701419940230686
70000000000,133,132,-0.970545357979453
70000000000,132,145,0.9312513112791534
70000000000,145,132,-0.845955794469793
70000000000,133,134,0.9707609663757207
70000000000,134,133,-0.9700800519208245
70000000000,133,146,0.976946756656773
70000000000,146,133,-0.9943916352059723
70000000000,134,135,0.9705304972939024
70000000000,135,134,-0.9691364118755879
70000000000,134,147,0.7823959737843013
70000000000,147,134,-0.8799198354939426
70000000000,135,136,0.9696462394313268
70000000000,136,135,-0.9685479656681077
70000000000,135,148,0.6243559809994216
70000000000,148,135,-0.7038260519674492
70000000000,136,137,0.9689022640963202
70000000000,137,136,-0.9688131485671415
70000000000,136,149,0.5952459003280921
70000000000,149,136,-0.6033967444372265
70000000000,137,138,0.968934093132492
70000000000,138,137,-0.9697520077436823
70000000000,137,150,0.6750204742196267
70000000000,150,137,-0.6073726055866767
70000000000,138,139,0.9697636535060394
70000000000,139,138,-0.9705415550272443
70000000000,138,151,0.8398698693304198
70000000000,151,138,-0.7384503209076754
70000000000,139,140,0.9706584947210525
70000000000,140,139,-0.9705331536121281
70000000000,139,152,0.9899023822699838
70000000000,152,139,-0.9476399765788445
70000000000,140,141,0.970860425576069
70000000000,141,140,-0.9697290669301774
70000000000,140,153,0.8925687944182727
70000000000,153,140,-0.9625381405751651
70000000000,141,142,0.9701940301411307
70000000000,142,141,-0.9688198642460963
70000000000,141,154,0.6872809227477138
70000000000,154,141,-0.7861454523911767
70000000000,130,142,-0.9685910358775206
70000000000,142,130,0.9692177068315857
70000000000,142,155,0.5943513713542775
70000000000,155,142,-0.641959811605162
70000000000,143,144,0.9688804353531438
70000000000,144,143,-0.9696972557242974
70000000000,143,156,-0.7888010966148903
70000000000,156,143,0.815829302346712
70000000000,144,145,0.9696588813408193
70000000000,145,144,-0.9704475057975477
70000000000,144,157,-0.8139190525141904
70000000000,157,144,0.8905655185694961
70000000000,145,146,0.9705373968057832
70000000000,146,145,-0.9704157496014827
70000000000,145,158,-0.9076807731831872
70000000000,158,145,0.9732905184751425
70000000000,146,147,0.9707572097403601
70000000000,147,146,-0.9696215220468328
70000000000,146,159,-0.9877308368748039
70000000000,159,146,0.974892926482148
70000000000,147,148,0.9701289897126205
70000000000,148,147,-0.9687443803025022
70000000000,147,160,-0.9529226765043464
70000000000,160,147,0.876349798517449
70000000000,148,149,0.969197644221691
70000000000,149,148,-0.9685611277552686
70000000000,148,161,-0.865685468229138
70000000000,161,148,0.7992046160370443
70000000000,149,150,0.9687956459989732
70000000000,150,149,-0.9692367649352598
70000000000,149,162,-0.8018127239997668
70000000000,162,149,0.7946608176404107
70000000000,150,151,0.9692778390330402
70000000000,151,150,-0.9702142348096972
70000000000,150,163,-0.7921322399432933
70000000000,163,150,0.8490587090732788
70000000000,151,152,0.9702532073995435
70000000000,152,151,-0.9706575942792207
70000000000,151,164,-0.8545480600502552
70000000000,164,151,0.9353881834877363
70000000000,152,153,0.9708748925774594
70000000000,153,152,-0.9701957456806818
70000000000,152,165,-0.9587917183288909
70000000000,165,152,0.9902538832629829
70000000000,153,154,0.9706143909808848
70000000000,154,153,-0.969234663742318
70000000000,153,166,-0.9838336391365871
70000000000,166,153,0.9310507146102509
70000000000,154,155,0.9696904621931902
70000000000,155,154,-0.9685862286559362
70000000000,154,167,-0.9096235695764691
70000000000,167,154,0.8293274861230905
70000000000,143,155,-0.9688155169329846
70000000000,155,143,0.9688816260512395
70000000000,155,168,-0.828547895224026
70000000000,168,155,0.7882527404616723
70000000000,156,157,0.9687539700383118
70000000000,157,156,-0.9692151026742354
70000000000,156,169,0.6226174884851307
70000000000,169,156,-0.5912078773753007
70000000000,157,158,0.9692002976720858
70000000000,158,157,-0.9701400770373642
70000000000,157,170,0.7492650001724823
70000000000,170,157,-0.6564584865902855
70000000000,158,159,0.9701425150040813
70000000000,159,158,-0.9705453634435184
70000000000,158,171,0.9312572578464827
70000000000,171,158,-0.8459578236028222
70000000000,159,160,0.9707609714690064
70000000000,160,159,-0.9700800522497587
70000000000,159,172,0.9769467458946473
70000000000,172,159,-0.9943916250294411
70000000000,160,161,0.9705304972939098
70000000000,161,160,-0.9691414989586142
70000000000,160,173,0.7823988940737465
70000000000,173,160,-0.879954643566391
70000000000,161,162,0.9696513117419024
70000000000,162,161,-0.968547965668068
70000000000,161,174,0.6244305235323528
70000000000,174,161,-0.703902857890257
70000000000,162,163,0.9689022640963625
70000000000,163,162,-0.9688131485671515
70000000000,162,175,0.5952495660629237
70000000000,175,162,-0.6034908005834669
70000000000,163,164,0.9689340931324575
70000000000,164,163,-0.969752007743683
70000000000,163,176,0.6750235553601192
70000000000,176,163,-0.6075304831209246
70000000000,164,165,0.9697636535060701
70000000000,165,164,-0.9705415550272413
70000000000,164,177,0.8398716451358451
70000000000,177,164,-0.7384534130290218
70000000000,165,166,0.970658494721049
70000000000,166,165,-0.9705331536121274
70000000000,165,178,0.9899024522323686
70000000000,178,165,-0.9476442857453388
70000000000,166,167,0.9708604256527666
70000000000,167,166,-0.9697274939455491
70000000000,166,179,0.8925702861416155
70000000000,179,166,-0.9625385930762568
70000000000,167,168,0.9701924583151702
70000000000,168,167,-0.9688164767772114
70000000000,167,180,0.687258594425672
70000000000,180,167,-0.7861199500255868
70000000000,156,168,-0.9685829995339666
70000000000,168,156,0.9692143191686834
70000000000,168,181,0.5943132699787216
70000000000,181,168,-0.6420489863850138
70000000000,169,170,0.9688767791610339
70000000000,170,169,-0.9696933062909036
70000000000,169,182,-0.7888313378784471
70000000000,182,169,0.8158274220102125
70000000000,170,171,0.969654929216326
70000000000,171,170,-0.970447506121609
70000000000,170,183,-0.813962081498414
70000000000,183,170,0.8905434222136485
70000000000,171,172,0.9705373960041876
70000000000,172,171,-0.9704157487964159
70000000000,171,184,-0.9076795248770486
70000000000,184,171,0.973295488737522
70000000000,172,173,0.970757209569507
70000000000,173,172,-0.9696246709646159
70000000000,172,185,-0.9877307791456187
70000000000,185,172,0.9748925401039804
70000000000,173,174,0.9701321254067747
70000000000,174,173,-0.9687511637707291
70000000000,173,186,-0.9529030886987074
70000000000,186,173,0.8763480735905417
70000000000,174,175,0.9692044123539715
70000000000,175,174,-0.968569168166655
70000000000,174,187,-0.8656339158970209
70000000000,187,174,0.7992021453261139
70000000000,175,176,0.9688036716858484
70000000000,176,175,-0.9692484539659572
70000000000,175,188,-0.801744452481035
70000000000,188,175,0.7947246419437594
70000000000,176,177,0.9692894998212026
70000000000,177,176,-0.9702142294009626
70000000000,176,189,-0.7920143171553815
70000000000,189,176,0.8490018794080901
70000000000,177,178,0.9702532047881802
70000000000,178,177,-0.9706576375720856
70000000000,177,190,-0.8545461946286148
70000000000,190,177,0.9354132630870415
70000000000,178,179,0.9708749331281735
70000000000,179,178,-0.9701957495399262
70000000000,178,191,-0.9587882912765935
70000000000,191,178,0.9902538589161086
70000000000,179,180,0.9706143909808788
70000000000,180,179,-0.9692321254126495
70000000000,179,192,-0.9838335155186715
70000000000,192,179,0.9310645642190014
70000000000,180,181,0.9696879302226359
70000000000,181,180,-0.9685940704048223
70000000000,180,193,-0.9096401607492486
70000000000,193,180,0.8293253745118677
70000000000,169,181,-0.9688118477908926
70000000000,181,169,0.9688894490790813
70000000000,181,194,-0.8284853175119202
70000000000,194,181,0.7882503433676036
70000000000,182,183,0.9687539700383067
70000000000,183,182,-0.9692180199500361
70000000000,182,195,0.6226179434323155
70000000000,195,182,-0.5912083817601803
70000000000,183,184,0.9692032138049232
70000000000,184,183,-0.9701390327568465
70000000000,183,196,0.7492973059106316
70000000000,196,183,-0.6564589941725443
70000000000,184,185,0.9701414717242439
70000000000,185,184,-0.9705453599255737
70000000000,184,197,0.9312472150196145
70000000000,197,184,-0.8459582663210516
70000000000,185,186,0.9707609687582197
70000000000,186,185,-0.9700800519208138
70000000000,185,198,0.9769469228482338
70000000000,198,185,-0.9943916234708736
70000000000,186,187,0.9705304972939075
70000000000,187,186,-0.9691414989585921
70000000000,186,199,0.7823992834446207
70000000000,199,186,-0.8799548442907018
70000000000,187,188,0.9696513001565605
70000000000,188,187,-0.9685401115098908
70000000000,187,200,0.6244310428294952
70000000000,200,187,-0.7039032453426921
70000000000,188,189,0.9688944512649637
70000000000,189,188,-0.9688204818621127
70000000000,188,201,0.5951601811116433
70000000000,201,188,-0.6034915140404333
70000000000,189,190,0.9689413985724092
70000000000,190,189,-0.9697480561749237
70000000000,189,202,0.6751037620852265
70000000000,202,189,-0.6075310034212728
70000000000,190,191,0.9697597109348012
70000000000,191,190,-0.9705415550272449
70000000000,190,203,0.8398291353380414
70000000000,203,190,-0.738493155544909
70000000000,191,192,0.970658497923485
70000000000,192,191,-0.9705325702420985
70000000000,191,204,0.9899024612791298
70000000000,204,191,-0.9476443876897304
70000000000,192,193,0.9708598472977181
70000000000,193,192,-0.9697274937835072
70000000000,192,205,0.8925513024428281
70000000000,205,192,-0.9625507784317916
70000000000,193,194,0.9701924583151559
70000000000,194,193,-0.9688164767771398
70000000000,193,206,0.6872590827725633
70000000000,206,193,-0.7861202633504699
70000000000,182,194,-0.9685829995339781
70000000000,194,182,0.9692143191687218
70000000000,194,207,0.5943137835290007
70000000000,207,194,-0.6420494239990316
70000000000,195,196,0.9688767791610566
70000000000,196,195,-0.9696933062909219
70000000000,195,208,-0.7888336153204087
70000000000,208,195,0.8158293630026436
70000000000,196,197,0.9696549298879441
70000000000,197,196,-0.9704475067697197
70000000000,196,209,-0.813964316288957
70000000000,209,196,0.890544640614711
70000000000,197,198,0.9705373976073766
70000000000,198,197,-0.9704157504065529
70000000000,197,210,-0.9076807155692086
70000000000,210,197,0.9732957456898189
70000000000,198,199,0.9707572095695061
70000000000,199,198,-0.9696246709646206
70000000000,198,211,-0.9877308364272944
70000000000,211,198,0.9748926703264942
70000000000,199,200,0.9701321254067715
70000000000,200,199,-0.9687511637707361
70000000000,199,212,-0.9529036163455527
70000000000,212,199,0.8763608264357017
70000000000,200,201,0.9692044123539634
70000000000,201,200,-0.9685691681666492
70000000000,200,213,-0.865635376877409
70000000000,213,200,0.7992044707012199
70000000000,201,202,0.9688036716858637
70000000000,202,201,-0.9692484539659407
70000000000,201,214,-0.801746542957859
70000000000,214,201,0.7947268217679477
70000000000,202,203,0.9692895052476644
70000000000,203,202,-0.970216324319072
70000000000,202,215,-0.7920166648546969
70000000000,215,202,0.8490034987072347
70000000000,203,204,0.9702552892547983
70000000000,204,203,-0.9706576393656016
70000000000,203,216,-0.854518718739032
70000000000,216,203,0.9354139546275071
70000000000,204,205,0.9708749331281729
70000000000,205,204,-0.9701971702992964
70000000000,204,217,-0.958788824406102
70000000000,217,204,0.9902536593193487
70000000000,205,206,0.9706158081902138
70000000000,206,205,-0.9692321254126491
70000000000,205,218,-0.9838283937876551
70000000000,218,205,0.9310654745789719
70000000000,206,207,0.9696879302226318
70000000000,207,206,-0.9685940704047716
70000000000,206,219,-0.9096411813603653
70000000000,219,206,0.8292887191807268
70000000000,195,207,-0.9688118477908753
70000000000,207,195,0.9688894490790996
70000000000,207,220,-0.8284872446826596
70000000000,220,207,0.7881275414289316
70000000000,208,209,0.9687539700382874
70000000000,209,208,-0.969218019950038
70000000000,208,221,0.622614303861736
70000000000,221,208,-0.5912043466876512
70000000000,209,210,0.9692032138049309
70000000000,210,209,-0.9701390327568495
70000000000,209,222,0.7492946915808676
70000000000,222,209,-0.656515387707334
70000000000,210,211,0.9701414717242431
70000000000,211,210,-0.9705453570810204
70000000000,210,223,0.9312462442539186
70000000000,223,210,-0.8459559051501108
70000000000,211,212,0.9707609663757203
70000000000,212,211,-0.9700793400134123
70000000000,211,224,0.976946756656773
70000000000,224,211,-0.9943916352059723
70000000000,212,213,0.9705297908311454
70000000000,213,212,-0.9691414989585976
70000000000,212,225,0.7823812009351684
70000000000,225,212,-0.8799198856821157
70000000000,213,214,0.9696513001565336
70000000000,214,213,-0.9685401115099053
70000000000,213,226,0.6244267586302966
70000000000,226,213,-0.7039000488637853
70000000000,214,215,0.9688944512649532
70000000000,215,214,-0.9688204818621372
70000000000,214,227,0.59515627066831
70000000000,227,214,-0.6034424649257486
70000000000,215,216,0.9689413985724112
70000000000,216,215,-0.9697480561749245
70000000000,215,228,0.6751004758616205
70000000000,228,215,-0.6075268410220657
70000000000,216,217,0.9697597122679019
70000000000,217,216,-0.9705422262186052
70000000000,216,229,0.8398271055890095
70000000000,229,216,-0.7384896219235361
70000000000,217,218,0.9706591657200813
70000000000,218,217,-0.9705325734625111
70000000000,217,230,0.9899056179493031
70000000000,230,217,-0.9476435211581793
70000000000,218,219,0.9708598472977186
70000000000,219,218,-0.9697306386764506
70000000000,218,231,0.8925495974642678
70000000000,231,218,-0.9625502613869928
70000000000,219,220,0.9701956085931873
70000000000,220,219,-0.9688300186463394
70000000000,219,232,0.6873069133308173
70000000000,232,219,-0.7861177567510186
70000000000,208,220,-0.9685829855506114
70000000000,220,208,0.9692278400097746
70000000000,220,233,0.5944772267687447
70000000000,233,220,-0.6419598116051203
70000000000,221,222,0.9688767887721417
70000000000,222,221,-0.9696972652417247
70000000000,221,234,-0.7888334729801629
70000000000,234,221,0.8157019134964973
70000000000,222,223,0.9696588810064505
70000000000,223,222,-0.970447505473483
70000000000,222,235,-0.8139188429789067
70000000000,235,222,0.8905026481919893
70000000000,223,224,0.9705373976073798
70000000000,224,223,-0.9704157504065508
70000000000,223,236,-0.907680561931773
70000000000,236,223,0.9732957125347093
70000000000,224,225,0.9707572096549368
70000000000,225,224,-0.9696215219675088
70000000000,224,237,-0.9877308310571499
70000000000,237,224,0.9748931544968169
70000000000,225,226,0.9701289897126154
70000000000,226,225,-0.9687511637707537
70000000000,225,238,-0.9529225940791171
70000000000,238,225,0.876355109640299
70000000000,226,227,0.9692044193317862
70000000000,227,226,-0.9685651565187848
70000000000,226,239,-0.8656352855660339
70000000000,239,226,0.7992043253652572
70000000000,227,228,0.9687996604067856
70000000000,228,227,-0.9692484539659488
70000000000,227,240,-0.8017793086615216
70000000000,240,227,0.7947266174092348
70000000000,228,229,0.9692895052476459
70000000000,229,228,-0.9702163243190793
70000000000,228,241,-0.792016371392204
70000000000,241,228,0.8490308525540178
70000000000,229,230,0.9702552892548042
70000000000,230,229,-0.9706576393656017
70000000000,229,242,-0.8545184272385223
70000000000,242,229,0.9354138393708142
70000000000,230,231,0.9708749331281726
70000000000,231,230,-0.970197170299298
70000000000,230,243,-0.9587887616851718
70000000000,243,230,0.9902536565312824
70000000000,231,232,0.9706158081902133
70000000000,232,231,-0.9692321254126192
70000000000,231,244,-0.9838283792395428
70000000000,244,231,0.9310653607842064
70000000000,232,233,0.9696879302226568
70000000000,233,232,-0.9685862344664176
70000000000,232,245,-0.9096410537839177
70000000000,245,232,0.8292884552010716
70000000000,221,233,-0.9688118477909007
70000000000,233,221,0.9688816116096957
70000000000,233,246,-0.8285477252072996
70000000000,246,233,0.7881272507944622
70000000000,234,235,0.9687700345271126
70000000000,235,234,-0.9692238476498514
70000000000,234,247,0.6227952551949486
70000000000,247,234,-0.5912081295680686
70000000000,235,236,0.9692090392412326
70000000000,236,235,-0.970139027376591
70000000000,235,248,0.7493612170992623
70000000000,248,235,-0.6565191943057322
70000000000,236,237,0.9701414708342772
70000000000,237,236,-0.970545367557596
70000000000,236,249,0.9312472150196027
70000000000,249,236,-0.8459582663210827
70000000000,237,238,0.970760977217789
70000000000,238,237,-0.9700796973529178
70000000000,237,250,0.9769465055767355
70000000000,250,237,-0.9943914947966555
70000000000,238,239,0.9705301459398703
70000000000,239,238,-0.9691415007773808
70000000000,238,251,0.782391799746784
70000000000,251,238,-0.8799381683921719
70000000000,239,240,0.9696513001565467
70000000000,240,239,-0.9685401115099057
70000000000,239,252,0.6244307831807393
70000000000,252,239,-0.703903051616444
70000000000,240,241,0.968894444059105
70000000000,241,240,-0.9688168166472929
70000000000,240,253,0.5951599978091944
70000000000,253,240,-0.6034234695848114
70000000000,241,242,0.9689377424829656
70000000000,242,241,-0.9697480514014757
70000000000,241,254,0.6750638646346494
70000000000,254,241,-0.6074925105506489
70000000000,242,243,0.969759712934441
70000000000,243,242,-0.9705422268704096
70000000000,242,255,0.8398291987675386
70000000000,255,242,-0.73849326597048
70000000000,243,244,0.9706591657200898
70000000000,244,243,-0.9705325734625136
70000000000,243,256,0.9899056857731983
70000000000,256,243,-0.947640764984889
70000000000,244,245,0.9708598472977185
70000000000,245,244,-0.9697306386764516
70000000000,244,257,0.8925513024428707
70000000000,257,244,-0.962550778431751
70000000000,245,246,0.9701956085931924
70000000000,246,245,-0.9688300186463242
70000000000,245,258,0.6873108198400514
70000000000,258,245,-0.7861202633507045
70000000000,234,246,-0.9685990597019002
70000000000,246,234,0.9692278539573426
70000000000,246,259,0.5944813345321264
70000000000,259,246,-0.6419633128410349
70000000000,247,248,0.9688767887721783
70000000000,248,247,-0.9696972652417273
70000000000,247,260,-0.7888320495782566
70000000000,260,247,0.8157006999919243
70000000000,248,249,0.9696588810064447
70000000000,249,248,-0.9704475054734872
70000000000,248,261,-0.813917446076966
70000000000,261,248,0.8905018865460137
70000000000,249,250,0.970537397206578
70000000000,250,249,-0.9704158234325835
70000000000,249,262,-0.9076797937434682
70000000000,262,249,0.9732955467590048
70000000000,250,251,0.9707572811733922
70000000000,251,250,-0.9696230971048858
70000000000,250,263,-0.9877311854531018
70000000000,263,250,0.9748929916790953
70000000000,251,252,0.9701305562166233
70000000000,252,251,-0.9687511617967279
70000000000,251,264,-0.9529127432235538
70000000000,264,251,0.8763568519707404
70000000000,252,253,0.969204415842902
70000000000,253,252,-0.9685631425298162
70000000000,252,265,-0.8656343553321715
70000000000,265,252,0.799209475903887
70000000000,253,254,0.968797656802354
70000000000,254,253,-0.9692455383321696
70000000000,253,266,-0.8017945144243518
70000000000,266,253,0.7947170052312694
70000000000,254,255,0.969286592117571
70000000000,255,254,-0.9702163243190649
70000000000,254,267,-0.7920437652475943
70000000000,267,254,0.849029840579375
70000000000,255,256,0.9702552910359804
70000000000,256,255,-0.9706575952348934
70000000000,255,268,-0.8545172903858629
70000000000,268,255,0.9354069362127406
70000000000,256,257,0.970874893799571
70000000000,257,256,-0.9701971676686818
70000000000,256,269,-0.9587913587423955
70000000000,269,256,0.9902536439849617
70000000000,257,258,0.9706158081902109
70000000000,258,257,-0.9692321254126679
70000000000,257,270,-0.9838283171679066
70000000000,270,257,0.9310500583182115
70000000000,258,259,0.969687930222656
70000000000,259,258,-0.9685862344663957
70000000000,258,271,-0.9096404159017911
70000000000,271,258,0.8292871353023874
70000000000,247,259,-0.9688118477909218
70000000000,259,247,0.9688816116097182
70000000000,259,272,-0.8285465917633025
70000000000,272,259,0.7881257976241975
70000000000,260,261,0.9687700345271082
70000000000,261,260,-0.9692238476498118
70000000000,260,273,0.622794345465179
70000000000,273,260,-0.5912071207981408
70000000000,261,262,0.9692090392412361
70000000000,262,261,-0.9701390273765972
70000000000,261,274,0.7493605200217432
70000000000,274,261,-0.6565181792126309
70000000000,262,263,0.9701414708342859
70000000000,263,262,-0.9705453675575962
70000000000,262,275,0.9312469723289264
70000000000,275,262,-0.8459576760299462
70000000000,263,264,0.9707609772177889
70000000000,264,263,-0.9700795193586239
70000000000,263,276,0.9769464274809931
70000000000,276,263,-0.99439162677137
70000000000,264,265,0.9705299686292896
70000000000,265,264,-0.9691408646454038
70000000000,264,277,0.78238727912157
70000000000,277,264,-0.8799294286552782
70000000000,265,266,0.9696506687228552
70000000000,266,265,-0.9685410946776213
70000000000,265,278,0.624420978656098
70000000000,278,265,-0.7038977065280452
70000000000,266,267,0.9688954231309922
70000000000,267,266,-0.9688168166472656
70000000000,266,279,0.5951702927693422
70000000000,279,266,-0.6034366646094739
70000000000,267,268,0.9689377448804276
70000000000,268,267,-0.969749042263241
70000000000,267,280,0.6750629916868984
70000000000,280,267,-0.6074721582185976
70000000000,268,269,0.9697606988236048
70000000000,269,268,-0.9705422265445081
70000000000,268,281,0.83983935083426
70000000000,281,268,-0.7384922721406896
70000000000,269,270,0.9706591610253144
70000000000,270,269,-0.9705331553278748
70000000000,269,282,0.9899056676869262
70000000000,282,269,-0.9476405610881212
70000000000,270,271,0.9708604257243492
70000000000,271,270,-0.9697306389190867
70000000000,270,283,0.8925699664875999
70000000000,283,270,-0.9625264058913922
70000000000,271,272,0.9701956085932003
70000000000,272,271,-0.968830018646286
70000000000,271,284,0.687309713007056
70000000000,284,271,-0.786119553154274
70000000000,260,272,-0.9685990597019054
70000000000,272,260,0.9692278539572878
70000000000,272,285,0.5944801706753674
70000000000,285,272,-0.6419623208328697
70000000000,273,274,0.9688767887720936
70000000000,274,273,-0.9696972652417124
70000000000,273,286,-0.7888331123914488
70000000000,286,273,0.815828934371803
70000000000,274,275,0.9696588810064346
70000000000,275,274,-0.9704475054734821
70000000000,274,287,-0.8139184891034504
70000000000,287,274,0.8905024552450427
70000000000,275,276,0.9705373976073801
70000000000,276,275,-0.9704157504065537
70000000000,275,288,-0.9076804082942902
70000000000,288,275,0.9732956793795869
70000000000,276,277,0.9707572096335785
70000000000,277,276,-0.9696223096808726
70000000000,276,289,-0.987730820316861
70000000000,289,276,0.9748931062545995
70000000000,277,278,0.9701297736093396
70000000000,278,277,-0.9687507396202306
70000000000,277,290,-0.9529177677596254
70000000000,290,277,0.8763604586373692
70000000000,278,279,0.9692039927087044
70000000000,279,278,-0.9685643987421301
70000000000,278,291,-0.8656381997766845
70000000000,291,278,0.7992172513933082
70000000000,279,280,0.9687989075426601
70000000000,280,279,-0.9692440744606589
70000000000,279,292,-0.8017852558718545
70000000000,292,279,0.7947098068606645
70000000000,280,281,0.9692851346965846
70000000000,281,280,-0.9702163243190736
70000000000,280,293,-0.7920594052602421
70000000000,293,280,0.849030675458353
70000000000,281,282,0.970255290590679
70000000000,282,281,-0.9706575947868851
70000000000,281,294,-0.854518252338255
70000000000,294,281,0.9354073165807452
70000000000,282,283,0.9708748951960198
70000000000,283,282,-0.9701943253138314
70000000000,282,295,-0.9587916017761101
70000000000,295,282,0.9902537107162451
70000000000,283,284,0.9706129715333321
70000000000,284,283,-0.9692321254126346
70000000000,283,296,-0.9838388528663812
70000000000,296,283,0.9310505438980231
70000000000,284,285,0.9696879302226498
70000000000,285,284,-0.9685862344664331
70000000000,284,297,-0.909640926207469
70000000000,297,284,0.829365719177597
70000000000,273,285,-0.9688118554639942
70000000000,285,273,0.9688816193112663
70000000000,285,298,-0.8285474985180556
70000000000,298,285,0.7882522319868094
70000000000,286,287,0.968753970038325
70000000000,287,286,-0.9692238476498499
70000000000,286,299,0.6226149862799931
70000000000,299,286,-0.5912051032623128
70000000000,287,288,0.9692090421382227
70000000000,288,287,-0.9701390302458343
70000000000,287,300,0.7493591258676755
70000000000,300,287,-0.6565161490270411
70000000000,288,289,0.9701414726141876
70000000000,289,288,-0.9705453693548307
70000000000,288,301,0.9312464869460035
70000000000,301,288,-0.8459564954444444
70000000000,289,290,0.9707609745876034
70000000000,290,289,-0.9700793386974813
70000000000,289,302,0.9769462949543846
70000000000,302,289,-0.994391631905476
70000000000,290,291,0.9705297917354321
70000000000,291,290,-0.9691402288436793
70000000000,290,303,0.7823819797043449
70000000000,303,290,-0.8799202871872696
70000000000,291,292,0.9696500357169914
70000000000,292,291,-0.9685420761992034
70000000000,291,304,0.624410070558496
70000000000,304,291,-0.703900775335499
70000000000,292,293,0.968896402011951
70000000000,293,292,-0.968816816647297
70000000000,292,305,0.5951795948399728
70000000000,305,292,-0.6034206155777663
70000000000,293,294,0.9689377448803997
70000000000,294,293,-0.9697490422632744
70000000000,293,306,0.6750613484932919
70000000000,306,293,-0.6074700769028181
70000000000,294,295,0.9697606984906557
70000000000,295,294,-0.9705420588470001
70000000000,294,307,0.8398383359919473
70000000000,307,294,-0.7384905053299409
70000000000,295,296,0.9706589941747409
70000000000,296,295,-0.9705331545235547
70000000000,295,308,0.9899048243455854
70000000000,308,295,-0.9476410462195872
70000000000,296,297,0.9708604258061372
70000000000,297,296,-0.9697243442616589
70000000000,296,309,0.8925691140742783
70000000000,309,296,-0.962526147270063
70000000000,297,298,0.9701893188491808
70000000000,298,297,-0.9688164846680997
70000000000,297,310,0.6872044140841609
70000000000,310,297,-0.7861183834007469
70000000000,286,298,-0.9685829995339619
70000000000,298,286,0.9692143191687235
70000000000,298,311,0.5943104454548237
70000000000,311,298,-0.6419606869128934
70000000000,299,300,0.9688767887721196
70000000000,300,299,-0.9696972652417066
70000000000,299,312,-0.7888337576609707
70000000000,312,299,0.8158294843152625
70000000000,300,301,0.96965888171974
70000000000,301,300,-0.9704475061647608
70000000000,300,313,-0.813919122359214
70000000000,313,300,0.8905028005212656
70000000000,301,302,0.9705373976073732
70000000000,302,301,-0.9704157504065506
70000000000,301,314,-0.9076808282399647
70000000000,314,301,0.9732748056924451
70000000000,302,303,0.9707572096549372
70000000000,303,302,-0.9696215219675018
70000000000,302,315,-0.9877308346372451
70000000000,315,302,0.9748931705775457
70000000000,303,304,0.9701289897126215
70000000000,304,303,-0.9687511637707369
70000000000,303,316,-0.9529226600193046
70000000000,316,303,0.8763497477843898
70000000000,304,305,0.969204415842881
70000000000,305,304,-0.9685631425298036
70000000000,304,317,-0.865635468188802
70000000000,317,304,0.7992046160371638
70000000000,305,306,0.96879765359396
70000000000,306,305,-0.9692440748606895
70000000000,305,318,-0.8017960821058294
70000000000,318,305,0.7947269239473733
70000000000,306,307,0.9692851346966022
70000000000,307,306,-0.9702163243190692
70000000000,306,319,-0.7920599921299564
70000000000,319,306,0.8490310802485891
70000000000,307,308,0.9702552905906837
70000000000,308,307,-0.970657606279928
70000000000,307,320,-0.8545186895889318
70000000000,320,307,0.9354139431018439
70000000000,308,309,0.9708749043857514
70000000000,309,308,-0.9701943253138339
70000000000,308,321,-0.9587910074235781
70000000000,321,308,0.9902537442299039
70000000000,309,310,0.9706129715333387
70000000000,310,309,-0.9692321254126092
70000000000,309,322,-0.9838388746740186
70000000000,322,309,0.9310581234088986
70000000000,310,311,0.9696879302226373
70000000000,311,310,-0.968586234466437
70000000000,310,323,-0.9096411813604665
70000000000,323,310,0.8293662470235522
70000000000,299,311,-0.9688118477908674
70000000000,311,299,0.9688816116096857
70000000000,311,324,-0.8285479518963144
70000000000,324,311,0.7882528131010887
70000000000,312,313,0.9687539700382535
70000000000,313,312,-0.9692238476498453
70000000000,312,325,0.6226168060644776
70000000000,325,312,-0.5912071207984644
70000000000,313,314,0.9692090501059605
70000000000,314,313,-0.9701431995547257
70000000000,313,326,0.7493605200220104
70000000000,326,313,-0.6565181792129354
70000000000,314,315,0.9701456407480624
70000000000,315,314,-0.9705453719908248
70000000000,314,327,0.9312877468360635
70000000000,327,314,-0.8459573808839754
70000000000,315,316,0.9707609745876041
70000000000,316,315,-0.9700800506050433
70000000000,315,328,0.9769464464133115
70000000000,328,315,-0.9943916260379253
70000000000,316,317,0.9705304991000927
70000000000,317,316,-0.9691415007773837
70000000000,316,329,0.7823985047025945
70000000000,329,316,-0.8799544428419838
70000000000,317,318,0.9696513001565522
70000000000,318,317,-0.9685401115098703
70000000000,317,330,0.6244297445866152
70000000000,330,317,-0.7039022767118556
70000000000,318,319,0.9688944440591533
70000000000,319,318,-0.9688168166472885
70000000000,318,331,0.5951590812979038
70000000000,331,318,-0.6034451999546766
70000000000,319,320,0.9689377424829612
70000000000,320,319,-0.9697480514014729
70000000000,319,332,0.6750630430367552
70000000000,332,319,-0.6074914699110198
70000000000,320,321,0.969759712601185
70000000000,321,320,-0.9705419754629254
70000000000,320,333,0.839828691330856
70000000000,333,320,-0.738492382566321
70000000000,321,322,0.9706589143263125
70000000000,322,321,-0.9705328646779425
70000000000,321,334,0.9899044574819827
70000000000,334,321,-0.9476419068470102
70000000000,322,323,0.9708601367788292
70000000000,323,322,-0.9697243441029761
70000000000,322,335,0.892560527929947
70000000000,335,322,-0.9625506491710594
70000000000,323,324,0.9701893188491673
70000000000,324,323,-0.968816484668099
70000000000,323,336,0.6872063676066613
70000000000,336,323,-0.7861196367006286
70000000000,312,324,-0.9685829995339632
70000000000,324,312,0.9692143191687064
70000000000,324,337,0.5943124996533072
70000000000,337,324,-0.6419624375308797
70000000000,325,326,0.9688767887721522
70000000000,326,325,-0.9696972652417183
70000000000,325,338,-0.7888320495785057
70000000000,338,325,0.8157643714540327
70000000000,326,327,0.9696588810064697
70000000000,327,326,-0.9704475054734866
70000000000,326,339,-0.8139174460768622
70000000000,339,326,0.8905018865458476
70000000000,327,328,0.970537395897451
70000000000,328,327,-0.9704157486892164
70000000000,327,340,-0.9076799473813039
70000000000,340,327,0.9732746154966381
70000000000,328,329,0.9707572095695077
70000000000,329,328,-0.9696246709646182
70000000000,328,341,-0.9877307916760182
70000000000,341,328,0.9748929776084004
70000000000,329,330,0.9701321214878308
70000000000,330,329,-0.9687511598227617
70000000000,329,342,-0.9529032206104578
70000000000,342,329,0.8763484794562187
70000000000,330,331,0.9692044193317989
70000000000,331,330,-0.9685651565187824
70000000000,330,343,-0.8656343267974087
70000000000,343,330,0.799202799337904
70000000000,331,332,0.968799660406755
70000000000,332,331,-0.9692455351333051
70000000000,331,344,-0.801777936889091
70000000000,344,331,0.7947251868992691
70000000000,332,333,0.9692865921175945
70000000000,333,332,-0.9702163243190678
70000000000,332,345,-0.7920437652477004
70000000000,345,332,0.8490022842324337
70000000000,333,334,0.9702552905906909
70000000000,334,333,-0.9706576120234285
70000000000,333,346,-0.8545173195359194
70000000000,346,333,0.9354134013951424
70000000000,334,335,0.9708749070140157
70000000000,335,334,-0.9701971670986044
70000000000,334,347,-0.9587902712048538
70000000000,347,334,0.9902536436364527
70000000000,335,336,0.9706158045611143
70000000000,336,335,-0.9692321217819945
70000000000,335,348,-0.9838283064989497
70000000000,348,335,0.9310573836984003
70000000000,336,337,0.9696879302226489
70000000000,337,336,-0.9685862344664353
70000000000,336,349,-0.9096404796901165
70000000000,349,336,0.829287267292242
70000000000,325,337,-0.9688118477908912
70000000000,337,325,0.9688816116096923
70000000000,337,350,-0.8285465917632755
70000000000,350,337,0.7881884397429582
70000000000,338,339,0.9687620085399913
70000000000,339,338,-0.9692238476498536
70000000000,0,338,0.23387659493331914
70000000000,338,0,-0.2184293863476682
70000000000,339,340,0.9692090501059454
70000000000,340,339,-0.9701431995547225
70000000000,1,339,0.2993462219298957
70000000000,339,1,-0.18289639391864826
70000000000,340,341,0.9701456407480635
70000000000,341,340,-0.9705453719908247
70000000000,2,340,0.42173047364559973
70000000000,340,2,-0.23564456485086815
70000000000,341,342,0.970760974587604
70000000000,342,341,-0.9700800506050433
70000000000,3,341,0.9807260666860169
70000000000,341,3,-0.9107241119732506
70000000000,342,343,0.9705304972939082
70000000000,343,342,-0.9691414989585874
70000000000,4,342,0.282411667452022
70000000000,342,4,-0.47465168061605667
70000000000,343,344,0.9696513001565269
70000000000,344,343,-0.9685401115098858
70000000000,5,343,0.1824800451708279
70000000000,343,5,-0.3171362372681609
70000000000,344,345,0.9688944512649716
70000000000,345,344,-0.9688204818621226
70000000000,6,344,0.20825348206665953
70000000000,344,6,-0.24599973099700023
70000000000,345,346,0.9689413985724176
70000000000,346,345,-0.9697480561749127
70000000000,7,345,0.2643740007951911
70000000000,345,7,-0.19595726981918984
70000000000,346,347,0.9697597122679112
70000000000,347,346,-0.9705422262186012
70000000000,8,346,0.34656323211989765
70000000000,346,8,-0.18918910198614072
70000000000,347,348,0.9706591642261967
70000000000,348,347,-0.9705328654826532
70000000000,9,347,0.5908919055927743
70000000000,347,9,-0.4006853565196635
70000000000,348,349,0.9708601366288154
70000000000,349,348,-0.9697306386764446
70000000000,10,348,0.5629136695142889
70000000000,348,10,-0.7334828834054914
70000000000,349,350,0.970195600730506
70000000000,350,349,-0.9688232490710581
70000000000,11,349,0.2021807256420387
70000000000,349,11,-0.3733359614306111
70000000000,338,350,-0.9685910358775225
70000000000,350,338,0.969221091850808
70000000000,12,350,0.18926327451098757
70000000000,350,12,-0.27849600904333965
80000000000,0,1,0.9687624700427229
80000000000,1,0,-0.9692334398379633
80000000000,0,13,0.6243771094189202
80000000000,13,0,-0.5913034405637667
80000000000,1,2,0.9692171483971987
80000000000,2,1,-0.9701588253965209
80000000000,1,14,0.7527239745612596
80000000000,14,1,-0.6592767639425052
80000000000,2,3,0.9701609648816476
80000000000,3,2,-0.9705456021141889
80000000000,2,15,0.9346162330936696
80000000000,15,2,-0.8505464393809858
80000000000,3,4,0.9707645557094303
80000000000,4,3,-0.9700620520183143
80000000000,3,16,0.9746725467353549
80000000000,16,3,-0.9945897984800723
80000000000,4,5,0.9705176505979974
80000000000,5,4,-0.9691211289387376
80000000000,4,17,0.7780063706581449
80000000000,17,4,-0.8760816481314591
80000000000,5,6,0.9696307093489459
80000000000,6,5,-0.9685347561538197
80000000000,5,18,0.622546532404911
80000000000,18,5,-0.7009361792290698
80000000000,6,7,0.9688825515550173
80000000000,7,6,-0.9688286716891839
80000000000,6,19,0.5957530603719415
80000000000,19,6,-0.6024435451504183
80000000000,7,8,0.9689462619171095
80000000000,8,7,-0.96977185455042
80000000000,7,20,0.6776755425984614
80000000000,20,7,-0.6088488348409572
80000000000,8,9,0.9697833938314689
80000000000,9,8,-0.9705529627930903
80000000000,8,21,0.8437616874773242
80000000000,21,8,-0.742551882939445
80000000000,9,10,0.9706703055228744
80000000000,10,9,-0.9705208610803664
80000000000,9,22,0.9909779362437097
80000000000,22,9,-0.9510092661399585
80000000000,10,11,0.9708549993213214
80000000000,11,10,-0.9697080156771666
80000000000,10,23,0.888155214564139
80000000000,23,10,-0.9598561340002789
80000000000,11,12,0.9701733733007685
80000000000,12,11,-0.9688119461008327
80000000000,11,24,0.6840132090518231
80000000000,24,11,-0.7824525409800427
80000000000,0,12,-0.968593695739135
80000000000,12,0,0.9692037850575148
80000000000,12,25,0.5938587504450538
80000000000,25,12,-0.639876618571813
80000000000,13,14,0.9688849325194097
80000000000,14,13,-0.9697174915124561
80000000000,13,26,-0.7886202859255796
80000000000,26,13,0.8169172329005322
80000000000,14,15,0.9696822541298833
80000000000,15,14,-0.9704530924089904
80000000000,14,27,-0.815205418549499
80000000000,27,14,0.8923944008991437
80000000000,15,16,0.9705529686978229
80000000000,16,15,-0.9704031739922242
80000000000,15,28,-0.9099561697441026
80000000000,28,15,0.9745069816098081
80000000000,16,17,0.9707532065608249
80000000000,17,16,-0.9696012643800114
80000000000,16,29,-0.9882267440739675
80000000000,29,16,0.9735624022120376
80000000000,17,18,0.9701129742788531
80000000000,18,17,-0.9687389274614423
80000000000,17,30,-0.951277384590951
80000000000,30,17,0.8741691392217332
80000000000,18,19,0.9691902560538157
80000000000,19,18,-0.968573692649022
80000000000,18,31,-0.8639296414110023
80000000000,31,18,0.7983411412304078
80000000000,19,20,0.968805216620978
80000000000,20,19,-0.9692664989548986
80000000000,19,32,-0.8009264447347807
80000000000,32,19,0.795344640823079
80000000000,20,21,0.9693047215656279
80000000000,21,20,-0.9702340940684274
80000000000,20,33,-0.792558706077809
80000000000,33,20,0.850563960285926
80000000000,21,22,0.9702761847120097
80000000000,22,21,-0.9706570318835662
80000000000,21,34,-0.8565041606523699
80000000000,34,21,0.9371974366902577
80000000000,22,23,0.9708798286783908
80000000000,23,22,-0.9701816246935939
80000000000,22,35,-0.9605156366969365
80000000000,35,22,0.9902960596901356
80000000000,23,24,0.9706003515362532
80000000000,24,23,-0.9692139483604081
80000000000,23,36,-0.9830018564006459
80000000000,36,23,0.9288983637744005
80000000000,24,25,0.9696714298406732
80000000000,25,24,-0.9685803807770549
80000000000,24,37,-0.9077643856216202
80000000000,37,24,0.8277084436634966
80000000000,13,25,-0.9688282206600604
80000000000,25,13,0.9688675208025077
80000000000,25,38,-0.8272443682872143
80000000000,38,25,0.7881774491161543
80000000000,26,27,0.9687624700427052
80000000000,27,26,-0.9692334398379714
80000000000,26,39,0.6243768827568238
80000000000,39,26,-0.5913031878910692
80000000000,27,28,0.9692171431223467
80000000000,28,27,-0.9701568078954411
80000000000,27,40,0.7527238018384632
80000000000,40,27,-0.659217108435144
80000000000,28,29,0.9701589525460015
80000000000,29,28,-0.9705455731297881
80000000000,28,41,0.9345966497808073
80000000000,41,28,-0.8505464393809891
80000000000,29,30,0.970764527482275
80000000000,30,29,-0.9700620468890676
80000000000,29,42,0.974674453257666
80000000000,42,29,-0.9945897966025573
80000000000,30,31,0.970517650598
80000000000,31,30,-0.9691262872089068
80000000000,30,43,0.7780061731232795
80000000000,43,30,-0.8760130553500388
80000000000,31,32,0.9696358411551071
80000000000,32,31,-0.9685347443783997
80000000000,31,44,0.6226178444227003
80000000000,44,31,-0.70093617922904
80000000000,32,33,0.9688825659492294
80000000000,33,32,-0.9688359552610825
80000000000,32,45,0.5957533041644523
80000000000,45,32,-0.6023532712494502
80000000000,33,34,0.9689535083302562
80000000000,34,33,-0.9697679722253407
80000000000,33,46,0.6777548125726564
80000000000,46,33,-0.608848834841107
80000000000,34,35,0.9697795303913257
80000000000,35,34,-0.97055327639203
80000000000,34,47,0.8437197236108209
80000000000,47,34,-0.7425137198328136
80000000000,35,36,0.9706706158932683
80000000000,36,35,-0.9705208610803661
80000000000,35,48,0.9909793166347542
80000000000,48,35,-0.9510096307796636
80000000000,36,37,0.9708549993173629
80000000000,37,36,-0.9697080156630213
80000000000,36,49,0.8881552699010646
80000000000,49,36,-0.9598561514469482
80000000000,37,38,0.9701733652565318
80000000000,38,37,-0.968805108862225
80000000000,37,50,0.6840130863678063
80000000000,50,37,-0.7824242611111489
80000000000,26,38,-0.9685937097570118
80000000000,38,26,0.9691969695383023
80000000000,38,51,0.5937747025058806
80000000000,51,38,-0.6399630691952921
80000000000,39,40,0.9688849325193744
80000000000,40,39,-0.9697136250307212
80000000000,39,52,-0.7886224262432756
80000000000,52,39,0.8169507518057009
80000000000,40,41,0.9696783845712588
80000000000,41,40,-0.9704530924089926
80000000000,40,53,-0.8152521696150627
80000000000,53,40,0.8923749589979895
80000000000,41,42,0.9705529654747697
80000000000,42,41,-0.9704031707524208
80000000000,41,54,-0.909957368577925
80000000000,54,41,0.9745072303253386
80000000000,42,43,0.9707532065896569
80000000000,43,42,-0.9695947984357359
80000000000,42,55,-0.988226793766976
80000000000,55,42,0.9735643792142062
80000000000,43,44,0.9701065431591579
80000000000,44,43,-0.9687389355249821
80000000000,43,56,-0.9513172395334984
80000000000,56,43,0.874170685140828
80000000000,44,45,0.9691902560538186
80000000000,45,44,-0.968565663518264
80000000000,44,57,-0.863930933997635
80000000000,57,44,0.7983967274285754
80000000000,45,46,0.9687972021185665
80000000000,46,45,-0.9692664989549029
80000000000,45,58,-0.80099441494024
80000000000,58,45,0.7952803896057176
80000000000,46,47,0.9693047163109103
80000000000,47,46,-0.9702320713687237
80000000000,46,59,-0.7925607597425469
80000000000,59,46,0.8505653642004353
80000000000,47,48,0.9702741720923731
80000000000,48,47,-0.9706570337803081
80000000000,47,60,-0.8565344298613372
80000000000,60,47,0.9371981089139008
80000000000,48,49,0.9708798313338872
80000000000,49,48,-0.9701816246935876
80000000000,48,61,-0.9605157716141262
80000000000,61,48,0.9902960548911116
80000000000,49,50,0.9706003496369345
80000000000,50,49,-0.969211369655596
80000000000,49,62,-0.9830019736758985
80000000000,62,49,0.9288972432703831
80000000000,50,51,0.969668859388921
80000000000,51,50,-0.9685882531346538
80000000000,50,63,-0.9077833013201284
80000000000,63,50,0.8276907265403739
80000000000,39,51,-0.9688282063013244
80000000000,51,39,0.9688753743136177
80000000000,51,64,-0.8271850495274856
80000000000,64,51,0.7881481749755466
80000000000,52,53,0.9687584639620764
80000000000,53,52,-0.9692363275453648
80000000000,52,65,0.6243293208548215
80000000000,65,52,-0.5912995241433193
80000000000,53,54,0.9692200287192663
80000000000,54,53,-0.9701568104968553
80000000000,53,66,0.7527527779772081
80000000000,66,53,-0.6592430141203974
80000000000,54,55,0.9701589506704071
80000000000,55,54,-0.9705456021141882
80000000000,54,67,0.9345957249153345
80000000000,67,54,-0.8505441392020774
80000000000,55,56,0.9707645557094314
80000000000,56,55,-0.9700620520183298
80000000000,55,68,0.974672191736866
80000000000,68,55,-0.9945903483331633
80000000000,56,57,0.9705176505979958
80000000000,57,56,-0.9691211289387678
80000000000,56,69,0.7780034076293366
80000000000,69,56,-0.8760801021046098
80000000000,57,58,0.9696307093489328
80000000000,58,57,-0.9685426287276226
80000000000,57,70,0.6225423754455538
80000000000,70,57,-0.7009330601805501
80000000000,58,59,0.9688904087960384
80000000000,59,58,-0.9688359408954191
80000000000,58,71,0.5958393739928234
80000000000,71,58,-0.6023492163061193
80000000000,59,60,0.968953508330267
80000000000,60,59,-0.9697679722253474
80000000000,59,72,0.6777517475999567
80000000000,72,59,-0.6088449311031986
80000000000,60,61,0.9697795303913344
80000000000,61,60,-0.9705526501003967
80000000000,60,73,0.8437178565929615
80000000000,73,60,-0.7424722752969858
80000000000,61,62,0.9706699928946088
80000000000,62,61,-0.9705209402810677
80000000000,61,74,0.9909765071337026
80000000000,74,61,-0.9510082145177319
80000000000,62,63,0.9708550795119105
80000000000,63,62,-0.969709627140427
80000000000,62,75,0.8881561280881353
80000000000,75,62,-0.9598556062356901
80000000000,63,64,0.9701749795355268
80000000000,64,63,-0.9688085288189384
80000000000,63,76,0.6840356443326976
80000000000,76,63,-0.7824359441027359
80000000000,52,64,-0.9685896844124986
80000000000,64,52,0.9692003716037353
80000000000,64,77,0.5938127526593991
80000000000,77,64,-0.6399164390663769
80000000000,65,66,0.9688849325193715
80000000000,66,65,-0.9697155590317897
80000000000,65,78,-0.7886225332592777
80000000000,78,65,0.8169191324067081
80000000000,66,67,0.9696803195182193
80000000000,67,66,-0.970453091836271
80000000000,66,79,-0.8152299425292217
80000000000,79,66,0.8923852989807944
80000000000,67,68,0.9705529704166374
80000000000,68,67,-0.9704025237329421
80000000000,67,80,-0.9099574435048602
80000000000,80,67,0.9745022829123016
80000000000,68,69,0.9707525698271107
80000000000,69,68,-0.9696012643414009
80000000000,68,81,-0.9882238581697207
80000000000,81,68,0.9735635562339527
80000000000,69,70,0.9701129662615208
80000000000,70,69,-0.9687389193979077
80000000000,69,82,-0.9512778981003526
80000000000,82,69,0.874170685140938
80000000000,70,71,0.9691902560537876
80000000000,71,70,-0.9685656635182492
80000000000,70,83,-0.8639311186530413
80000000000,83,70,0.7983970185433046
80000000000,71,72,0.9687972148554795
80000000000,72,71,-0.9692665116415912
80000000000,71,84,-0.8009946774044132
80000000000,84,71,0.7952806610885258
80000000000,72,73,0.9693047163109029
80000000000,73,72,-0.9702300507042487
80000000000,72,85,-0.7925609064330698
80000000000,85,72,0.8505654644801414
80000000000,73,74,0.9702721591118353
80000000000,74,73,-0.970657027134708
80000000000,73,86,-0.856563081112036
80000000000,86,73,0.9371981537288095
80000000000,74,75,0.97087982475118
80000000000,75,74,-0.9701816234117725
80000000000,74,87,-0.9605164081688642
80000000000,87,74,0.9902961044667079
80000000000,75,76,0.9706003505865942
80000000000,76,75,-0.9692126592609359
80000000000,75,88,-0.9830019826970635
80000000000,88,75,0.9288953286947593
80000000000,76,77,0.9696701448657421
80000000000,77,76,-0.9685843184910048
80000000000,76,89,-0.9077743720317376
80000000000,89,76,0.8277055921643207
80000000000,65,77,-0.9688282134807182
80000000000,77,65,0.968871449083339
80000000000,77,90,-0.8272156523334893
80000000000,90,77,0.7881482837801729
80000000000,78,79,0.9687624732291166
80000000000,79,78,-0.9692348839751512
80000000000,78,91,0.6243769394223212
80000000000,91,78,-0.5913250248775715
80000000000,79,80,0.9692185875213268
80000000000,80,79,-0.9701578170462757
80000000000,79,92,0.7527395422055138
80000000000,92,79,-0.6592318959351517
80000000000,80,81,0.9701599600489482
80000000000,81,80,-0.9705455885796067
80000000000,80,93,0.9346064128290322
80000000000,93,80,-0.8505546566214934
80000000000,81,82,0.9707645416067212
80000000000,82,81,-0.9700620494536938
80000000000,81,94,0.9746734885748535
80000000000,94,81,-0.9945897980419441
80000000000,82,83,0.9705176505979968
80000000000,83,82,-0.9691211289387663
80000000000,82,95,0.7780064628497888
80000000000,95,82,-0.8760816962344622
80000000000,83,84,0.9696307093489237
80000000000,84,83,-0.9685426287276045
80000000000,83,96,0.6225465324049422
80000000000,96,83,-0.7009361792290953
80000000000,84,85,0.9688904087960057
80000000000,85,84,-0.9688359408954587
80000000000,84,97,0.5958432743431741
80000000000,97,84,-0.6023530327228791
80000000000,85,86,0.9689535083302283
80000000000,86,85,-0.9697679722253522
80000000000,85,98,0.6777546082409605
80000000000,98,85,-0.6086957517378137
80000000000,86,87,0.9697795315723615
80000000000,87,86,-0.9705539028418779
80000000000,86,99,0.8437198480786043
80000000000,99,86,-0.7425521016117732
80000000000,87,88,0.9706712366983531
80000000000,88,87,-0.9705210243067252
80000000000,87,100,0.9909820683688935
80000000000,100,87,-0.9510088778129517
80000000000,88,89,0.9708551596760964
80000000000,89,88,-0.9697084186610055
80000000000,88,101,0.8881603479647252
80000000000,101,88,-0.9598545151815869
80000000000,89,90,0.970173770956413
80000000000,90,89,-0.968808527812634
80000000000,89,102,0.6840196249035143
80000000000,102,89,-0.7824383380115328
80000000000,78,90,-0.9685937027480593
80000000000,90,78,0.9692003786244706
80000000000,90,103,0.5938166947218997
80000000000,103,90,-0.6399359851282369
80000000000,91,92,0.9688867464272669
80000000000,92,91,-0.9697145898804493
80000000000,91,104,-0.7886040618110537
80000000000,104,91,0.8169251230474539
80000000000,92,93,0.9696793528270772
80000000000,93,92,-0.9704534050940928
80000000000,92,105,-0.8152388950609458
80000000000,105,92,0.8923805734182988
80000000000,93,94,0.9705532810210596
80000000000,94,93,-0.9704031741000735
80000000000,93,106,-0.9099499364504161
80000000000,106,93,0.9745057467768852
80000000000,94,95,0.9707532065319683
80000000000,95,94,-0.9696012643548322
80000000000,94,107,-0.988226745730267
80000000000,107,94,0.9735632610693423
80000000000,95,96,0.9701129705370851
80000000000,96,95,-0.9687389236981229
80000000000,95,108,-0.9512773503570275
80000000000,108,95,0.8741690361603635
80000000000,96,97,0.9691902560537808
80000000000,97,96,-0.9685656635182315
80000000000,96,109,-0.8639295921737625
80000000000,109,96,0.7983946120024186
80000000000,97,98,0.9687971893816557
80000000000,98,97,-0.9692549355793991
80000000000,97,110,-0.8009925077090053
80000000000,110,97,0.7952784168413063
80000000000,98,99,0.9692931988793108
80000000000,99,98,-0.9702340992806175
80000000000,98,111,-0.7926733537354002
80000000000,111,98,0.8505640070873698
80000000000,99,100,0.9702761856504537
80000000000,100,99,-0.9706570290350548
80000000000,99,112,-0.8565041606523707
80000000000,112,99,0.9371974366902981
80000000000,100,101,0.970879825068783
80000000000,101,100,-0.9701814386545385
80000000000,100,113,-0.9605159029682988
80000000000,113,100,0.990296035396195
80000000000,101,102,0.9706001663400589
80000000000,102,101,-0.9692126596468893
80000000000,101,114,-0.9830025655722414
80000000000,114,101,0.9288983417181299
80000000000,102,103,0.9696701466084016
80000000000,103,102,-0.9685857949843655
80000000000,102,115,-0.9077733252041443
80000000000,115,102,0.8277083803504539
80000000000,91,103,-0.9688300272607964
80000000000,103,91,0.9688729223026078
80000000000,103,116,-0.8272023823555559
80000000000,116,103,0.7881459626160014
80000000000,104,105,0.9687614707066946
80000000000,105,104,-0.9692353794745299
80000000000,104,117,0.6243658848821342
80000000000,117,104,-0.591325040669326
80000000000,105,106,0.9692190825437556
80000000000,106,105,-0.9701570617617146
80000000000,105,118,0.7527449744874082
80000000000,118,105,-0.6592244804500996
80000000000,106,107,0.9701592042617144
80000000000,107,106,-0.9705455883428702
80000000000,106,119,0.9345990616957005
80000000000,119,106,-0.8505484218167266
80000000000,107,108,0.9707645404107528
80000000000,108,107,-0.9700620482567505
80000000000,107,120,0.9746734671037482
80000000000,120,107,-0.9945903333094034
80000000000,108,109,0.9705176505979916
80000000000,109,108,-0.9691211289387384
80000000000,108,121,0.77800617312317
80000000000,121,108,-0.8760815450630611
80000000000,109,110,0.9696307093489469
80000000000,110,109,-0.9685426287275907
80000000000,109,122,0.6225460127846549
80000000000,122,109,-0.700786726414501
80000000000,110,111,0.9688904087959609
80000000000,111,110,-0.9688359408954054
80000000000,110,123,0.5958432743428279
80000000000,123,110,-0.6025340544249047
80000000000,111,112,0.9689535133530112
80000000000,112,111,-0.9697679772340444
80000000000,111,124,0.6777546082410024
80000000000,124,111,-0.6088485745915229
80000000000,112,113,0.9697795292102704
80000000000,113,112,-0.970552648944823
80000000000,112,125,0.8437195327657223
80000000000,125,112,-0.7424752204814985
80000000000,113,114,0.9706699932968873
80000000000,114,113,-0.9705208594612083
80000000000,113,126,0.9909765572926
80000000000,126,113,-0.951008925190948
80000000000,114,115,0.970854999319344
80000000000,115,114,-0.9697080156700906
80000000000,114,127,0.8881552145641427
80000000000,127,114,-0.9598561340002716
80000000000,115,116,0.9701733702841898
80000000000,116,115,-0.9688085298253182
80000000000,115,128,0.6840130863677922
80000000000,128,115,-0.7824383615419364
80000000000,104,116,-0.9685926975820086
80000000000,116,104,0.9692003759916682
80000000000,116,129,0.5938166306232395
80000000000,129,116,-0.6399197619706356
80000000000,117,118,0.9688867464272625
80000000000,118,117,-0.9697141063320864
80000000000,117,130,-0.7886063181400801
80000000000,130,117,0.816950812102786
80000000000,118,119,0.9696788685984611
80000000000,119,118,-0.9704531705319712
80000000000,118,131,-0.8152466999397312
80000000000,131,118,0.8923853177301841
80000000000,119,120,0.9705530492993495
80000000000,120,119,-0.9704025245436912
80000000000,119,132,-0.909955840738073
80000000000,132,119,0.9745072380977008
80000000000,120,121,0.9707525698386696
80000000000,121,120,-0.9696012643548264
80000000000,120,133,-0.9882238581697284
80000000000,133,120,0.9735639810333663
80000000000,121,122,0.9701129662615283
80000000000,122,121,-0.9687252281111641
80000000000,121,134,-0.9512778981003351
80000000000,134,121,0.8741706851408616
80000000000,122,123,0.9691766235265696
80000000000,123,122,-0.9685817372919137
80000000000,122,135,-0.8640321788791745
80000000000,135,122,0.7983970185433323
80000000000,123,124,0.9688132059374025
80000000000,124,123,-0.96926648626812
80000000000,123,136,-0.8008623978141082
80000000000,136,123,0.795412949712774
80000000000,124,125,0.9693047163109019
80000000000,125,124,-0.9702300507042614
80000000000,124,137,-0.7925609064330785
80000000000,137,124,0.850674745876864
80000000000,125,126,0.9702721581115528
80000000000,126,125,-0.970657026121268
80000000000,125,138,-0.8565633116203049
80000000000,138,125,0.9371479449631474
80000000000,126,127,0.9708798247511793
80000000000,127,126,-0.9701816234117735
80000000000,126,139,-0.9605163923208005
80000000000,139,126,0.9902960575353087
80000000000,127,128,0.9706003505865918
80000000000,128,127,-0.9692126592609536
80000000000,127,140,-0.9830019806923636
80000000000,140,127,0.9288992754310277
80000000000,128,129,0.9696701448657359
80000000000,129,128,-0.9685843184910358
80000000000,128,141,-0.9077743801584659
80000000000,141,128,0.8276908261857819
80000000000,117,129,-0.968830029054814
80000000000,129,117,0.9688714490833139
80000000000,129,142,-0.8272156808708763
80000000000,142,129,0.7881483200483473
80000000000,130,131,0.9687584639621077
80000000000,131,130,-0.9692348871428955
80000000000,130,143,0.624329320854862
80000000000,143,130,-0.5912995241433333
80000000000,131,132,0.9692185862033533
80000000000,132,131,-0.9701568091961472
80000000000,131,144,0.7527369946153077
80000000000,144,131,-0.6592430141205203
80000000000,132,133,0.9701589520771063
80000000000,133,132,-0.9705455958231839
80000000000,132,145,0.9345957538174658
80000000000,145,132,-0.8505483556798953
80000000000,133,134,0.9707645487460903
80000000000,134,133,-0.970062050821386
80000000000,133,146,0.9746727006006884
80000000000,146,133,-0.9945898121233012
80000000000,134,135,0.9705176505979992
80000000000,135,134,-0.9691211289387498
80000000000,134,147,0.778003407629299
80000000000,147,134,-0.876080102104692
80000000000,135,136,0.9696307093489367
80000000000,136,135,-0.9685268713225013
80000000000,135,148,0.6225423754454621
80000000000,148,135,-0.7007839966805021
80000000000,136,137,0.9688746820576888
80000000000,137,136,-0.968821391149868
80000000000,136,149,0.595659430075085
80000000000,149,136,-0.6025307156292825
80000000000,137,138,0.9689390042125451
80000000000,138,137,-0.9697757307574856
80000000000,137,150,0.677593203008845
80000000000,150,137,-0.6088449311029323
80000000000,138,139,0.9697872511996251
80000000000,139,138,-0.9705526489448261
80000000000,138,151,0.843801532392842
80000000000,151,138,-0.7424718378942328
80000000000,139,140,0.9706699947988753
80000000000,140,139,-0.9705208609725657
80000000000,139,152,0.9909765055730372
80000000000,152,139,-0.9510081924056855
80000000000,140,141,0.970854999317363
80000000000,141,140,-0.9697096271366749
80000000000,140,153,0.8881535544492675
80000000000,153,140,-0.9598556105974113
80000000000,141,142,0.9701749795355324
80000000000,142,141,-0.9688085288189566
80000000000,141,154,0.684035582992822
80000000000,154,141,-0.7824218039701591
80000000000,130,142,-0.9685896844124708
80000000000,142,130,0.9692003716037348
80000000000,142,155,0.5938127526595016
80000000000,155,142,-0.6399164390664668
80000000000,143,144,0.9688849325194038
80000000000,144,143,-0.9697155590317929
80000000000,143,156,-0.7886224975872306
80000000000,156,143,0.8169191022557069
80000000000,144,145,0.9696803198142617
80000000000,145,144,-0.9704532483535238
80000000000,144,157,-0.815229942529124
80000000000,157,144,0.8923749964985517
80000000000,145,146,0.970553124138231
80000000000,146,145,-0.9704031732901259
80000000000,145,158,-0.9099542941445228
80000000000,158,145,0.9745022790255756
80000000000,146,147,0.9707532065608234
80000000000,147,146,-0.9696012643800033
80000000000,146,159,-0.9882267961997141
80000000000,159,146,0.9735641804123667
80000000000,147,148,0.9701129662615419
80000000000,148,147,-0.9687252281111044
80000000000,147,160,-0.9512779323342349
80000000000,160,147,0.8741478526475693
80000000000,148,149,0.969176623526566
80000000000,149,148,-0.9685817372919008
80000000000,148,161,-0.8640322711740315
80000000000,161,148,0.7983436160046143
80000000000,149,150,0.9688132059373952
80000000000,150,149,-0.9692664862680649
80000000000,149,162,-0.8008623978141893
80000000000,162,149,0.7954129497125426
80000000000,150,151,0.9693047163109216
80000000000,151,150,-0.9702300507042655
80000000000,150,163,-0.7925609064332252
80000000000,163,150,0.850674745876922
80000000000,151,152,0.9702721581115514
80000000000,152,151,-0.9706570261212688
80000000000,151,164,-0.8565633116202863
80000000000,164,151,0.9371479449631035
80000000000,152,153,0.9708798247511785
80000000000,153,152,-0.9701816234117773
80000000000,152,165,-0.9605163923208049
80000000000,165,152,0.9902960575353098
80000000000,153,154,0.9706003496369286
80000000000,154,153,-0.9692113696555816
80000000000,153,166,-0.9830019806923586
80000000000,166,153,0.9288992754310272
80000000000,154,155,0.9696688593889354
80000000000,155,154,-0.9685843214276869
80000000000,154,167,-0.9077833338255258
80000000000,167,154,0.8277105028933156
80000000000,143,155,-0.9688282134806915
80000000000,155,143,0.9688714490833431
80000000000,155,168,-0.8272156808708186
80000000000,168,155,0.7881168669209762
80000000000,156,157,0.9687624764154956
80000000000,157,156,-0.9692363275453946
80000000000,156,169,0.6243766560950551
80000000000,169,156,-0.5913029352184485
80000000000,157,158,0.9692200287192271
80000000000,158,157,-0.9701578170462755
80000000000,157,170,0.752755109604573
80000000000,170,157,-0.6592167288474582
80000000000,158,159,0.9701599595799728
80000000000,159,158,-0.9705455996797622
80000000000,158,171,0.9346063550297679
80000000000,171,158,-0.8505545128646081
80000000000,159,160,0.9707645497089117
80000000000,160,159,-0.9700635325290733
80000000000,159,172,0.9746727628769092
80000000000,172,159,-0.994589799215391
80000000000,160,161,0.9705191232502087
80000000000,161,160,-0.969126287208881
80000000000,160,173,0.77803662192781
80000000000,173,160,-0.8760471987278752
80000000000,161,162,0.9696358411551149
80000000000,162,161,-0.9685268595244995
80000000000,161,174,0.6226173248402911
80000000000,174,161,-0.7009357893475598
80000000000,162,163,0.9688746820577622
80000000000,163,162,-0.9688213911498784
80000000000,162,175,0.5956625996371895
80000000000,175,162,-0.6023527941962539
80000000000,163,164,0.9689390042125157
80000000000,164,163,-0.9697757307575005
80000000000,163,176,0.6775960642219572
80000000000,176,163,-0.6087721642019321
80000000000,164,165,0.969787251199622
80000000000,165,164,-0.9705526489448241
80000000000,164,177,0.8438032744979129
80000000000,177,164,-0.7424748997104956
80000000000,165,166,0.9706699947988775
80000000000,166,165,-0.9705208609725658
80000000000,165,178,0.9909765523880777
80000000000,178,165,-0.95100885570112
80000000000,166,167,0.9708549993213218
80000000000,167,166,-0.9697080156771432
80000000000,166,179,0.8881551038902403
80000000000,179,166,-0.959856099106909
80000000000,167,168,0.9701733733007896
80000000000,168,167,-0.96881194610088
80000000000,167,180,0.6840129636837589
80000000000,180,167,-0.7824523824640236
80000000000,156,168,-0.9685936957391325
80000000000,168,156,0.9692037850574955
80000000000,168,181,0.5938584940604666
80000000000,181,168,-0.6399626298227569
80000000000,169,170,0.9688849325193972
80000000000,170,169,-0.9697136250307152
80000000000,169,182,-0.7886202859255871
80000000000,182,169,0.8169172329003812
80000000000,170,171,0.9696783851647064
80000000000,171,170,-0.9704534053797582
80000000000,170,183,-0.815250013871084
80000000000,183,170,0.892394400899143
80000000000,171,172,0.9705532810210612
80000000000,172,171,-0.9704031741000748
80000000000,171,184,-0.9099499458166737
80000000000,184,171,0.974506989382182
80000000000,172,173,0.9707532065608235
80000000000,173,172,-0.9695980339333921
80000000000,172,185,-0.988226746118495
80000000000,185,172,0.973563688042493
80000000000,173,174,0.9701097572285581
80000000000,174,173,-0.9687389274614668
80000000000,173,186,-0.9512970584150711
80000000000,186,173,0.8741462035174274
80000000000,174,175,0.9691902560537908
80000000000,175,174,-0.9685656635182427
80000000000,174,187,-0.8639296414110218
80000000000,187,174,0.7983411412305218
80000000000,175,176,0.9687972021185688
80000000000,176,175,-0.9692607281447667
80000000000,175,188,-0.8009924464618425
80000000000,188,175,0.7953446408230815
80000000000,176,177,0.9692989568242788
80000000000,177,176,-0.9702300507042446
80000000000,176,189,-0.7926160009019811
80000000000,189,176,0.8505639602858465
80000000000,177,178,0.9702721581115548
80000000000,178,177,-0.9706570261212675
80000000000,177,190,-0.8565613522970689
80000000000,190,177,0.9371974815051257
80000000000,178,179,0.9708798247511801
80000000000,179,178,-0.9701816234117787
80000000000,178,191,-0.960515916837903
80000000000,191,178,0.9902960360236768
80000000000,179,180,0.9706003515362497
80000000000,180,179,-0.9692139483603801
80000000000,179,192,-0.9830018523912327
80000000000,192,179,0.9288904112277274
80000000000,180,181,0.9696714298406952
80000000000,181,180,-0.9685882472669635
80000000000,180,193,-0.9077643206043735
80000000000,193,180,0.8277083108098938
80000000000,169,181,-0.9688282063013066
80000000000,181,169,0.9688753743136023
80000000000,181,194,-0.8271833371467239
80000000000,194,181,0.7881145456020408
80000000000,182,183,0.9687624700427065
80000000000,183,182,-0.9692334398379704
80000000000,182,195,0.6243771094189191
80000000000,195,182,-0.5913034405639283
80000000000,183,184,0.9692171483972107
80000000000,184,183,-0.9701568130982683
80000000000,183,196,0.752723974561364
80000000000,196,183,-0.6592173614936426
80000000000,184,185,0.9701589523115551
80000000000,185,184,-0.9705455960599576
80000000000,184,197,0.9345966497808018
80000000000,197,184,-0.8505464393809905
80000000000,185,186,0.9707645465040783
80000000000,186,185,-0.97006353220855
80000000000,185,198,0.9746730414600873
80000000000,198,185,-0.9945897972205315
80000000000,186,187,0.9705191232502164
80000000000,187,186,-0.9691262872088711
80000000000,186,199,0.7780370169729663
80000000000,199,186,-0.8760474048924315
80000000000,187,188,0.9696358411551242
80000000000,188,187,-0.9685347443783915
80000000000,187,200,0.6226178444225887
80000000000,200,187,-0.7009361792290879
80000000000,188,189,0.9688825659492389
80000000000,189,188,-0.9688359552610853
80000000000,188,201,0.5957533041644633
80000000000,201,188,-0.6023532712494575
80000000000,189,190,0.9689535083302757
80000000000,190,189,-0.9697679722253345
80000000000,189,202,0.6777548125727848
80000000000,202,189,-0.6087724244705327
80000000000,190,191,0.969779530391349
80000000000,191,190,-0.970552650100394
80000000000,190,203,0.8437198480786239
80000000000,203,190,-0.7425139385193079
80000000000,191,192,0.9706699947988743
80000000000,192,191,-0.9705211856793273
80000000000,191,204,0.9909765572926085
80000000000,204,191,-0.951008925190946
80000000000,192,193,0.9708553199060678
80000000000,193,192,-0.9697080156771486
80000000000,192,205,0.8881656750160123
80000000000,205,192,-0.9598690137122405
80000000000,193,194,0.9701733733007852
80000000000,194,193,-0.968811946100863
80000000000,193,206,0.6840134544198638
80000000000,206,193,-0.7824526994959963
80000000000,182,194,-0.9685936957391531
80000000000,194,182,0.9692037850575124
80000000000,194,207,0.5938590068300025
80000000000,207,194,-0.639963069195122
80000000000,195,196,0.9688849325194248
80000000000,196,195,-0.9697136250307309
80000000000,195,208,-0.7886225689311085
80000000000,208,195,0.8169191625575212
80000000000,196,197,0.9696783845712537
80000000000,197,196,-0.9704530924089929
80000000000,196,209,-0.815252239155154
80000000000,209,196,0.8923956008008895
80000000000,197,198,0.970552967193588
80000000000,198,197,-0.9704031724801738
80000000000,197,210,-0.9099574435048552
80000000000,210,197,0.974507245870051
80000000000,198,199,0.9707532065608249
80000000000,199,198,-0.969598033933408
80000000000,198,211,-0.9882267954232636
80000000000,211,198,0.9735639636710011
80000000000,199,200,0.970109757228532
80000000000,200,199,-0.968738927461468
80000000000,199,212,-0.9512976060295821
80000000000,212,199,0.8741593208093738
80000000000,200,201,0.9691902560537905
80000000000,201,200,-0.9685656635182234
80000000000,200,213,-0.8639311186530834
80000000000,213,200,0.7983434704296393
80000000000,201,202,0.968797202118613
80000000000,202,201,-0.9692607281447433
80000000000,201,214,-0.8009945461722628
80000000000,214,201,0.7953468123646875
80000000000,202,203,0.9692989620911207
80000000000,203,202,-0.9702320765930539
80000000000,202,215,-0.7926183476540024
80000000000,215,202,0.850565564759909
80000000000,203,204,0.9702741749067808
80000000000,204,203,-0.9706570290350551
80000000000,203,216,-0.8565345451267677
80000000000,216,203,0.9371981537288072
80000000000,204,205,0.9708798233961804
80000000000,205,204,-0.9701831013528874
80000000000,204,217,-0.9605164081688677
80000000000,217,204,0.9902960818742794
80000000000,205,206,0.9706018272800455
80000000000,206,205,-0.9692139483603972
80000000000,205,218,-0.9829962818110446
80000000000,218,205,0.928891352349983
80000000000,206,207,0.9696714298406814
80000000000,207,206,-0.9685882472669388
80000000000,206,219,-0.9077654258982382
80000000000,219,206,0.827671147937861
80000000000,195,207,-0.9688282063013052
80000000000,207,195,0.968875374313598
80000000000,207,220,-0.8271850495276107
80000000000,220,207,0.7882425160854329
80000000000,208,209,0.9687624700427377
80000000000,209,208,-0.9692334398379568
80000000000,208,221,0.6243734828352867
80000000000,221,208,-0.5912123006150385
80000000000,209,210,0.9692171483972036
80000000000,210,209,-0.9701568130982741
80000000000,209,222,0.752721383718995
80000000000,222,209,-0.6592729683321479
80000000000,210,211,0.9701589525460014
80000000000,211,210,-0.9705455962967279
80000000000,210,223,0.9345957249153075
80000000000,223,210,-0.8505441392020631
80000000000,211,212,0.9707645461837919
80000000000,212,211,-0.9700627903642939
80000000000,211,224,0.974672700600688
80000000000,224,211,-0.9945898790338249
80000000000,212,213,0.9705183872160231
80000000000,213,212,-0.9691262872088768
80000000000,212,225,0.7780186322004501
80000000000,225,212,-0.8760800505703477
80000000000,213,214,0.9696358411551167
80000000000,214,213,-0.96853474437836
80000000000,213,226,0.6226136877669257
80000000000,226,213,-0.7009330601804443
80000000000,214,215,0.9688825659492736
80000000000,215,214,-0.9688359552611198
80000000000,214,227,0.5957494034888907
80000000000,227,214,-0.6023947115919667
80000000000,215,216,0.9689535083302427
80000000000,216,215,-0.9697679722253293
80000000000,215,228,0.6777515432687441
80000000000,228,215,-0.6087682601743448
80000000000,216,217,0.969779530391358
80000000000,217,216,-0.9705532763920266
80000000000,216,229,0.8437178565930035
80000000000,229,216,-0.7425104395295206
80000000000,217,218,0.9706706157861925
80000000000,218,217,-0.9705211856793258
80000000000,217,230,0.990979261485832
80000000000,230,217,-0.9510081671392645
80000000000,218,219,0.9708553198945441
80000000000,219,218,-0.9697112373270382
80000000000,218,231,0.8881639043091528
80000000000,231,218,-0.9598684555200805
80000000000,219,220,0.9701765764835972
80000000000,220,219,-0.9687982609251358
80000000000,219,232,0.6840618824835789
80000000000,232,219,-0.7824500047245071
80000000000,208,220,-0.9685937097570132
80000000000,220,208,0.9691901293267876
80000000000,220,233,0.593686805840508
80000000000,233,220,-0.6400462210489983
80000000000,221,222,0.9688776698306782
80000000000,222,221,-0.9697175008617563
80000000000,221,234,-0.7886869932918874
80000000000,234,221,0.8169823374901592
80000000000,222,223,0.9696822529484931
80000000000,223,222,-0.9704530912635368
80000000000,222,235,-0.8152073658922416
80000000000,235,222,0.8923542395309557
80000000000,223,224,0.9705529671935904
80000000000,224,223,-0.9704030910927413
80000000000,223,236,-0.9099572936509851
80000000000,236,223,0.974497287935243
80000000000,224,225,0.9707531270706415
80000000000,225,224,-0.9696012643674159
80000000000,224,237,-0.9882264217702326
80000000000,237,224,0.9735635041462254
80000000000,225,226,0.9701129702701958
80000000000,226,225,-0.9687389234296871
80000000000,225,238,-0.9512778467493916
80000000000,238,225,0.8741590631448168
80000000000,226,227,0.9691902560537808
80000000000,227,226,-0.9685696796460035
80000000000,226,239,-0.8639308878338102
80000000000,239,226,0.7983966546500602
80000000000,227,228,0.9688012109317904
80000000000,228,227,-0.9692607281447223
80000000000,227,240,-0.8009613503861645
80000000000,240,227,0.7953134670048251
80000000000,228,229,0.9692989620911431
80000000000,229,228,-0.9702320765930426
80000000000,228,241,-0.7926180543098557
80000000000,241,228,0.8505926894891427
80000000000,229,230,0.970274174906794
80000000000,230,229,-0.9706570290350547
80000000000,229,242,-0.8565343145959203
80000000000,242,229,0.9371854921740232
80000000000,230,231,0.9708798233961806
80000000000,231,230,-0.9701831013528989
80000000000,230,243,-0.9605163487336782
80000000000,243,230,0.9902960791852922
80000000000,231,232,0.9706018272800377
80000000000,232,231,-0.9692139483603979
80000000000,231,244,-0.9829962657681801
80000000000,244,231,0.9288912347099613
80000000000,232,233,0.9696714415750105
80000000000,233,232,-0.9685961132098276
80000000000,232,245,-0.9077652958635646
80000000000,245,232,0.8276708822022227
80000000000,221,233,-0.9688209225216895
80000000000,233,221,0.9688832156213332
80000000000,233,246,-0.8271236620258353
80000000000,246,233,0.7882420809536587
80000000000,234,235,0.9687544547698619
80000000000,235,234,-0.9692392129848173
80000000000,234,247,0.624288558228852
80000000000,247,234,-0.591216343691589
80000000000,235,236,0.9692229067927637
80000000000,236,235,-0.9701588202057584
80000000000,235,248,0.7527871071850992
80000000000,248,235,-0.6592767639424748
80000000000,236,237,0.9701609667578502
80000000000,237,236,-0.9705455885796069
80000000000,236,249,0.9346162330936651
80000000000,249,236,-0.8505464393810038
80000000000,237,238,0.9707645404107519
80000000000,238,237,-0.9700627903642978
80000000000,237,250,0.9746735073620609
80000000000,250,237,-0.994589864130603
80000000000,238,239,0.9705183853260684
80000000000,239,238,-0.9691211270324469
80000000000,238,251,0.7780217926662814
80000000000,251,238,-0.8760731391582107
80000000000,239,240,0.9696307093489387
80000000000,240,239,-0.9685386939730108
80000000000,239,252,0.62254666230993
80000000000,252,239,-0.7009176447496437
80000000000,240,241,0.9688864888981371
80000000000,241,240,-0.9688323148985808
80000000000,240,253,0.5957983505634692
80000000000,253,240,-0.6023984682178434
80000000000,241,242,0.9689498818213494
80000000000,242,241,-0.9697699094612213
80000000000,241,254,0.6777152802604647
80000000000,254,241,-0.608848964965676
80000000000,242,243,0.9697814631649182
80000000000,243,242,-0.9705532763920294
80000000000,242,255,0.8437408304460629
80000000000,255,242,-0.7425330201797187
80000000000,243,244,0.9706706157861886
80000000000,244,243,-0.9705211856793278
80000000000,243,256,0.9909793183059161
80000000000,256,243,-0.9510089725689065
80000000000,244,245,0.9708553198945431
80000000000,245,244,-0.9697112373270321
80000000000,244,257,0.8881656750160193
80000000000,257,244,-0.9598690137122504
80000000000,245,246,0.9701765764836039
80000000000,246,245,-0.9687982609251535
80000000000,245,258,0.6840658081043839
80000000000,258,245,-0.7824525409800713
80000000000,234,246,-0.9685856840051875
80000000000,246,234,0.9691901293268274
80000000000,246,259,0.593690908627643
80000000000,259,246,-0.6400497356959807
80000000000,247,248,0.9688776698307027
80000000000,248,247,-0.9697175008617348
80000000000,247,260,-0.7886855666088759
80000000000,260,247,0.8169811316456923
80000000000,248,249,0.9696822529485174
80000000000,249,248,-0.9704530912635413
80000000000,248,261,-0.8152059749332478
80000000000,261,248,0.892353489448509
80000000000,249,250,0.9705529675964699
80000000000,250,249,-0.970403091497765
80000000000,249,262,-0.9099565443802551
80000000000,262,249,0.9744971324442003
80000000000,250,251,0.9707531270671482
80000000000,251,250,-0.969600457228429
80000000000,250,263,-0.9882263910986678
80000000000,263,250,0.9735633326903538
80000000000,251,252,0.9701121664808643
80000000000,252,251,-0.9687372143539896
80000000000,251,264,-0.9512824212794054
80000000000,264,251,0.874158026043769
80000000000,252,253,0.9691885543095717
80000000000,253,252,-0.9685696831574068
80000000000,252,265,-0.8639426171666561
80000000000,265,252,0.7983851867742969
80000000000,253,254,0.9688012141130019
80000000000,254,253,-0.9692665021265742
80000000000,253,266,-0.8009600051579063
80000000000,266,253,0.7953120757593192
80000000000,254,255,0.9693047189382671
80000000000,255,254,-0.9702330831187533
80000000000,254,267,-0.7925592194938453
80000000000,267,254,0.8505916366441604
80000000000,255,256,0.9702751787990171
80000000000,256,255,-0.9706570271347094
80000000000,255,268,-0.8565188923579252
80000000000,268,255,0.9371913301872263
80000000000,256,257,0.9708798259370104
80000000000,257,256,-0.9701831039160327
80000000000,256,269,-0.9605160218393253
80000000000,269,256,0.990296052713671
80000000000,257,258,0.970601827280039
80000000000,258,257,-0.9692139483604132
80000000000,257,270,-0.9829961812760656
80000000000,270,257,0.9289064605947425
80000000000,258,259,0.9696714415749937
80000000000,259,258,-0.9685961132098327
80000000000,258,271,-0.907764645690652
80000000000,271,258,0.8276695535234188
80000000000,247,259,-0.9688209225217332
80000000000,259,247,0.9688832156213315
80000000000,259,272,-0.8271225202519885
80000000000,272,259,0.7882406305166033
80000000000,260,261,0.9687544547698731
80000000000,261,260,-0.9692392129848157
80000000000,260,273,0.624287651499479
80000000000,273,260,-0.5912153329205158
80000000000,261,262,0.9692229067927692
80000000000,262,261,-0.9701588202057664
80000000000,261,274,0.7527864163708325
80000000000,274,261,-0.6592757517797875
80000000000,262,263,0.9701609667578434
80000000000,263,262,-0.9705455885796066
80000000000,262,275,0.9346160019150183
80000000000,275,262,-0.8505458643378504
80000000000,263,264,0.9707645405709118
80000000000,264,263,-0.9700627905245727
80000000000,263,276,0.9746734241614955
80000000000,276,263,-0.9945898008582164
80000000000,264,265,0.9705183862710446
80000000000,265,264,-0.9691220957768794
80000000000,264,277,0.7780209902056783
80000000000,277,264,-0.8760727204290857
80000000000,265,266,0.969631672174367
80000000000,266,265,-0.9685386917672621
80000000000,265,278,0.6225589455184192
80000000000,278,265,-0.7009168284141305
80000000000,266,267,0.9688864888981161
80000000000,267,266,-0.968832314898602
80000000000,266,279,0.5957973640063583
80000000000,279,266,-0.6023960887140783
80000000000,267,268,0.9689498818213521
80000000000,268,267,-0.9697689410332732
80000000000,267,280,0.6777144373499092
80000000000,280,267,-0.60882878902142
80000000000,268,269,0.9697804969680228
80000000000,269,268,-0.9705529633694925
80000000000,268,281,0.8437298415178222
80000000000,281,268,-0.742532145461762
80000000000,269,270,0.9706703071315977
80000000000,270,269,-0.9705205374846301
80000000000,269,282,0.9909779262143502
80000000000,282,269,-0.9510087830568663
80000000000,270,271,0.9708546782210473
80000000000,271,270,-0.969711237310056
80000000000,270,283,0.8881445326577384
80000000000,283,270,-0.9598431826233471
80000000000,271,272,0.9701765764835906
80000000000,272,271,-0.96879826092512
80000000000,271,284,0.684064695856479
80000000000,284,271,-0.7824518223813017
80000000000,260,272,-0.9685856840051712
80000000000,272,260,0.9691901293268074
80000000000,272,285,0.593689746181082
80000000000,285,272,-0.6400487398879964
80000000000,273,274,0.9688776698306676
80000000000,274,273,-0.9697175008617377
80000000000,273,286,-0.7886866318719153
80000000000,286,273,0.8169820320147214
80000000000,274,275,0.9696822529485174
80000000000,275,274,-0.9704530912635418
80000000000,274,287,-0.8152070135221147
80000000000,287,274,0.8923540495134574
80000000000,275,276,0.9705529671935856
80000000000,276,275,-0.9704031724801769
80000000000,275,288,-0.9099571437970164
80000000000,288,275,0.9744972568370086
80000000000,276,277,0.9707532065500035
80000000000,277,276,-0.969600457234514
80000000000,276,289,-0.9882267861058521
80000000000,289,276,0.9735643363867255
80000000000,277,278,0.9701121674835362
80000000000,278,277,-0.9687372153624806
80000000000,277,290,-0.9512827015534137
80000000000,290,277,0.8741588698963413
80000000000,278,279,0.9691885536525268
80000000000,279,278,-0.968569557042381
80000000000,278,291,-0.8639433615247814
80000000000,291,278,0.7983830137604547
80000000000,279,280,0.9688010878908317
80000000000,280,279,-0.9692650592796663
80000000000,279,292,-0.8009620925153517
80000000000,292,279,0.795313167971639
80000000000,280,281,0.9693032805706884
80000000000,281,280,-0.9702330837710403
80000000000,280,293,-0.7925747359840051
80000000000,293,280,0.8505924513453935
80000000000,281,282,0.9702751787990175
80000000000,282,281,-0.9706570271347085
80000000000,281,294,-0.8565198217314658
80000000000,294,281,0.9371901200214673
80000000000,282,283,0.9708798272920042
80000000000,283,282,-0.9701801443327626
80000000000,282,295,-0.9605162595808089
80000000000,295,282,0.9902960634695536
80000000000,283,284,0.9705988734575399
80000000000,284,283,-0.9692139483604054
80000000000,283,296,-0.9830076448536542
80000000000,296,283,0.9289069624630072
80000000000,284,285,0.969671441574996
80000000000,285,284,-0.968596113209837
80000000000,284,297,-0.9077651658289749
80000000000,297,284,0.8276706164665313
80000000000,273,285,-0.9688209301933526
80000000000,285,273,0.9688832232855882
80000000000,285,298,-0.8271236620255544
80000000000,298,285,0.7881162865905982
80000000000,286,287,0.9687544547698586
80000000000,287,286,-0.9692392129848217
80000000000,286,299,0.6242858380435037
80000000000,299,286,-0.5912133113824496
80000000000,287,288,0.9692229095992845
80000000000,288,287,-0.9701588229739463
80000000000,287,300,0.7527850347425233
80000000000,300,287,-0.6592737274542972
80000000000,288,289,0.9701609648816589
80000000000,289,288,-0.9705456021141887
80000000000,288,301,0.934615539556478
80000000000,301,288,-0.8505447142484072
80000000000,289,290,0.9707645545136968
80000000000,290,289,-0.9700627929286676
80000000000,289,302,0.9746722990959861
80000000000,302,289,-0.9945898093070298
80000000000,290,291,0.9705183862710461
80000000000,291,290,-0.9691224183108745
80000000000,290,303,0.7780194223183317
80000000000,303,290,-0.8760804628448394
80000000000,291,292,0.9696319930534408
80000000000,292,291,-0.9685386910320221
80000000000,291,304,0.622561307878173
80000000000,304,291,-0.7009338886769595
80000000000,292,293,0.9688864888980975
80000000000,293,292,-0.968832314898606
80000000000,292,305,0.5957954251769466
80000000000,305,292,-0.6023956060253227
80000000000,293,294,0.9689498824105884
80000000000,294,293,-0.9697691837625112
80000000000,293,306,0.677712777073331
80000000000,306,293,-0.6088266744575002
80000000000,294,295,0.969780738479164
80000000000,295,294,-0.9705529632974425
80000000000,294,307,0.8437314608289079
80000000000,307,294,-0.7425303823560493
80000000000,295,296,0.9706703071315987
80000000000,296,295,-0.9705205374846273
80000000000,295,308,0.9909778994692261
80000000000,308,295,-0.9510090859352475
80000000000,296,297,0.9708546782233634
80000000000,297,296,-0.9697112373270451
80000000000,296,309,0.8881436472224099
80000000000,309,296,-0.9598429034232008
80000000000,297,298,0.9701765925389254
80000000000,298,297,-0.9688119461009136
80000000000,297,310,0.6840628638892046
80000000000,310,297,-0.782450638788316
80000000000,286,298,-0.9685856559168842
80000000000,298,286,0.9692037710290712
80000000000,298,311,0.5938559302162069
80000000000,311,298,-0.6400466603791624
80000000000,299,300,0.968877669830662
80000000000,300,299,-0.9697175008617375
80000000000,299,312,-0.7886872786288619
80000000000,312,299,0.8169825786593066
80000000000,300,301,0.9696822535785228
80000000000,301,300,-0.9704530918744025
80000000000,300,313,-0.8152076440839158
80000000000,313,300,0.8923543895475713
80000000000,301,302,0.9705529671935865
80000000000,302,301,-0.9704031724801747
80000000000,301,314,-0.909957403547144
80000000000,314,301,0.9745171607348018
80000000000,302,303,0.9707532065463984
80000000000,303,302,-0.969601264367426
80000000000,302,315,-0.9882267985290661
80000000000,315,302,0.9735644058354276
80000000000,303,304,0.9701129702701983
80000000000,304,303,-0.9687389234296725
80000000000,303,316,-0.9512779152172429
80000000000,316,303,0.8741478011123578
80000000000,304,305,0.9691902595562888
80000000000,305,304,-0.9685696831573984
80000000000,304,317,-0.8639310724892094
80000000000,317,304,0.7983969457646519
80000000000,305,306,0.9688012109317886
80000000000,306,305,-0.969265057098083
80000000000,305,318,-0.800961580059498
80000000000,318,305,0.7953137045347564
80000000000,306,307,0.9693032812279175
80000000000,307,306,-0.9702330844233261
80000000000,306,319,-0.7925753410630442
80000000000,319,306,0.8505928649634058
80000000000,307,308,0.9702751787990154
80000000000,308,307,-0.9706570347306314
80000000000,307,320,-0.8565202756111563
80000000000,320,307,0.9371855818137217
80000000000,308,309,0.9708798326041749
80000000000,309,308,-0.9701801443327609
80000000000,308,321,-0.9605158161909302
80000000000,321,308,0.9902960717921943
80000000000,309,310,0.9705988734575399
80000000000,310,309,-0.9692139483604152
80000000000,309,322,-0.9830076849346455
80000000000,322,309,0.9288914111699511
80000000000,310,311,0.969671441574976
80000000000,311,310,-0.9685961132098238
80000000000,310,323,-0.9077654258982822
80000000000,323,310,0.8276711479378476
80000000000,299,311,-0.9688209225216601
80000000000,311,299,0.9688832156213458
80000000000,311,324,-0.827124118735907
80000000000,324,311,0.7881168669212453
80000000000,312,313,0.96875445476985
80000000000,313,312,-0.9692392129848371
80000000000,312,325,0.6242876514994978
80000000000,325,312,-0.591215332920728
80000000000,313,314,0.9692229067927279
80000000000,314,313,-0.9701547924071973
80000000000,313,326,0.7527864163707062
80000000000,326,313,-0.6592757517798432
80000000000,314,315,0.9701569322832294
80000000000,315,314,-0.9705456011038809
80000000000,314,327,0.9345768328841634
80000000000,327,314,-0.8505458643378487
80000000000,315,316,0.9707645545136981
80000000000,316,315,-0.9700635344521545
80000000000,315,328,0.974672470869814
80000000000,328,315,-0.9945898017969732
80000000000,316,317,0.9705191213627014
80000000000,317,316,-0.9691211270324757
80000000000,316,329,0.77803622688239
80000000000,329,316,-0.8760469925631341
80000000000,317,318,0.9696307093489225
80000000000,318,317,-0.9685386939730203
80000000000,317,330,0.622545623069506
80000000000,330,317,-0.7009354969364229
80000000000,318,319,0.9688864888981306
80000000000,319,318,-0.9688323148985974
80000000000,318,331,0.5957973144880816
80000000000,331,318,-0.6023974545236479
80000000000,319,320,0.9689498818213472
80000000000,320,319,-0.9697699094612365
80000000000,319,332,0.6777144628925941
80000000000,332,319,-0.6088479239681098
80000000000,320,321,0.9697814631648928
80000000000,321,320,-0.9705530416482433
80000000000,320,333,0.8437403326069003
80000000000,333,320,-0.7425321454617605
80000000000,321,322,0.9706703815299549
80000000000,322,321,-0.9705211841687131
80000000000,321,334,0.9909782700808558
80000000000,334,321,-0.9510091121619483
80000000000,322,323,0.9708553199060679
80000000000,323,322,-0.9697112373588873
80000000000,322,335,0.8881651216717872
80000000000,335,322,-0.9598431477234047
80000000000,323,324,0.9701765925389487
80000000000,324,323,-0.968811946100839
80000000000,323,336,0.6840648266996333
80000000000,336,323,-0.7824519069161368
80000000000,312,324,-0.9685856559169056
80000000000,324,312,0.9692037710290387
80000000000,324,337,0.5938579812908071
80000000000,337,324,-0.6400484177018124
80000000000,325,326,0.9688776698307081
80000000000,326,325,-0.9697175008617469
80000000000,325,338,-0.7886857092773648
80000000000,338,325,0.8169178359178643
80000000000,326,327,0.9696822529485151
80000000000,327,326,-0.9704530912635437
80000000000,326,339,-0.8152059749331969
80000000000,339,326,0.892353489448529
80000000000,327,328,0.970552965474765
80000000000,328,327,-0.9704031707524198
80000000000,327,340,-0.9099565443802813
80000000000,340,327,0.9745169825383134
80000000000,328,329,0.9707532065608232
80000000000,329,328,-0.9695980339334073
80000000000,328,341,-0.9882267612593589
80000000000,341,328,0.9735641974889971
80000000000,329,330,0.9701097572285348
80000000000,330,329,-0.968738927461453
80000000000,329,342,-0.9512971953187598
80000000000,342,329,0.8741466158004471
80000000000,330,331,0.9691902560537908
80000000000,331,330,-0.9685696796459863
80000000000,330,343,-0.8639300107212604
80000000000,343,330,0.7983417235301855
80000000000,331,332,0.9688012172942466
80000000000,332,331,-0.9692665052982458
80000000000,331,344,-0.80095997234746
80000000000,344,331,0.7953451837080749
80000000000,332,333,0.9693047189382761
80000000000,333,332,-0.9702330831187558
80000000000,332,345,-0.7925592194938255
80000000000,345,332,0.8505643112641492
80000000000,333,334,0.970275179268162
80000000000,334,333,-0.9706570314084441
80000000000,333,346,-0.8565188923579075
80000000000,346,333,0.9371850439756196
80000000000,334,335,0.9708798293135645
80000000000,335,334,-0.9701801436917256
80000000000,334,347,-0.9605157481390073
80000000000,347,334,0.9902960530497924
80000000000,335,336,0.9705988734575417
80000000000,336,335,-0.9692139483603912
80000000000,335,348,-0.9830075887402325
80000000000,348,335,0.928890705328959
80000000000,336,337,0.9696714415750094
80000000000,337,336,-0.9685961132098582
80000000000,336,349,-0.9077646456906603
80000000000,349,336,0.8277089750778495
80000000000,325,337,-0.9688209225216518
80000000000,337,325,0.9688832156213117
80000000000,337,350,-0.8271226344292739
80000000000,350,337,0.7881778843051053
80000000000,338,339,0.9687624700426901
80000000000,339,338,-0.969239200331936
80000000000,0,338,0.23493480144831816
80000000000,338,0,-0.21739733987276705
80000000000,339,340,0.9692229067927787
80000000000,340,339,-0.9701547924072049
80000000000,1,339,0.30102473269169655
80000000000,339,1,-0.18272465009436312
80000000000,340,341,0.9701569322832243
80000000000,341,340,-0.9705456011038812
80000000000,2,340,0.42601394190110725
80000000000,340,2,-0.23933594814405054
80000000000,341,342,0.9707645545136978
80000000000,342,341,-0.9700635344521652
80000000000,3,341,0.9902405502249515
80000000000,341,3,-0.9327704186527171
80000000000,342,343,0.9705191232502067
80000000000,343,342,-0.9691262872088885
80000000000,4,342,0.27677305915830425
80000000000,342,4,-0.46860959112463296
80000000000,343,344,0.9696358411551023
80000000000,344,343,-0.9685347443783641
80000000000,5,343,0.18240107484494694
80000000000,343,5,-0.3152461415045376
80000000000,344,345,0.9688825659492364
80000000000,345,344,-0.9688359552611334
80000000000,6,344,0.20924174557600891
80000000000,344,6,-0.24481277583877267
80000000000,345,346,0.9689535083302317
80000000000,346,345,-0.9697699094612384
80000000000,7,345,0.2656948285631359
80000000000,345,7,-0.19518648954130033
80000000000,346,347,0.9697814631649014
80000000000,347,346,-0.9705529633694927
80000000000,8,346,0.34884853038057556
80000000000,346,8,-0.19005723008560774
80000000000,347,348,0.9706703039141505
80000000000,348,347,-0.9705211841687126
80000000000,9,347,0.6020624974538696
80000000000,347,9,-0.41280357724811717
80000000000,348,349,0.9708553199060683
80000000000,349,348,-0.9697080156771681
80000000000,10,348,0.5432530097982918
80000000000,348,10,-0.7168969802562655
80000000000,349,350,0.9701733652565183
80000000000,350,349,-0.968805108862249
80000000000,11,349,0.20053793228708136
80000000000,349,11,-0.3705106326665553
80000000000,338,350,-0.9685937097570034
80000000000,350,338,0.9691969695382732
80000000000,12,350,0.18973012874103087
80000000000,350,12,-0.27715470775381246
90000000000,0,1,0.9687634267657595
90000000000,1,0,-0.9692535406825816
90000000000,0,13,0.6261105878759551
90000000000,13,0,-0.5914729846112837
90000000000,1,2,0.9692354794132217
90000000000,2,1,-0.9701727713454318
90000000000,1,14,0.756226335768995
90000000000,14,1,-0.6620002833603303
90000000000,2,3,0.9701784407228555
90000000000,3,2,-0.9705436056164674
90000000000,2,15,0.9378933563699728
90000000000,15,2,-0.8551639507911383
90000000000,3,4,0.9707699386618577
90000000000,4,3,-0.970046918581756
90000000000,3,16,0.9722516540393337
90000000000,16,3,-0.9946464077374004
90000000000,4,5,0.9705039563375317
90000000000,5,4,-0.9691051686798612
90000000000,4,17,0.7736702822069682
90000000000,17,4,-0.8721990644614644
90000000000,5,6,0.9696148451391153
90000000000,6,5,-0.9685376095941194
90000000000,5,18,0.6207802218312009
90000000000,18,5,-0.6979634523907042
90000000000,6,7,0.9688829329872937
90000000000,7,6,-0.9688473314339842
90000000000,6,19,0.596506066755066
90000000000,19,6,-0.6014635369371124
90000000000,7,8,0.968961302513831
90000000000,8,7,-0.969792819485225
90000000000,7,20,0.6803935381703846
90000000000,20,7,-0.6101912390547872
90000000000,8,9,0.9698039955251514
90000000000,9,8,-0.9705618485731355
90000000000,8,21,0.847665113550911
90000000000,21,8,-0.7465975137485593
90000000000,9,10,0.9706834185794506
90000000000,10,9,-0.9705137674876362
90000000000,9,22,0.9919232639749483
90000000000,22,9,-0.954227848521595
90000000000,10,11,0.9708467527587168
90000000000,11,10,-0.9696846157921251
90000000000,10,23,0.8837498825454122
90000000000,23,10,-0.9570615983516022
90000000000,11,12,0.9701508124555369
90000000000,12,11,-0.9687950348349919
90000000000,11,24,0.6807651787893798
90000000000,24,11,-0.7788104514208909
90000000000,0,12,-0.9686008801569781
90000000000,12,0,0.9691851958442491
90000000000,12,25,0.5933267802493647
90000000000,25,12,-0.6378504158546591
90000000000,13,14,0.9688975662509872
90000000000,14,13,-0.9697318642545811
90000000000,13,26,-0.7884155384423773
90000000000,26,13,0.818135728371992
90000000000,14,15,0.9696995914662504
90000000000,15,14,-0.9704637624410489
90000000000,14,27,-0.816594897008155
90000000000,27,14,0.8942194511660344
90000000000,15,16,0.9705654728178086
90000000000,16,15,-0.9703923003677681
90000000000,15,28,-0.912204024426432
90000000000,28,15,0.9756812775979397
90000000000,16,17,0.9707470065536354
90000000000,17,16,-0.9695799558920704
90000000000,16,29,-0.9886667677935056
90000000000,29,16,0.9722063346614371
90000000000,17,18,0.9700921803199721
90000000000,18,17,-0.9687231228441767
90000000000,17,30,-0.9496313763646123
90000000000,30,17,0.8719846138600634
90000000000,18,19,0.9691727711547374
90000000000,19,18,-0.9685826802828542
90000000000,18,31,-0.8622646398540116
90000000000,31,18,0.7976275672475719
90000000000,19,20,0.968807075098449
90000000000,20,19,-0.9692807334206588
90000000000,19,32,-0.8001167330516572
90000000000,32,19,0.7959740548439168
90000000000,20,21,0.9693197155509274
90000000000,21,20,-0.9702487994737112
90000000000,20,33,-0.793155643614625
90000000000,33,20,0.8521744284163186
90000000000,21,22,0.9702936121045942
90000000000,22,21,-0.9706556073512951
90000000000,21,34,-0.8585570449599598
90000000000,34,21,0.938963263538704
90000000000,22,23,0.9708838107519774
90000000000,23,22,-0.9701618533582289
90000000000,22,35,-0.9622409320297962
90000000000,35,22,0.9902822862882884
90000000000,23,24,0.9705850655819998
90000000000,24,23,-0.9691979219745565
90000000000,23,36,-0.9821354193823356
90000000000,36,23,0.9266856777181915
90000000000,24,25,0.9696534218263275
90000000000,25,24,-0.9685747810170227
90000000000,24,37,-0.9058887035615574
90000000000,37,24,0.8261254024818876
90000000000,13,25,-0.9688451957775644
90000000000,25,13,0.9688578523258422
90000000000,25,38,-0.8259440248644901
90000000000,38,25,0.7881064079384911
90000000000,26,27,0.968755426769197
90000000000,27,26,-0.969253553246499
90000000000,26,39,0.6260224968177239
90000000000,39,26,-0.5914732377473847
90000000000,27,28,0.9692354794132225
90000000000,28,27,-0.9701727713454147
90000000000,27,40,0.7562263357690191
90000000000,40,27,-0.6620002833603618
90000000000,28,29,0.9701784407228677
90000000000,29,28,-0.9705436056164674
90000000000,28,41,0.937893356369956
90000000000,41,28,-0.85516395079113
90000000000,29,30,0.9707699411414391
90000000000,30,29,-0.9700469210758323
90000000000,29,42,0.9722516540393319
90000000000,42,29,-0.9946464077374002
90000000000,30,31,0.9705039563375327
90000000000,31,30,-0.9690999302418739
90000000000,30,43,0.7736704825079123
90000000000,43,30,-0.8721991702061471
90000000000,31,32,0.9696096214540619
90000000000,32,31,-0.9685297115171441
90000000000,31,44,0.6207085092660508
90000000000,44,31,-0.6979636485377311
90000000000,32,33,0.9688750645507499
90000000000,33,32,-0.9688473457813112
90000000000,32,45,0.5964157694399891
90000000000,45,32,-0.6013730139216991
90000000000,33,34,0.9689612932470567
90000000000,34,33,-0.9697890177962285
90000000000,33,46,0.680393538170215
90000000000,46,33,-0.6102670656325134
90000000000,34,35,0.9698002124007162
90000000000,35,34,-0.9705615570064458
90000000000,34,47,0.847624082981307
90000000000,47,34,-0.7465975137485441
90000000000,35,36,0.9706831275241913
90000000000,36,35,-0.9705139438543254
90000000000,35,48,0.991922112009717
90000000000,48,35,-0.9542278594952448
90000000000,36,37,0.9708469286489699
90000000000,37,36,-0.9696879203501217
90000000000,36,49,0.8837554130006064
90000000000,49,36,-0.9570684088662407
90000000000,37,38,0.9701541064014304
90000000000,38,37,-0.9687950266169123
90000000000,37,50,0.6808185140474757
90000000000,50,37,-0.7787817487485724
90000000000,26,38,-0.9685928697648817
90000000000,38,26,0.9691851958442389
90000000000,38,51,0.5933270362598652
90000000000,51,38,-0.6379371933287581
90000000000,39,40,0.9688975662509799
90000000000,40,39,-0.9697318642545871
90000000000,39,52,-0.7884176838840646
90000000000,52,39,0.8180743572351852
90000000000,40,41,0.9696995914662484
90000000000,41,40,-0.9704637624410511
90000000000,40,53,-0.8165968353044749
90000000000,53,40,0.8942204849255165
90000000000,41,42,0.9705654728178061
90000000000,42,41,-0.9703923003677665
90000000000,41,54,-0.9122051199780233
90000000000,54,41,0.9756814956597395
90000000000,42,43,0.9707470065536343
90000000000,43,42,-0.9695799558920616
90000000000,42,55,-0.9886668054281037
90000000000,55,42,0.9722065961893215
90000000000,43,44,0.9700921803199763
90000000000,44,43,-0.9687231228441776
90000000000,43,56,-0.9496319443166534
90000000000,56,43,0.8719862880653515
90000000000,44,45,0.9691727570795585
90000000000,45,44,-0.9685746529045055
90000000000,44,57,-0.8622660397428286
90000000000,57,44,0.7976297535557239
90000000000,45,46,0.9687990890772424
90000000000,46,45,-0.969286441767372
90000000000,45,58,-0.8001847870108706
90000000000,58,45,0.7960423598214623
90000000000,46,47,0.9693253950733385
90000000000,47,46,-0.9702487944270904
90000000000,46,59,-0.7931008262800797
90000000000,59,46,0.8521758190840516
90000000000,47,48,0.9702936106280287
90000000000,48,47,-0.9706556058624035
90000000000,47,60,-0.8585588674603357
90000000000,60,47,0.9389394849513257
90000000000,48,49,0.9708838101326775
90000000000,49,48,-0.9701626250340726
90000000000,48,61,-0.9622413323152617
90000000000,61,48,0.9902823055139234
90000000000,49,50,0.9705858341431515
90000000000,50,49,-0.9691953070847069
90000000000,49,62,-0.9821324630528554
90000000000,62,49,0.9266876072234244
90000000000,50,51,0.9696508152991157
90000000000,51,50,-0.9685826794345515
90000000000,50,63,-0.9059079671596405
90000000000,63,50,0.8261274079840385
90000000000,39,51,-0.9688451957775731
90000000000,51,39,0.9688657462915913
90000000000,51,64,-0.8258843420499585
90000000000,64,51,0.7881400894330743
90000000000,52,53,0.9687634267657522
90000000000,53,52,-0.969253540682582
90000000000,52,65,0.6261072000163798
90000000000,65,52,-0.5914691875765551
90000000000,53,54,0.9692354845091303
90000000000,54,53,-0.9701727763691079
90000000000,53,66,0.7562237690620014
90000000000,66,53,-0.6620257942082781
90000000000,54,55,0.970178442691171
90000000000,55,54,-0.9705436076176287
90000000000,54,67,0.9378924772185956
90000000000,67,54,-0.8551617126259317
90000000000,55,56,0.9707699361822646
90000000000,56,55,-0.9700469160876883
90000000000,55,68,0.9722513029637976
90000000000,68,55,-0.9946464220402549
90000000000,56,57,0.9705039523878668
90000000000,57,56,-0.969099926252022
90000000000,56,69,0.7736672776860289
90000000000,69,56,-0.8722678360621812
90000000000,57,58,0.969609609597407
90000000000,58,57,-0.9685217892185211
90000000000,57,70,0.6207040902138541
90000000000,70,57,-0.6979603140417203
90000000000,58,59,0.9688671694802438
90000000000,59,58,-0.9688473457813169
90000000000,58,71,0.5963220645034071
90000000000,71,58,-0.6013696651070453
90000000000,59,60,0.9689613025138347
90000000000,60,59,-0.9697928194852384
90000000000,59,72,0.680390489095011
90000000000,72,59,-0.6102631609293712
90000000000,60,61,0.9698039950131558
90000000000,61,60,-0.970561556003748
90000000000,60,73,0.8476631612109972
90000000000,73,60,-0.7465940506438772
90000000000,61,62,0.9706831263128413
90000000000,62,61,-0.9705138981520326
90000000000,61,74,0.9919220775400692
90000000000,74,61,-0.9542272010727144
90000000000,62,63,0.970846884704619
90000000000,63,62,-0.9696879203636307
90000000000,62,75,0.8837522946752135
90000000000,75,62,-0.9570712463746507
90000000000,63,64,0.970154106401418
90000000000,64,63,-0.9687915826062474
90000000000,63,76,0.6808146315384733
90000000000,76,63,-0.7787505996574192
90000000000,52,64,-0.968600887191213
90000000000,64,52,0.9691817586474678
90000000000,64,77,0.5932807219731394
90000000000,77,64,-0.6378904966487691
90000000000,65,66,0.9688975662509933
90000000000,66,65,-0.9697337582153863
90000000000,65,78,-0.7884177911562752
90000000000,78,65,0.8180902407148147
90000000000,66,67,0.9697014869762964
90000000000,67,66,-0.9704637624410507
90000000000,66,79,-0.8165750192759901
90000000000,79,66,0.8942104318068678
90000000000,67,68,0.9705654713089941
90000000000,68,67,-0.9703922988487544
90000000000,67,80,-0.912205193014615
90000000000,80,67,0.9756768195523862
90000000000,68,69,0.9707470066141801
90000000000,69,68,-0.9695865635628141
90000000000,68,81,-0.9886668095498666
90000000000,81,68,0.9722066248319413
90000000000,69,70,0.970098744655743
90000000000,70,69,-0.9687231063655054
90000000000,69,82,-0.9495912781819524
90000000000,82,69,0.8719862880655284
90000000000,70,71,0.9691727852298208
90000000000,71,70,-0.9685746811210201
90000000000,70,83,-0.8622662263948367
90000000000,83,70,0.7976300450633049
90000000000,71,72,0.9687990764520029
90000000000,72,71,-0.9692864291945711
90000000000,71,84,-0.800184787010896
90000000000,84,71,0.7960423598214148
90000000000,72,73,0.969325395073382
90000000000,73,72,-0.9702487944270753
90000000000,72,85,-0.7931009729214887
90000000000,85,72,0.8521759184173936
90000000000,73,74,0.970293610628046
90000000000,74,73,-0.9706556058624042
90000000000,73,86,-0.858558981366424
90000000000,86,73,0.9389395284906271
90000000000,74,75,0.9708838095133778
90000000000,75,74,-0.9701630103321809
90000000000,74,87,-0.9622413604053884
90000000000,87,74,0.9902823068630919
90000000000,75,76,0.9705862172042479
90000000000,76,75,-0.969192690141158
90000000000,75,88,-0.9821309268988208
90000000000,88,75,0.9266887013812171
90000000000,76,77,0.9696482037668731
90000000000,77,76,-0.9685787377034137
90000000000,76,89,-0.9059263092559495
90000000000,89,76,0.8261375754934639
90000000000,65,77,-0.9688451957775539
90000000000,77,65,0.9688618008454026
90000000000,77,90,-0.8259151621639378
90000000000,90,77,0.7881086891953111
90000000000,78,79,0.9687614310917443
90000000000,79,78,-0.9692549692298449
90000000000,78,91,0.6260885089764642
90000000000,91,78,-0.5914512856113875
90000000000,79,80,0.9692369062984064
90000000000,80,79,-0.9701737466823009
90000000000,79,92,0.7562418788216454
90000000000,92,79,-0.662029515345014
90000000000,80,81,0.9701794132155045
90000000000,81,80,-0.9705436056164666
90000000000,80,93,0.9379026640882275
90000000000,93,80,-0.8551638109063183
90000000000,81,82,0.9707699386618587
90000000000,82,81,-0.9700469185817501
90000000000,81,94,0.972251617000367
90000000000,94,81,-0.9946464092463799
90000000000,82,83,0.9705039523878607
90000000000,83,82,-0.969099926252054
90000000000,82,95,0.7736699750874761
90000000000,95,82,-0.872198902324205
90000000000,83,84,0.9696096095974223
90000000000,84,83,-0.9685217892185326
90000000000,83,96,0.6207082493217209
90000000000,96,83,-0.6979634523906866
90000000000,84,85,0.9688671694802428
90000000000,85,84,-0.9688473457813375
90000000000,84,97,0.5963254691510818
90000000000,97,84,-0.6013730139220217
90000000000,85,86,0.9689613025138673
90000000000,86,85,-0.9697928194852111
90000000000,85,98,0.680393334898707
90000000000,98,85,-0.6101151500697735
90000000000,86,87,0.9698039950131525
90000000000,87,86,-0.9705615560037452
90000000000,86,99,0.8476651135507405
90000000000,99,86,-0.7465975137485414
90000000000,87,88,0.9706831267166255
90000000000,88,87,-0.9705138540646099
90000000000,87,100,0.9919221120097107
90000000000,100,87,-0.9542278594952474
90000000000,88,89,0.9708468407364853
90000000000,89,88,-0.969687094710996
90000000000,88,101,0.883752633431468
90000000000,101,88,-0.9570701067294676
90000000000,89,90,0.9701532844253287
90000000000,90,89,-0.9687950296986897
90000000000,89,102,0.6808050195505273
90000000000,102,89,-0.7787651163438177
90000000000,78,90,-0.9685988787288747
90000000000,90,78,0.9691851958442425
90000000000,90,103,0.5933268442519429
90000000000,103,90,-0.6379153890350243
90000000000,91,92,0.9688957649073737
90000000000,92,91,-0.9697337605152306
90000000000,91,104,-0.7884316899387942
90000000000,104,91,0.8180883677732175
90000000000,92,93,0.969701486976289
90000000000,93,92,-0.9704637624410503
90000000000,92,105,-0.8165728028744819
90000000000,105,92,0.894212420265082
90000000000,93,94,0.9705654745418586
90000000000,94,93,-0.9703923021034797
90000000000,93,106,-0.9122040244264269
90000000000,106,93,0.9756777596725936
90000000000,94,95,0.9707470065536336
90000000000,95,94,-0.9695799558920771
90000000000,94,107,-0.9886667692270913
90000000000,107,94,0.9722063446236089
90000000000,95,96,0.9700921846897181
90000000000,96,95,-0.968723127238108
90000000000,95,108,-0.9496313763646158
90000000000,108,95,0.8719846138600499
90000000000,96,97,0.9691727570795725
90000000000,97,96,-0.9685746529045139
90000000000,96,109,-0.8622646834101956
90000000000,109,96,0.7975195548612086
90000000000,97,98,0.9687990764520669
90000000000,98,97,-0.9692750287387809
90000000000,97,110,-0.8001828711717893
90000000000,110,97,0.7959078266421341
90000000000,98,99,0.9693140271480222
90000000000,99,98,-0.9702488045202713
90000000000,98,111,-0.7932125720381099
90000000000,111,98,0.852174474776153
90000000000,99,100,0.9702936125967913
90000000000,100,99,-0.9706556078475912
90000000000,99,112,-0.8585569310535353
90000000000,112,99,0.938987688199602
90000000000,100,101,0.9708838098230285
90000000000,101,100,-0.9701628177021335
90000000000,100,113,-0.9622409390523702
90000000000,113,100,0.9902822866255785
90000000000,101,102,0.9705860255837234
90000000000,102,101,-0.9691937944612035
90000000000,101,114,-0.9821315602660432
90000000000,114,101,0.9266856397483977
90000000000,102,103,0.9696493058488662
90000000000,103,102,-0.9685807092771128
90000000000,102,115,-0.9059175450578817
90000000000,115,102,0.8261254228503416
90000000000,91,103,-0.9688433892307371
90000000000,103,91,0.9688637703580765
90000000000,103,116,-0.8258979852481302
90000000000,116,103,0.7881063717281059
90000000000,104,105,0.9687614294129088
90000000000,105,104,-0.9692545231636617
90000000000,104,117,0.6260884807436579
90000000000,117,104,-0.5914512539687584
90000000000,105,106,0.9692364616907251
90000000000,106,105,-0.970173503901179
90000000000,105,118,0.7562370096137762
90000000000,118,105,-0.662029517315953
90000000000,106,107,0.9701791701642306
90000000000,107,106,-0.9705436056164668
90000000000,106,119,0.9379003234752177
90000000000,119,106,-0.8551598680736765
90000000000,107,108,0.9707699424637685
90000000000,108,107,-0.9700469224059
90000000000,107,120,0.9722516411569122
90000000000,120,107,-0.9946464082622345
90000000000,108,109,0.9705039602871542
90000000000,109,108,-0.9691104028919001
90000000000,108,121,0.7736704825079275
90000000000,121,108,-0.8721991702061893
90000000000,109,110,0.9696200488166759
90000000000,110,109,-0.9685375977133808
90000000000,109,122,0.6208521923918512
90000000000,122,109,-0.6979634523903859
90000000000,110,111,0.9688829473271706
90000000000,111,110,-0.9688473457813245
90000000000,110,123,0.596506066755038
90000000000,123,110,-0.6013730139217811
90000000000,111,112,0.9689612889221644
90000000000,112,111,-0.9697852150486477
90000000000,111,124,0.6803933348983913
90000000000,124,111,-0.6102668053187623
90000000000,112,113,0.9697964238475174
90000000000,113,112,-0.970561558009118
90000000000,112,125,0.8475829838243558
90000000000,125,112,-0.7465973983213611
90000000000,113,114,0.9706831291393103
90000000000,114,113,-0.9705139454778879
90000000000,113,126,0.9919221074137999
90000000000,126,113,-0.9542277717059592
90000000000,114,115,0.9708469286489689
90000000000,115,114,-0.9696879203501075
90000000000,114,127,0.8837553556222082
90000000000,127,114,-0.9570683901028267
90000000000,115,116,0.9701541084539611
90000000000,116,115,-0.9687950286714281
90000000000,115,128,0.6808183291661141
90000000000,128,115,-0.7787530049709408
90000000000,104,116,-0.9685988804882357
90000000000,116,104,0.96918519760602
90000000000,116,129,0.5933268442519805
90000000000,129,116,-0.6379153890350598
90000000000,117,118,0.9688957649074059
90000000000,118,117,-0.9697337605152117
90000000000,117,130,-0.7884339962098695
90000000000,130,117,0.8180745070767482
90000000000,118,119,0.9697014869763092
90000000000,119,118,-0.970463617110247
90000000000,118,131,-0.8165750192759336
90000000000,131,118,0.8942104318068728
90000000000,119,120,0.9705653261132158
90000000000,120,119,-0.970392298848753
90000000000,119,132,-0.9122081756076297
90000000000,132,119,0.9756791649857874
90000000000,120,121,0.9707470065536346
90000000000,121,120,-0.9695799558920632
90000000000,120,133,-0.9886668082057762
90000000000,133,120,0.9722066154916915
90000000000,121,122,0.9700921803199828
90000000000,122,121,-0.9687231228441365
90000000000,121,134,-0.949631944316627
90000000000,134,121,0.8719862880654281
90000000000,122,123,0.969172757079556
90000000000,123,122,-0.9685746529045134
90000000000,122,135,-0.8622660397429773
90000000000,135,122,0.7976297535554295
90000000000,123,124,0.9687990764520226
90000000000,124,123,-0.9692864291945776
90000000000,123,136,-0.8001850506595364
90000000000,136,123,0.7959100622449132
90000000000,124,125,0.9693253950733377
90000000000,125,124,-0.9702487944270792
90000000000,124,137,-0.7931009729216953
90000000000,137,124,0.8521759184175774
90000000000,125,126,0.9702936115468683
90000000000,126,125,-0.9706556067889134
90000000000,125,138,-0.8585589813665409
90000000000,138,125,0.9389395284905054
90000000000,126,127,0.970883807655476
90000000000,127,126,-0.9701626225402163
90000000000,126,139,-0.9622413735153421
90000000000,139,126,0.990282307492762
90000000000,127,128,0.9705858331492795
90000000000,128,127,-0.969192691134931
90000000000,127,140,-0.9821324685518703
90000000000,140,127,0.9266908137175945
90000000000,128,129,0.9696482037668596
90000000000,129,128,-0.9685807104362897
90000000000,128,141,-0.9059263175342465
90000000000,141,128,0.8261275751091627
90000000000,117,129,-0.9688433892307085
90000000000,129,117,0.9688637703580628
90000000000,129,142,-0.8258997956569574
90000000000,142,129,0.788140234265106
90000000000,130,131,0.9687634299244839
90000000000,131,130,-0.9692549660903531
90000000000,130,143,0.6261072000163405
90000000000,143,130,-0.5914691875764497
90000000000,131,132,0.9692369062984119
90000000000,132,131,-0.9701732609936662
90000000000,131,144,0.7562393121868419
90000000000,144,131,-0.6620257311381358
90000000000,132,133,0.9701789280492478
90000000000,133,132,-0.9705436066170487
90000000000,132,145,0.9378971586556053
90000000000,145,132,-0.8551577697656721
90000000000,133,134,0.9707699387444022
90000000000,134,133,-0.9700469186647787
90000000000,133,146,0.9722512667286259
90000000000,146,133,-0.99464642351647
90000000000,134,135,0.9705039523878711
90000000000,135,134,-0.9690999262520655
90000000000,134,147,0.7736672776859388
90000000000,147,134,-0.872197478287672
90000000000,135,136,0.9696096333106528
90000000000,136,135,-0.9685376214747758
90000000000,135,148,0.6207046101023067
90000000000,148,135,-0.6979607063348274
90000000000,136,137,0.96888291864739
90000000000,137,136,-0.9688473170865853
90000000000,136,149,0.5965021763785675
90000000000,149,136,-0.6013691867055813
90000000000,137,138,0.9689613025138273
90000000000,138,137,-0.9697928194852465
90000000000,137,150,0.680390489095015
90000000000,150,137,-0.6102631609294473
90000000000,138,139,0.969803995013151
90000000000,139,138,-0.9705615560037458
90000000000,138,151,0.8476631612110124
90000000000,151,138,-0.7465940506438643
90000000000,139,140,0.9706831258015309
90000000000,140,139,-0.9705137641315912
90000000000,139,152,0.9919220764675698
90000000000,152,139,-0.9542271805864171
90000000000,140,141,0.9708467528198159
90000000000,141,140,-0.9696879204041225
90000000000,140,153,0.8837481611456852
90000000000,153,140,-0.9570746560495416
90000000000,141,142,0.9701541064014263
90000000000,142,141,-0.9687915826062631
90000000000,141,154,0.6808146931655931
90000000000,154,141,-0.7787792634023405
90000000000,130,142,-0.9686008871911813
90000000000,142,130,0.9691817586474731
90000000000,142,155,0.5932807219732645
90000000000,155,142,-0.6378904966486398
90000000000,143,144,0.9688975662509789
90000000000,144,143,-0.9697337582153905
90000000000,143,156,-0.7884178269137619
90000000000,156,143,0.8180744771084301
90000000000,144,145,0.969701486976289
90000000000,145,144,-0.9704636171102501
90000000000,144,157,-0.8165749846616519
90000000000,157,144,0.8942205587654967
90000000000,145,146,0.9705653293464753
90000000000,146,145,-0.9703923021034815
90000000000,145,158,-0.9122081756076346
90000000000,158,145,0.9756768195523804
90000000000,146,147,0.9707470066671622
90000000000,147,146,-0.9695799560058318
90000000000,146,159,-0.9886668108939588
90000000000,159,146,0.9722064677072784
90000000000,147,148,0.9700921803199778
90000000000,148,147,-0.9687231228441464
90000000000,147,160,-0.9496319443166511
90000000000,160,147,0.8719862880654181
90000000000,148,149,0.9691727570796026
90000000000,149,148,-0.9685746529044659
90000000000,148,161,-0.8622660397427534
90000000000,161,148,0.797629753555432
90000000000,149,150,0.9687990764519893
90000000000,150,149,-0.9692864291945902
90000000000,149,162,-0.8001850506598633
90000000000,162,149,0.7959100622449883
90000000000,150,151,0.9693253950733728
90000000000,151,150,-0.9702487944270868
90000000000,150,163,-0.7931009729214483
90000000000,163,150,0.8521759184176124
90000000000,151,152,0.9702936115468743
90000000000,152,151,-0.9706556067889137
90000000000,151,164,-0.8585589813664469
90000000000,164,151,0.9389395284905074
90000000000,152,153,0.9708838076554757
90000000000,153,152,-0.970163394231405
90000000000,152,165,-0.9622413735153464
90000000000,165,152,0.9902823074927616
90000000000,153,154,0.9705866040862613
90000000000,154,153,-0.9691953070847124
90000000000,153,166,-0.9821293850723264
90000000000,166,153,0.9266908137176063
90000000000,154,155,0.9696508152991253
90000000000,155,154,-0.9685787347345164
90000000000,154,167,-0.9059080002760774
90000000000,167,154,0.8261675408634749
90000000000,143,155,-0.9688451957775502
90000000000,155,143,0.9688618008454087
90000000000,155,168,-0.8259151908995286
90000000000,168,155,0.7881087254057878
90000000000,156,157,0.9687634267657638
90000000000,157,156,-0.969253540682583
90000000000,156,169,0.626110362018278
90000000000,169,156,-0.5914727314752279
90000000000,157,158,0.9692354845091393
90000000000,158,157,-0.97017374793675
90000000000,157,170,0.7562261646551168
90000000000,170,157,-0.6620000310710235
90000000000,158,159,0.9701794141997659
90000000000,159,158,-0.9705436042841672
90000000000,158,171,0.9379026091459106
90000000000,171,158,-0.8551636710214109
90000000000,159,160,0.9707699374129467
90000000000,160,159,-0.9700469186647901
90000000000,159,172,0.9722517909169399
90000000000,172,159,-0.9946464097384523
90000000000,160,161,0.97050395238786
90000000000,161,160,-0.9690999262520648
90000000000,160,173,0.7736700819059854
90000000000,173,160,-0.8722341390318491
90000000000,161,162,0.9696096333106531
90000000000,162,161,-0.9685376214747567
90000000000,161,174,0.6207079893773537
90000000000,174,161,-0.697963256243433
90000000000,162,163,0.9688829186473933
90000000000,163,162,-0.9688473170865727
90000000000,162,175,0.5965055804570912
90000000000,175,162,-0.6013725355188535
90000000000,163,164,0.9689613025138322
90000000000,164,163,-0.9697928194852472
90000000000,163,176,0.6803933348983804
90000000000,176,163,-0.610190978721629
90000000000,164,165,0.9698039950131497
90000000000,165,164,-0.9705615560037464
90000000000,164,177,0.8476648695087156
90000000000,177,164,-0.7465970808611122
90000000000,165,166,0.9706831258015298
90000000000,166,165,-0.9705137641315892
90000000000,165,178,0.9919221086392743
90000000000,178,165,-0.9542277951145051
90000000000,166,167,0.9708467527587155
90000000000,167,166,-0.9696846157921171
90000000000,166,179,0.8837497677858615
90000000000,179,166,-0.9570751813794842
90000000000,167,168,0.9701508124555451
90000000000,168,167,-0.9687950348349745
90000000000,167,180,0.6807646857385775
90000000000,180,167,-0.7787528847052689
90000000000,156,168,-0.9686008801569804
90000000000,168,156,0.9691851958442578
90000000000,168,181,0.5933265242388565
90000000000,181,168,-0.6379367522269431
90000000000,169,170,0.9688975662509847
90000000000,170,169,-0.9697318642545797
90000000000,169,182,-0.788415538442394
90000000000,182,169,0.8180725591397388
90000000000,170,171,0.969699591466247
90000000000,171,170,-0.9704637624410499
90000000000,170,183,-0.8165947585584074
90000000000,183,170,0.894219377326147
90000000000,171,172,0.9705654745418583
90000000000,172,171,-0.970392302103479
90000000000,171,184,-0.9122040244264372
90000000000,184,171,0.9756812775979201
90000000000,172,173,0.9707470066671614
90000000000,173,172,-0.9695832624056984
90000000000,172,185,-0.9886667678829931
90000000000,185,172,0.9722062520501089
90000000000,173,174,0.9700954650678842
90000000000,174,173,-0.9687231146048106
90000000000,173,186,-0.949611046225722
90000000000,186,173,0.8719846138600532
90000000000,174,175,0.9691727711547354
90000000000,175,174,-0.9685746670127693
90000000000,174,187,-0.8622646398541363
90000000000,187,174,0.7976275672474975
90000000000,175,176,0.9687990764520334
90000000000,176,175,-0.9692807334206623
90000000000,175,188,-0.8001828096483455
90000000000,188,175,0.795974054843894
90000000000,176,177,0.9693197104632295
90000000000,177,176,-0.9702487944270874
90000000000,176,189,-0.7931556436146743
90000000000,189,176,0.8521744284163199
90000000000,177,178,0.9702936115468708
90000000000,178,177,-0.9706556067889137
90000000000,177,190,-0.8585571588663933
90000000000,190,177,0.938963307068323
90000000000,178,179,0.9708838076554756
90000000000,179,178,-0.9701633942314122
90000000000,178,191,-0.9622409240721252
90000000000,191,178,0.9902822859060821
90000000000,179,180,0.9705866021010164
90000000000,180,179,-0.969192690141192
90000000000,179,192,-0.9821292530747221
90000000000,192,179,0.9266814527461363
90000000000,180,181,0.9696482067346861
90000000000,181,180,-0.9685826853666137
90000000000,180,193,-0.9059252413559169
90000000000,193,180,0.8261654687365045
90000000000,169,181,-0.9688451957775638
90000000000,181,169,0.9688657462916052
90000000000,181,194,-0.8258826752564378
90000000000,194,181,0.7881064079384943
90000000000,182,183,0.9687634267657641
90000000000,183,182,-0.9692535406825822
90000000000,182,195,0.6261108137338983
90000000000,195,182,-0.5914732377473746
90000000000,183,184,0.9692354845091417
90000000000,184,183,-0.970172776369111
90000000000,183,196,0.756226506882868
90000000000,196,183,-0.6620005356494908
90000000000,184,185,0.970178441707012
90000000000,185,184,-0.9705436054507011
90000000000,184,197,0.9378933563699712
90000000000,197,184,-0.8551639507911234
90000000000,185,186,0.9707699380787662
90000000000,186,185,-0.970046918664784
90000000000,185,198,0.9722517462328173
90000000000,198,185,-0.9946464077701612
90000000000,186,187,0.9705039523878654
90000000000,187,186,-0.9690999262520537
90000000000,186,199,0.7736704825079223
90000000000,199,186,-0.8722343504926647
90000000000,187,188,0.969609621454071
90000000000,188,187,-0.9685297115171255
90000000000,187,200,0.6207085092661524
90000000000,200,187,-0.6979636485377949
90000000000,188,189,0.9688750645507779
90000000000,189,188,-0.968847345781304
90000000000,188,201,0.5964160126093774
90000000000,201,188,-0.6013732531232394
90000000000,189,190,0.968961293247065
90000000000,190,189,-0.9697890177962217
90000000000,189,202,0.6803935381702259
90000000000,202,189,-0.6101912390546563
90000000000,190,191,0.9698002113714569
90000000000,191,190,-0.9705615560037449
90000000000,190,203,0.8476242050179836
90000000000,203,190,-0.746597730192185
90000000000,191,192,0.9706831225712835
90000000000,192,191,-0.9705141167275051
90000000000,191,204,0.99192211660561
90000000000,204,191,-0.954227947284422
90000000000,192,193,0.9708471042809224
90000000000,193,192,-0.9696846156802942
90000000000,192,205,0.8837609434299549
90000000000,205,192,-0.9570615983516162
90000000000,193,194,0.9701508124555205
90000000000,194,193,-0.9687950348349819
90000000000,193,206,0.6807651787892768
90000000000,206,193,-0.7787532054136993
90000000000,182,194,-0.968600880157007
90000000000,194,182,0.9691851958442597
90000000000,194,207,0.5933270362598924
90000000000,207,194,-0.6379371933287394
90000000000,195,196,0.9688975662509821
90000000000,196,195,-0.9697318642545942
90000000000,195,208,-0.7884178269136675
90000000000,208,195,0.818074477108448
90000000000,196,197,0.9696995914662224
90000000000,197,196,-0.9704637624410505
90000000000,196,209,-0.8165969737542953
90000000000,209,196,0.8942205587654982
90000000000,197,198,0.9705654745418572
90000000000,198,197,-0.9703923021034765
90000000000,197,210,-0.9122051930146288
90000000000,210,197,0.975681510197182
90000000000,198,199,0.9707470066671637
90000000000,199,198,-0.9695832624056995
90000000000,198,211,-0.988666810893951
90000000000,211,198,0.9722066341721912
90000000000,199,200,0.9700954650678694
90000000000,200,199,-0.9687231146048652
90000000000,199,212,-0.9496115965575495
90000000000,212,199,0.8719980432749349
90000000000,200,201,0.9691727711547147
90000000000,201,200,-0.9685746670127914
90000000000,200,213,-0.862266133068829
90000000000,213,200,0.7976298993094023
90000000000,201,202,0.9687990764520176
90000000000,202,201,-0.9692807334206606
90000000000,201,214,-0.8001849188351995
90000000000,214,201,0.795976218019761
90000000000,202,203,0.969319715550905
90000000000,203,202,-0.970248799473701
90000000000,202,215,-0.7931579895876076
90000000000,215,202,0.8521760177511274
90000000000,203,204,0.9702936106280345
90000000000,204,203,-0.9706556058624033
90000000000,203,216,-0.8585588674603234
90000000000,216,203,0.9389639600116853
90000000000,204,205,0.9708838112888112
90000000000,205,204,-0.9701618538987226
90000000000,204,217,-0.9622413604053847
90000000000,217,204,0.9902823068630902
90000000000,205,206,0.9705850616014785
90000000000,206,205,-0.9691926901411491
90000000000,205,218,-0.9821355601346533
90000000000,218,205,0.9266824248004025
90000000000,206,207,0.9696482067347227
90000000000,207,206,-0.9685826853666021
90000000000,206,219,-0.9059263672040518
90000000000,219,206,0.8261276753841491
90000000000,195,207,-0.9688451957775696
90000000000,207,195,0.9688657462915818
90000000000,207,220,-0.8258845144771335
90000000000,220,207,0.7881087254057083
90000000000,208,209,0.9687634267657153
90000000000,209,208,-0.9692535406825822
90000000000,208,221,0.6261069741593969
90000000000,221,208,-0.5912953373218364
90000000000,209,210,0.96923548450914
90000000000,210,209,-0.9701727763691044
90000000000,209,222,0.7562239401757809
90000000000,222,209,-0.662113929711202
90000000000,210,211,0.9701784417070195
90000000000,211,210,-0.970543606617049
90000000000,210,223,0.9378924772186014
90000000000,223,210,-0.855161712625917
90000000000,211,212,0.9707699399841941
90000000000,212,211,-0.9700461468310038
90000000000,211,224,0.972251272767822
90000000000,224,211,-0.9946464232704332
90000000000,212,213,0.9705031868494238
90000000000,213,212,-0.9690999282469601
90000000000,212,225,0.7736514984417199
90000000000,225,212,-0.8721974782877061
90000000000,213,214,0.9696096214540783
90000000000,214,213,-0.9685297115171264
90000000000,213,226,0.6207044801302173
90000000000,226,213,-0.6979606082615082
90000000000,214,215,0.9688750645507758
90000000000,215,214,-0.9688473457813086
90000000000,214,227,0.5964121219076512
90000000000,227,214,-0.6013694259065439
90000000000,215,216,0.968961293247095
90000000000,216,215,-0.9697890177962334
90000000000,215,228,0.6803902858236762
90000000000,228,215,-0.6101870737291604
90000000000,216,217,0.9698002124006974
90000000000,217,216,-0.9705615570064493
90000000000,216,229,0.8476222524270559
90000000000,229,216,-0.7465942670882881
90000000000,217,218,0.9706831258015288
90000000000,218,217,-0.9705141199738239
90000000000,217,230,0.9919220775400704
90000000000,230,217,-0.9542272010727209
90000000000,218,219,0.9708471043993253
90000000000,219,218,-0.9696879203501115
90000000000,218,231,0.8837591073565856
90000000000,231,218,-0.9570609978650935
90000000000,219,220,0.9701541064014406
90000000000,220,219,-0.9687950266169186
90000000000,219,232,0.680814693165683
90000000000,232,219,-0.7787506397459625
90000000000,208,220,-0.9686008801570163
90000000000,220,208,0.9691851958442395
90000000000,220,233,0.5933229400978215
90000000000,233,220,-0.6378471072874335
90000000000,221,222,0.9688831358724115
90000000000,222,221,-0.9697394495068304
90000000000,221,234,-0.7885465867688071
90000000000,234,221,0.8181374063268463
90000000000,222,223,0.9697071635531327
90000000000,223,222,-0.9704637614564688
90000000000,222,235,-0.8165087297116489
90000000000,235,222,0.8941798254540149
90000000000,223,224,0.9705654737336409
90000000000,224,223,-0.9703923012897966
90000000000,223,236,-0.9122049739047603
90000000000,236,223,0.9756814665848433
90000000000,224,225,0.9707470065820196
90000000000,225,224,-0.9695799559205052
90000000000,224,237,-0.9886668061896408
90000000000,237,224,0.9722066014813111
90000000000,225,226,0.970092180319983
90000000000,226,225,-0.9687231228441732
90000000000,225,238,-0.9496318733226445
90000000000,238,225,0.8719919826575683
90000000000,226,227,0.9691727641171608
90000000000,227,226,-0.9685746599586535
90000000000,226,239,-0.8622658997537807
90000000000,239,226,0.7976025185172542
90000000000,227,228,0.968799076452028
90000000000,228,227,-0.9692807334206862
90000000000,227,240,-0.8001847210986494
90000000000,240,227,0.7959428714618857
90000000000,228,229,0.9693197155508947
90000000000,229,228,-0.9702487994737012
90000000000,228,241,-0.793157696340804
90000000000,241,228,0.8521758190840296
90000000000,229,230,0.9702936106280357
90000000000,230,229,-0.9706556058624038
90000000000,229,242,-0.8585586396480271
90000000000,242,229,0.9389516362920383
90000000000,230,231,0.970883811288811
90000000000,231,230,-0.9701618538987268
90000000000,230,243,-0.9622413042251233
90000000000,243,230,0.9902823041647596
90000000000,231,232,0.9705850655819935
90000000000,232,231,-0.9691926941161888
90000000000,231,244,-0.9821355425406243
90000000000,244,231,0.9266823032938519
90000000000,232,233,0.9696481948633019
90000000000,233,232,-0.968574781017028
90000000000,232,245,-0.9059261685248899
90000000000,245,232,0.8261272742839773
90000000000,221,233,-0.9688307379756518
90000000000,233,221,0.9688578379272732
90000000000,233,246,-0.8259456339199455
90000000000,246,233,0.788108435722082
90000000000,234,235,0.9687554394279062
90000000000,235,234,-0.9692592514941227
90000000000,234,247,0.6260224968177275
90000000000,247,234,-0.5912996413066661
90000000000,235,236,0.9692411632513748
90000000000,236,235,-0.9701727663217051
90000000000,235,248,0.7562888486432258
90000000000,248,235,-0.6621177135199438
90000000000,236,237,0.9701784387545465
90000000000,237,236,-0.97054360361529
90000000000,236,249,0.9378933563699869
90000000000,249,236,-0.855132407749536
90000000000,237,238,0.9707699412239825
90000000000,238,237,-0.9700465346945475
90000000000,237,250,0.9722516471960467
90000000000,250,237,-0.9946464080161995
90000000000,238,239,0.9705035706821149
90000000000,239,238,-0.9691025484928518
90000000000,238,251,0.7736625929585266
90000000000,251,238,-0.8721991702061668
90000000000,239,240,0.9696122402436649
90000000000,240,239,-0.9685336680387111
90000000000,239,252,0.6207446257223479
90000000000,252,239,-0.6979637466113066
90000000000,240,241,0.9688790002992775
90000000000,241,240,-0.9688473386076771
90000000000,240,253,0.5964610400491477
90000000000,253,240,-0.6013957645668447
90000000000,241,242,0.9689612932470626
90000000000,242,241,-0.9697909147788748
90000000000,241,254,0.6803936398063832
90000000000,254,241,-0.6102292827623682
90000000000,242,243,0.9698021049628652
90000000000,243,242,-0.9705615570064466
90000000000,242,255,0.8476447207322471
90000000000,255,242,-0.7465977301921659
90000000000,243,244,0.970683125801533
90000000000,244,243,-0.9705141199738272
90000000000,243,256,0.9919221120097136
90000000000,256,243,-0.9542278594952436
90000000000,244,245,0.9708471043993256
90000000000,245,244,-0.9696879203501132
90000000000,244,257,0.8837609434299993
90000000000,257,244,-0.9570615983516554
90000000000,245,246,0.9701541064014325
90000000000,246,245,-0.9687950266169237
90000000000,245,258,0.6808186373016148
90000000000,258,245,-0.7787532054135236
90000000000,234,246,-0.9685928556701292
90000000000,246,234,0.96918518175002
90000000000,246,259,0.5933270362598654
90000000000,259,246,-0.6378506364262315
90000000000,247,248,0.9688831358723915
90000000000,248,247,-0.9697394495067984
90000000000,247,260,-0.7885451568656258
90000000000,260,247,0.8181362077872376
90000000000,248,249,0.9697071625283573
90000000000,249,248,-0.9704625961944168
90000000000,248,261,-0.8165073449043333
90000000000,261,248,0.8941790869122274
90000000000,249,250,0.9705643073246637
90000000000,250,249,-0.9703922980350739
90000000000,249,262,-0.9122281750941877
90000000000,262,249,0.9756813357477724
90000000000,250,251,0.9707470065820167
90000000000,251,250,-0.9695799559205067
90000000000,250,263,-0.9886667793078069
90000000000,263,250,0.9722064146758497
90000000000,251,252,0.9700921803199782
90000000000,252,251,-0.9687231228441456
90000000000,251,264,-0.9496315227897767
90000000000,264,251,0.8719909493828516
90000000000,252,253,0.9691727641171879
90000000000,253,252,-0.9685766644493118
90000000000,252,265,-0.8622649781601819
90000000000,265,252,0.7975977018804729
90000000000,253,254,0.9688010835928146
90000000000,254,253,-0.9692835887135929
90000000000,253,266,-0.8001668850641634
90000000000,266,253,0.7959415193777782
90000000000,254,255,0.9693225564222813
90000000000,255,254,-0.9702487969503998
90000000000,254,267,-0.7931276863009982
90000000000,267,254,0.8521747512495109
90000000000,255,256,0.9702936125967913
90000000000,256,255,-0.9706556078475918
90000000000,255,268,-0.8585575290620917
90000000000,268,255,0.9389512118318128
90000000000,256,257,0.9708838088116137
90000000000,257,256,-0.9701618514046775
90000000000,256,269,-0.9622410514134182
90000000000,269,256,0.9902822920222519
90000000000,257,258,0.9705850655820029
90000000000,258,257,-0.9691926941161729
90000000000,257,270,-0.9821354498790597
90000000000,270,257,0.9266816633610111
90000000000,258,259,0.969648194863285
90000000000,259,258,-0.9685747810170228
90000000000,258,271,-0.90592550626137
90000000000,271,258,0.8261259372826926
90000000000,247,259,-0.9688307379756615
90000000000,259,247,0.9688578379272968
90000000000,259,272,-0.8259444845941829
90000000000,272,259,0.7881069873048806
90000000000,260,261,0.9687554394279289
90000000000,261,260,-0.9692592514940922
90000000000,260,273,0.6260215933049024
90000000000,273,260,-0.5912986286025369
90000000000,261,262,0.9692411632513729
90000000000,262,261,-0.9701727663217016
90000000000,261,274,0.7562881642645048
90000000000,274,261,-0.6621167045045829
90000000000,262,263,0.9701784387545482
90000000000,263,262,-0.9705436036152905
90000000000,262,275,0.9378931365827853
90000000000,275,262,-0.8551318481509079
90000000000,263,264,0.9707699409140353
90000000000,264,263,-0.9700465343827716
90000000000,263,276,0.972251544530635
90000000000,276,263,-0.9946464121988138
90000000000,264,265,0.9705035706821186
90000000000,265,264,-0.9691028758795582
90000000000,264,277,0.7736617917418515
90000000000,277,264,-0.8722075426182118
90000000000,265,266,0.9696125652267729
90000000000,266,265,-0.968533666552214
90000000000,265,278,0.6207480517720828
90000000000,278,265,-0.6979723309657685
90000000000,266,267,0.9688789967109569
90000000000,267,266,-0.9688473350208501
90000000000,266,279,0.5964600788109887
90000000000,279,266,-0.6013990622968152
90000000000,267,268,0.9689612978804342
90000000000,268,267,-0.9697909193896985
90000000000,267,280,0.6803928648321298
90000000000,280,267,-0.6102282902793936
90000000000,268,269,0.9698021047062211
90000000000,269,268,-0.9705615567557748
90000000000,268,281,0.8476442021092526
90000000000,281,268,-0.7466061222737561
90000000000,269,270,0.970683127524187
90000000000,270,269,-0.97051412170505
90000000000,269,282,0.9919221028178766
90000000000,282,269,-0.9542276839165494
90000000000,270,271,0.9708471044624567
90000000000,271,270,-0.9696879204077143
90000000000,270,283,0.8837604844130871
90000000000,283,270,-0.9570614482305083
90000000000,271,272,0.9701541064014352
90000000000,272,271,-0.9687950266169185
90000000000,271,284,0.680817519807725
90000000000,284,271,-0.7787524784815908
90000000000,260,272,-0.9685928556701014
90000000000,272,260,0.969185181750026
90000000000,272,285,0.5933258756905937
90000000000,285,272,-0.637849636511928
90000000000,273,274,0.9688831358724072
90000000000,274,273,-0.9697394495068353
90000000000,273,286,-0.7885465105138451
90000000000,286,273,0.8180109901475882
90000000000,274,275,0.9697071625283471
90000000000,275,274,-0.9704625961944167
90000000000,274,287,-0.8165083788997951
90000000000,287,274,0.8941796383599065
90000000000,275,276,0.9705643081336788
90000000000,276,275,-0.970392298848753
90000000000,275,288,-0.9122287593043701
90000000000,288,275,0.9756814520474033
90000000000,276,277,0.9707470066245927
90000000000,277,276,-0.9695807830503163
90000000000,276,289,-0.9886668014853274
90000000000,289,276,0.9722065687904056
90000000000,277,278,0.9700930030143838
90000000000,278,277,-0.968723983784973
90000000000,277,290,-0.9496267159552916
90000000000,290,277,0.8719976639806017
90000000000,278,279,0.9691736248376163
90000000000,279,278,-0.9685770408654267
90000000000,278,291,-0.8622593532260635
90000000000,291,278,0.7975887543260037
90000000000,279,280,0.9688014572812156
90000000000,280,279,-0.9692835873371652
90000000000,279,292,-0.8001648363397559
90000000000,292,279,0.7959425947069699
90000000000,280,281,0.9693225567398696
90000000000,281,280,-0.9702492845756562
90000000000,280,293,-0.7931288685250162
90000000000,293,280,0.8521823239596567
90000000000,281,282,0.9702940982448841
90000000000,282,281,-0.970655607847591
90000000000,281,294,-0.8585514628702038
90000000000,294,281,0.93895308434492
90000000000,282,283,0.9708838101326782
90000000000,283,282,-0.9701618527347192
90000000000,282,295,-0.962241269112437
90000000000,295,282,0.9902823024782998
90000000000,283,284,0.9705850655819984
90000000000,284,283,-0.9691926941162078
90000000000,283,296,-0.9821355249465973
90000000000,296,283,0.9266821817872708
90000000000,284,285,0.9696481948632868
90000000000,285,284,-0.9685747810170093
90000000000,284,297,-0.9059260360721236
90000000000,297,284,0.8261270068839295
90000000000,273,285,-0.9688307456394887
90000000000,285,273,0.9688578456059046
90000000000,285,298,-0.8259454040545545
90000000000,298,285,0.7881081460384892
90000000000,286,287,0.9687714269459312
90000000000,287,286,-0.9692592264141778
90000000000,286,299,0.6261964170344088
90000000000,299,286,-0.5914702001179623
90000000000,287,288,0.9692411659627039
90000000000,288,287,-0.9701727690008054
90000000000,287,300,0.756286795508124
90000000000,300,287,-0.6619975081781742
90000000000,288,289,0.9701784387545483
90000000000,289,288,-0.9705436036152909
90000000000,288,301,0.9378926970070958
90000000000,301,288,-0.8551307289503934
90000000000,289,290,0.9707699412239816
90000000000,290,289,-0.9700461480781329
90000000000,289,302,0.9722513512772964
90000000000,302,289,-0.9946464200719655
90000000000,290,291,0.9705031878381017
90000000000,291,290,-0.9691038588430853
90000000000,290,303,0.7736522996737005
90000000000,303,290,-0.8721979012679123
90000000000,291,292,0.9696135429461059
90000000000,292,291,-0.9685336650656886
90000000000,291,304,0.6207594346389129
90000000000,304,291,-0.6979613438115639
90000000000,292,293,0.9688789967109734
90000000000,293,292,-0.9688464324749508
90000000000,292,305,0.5964581221433617
90000000000,305,292,-0.6013928942142291
90000000000,293,294,0.9689603958344344
90000000000,294,293,-0.9697906811960014
90000000000,293,306,0.6803814097353601
90000000000,306,293,-0.6102262239637937
90000000000,294,295,0.9698018680888719
90000000000,295,294,-0.9705615566304379
90000000000,294,307,0.8476406767018502
90000000000,307,294,-0.746599761814238
90000000000,295,296,0.9706831267166249
90000000000,296,295,-0.9705141208934737
90000000000,295,308,0.9919220861575484
90000000000,308,295,-0.9542273656789619
90000000000,296,297,0.9708471043993255
90000000000,297,296,-0.9696879203501069
90000000000,296,309,0.8837595663764537
90000000000,309,296,-0.9570611479871781
90000000000,297,298,0.9701541064014155
90000000000,298,297,-0.96879502661692
90000000000,297,310,0.6808156791998081
90000000000,310,297,-0.7787512811631085
90000000000,286,298,-0.9686088921114286
90000000000,298,286,0.969185209938379
90000000000,298,311,0.5933239641370982
90000000000,311,298,-0.637847989570895
90000000000,299,300,0.9688975662509912
90000000000,300,299,-0.9697318642545923
90000000000,299,312,-0.7884178269136511
90000000000,312,299,0.8180112938694086
90000000000,300,301,0.9696995899476317
90000000000,301,300,-0.9704625967251124
90000000000,300,313,-0.8165969737542034
90000000000,313,300,0.8941799731624774
90000000000,301,302,0.9705643081336764
90000000000,302,301,-0.9703922988487499
90000000000,301,314,-0.912229158517153
90000000000,314,301,0.9756815315194102
90000000000,302,303,0.9707470066104044
90000000000,303,302,-0.9695799559489454
90000000000,302,315,-0.9886668095498621
90000000000,315,302,0.9722066248319404
90000000000,303,304,0.9700921803199782
90000000000,304,303,-0.9687231228441855
90000000000,303,316,-0.949631962065149
90000000000,316,303,0.8719863403842683
90000000000,304,305,0.9691727641171617
90000000000,305,304,-0.9685766644493069
90000000000,304,317,-0.862266086405765
90000000000,317,304,0.7976028100429126
90000000000,305,306,0.9688010835928229
90000000000,306,305,-0.9692835887136021
90000000000,305,318,-0.8001684670140503
90000000000,318,305,0.795943141878906
90000000000,306,307,0.9693225564222793
90000000000,307,306,-0.9702490406293901
90000000000,306,319,-0.793129482548582
90000000000,319,306,0.8521759680843782
90000000000,307,308,0.970293854460399
90000000000,308,307,-0.9706556068549992
90000000000,307,320,-0.8585553858945132
90000000000,320,307,0.9389517233607668
90000000000,308,309,0.9708838113712744
90000000000,309,308,-0.9701618539817368
90000000000,308,321,-0.96224137093918
90000000000,321,308,0.9902823392386341
90000000000,309,310,0.9705850655819901
90000000000,310,309,-0.9691926941161952
90000000000,309,322,-0.9821355601346834
90000000000,322,309,0.9266908744670478
90000000000,310,311,0.9696481948633414
90000000000,311,310,-0.9685747810170243
90000000000,310,323,-0.9059263009775019
90000000000,323,310,0.8261275416841418
90000000000,299,311,-0.968845210095022
90000000000,311,299,0.9688578667243221
90000000000,311,324,-0.825945863785259
90000000000,324,311,0.7881087254057021
90000000000,312,313,0.9687714269459664
90000000000,313,312,-0.9692592264141898
90000000000,312,325,0.6261982237289458
90000000000,325,312,-0.5914722252030506
90000000000,313,314,0.9692411734195836
90000000000,314,313,-0.9701727763691098
90000000000,313,326,0.7562881642646915
90000000000,326,313,-0.6619995264925171
90000000000,314,315,0.9701784436097981
90000000000,315,314,-0.9705436085515863
90000000000,314,327,0.9378931365827593
90000000000,327,314,-0.8551633912513994
90000000000,315,316,0.9707699375046069
90000000000,316,315,-0.9700469174177436
90000000000,315,328,0.972251568687228
90000000000,328,315,-0.9946464112146688
90000000000,316,317,0.9705039523878659
90000000000,317,316,-0.9691025465004476
90000000000,316,329,0.7736696813037957
90000000000,329,316,-0.8722339275708323
90000000000,317,318,0.9696122402436479
90000000000,318,317,-0.9685336680387082
90000000000,317,330,0.6207435859826226
90000000000,330,317,-0.6979629620231274
90000000000,318,319,0.9688790002992984
90000000000,319,318,-0.9688473386076585
90000000000,318,331,0.5964600674129964
90000000000,331,318,-0.6013721767168391
90000000000,319,320,0.9689612932470745
90000000000,320,319,-0.9697909147788643
90000000000,319,332,0.6803928267186359
90000000000,332,319,-0.6102282414688163
90000000000,320,321,0.969802104834561
90000000000,321,320,-0.9705616299194351
90000000000,320,333,0.8476442326164988
90000000000,333,320,-0.7465968644173062
90000000000,321,322,0.9706831995021123
90000000000,322,321,-0.9705137654576828
90000000000,321,334,0.9919223924100314
90000000000,334,321,-0.9542277113507449
90000000000,322,323,0.970846752758716
90000000000,323,322,-0.9696879203501072
90000000000,322,335,0.883749538266573
90000000000,335,322,-0.957075106332592
90000000000,323,324,0.970154106401436
90000000000,324,323,-0.9687950266169275
90000000000,323,336,0.6808176512679731
90000000000,336,323,-0.7787525639967298
90000000000,312,324,-0.9686088921113944
90000000000,324,312,0.9691852099383729
90000000000,324,337,0.5933260122181422
90000000000,337,324,-0.6378497541402692
90000000000,325,326,0.9688975662509709
90000000000,326,325,-0.9697318642545896
90000000000,325,338,-0.7884159675305804
90000000000,338,325,0.8181360879333655
90000000000,326,327,0.9696995914662423
90000000000,327,326,-0.970463762441052
90000000000,326,339,-0.8165953123574611
90000000000,339,326,0.8941790869121281
90000000000,327,328,0.9705654760506662
90000000000,328,327,-0.9703923036224926
90000000000,327,340,-0.9122043165740183
90000000000,340,327,0.9756813357477336
90000000000,328,329,0.9707470066671632
90000000000,329,328,-0.9695832624057015
90000000000,328,341,-0.9886667772916624
90000000000,341,328,0.9722064006654135
90000000000,329,330,0.9700954691564467
90000000000,330,329,-0.9687231187245157
90000000000,329,342,-0.94961118824688
90000000000,342,329,0.871985032411909
90000000000,330,331,0.969172764117165
90000000000,331,330,-0.9685746599586479
90000000000,330,343,-0.8622649664944348
90000000000,343,330,0.7976280773859508
90000000000,331,332,0.9687990827646297
90000000000,332,331,-0.969283588713617
90000000000,331,344,-0.800183336944571
90000000000,344,331,0.7959745956372831
90000000000,332,333,0.9693225564222745
90000000000,333,332,-0.9702487969503993
90000000000,332,345,-0.793127722959025
90000000000,345,332,0.8521747760829066
90000000000,333,334,0.9702936116124076
90000000000,334,333,-0.9706556068549997
90000000000,333,346,-0.858557500585539
90000000000,346,333,0.9389512009482296
90000000000,334,335,0.9708838088940774
90000000000,335,334,-0.9701633954782368
90000000000,334,347,-0.9622410373682978
90000000000,347,334,0.9902822913476672
90000000000,335,336,0.9705866021010148
90000000000,336,335,-0.9691926901411695
90000000000,335,348,-0.9821292794742711
90000000000,348,335,0.9266900847227906
90000000000,336,337,0.9696481948633041
90000000000,337,336,-0.9685747810170374
90000000000,336,349,-0.9059255062612553
90000000000,349,336,0.8261259372826767
90000000000,325,337,-0.968845210094992
90000000000,337,325,0.968857866724312
90000000000,337,350,-0.8259444845941896
90000000000,350,337,0.788106987304877
90000000000,338,339,0.9687554267692036
90000000000,339,338,-0.9692592389541465
90000000000,0,338,0.23608161557596083
90000000000,338,0,-0.21645779483449637
90000000000,339,340,0.9692411734196233
90000000000,340,339,-0.9701727763691157
90000000000,1,339,0.3026508647250322
90000000000,339,1,-0.1825114757377244
90000000000,340,341,0.9701784436098128
90000000000,341,340,-0.9705436085515858
90000000000,2,340,0.43053662721059016
90000000000,340,2,-0.2429702041429575
90000000000,341,342,0.9707699375046075
90000000000,342,341,-0.9700469174177409
90000000000,3,341,0.9966586883292216
90000000000,341,3,-0.9523123318480261
90000000000,342,343,0.9705039523878675
90000000000,343,342,-0.9690999262520311
90000000000,4,342,0.27141149793624586
90000000000,342,4,-0.46283687229391657
90000000000,343,344,0.9696096214540884
90000000000,344,343,-0.9685297115171274
90000000000,5,343,0.18228353472529182
90000000000,343,5,-0.31356800523215844
90000000000,344,345,0.9688750645507849
90000000000,345,344,-0.9688473457813096
90000000000,6,344,0.21010237272132842
90000000000,344,6,-0.2436041224617204
90000000000,345,346,0.9689612932470818
90000000000,346,345,-0.9697909147788722
90000000000,7,345,0.266985058799864
90000000000,345,7,-0.19449866156966464
90000000000,346,347,0.9698021049628783
90000000000,347,346,-0.9705615570064482
90000000000,8,346,0.3512367347337675
90000000000,346,8,-0.1910114003651535
90000000000,347,348,0.9706831275241861
90000000000,348,347,-0.970513765863674
90000000000,9,347,0.6137208843050713
90000000000,347,9,-0.4255751916737293
90000000000,348,349,0.9708467527587159
90000000000,349,348,-0.9696879203501296
90000000000,10,348,0.524457927419302
90000000000,348,10,-0.7009071534000575
90000000000,349,350,0.9701541064014174
90000000000,350,349,-0.9687950266169202
90000000000,11,349,0.19906570282101174
90000000000,349,11,-0.36769206458549847
90000000000,338,350,-0.968592869764883
90000000000,350,338,0.9691851958442336
90000000000,12,350,0.1903779511170802
90000000000,350,12,-0.2756747687722285
100000000000,0,1,0.9687587660568251
100000000000,1,0,-0.9692726826112266
100000000000,0,13,0.6278190724726249
100000000000,13,0,-0.5916422463162496
100000000000,1,2,0.9692525868885475
100000000000,2,1,-0.9701892954958259
100000000000,1,14,0.7597425991859774
100000000000,14,1,-0.6648161867411105
100000000000,2,3,0.9701980506537032
100000000000,3,2,-0.9705429122482309
100000000000,2,15,0.9411351905786838
100000000000,15,2,-0.8597590912361228
100000000000,3,4,0.9707725036350843
100000000000,4,3,-0.9700294469349553
100000000000,3,16,0.9697359213566404
100000000000,16,3,-0.9945614876668566
100000000000,4,5,0.9704881841272986
100000000000,5,4,-0.9690847122908046
100000000000,4,17,0.7693277460905354
100000000000,17,4,-0.8683026884008803
100000000000,5,6,0.9695947722628343
100000000000,6,5,-0.9685351647624518
100000000000,5,18,0.619009059548467
100000000000,18,5,-0.6950644374724066
100000000000,6,7,0.968878065536484
100000000000,7,6,-0.9688615170611178
100000000000,6,19,0.5972392175255044
100000000000,19,6,-0.6004609328432678
100000000000,7,8,0.9689715797950051
100000000000,8,7,-0.9698110954673879
100000000000,7,20,0.6830945043544617
100000000000,20,7,-0.6116496851005914
100000000000,8,9,0.9698253849310048
100000000000,9,8,-0.9705703367874791
100000000000,8,21,0.8515603649903504
100000000000,21,8,-0.7507524609140186
100000000000,9,10,0.9706959709843634
100000000000,10,9,-0.9705025018794878
100000000000,9,22,0.9927363529370823
100000000000,22,9,-0.9573582092146617
100000000000,10,11,0.97084255921667
100000000000,11,10,-0.9696683235536953
100000000000,10,23,0.8793210398530587
100000000000,23,10,-0.954211323497683
100000000000,11,12,0.9701355737447569
100000000000,12,11,-0.9687808107246251
100000000000,11,24,0.6776910467062977
100000000000,24,11,-0.7751331990697089
100000000000,0,12,-0.968602464223214
100000000000,12,0,0.9691696475029176
100000000000,12,25,0.5928778902945736
100000000000,25,12,-0.6358886163868682
100000000000,13,14,0.9689084162452125
100000000000,14,13,-0.9697506680474521
100000000000,13,26,-0.7882735019828152
100000000000,26,13,0.8192322984233021
100000000000,14,15,0.9697168540685853
100000000000,15,14,-0.9704718193292501
100000000000,14,27,-0.8179928652125968
100000000000,27,14,0.8960182872197308
100000000000,15,16,0.9705791495557254
100000000000,16,15,-0.9703807565268239
100000000000,15,28,-0.9144521201965167
100000000000,28,15,0.9768150008823235
100000000000,16,17,0.970740266419639
100000000000,17,16,-0.9695582029361546
100000000000,16,29,-0.9890480866354623
100000000000,29,16,0.9707719161166161
100000000000,17,18,0.9700712502058815
100000000000,18,17,-0.968711006064171
100000000000,17,30,-0.94796820432852
100000000000,30,17,0.8698465645419353
100000000000,18,19,0.9691591507837789
100000000000,19,18,-0.9685843139426917
100000000000,18,31,-0.8605859385424223
100000000000,31,18,0.7968313601605197
100000000000,19,20,0.9688055108742357
100000000000,20,19,-0.9693018233721837
100000000000,19,32,-0.7993766488330447
100000000000,32,19,0.7966095726124619
100000000000,20,21,0.9693371726969777
100000000000,21,20,-0.9702687919520372
100000000000,20,33,-0.793741327353539
100000000000,33,20,0.8537813004850384
100000000000,21,22,0.9703121089961125
100000000000,22,21,-0.970653936864375
100000000000,21,34,-0.8605842271440948
100000000000,34,21,0.9407236649262193
100000000000,22,23,0.9708875261643737
100000000000,23,22,-0.9701463630526371
100000000000,22,35,-0.9639119807587195
100000000000,35,22,0.990211264615767
100000000000,23,24,0.970570344011128
100000000000,24,23,-0.9691765309729995
100000000000,23,36,-0.9812147781894507
100000000000,36,23,0.9244664261249701
100000000000,24,25,0.9696304219293632
100000000000,25,24,-0.9685716944546678
100000000000,24,37,-0.9040512351159022
100000000000,37,24,0.8246057571500469
100000000000,13,25,-0.9688565287194352
100000000000,25,13,0.9688508553657472
100000000000,25,38,-0.8246450037576806
100000000000,38,25,0.7881037140688931
100000000000,26,27,0.9687667586956044
100000000000,27,26,-0.9692782948628225
100000000000,26,39,0.6279071418065109
100000000000,39,26,-0.5916422463162249
100000000000,27,28,0.9692581974174537
100000000000,28,27,-0.9701892906544717
100000000000,27,40,0.7598041419722195
100000000000,40,27,-0.6648739667602828
100000000000,28,29,0.9701980496931853
100000000000,29,28,-0.9705429112742111
100000000000,28,41,0.94113519057867
100000000000,41,28,-0.8597441141311022
100000000000,29,30,0.9707725047595874
100000000000,30,29,-0.9700294480648032
100000000000,29,42,0.9697359357307546
100000000000,42,29,-0.9945614872020462
100000000000,30,31,0.970488184127302
100000000000,31,30,-0.9690847122907774
100000000000,30,43,0.7693279491002908
100000000000,43,30,-0.8683389168676091
100000000000,31,32,0.9695947722628249
100000000000,32,31,-0.9685272461828399
100000000000,31,44,0.619009059548221
100000000000,44,31,-0.6950644374724304
100000000000,32,33,0.9688701621436788
100000000000,33,32,-0.9688615170611173
100000000000,32,45,0.5971488508745953
100000000000,45,32,-0.6004609328434484
100000000000,33,34,0.9689715797950277
100000000000,34,33,-0.9698073815750617
100000000000,33,46,0.6830947065445976
100000000000,46,33,-0.6116499454779378
100000000000,34,35,0.9698216801522337
100000000000,35,34,-0.9705703372125959
100000000000,34,47,0.8515203843271629
100000000000,47,34,-0.7507526750323303
100000000000,35,36,0.970695970984368
100000000000,36,35,-0.970502307745266
100000000000,35,48,0.9927363534581876
100000000000,48,35,-0.9573581440605334
100000000000,36,37,0.9708423670203921
100000000000,37,36,-0.9696649421582869
100000000000,36,49,0.8793151466780359
100000000000,49,36,-0.9542113234976674
100000000000,37,38,0.9701322031756028
100000000000,38,37,-0.9687808191111342
100000000000,37,50,0.6776368649948904
100000000000,50,37,-0.775104237657775
100000000000,26,38,-0.968610454603133
100000000000,38,26,0.9691696475029233
100000000000,38,51,0.5928778902945588
100000000000,51,38,-0.6358886163868077
100000000000,39,40,0.9689084162451924
100000000000,40,39,-0.9697543778198064
100000000000,39,52,-0.7882755088517038
100000000000,52,39,0.8192654259901562
100000000000,40,41,0.9697205659796602
100000000000,41,40,-0.9704712787174585
100000000000,40,53,-0.8179514309724667
100000000000,53,40,0.8960592578471026
100000000000,41,42,0.970578607179881
100000000000,42,41,-0.9703807532599886
100000000000,41,54,-0.9144645338026026
100000000000,54,41,0.9768240501870651
100000000000,42,43,0.9707402664196414
100000000000,43,42,-0.9695615908978877
100000000000,42,55,-0.9890481238825636
100000000000,55,42,0.9707731681131258
100000000000,43,44,0.9700746162631729
100000000000,44,43,-0.9687109976586664
100000000000,43,56,-0.9479477363292906
100000000000,56,43,0.8698480509921643
100000000000,44,45,0.9691591507837785
100000000000,45,44,-0.9685843139427
100000000000,44,57,-0.8605874477205455
100000000000,57,44,0.7968336953406191
100000000000,45,46,0.968805523378568
100000000000,46,45,-0.9693018358574493
100000000000,45,58,-0.7993786350314808
100000000000,58,45,0.7966778666499544
100000000000,46,47,0.9693371726969838
100000000000,47,46,-0.9702687919520372
100000000000,46,59,-0.7937433790608939
100000000000,59,46,0.8537826778611225
100000000000,47,48,0.9703121092534271
100000000000,48,47,-0.9706539364119172
100000000000,47,60,-0.8605858024954692
100000000000,60,47,0.940724256316274
100000000000,48,49,0.9708875269170828
100000000000,49,48,-0.97014636396032
100000000000,48,61,-0.9639124223893701
100000000000,61,48,0.9902112845128087
100000000000,49,50,0.9705703440111347
100000000000,50,49,-0.9691738780663204
100000000000,49,62,-0.9812149248203649
100000000000,62,49,0.9244640122064572
100000000000,50,51,0.9696277754420808
100000000000,51,50,-0.9685717004581138
100000000000,50,63,-0.9040708733869436
100000000000,63,50,0.8245874877618123
100000000000,39,51,-0.9688565287194492
100000000000,51,39,0.9688508553657474
100000000000,51,64,-0.824646681727461
100000000000,64,51,0.7881058106821913
100000000000,52,53,0.9687627639326453
100000000000,53,52,-0.9692726826111945
100000000000,52,65,0.6278597318357657
100000000000,65,52,-0.5916384423293454
100000000000,53,54,0.9692525819687415
100000000000,54,53,-0.9701874149523945
100000000000,53,66,0.7597400569897235
100000000000,66,53,-0.6648413048666378
100000000000,54,55,0.9701961681022296
100000000000,55,54,-0.9705429180090382
100000000000,54,67,0.9411165283714142
100000000000,67,54,-0.8597420744754283
100000000000,55,56,0.9707725120858451
100000000000,56,55,-0.9700294529065699
100000000000,55,68,0.9697344327161145
100000000000,68,55,-0.9945621137072166
100000000000,56,57,0.9704881882553301
100000000000,57,56,-0.9690847164469353
100000000000,56,69,0.7693251069587013
100000000000,69,56,-0.8683373995732331
100000000000,57,58,0.9695947602985847
100000000000,58,57,-0.9685193032261054
100000000000,57,70,0.6190051591329088
100000000000,70,57,-0.6950614776115631
100000000000,58,59,0.96886224642066
100000000000,59,58,-0.9688615170611272
100000000000,58,71,0.5970550854867391
100000000000,71,58,-0.6004575747522095
100000000000,59,60,0.9689715797950258
100000000000,60,59,-0.9698073815750542
100000000000,59,72,0.6830916736985605
100000000000,72,59,-0.6116460398214527
100000000000,60,61,0.9698216801522591
100000000000,61,60,-0.9705703372125987
100000000000,60,73,0.8515185907040325
100000000000,73,60,-0.750713134798309
100000000000,61,62,0.9706959685556593
100000000000,62,61,-0.9705024509201805
100000000000,61,74,0.9927363326138474
100000000000,74,61,-0.9573578579868637
100000000000,62,63,0.9708425111506352
100000000000,63,62,-0.9696666335208758
100000000000,62,75,0.8793176950703069
100000000000,75,62,-0.9542070884239082
100000000000,63,64,0.9701338891202721
100000000000,64,63,-0.968780814917886
100000000000,63,76,0.6776601182391477
100000000000,76,63,-0.7751162052255121
100000000000,52,64,-0.9686064539091218
100000000000,64,52,0.9691696404296178
100000000000,64,77,0.592873928268739
100000000000,77,64,-0.6359286194492076
100000000000,65,66,0.9689084162452093
100000000000,66,65,-0.9697525236625719
100000000000,65,78,-0.7882756521995955
100000000000,78,65,0.8192812735856037
100000000000,66,67,0.9697187103086717
100000000000,67,66,-0.9704712787174584
100000000000,66,79,-0.8179732512472412
100000000000,79,66,0.8960493432470752
100000000000,67,68,0.970578605667098
100000000000,68,67,-0.9703815372075857
100000000000,67,80,-0.9144646049321297
100000000000,80,67,0.9768240637408058
100000000000,68,69,0.970741036112629
100000000000,69,68,-0.9695615910318418
100000000000,68,81,-0.9890505867213614
100000000000,81,68,0.9707722276608739
100000000000,69,70,0.9700746162631905
100000000000,70,69,-0.9687109976586887
100000000000,69,82,-0.9479477363292871
100000000000,82,69,0.8698480509921842
100000000000,70,71,0.9691591507837575
100000000000,71,70,-0.9685843139426983
100000000000,70,83,-0.8605874477205575
100000000000,83,70,0.7968336953406235
100000000000,71,72,0.9688055108742737
100000000000,72,71,-0.9693018233722198
100000000000,71,84,-0.7993786350314268
100000000000,84,71,0.7966778666498795
100000000000,72,73,0.9693371726969842
100000000000,73,72,-0.9702669117657465
100000000000,72,85,-0.7937435256112878
100000000000,85,72,0.8537827762451163
100000000000,73,74,0.9703102357152695
100000000000,74,73,-0.9706539392580347
100000000000,73,86,-0.8606130801313766
100000000000,86,73,0.9407242985584272
100000000000,74,75,0.9708875275130764
100000000000,75,74,-0.9701459621978237
100000000000,74,87,-0.9639122063142257
100000000000,87,74,0.9902117564555918
100000000000,75,76,0.9705699441612022
100000000000,76,75,-0.9691752058158684
100000000000,75,88,-0.9812165964212737
100000000000,88,75,0.9244651981945919
100000000000,76,77,0.9696290989440288
100000000000,77,76,-0.9685756557419661
100000000000,76,89,-0.9040616278035758
100000000000,89,76,0.8245824998408723
100000000000,65,77,-0.9688565287194353
100000000000,77,65,0.9688548144303853
100000000000,77,90,-0.8246159392972177
100000000000,90,77,0.7881217732446213
100000000000,78,79,0.9687607653838212
100000000000,79,78,-0.9692740864987667
100000000000,78,91,0.6278411182750299
100000000000,91,78,-0.5916422780161744
100000000000,79,80,0.9692539866551081
100000000000,80,79,-0.9701874149523937
100000000000,79,92,0.759757985266511
100000000000,92,79,-0.6648595218977987
100000000000,80,81,0.9701961701599784
100000000000,81,80,-0.9705429091872115
100000000000,80,93,0.9411173100671574
100000000000,93,80,-0.8597366255022377
100000000000,81,82,0.9707725071690011
100000000000,82,81,-0.970029450485687
100000000000,81,94,0.9697358944029333
100000000000,94,81,-0.9945614885384471
100000000000,82,83,0.9704881882553318
100000000000,83,82,-0.9690847164469322
100000000000,82,95,0.7693278408373944
100000000000,95,82,-0.8683388590707914
100000000000,83,84,0.9695947602985869
100000000000,84,83,-0.9685193032261317
100000000000,83,96,0.6190087995201847
100000000000,96,83,-0.6950642401481066
100000000000,84,85,0.9688622464206489
100000000000,85,84,-0.968861517061129
100000000000,84,97,0.5970584812247207
100000000000,97,84,-0.6004609328434463
100000000000,85,86,0.9689715797950627
100000000000,86,85,-0.969807381575081
100000000000,85,98,0.6830945043548496
100000000000,98,85,-0.6116496851006017
100000000000,86,87,0.9698216810328262
100000000000,87,86,-0.9705708806821366
100000000000,86,99,0.8515202647524783
100000000000,99,86,-0.7507161326525099
100000000000,87,88,0.9706965092091489
100000000000,88,87,-0.9705024056449447
100000000000,87,100,0.9927382273492313
100000000000,100,87,-0.9573584249267336
100000000000,88,89,0.9708424631379242
100000000000,89,88,-0.9696670561383157
100000000000,88,101,0.8793180041505084
100000000000,101,88,-0.9542094924242916
100000000000,89,90,0.9701343093529124
100000000000,90,89,-0.9687790770311187
100000000000,89,102,0.6776706029955047
100000000000,102,89,-0.7751168108574861
100000000000,78,90,-0.9686044594537563
100000000000,90,78,0.9691679080299239
100000000000,90,103,0.5928565910542684
100000000000,103,90,-0.6359428822233789
100000000000,91,92,0.9689084151048074
100000000000,92,91,-0.9697534497931587
100000000000,91,104,-0.788273340716729
100000000000,104,91,0.8192714885397225
100000000000,92,93,0.9697196383262885
100000000000,93,92,-0.9704710085048768
100000000000,92,105,-0.817960207654724
100000000000,105,92,0.896048025478398
100000000000,93,94,0.9705783390201275
100000000000,94,93,-0.970380755002158
100000000000,93,106,-0.9144691486061324
100000000000,106,93,0.9768227430122918
100000000000,94,95,0.9707402664196394
100000000000,95,94,-0.9695615908978799
100000000000,94,107,-0.9890480878769334
100000000000,107,94,0.9707719268125946
100000000000,95,96,0.9700746207180433
100000000000,96,95,-0.9687110021412292
100000000000,95,108,-0.9479472215008867
100000000000,108,95,0.8698465645419391
100000000000,96,97,0.9691591507837817
100000000000,97,96,-0.9685843139427
100000000000,96,109,-0.8605860768877688
100000000000,109,96,0.796831574224787
100000000000,97,98,0.9688055108742601
100000000000,98,97,-0.9693018233721754
100000000000,97,110,-0.7993767106315238
100000000000,110,97,0.7965433471576486
100000000000,98,99,0.9693371726969884
100000000000,99,98,-0.9702669117657654
100000000000,98,111,-0.7937413957502145
100000000000,111,98,0.8537813464018725
100000000000,99,100,0.9703102336570708
100000000000,100,99,-0.9706539371843521
100000000000,99,112,-0.8606115049307046
100000000000,112,99,0.9407237071684182
100000000000,100,101,0.9708875275130764
100000000000,101,100,-0.9701461630988696
100000000000,100,113,-0.9639117557546273
100000000000,113,100,0.9902107933787991
100000000000,101,102,0.9705701443325764
100000000000,102,101,-0.969175039713686
100000000000,101,114,-0.981215609211115
100000000000,114,101,0.9244664261249695
100000000000,102,103,0.9696289355016673
100000000000,103,102,-0.9685766471739551
100000000000,102,115,-0.9040617156022219
100000000000,115,102,0.8245752681331319
100000000000,91,103,-0.9688565287194231
100000000000,103,91,0.968855803714928
100000000000,103,116,-0.824606379697015
100000000000,116,103,0.7881115328174532
100000000000,104,105,0.9687617649513027
100000000000,105,104,-0.9692741086246615
100000000000,104,117,0.6278520988941341
100000000000,117,104,-0.591620625776373
100000000000,105,106,0.9692540091367352
100000000000,106,105,-0.9701876501078001
100000000000,105,118,0.7597582230239156
100000000000,118,105,-0.6648522955017259
100000000000,106,107,0.9701964052635236
100000000000,107,106,-0.970542909448087
100000000000,106,119,0.9411195322242012
100000000000,119,106,-0.8597365915071952
100000000000,107,108,0.9707725060445034
100000000000,108,107,-0.9700294493558339
100000000000,107,120,0.9697359213566391
100000000000,120,107,-0.994562099755067
100000000000,108,109,0.9704881882553338
100000000000,109,108,-0.9690847164469891
100000000000,108,121,0.769327949100283
100000000000,121,108,-0.8683389168677477
100000000000,109,110,0.9695947602986072
100000000000,110,109,-0.9685351527627483
100000000000,109,122,0.6190087995206977
100000000000,122,109,-0.6950642401480888
100000000000,110,111,0.9688780655364416
100000000000,111,110,-0.9688615170611097
100000000000,110,123,0.5972392175251959
100000000000,123,110,-0.6004609328437909
100000000000,111,112,0.9689715846520165
100000000000,112,111,-0.9698073864134488
100000000000,111,124,0.6830945043546053
100000000000,124,111,-0.6116496851006065
100000000000,112,113,0.9698216792716142
100000000000,113,112,-0.9705697928775068
100000000000,112,125,0.8515202009844369
100000000000,125,112,-0.7507160184580624
100000000000,113,114,0.9706954310936261
100000000000,114,113,-0.9705023061182221
100000000000,113,126,0.9927344759640182
100000000000,126,113,-0.9573577822077305
100000000000,114,115,0.9708423671471974
100000000000,115,114,-0.9696674787343342
100000000000,114,127,0.8793150872647579
100000000000,127,114,-0.9542113033970899
100000000000,115,116,0.9701347326445284
100000000000,116,115,-0.9687799460594955
100000000000,115,128,0.6776774085614081
100000000000,128,115,-0.7751186374159951
100000000000,104,116,-0.9686054567783369
100000000000,116,104,0.9691687743140197
100000000000,116,129,0.5928671608132534
100000000000,129,116,-0.6359319682834934
100000000000,117,118,0.9689066246872824
100000000000,118,117,-0.9697529873385555
100000000000,117,130,-0.7882917356897992
100000000000,130,117,0.8192655451197625
100000000000,118,119,0.9697191742524359
100000000000,119,118,-0.9704710084003755
100000000000,118,131,-0.8179678307925252
100000000000,131,118,0.89604934324709
100000000000,119,120,0.9705783353726788
100000000000,120,119,-0.9703815367996348
100000000000,119,132,-0.9144703044227179
100000000000,132,119,0.9768218576608552
100000000000,120,121,0.9707410359781474
100000000000,121,120,-0.9695615908978994
100000000000,120,133,-0.9890505867213598
100000000000,133,120,0.9707724604292651
100000000000,121,122,0.9700746162631871
100000000000,122,121,-0.9687109976586575
100000000000,121,134,-0.947947809876104
100000000000,134,121,0.869848263341893
100000000000,122,123,0.96915915078378
100000000000,123,122,-0.9685843139427396
100000000000,122,135,-0.8605874477205695
100000000000,135,122,0.7968336953404038
100000000000,123,124,0.9688055108742804
100000000000,124,123,-0.9693018233721727
100000000000,123,136,-0.7993788998581091
100000000000,136,123,0.7965455740469312
100000000000,124,125,0.9693371726969917
100000000000,125,124,-0.9702669117657509
100000000000,124,137,-0.7937438187126737
100000000000,137,124,0.8537829730135476
100000000000,125,126,0.9703102366758702
100000000000,126,125,-0.9706539345321308
100000000000,125,138,-0.8606133051595893
100000000000,138,125,0.9406767627033665
100000000000,126,127,0.9708875239146878
100000000000,127,126,-0.9701463615397966
100000000000,126,139,-0.9639127568405305
100000000000,139,126,0.9902117571129269
100000000000,127,128,0.9705703450475414
100000000000,128,127,-0.9691752058158521
100000000000,127,140,-0.9812149320317055
100000000000,140,127,0.9244629359044577
100000000000,128,129,0.9696290989440359
100000000000,129,128,-0.9685756557419829
100000000000,128,141,-0.9040616278036002
100000000000,141,128,0.8245875886461053
100000000000,117,129,-0.9688547378851887
100000000000,129,117,0.9688548144303832
100000000000,129,142,-0.824615968230073
100000000000,142,129,0.7881059552763476
100000000000,130,131,0.9687627639326465
100000000000,131,130,-0.9692740864987712
100000000000,130,143,0.6278597318358239
100000000000,143,130,-0.5916384423293247
100000000000,131,132,0.9692539878843377
100000000000,132,131,-0.9701878853681724
100000000000,131,144,0.7597554431419483
100000000000,144,131,-0.6648413048666406
100000000000,132,133,0.9701966403208063
100000000000,133,132,-0.9705429124383687
100000000000,132,145,0.9411209726835349
100000000000,145,132,-0.8597345178031145
100000000000,133,134,0.9707725042642803
100000000000,134,133,-0.9700294469349545
100000000000,133,146,0.9697352527140839
100000000000,146,133,-0.9945618071036348
100000000000,134,135,0.9704881799992217
100000000000,135,134,-0.9690847081345979
100000000000,134,147,0.7693247009375552
100000000000,147,134,-0.8683371828165467
100000000000,135,136,0.9695947842270017
100000000000,136,135,-0.9685351767620667
100000000000,135,148,0.6190051591332166
100000000000,148,135,-0.6950614776115737
100000000000,136,137,0.9688780655364511
100000000000,137,136,-0.9688615170611088
100000000000,136,149,0.5972353373315796
100000000000,149,136,-0.6004570950257199
100000000000,137,138,0.9689715797950478
100000000000,138,137,-0.9698148035289764
100000000000,137,150,0.6830912693197748
100000000000,150,137,-0.6116455190674037
100000000000,138,139,0.9698290838868204
100000000000,139,138,-0.9705708789917145
100000000000,138,151,0.8515985490658884
100000000000,151,138,-0.7507127065326553
100000000000,139,140,0.9706965082922369
100000000000,140,139,-0.9705025017711923
100000000000,139,152,0.9927382058731556
100000000000,152,139,-0.9573571558666479
100000000000,140,141,0.970842559216668
100000000000,141,140,-0.9696666335827802
100000000000,140,153,0.8793191386663695
100000000000,153,140,-0.9541962719239803
100000000000,141,142,0.9701338891202862
100000000000,142,141,-0.9687808149179205
100000000000,141,154,0.6776600563394743
100000000000,154,141,-0.7751016432463576
100000000000,130,142,-0.9686064539091317
100000000000,142,130,0.9691696404295784
100000000000,142,155,0.592873928268683
100000000000,155,142,-0.6359286194491991
100000000000,143,144,0.9689084162452277
100000000000,144,143,-0.9697525236625733
100000000000,143,156,-0.7882756521995875
100000000000,156,143,0.8192970011581845
100000000000,144,145,0.9697187100873323
100000000000,145,144,-0.9704710082958765
100000000000,144,157,-0.8179732512472409
100000000000,157,144,0.8960593305216408
100000000000,145,146,0.9705783349674042
100000000000,146,145,-0.9703811439614622
100000000000,145,158,-0.9144702955318464
100000000000,158,145,0.9768240671292504
100000000000,146,147,0.9707406515052247
100000000000,147,146,-0.9695615908978894
100000000000,146,159,-0.9890493550551785
100000000000,159,146,0.9707723440446905
100000000000,147,148,0.9700746162631771
100000000000,148,147,-0.9687109976586762
100000000000,147,160,-0.9479477731027193
100000000000,160,147,0.8698481571670799
100000000000,148,149,0.9691591507837732
100000000000,149,148,-0.9685843139426744
100000000000,148,161,-0.8605874477205341
100000000000,161,148,0.7968336953405162
100000000000,149,150,0.9688055108742726
100000000000,150,149,-0.9693018233721813
100000000000,149,162,-0.7993788998583881
100000000000,162,149,0.7965455740466217
100000000000,150,151,0.9693371726969688
100000000000,151,150,-0.9702669117657504
100000000000,150,163,-0.7937438187127581
100000000000,163,150,0.8537829730135732
100000000000,151,152,0.970310236675853
100000000000,152,151,-0.9706539345321317
100000000000,151,164,-0.8606133051597245
100000000000,164,151,0.9406767627033745
100000000000,152,153,0.9708875251172179
100000000000,153,152,-0.9701447547499891
100000000000,152,165,-0.9639127568405341
100000000000,165,152,0.9902117571129281
100000000000,153,154,0.970568741591285
100000000000,154,153,-0.9691738801404591
100000000000,153,166,-0.9812215836952927
100000000000,166,153,0.9244629672478349
100000000000,154,155,0.9696277754420929
100000000000,155,154,-0.9685756587408432
100000000000,154,167,-0.9040709408212753
100000000000,167,154,0.8245672664507188
100000000000,143,155,-0.9688565287194153
100000000000,155,143,0.9688548144303613
100000000000,155,168,-0.8246159103643461
100000000000,168,155,0.7881058829792623
100000000000,156,157,0.9687587660568101
100000000000,157,156,-0.9692726826112048
100000000000,156,169,0.6278188474115913
100000000000,169,156,-0.5916419927167527
100000000000,157,158,0.96925258196871
100000000000,158,157,-0.9701874149523955
100000000000,157,170,0.7597424297060578
100000000000,170,157,-0.6648737152975651
100000000000,158,159,0.9701961701599723
100000000000,159,158,-0.9705429105520644
100000000000,158,171,0.9411172579542724
100000000000,171,158,-0.8597364895221015
100000000000,159,160,0.9707725063592043
100000000000,160,159,-0.9700294493558372
100000000000,159,172,0.969735762237226
100000000000,172,159,-0.9945617948984545
100000000000,160,161,0.9704881841272918
100000000000,161,160,-0.9690847122907924
100000000000,160,173,0.7693277460904863
100000000000,173,160,-0.8683388084895184
100000000000,161,162,0.9695947842269621
100000000000,162,161,-0.9685351767621163
100000000000,161,174,0.6190087995203026
100000000000,174,161,-0.6950642401481075
100000000000,162,163,0.9688780655364728
100000000000,163,162,-0.968861517061099
100000000000,162,175,0.5972387325004685
100000000000,175,162,-0.6004604531154151
100000000000,163,164,0.9689715797950524
100000000000,164,163,-0.9698148035289603
100000000000,163,176,0.6830943021646656
100000000000,176,163,-0.6117246567990294
100000000000,164,165,0.9698290838868374
100000000000,165,164,-0.9705708789917119
100000000000,164,177,0.8516002226810484
100000000000,177,164,-0.7507157043881222
100000000000,165,166,0.9706965082922394
100000000000,166,165,-0.9705025017711906
100000000000,165,178,0.9927382253126814
100000000000,178,165,-0.9573577228119724
100000000000,166,167,0.970842559216669
100000000000,167,166,-0.969668323553679
100000000000,166,179,0.8793208022056062
100000000000,179,166,-0.9541968348435717
100000000000,167,168,0.970135573744769
100000000000,168,167,-0.9687808107246624
100000000000,167,180,0.6776907991158364
100000000000,180,167,-0.7751330369283427
100000000000,156,168,-0.9686024642232004
100000000000,168,156,0.9691696475028825
100000000000,168,181,0.5928776346796122
100000000000,181,168,-0.6358883949656794
100000000000,169,170,0.9689084162451985
100000000000,170,169,-0.9697543778198193
100000000000,169,182,-0.7882733586351895
100000000000,182,169,0.8192950952386469
100000000000,170,171,0.9697205659796508
100000000000,171,170,-0.9704710085048758
100000000000,170,183,-0.8179493639835718
100000000000,183,170,0.896058167730737
100000000000,171,172,0.9705783357779506
100000000000,172,171,-0.9703811447777639
100000000000,171,184,-0.9144691397152344
100000000000,184,171,0.9768238468806557
100000000000,172,173,0.9707406515052246
100000000000,173,172,-0.9695615908978623
100000000000,172,185,-0.9890493179625358
100000000000,185,172,0.9707720825868479
100000000000,173,174,0.9700746162631833
100000000000,174,173,-0.9687109976586669
100000000000,173,186,-0.9479471847274558
100000000000,186,173,0.8698464583667737
100000000000,174,175,0.9691591507837729
100000000000,175,174,-0.968584313942709
100000000000,174,187,-0.8605859385424299
100000000000,187,174,0.7968313601604491
100000000000,175,176,0.968805523378565
100000000000,176,175,-0.969307457912899
100000000000,175,188,-0.7993766488328834
100000000000,188,175,0.7966095726124361
100000000000,176,177,0.9693427787579539
100000000000,177,176,-0.9702669068934757
100000000000,176,189,-0.7936847466923769
100000000000,189,176,0.8537812021011453
100000000000,177,178,0.9703102366758718
100000000000,178,177,-0.9706539345321307
100000000000,177,190,-0.8606113924163415
100000000000,190,177,0.9407236649261844
100000000000,178,179,0.9708875251172189
100000000000,179,178,-0.970144754750005
100000000000,178,191,-0.9639123327886759
100000000000,191,178,0.9902117345778485
100000000000,179,180,0.9705687436692192
100000000000,180,179,-0.9691765351160945
100000000000,179,192,-0.9812214395135599
100000000000,192,179,0.9244530398252555
100000000000,180,181,0.9696304219293677
100000000000,181,180,-0.9685716944546698
100000000000,180,193,-0.904051235115894
100000000000,193,180,0.8245650468720191
100000000000,169,181,-0.9688565287194498
100000000000,181,169,0.968850855365749
100000000000,181,194,-0.8246448880357786
100000000000,194,181,0.7881035694748846
100000000000,182,183,0.9687587660567796
100000000000,183,182,-0.969272682611226
100000000000,182,195,0.6278192975334043
100000000000,195,182,-0.591642499915975
100000000000,183,184,0.9692525819687076
100000000000,184,183,-0.970187414952395
100000000000,183,196,0.7597427686657885
100000000000,196,183,-0.6648742182230463
100000000000,184,185,0.970196170031364
100000000000,185,184,-0.9705429111039207
100000000000,184,197,0.941117362179973
100000000000,197,184,-0.8597442501076236
100000000000,185,186,0.9707725066670108
100000000000,186,185,-0.9700294495071348
100000000000,185,198,0.9697357483767782
100000000000,198,185,-0.9945619461523759
100000000000,186,187,0.9704881841273028
100000000000,187,186,-0.9690847122907732
100000000000,186,199,0.7693281521099751
100000000000,199,186,-0.8683390252456452
100000000000,187,188,0.9695947722628444
100000000000,188,187,-0.9685272461828388
100000000000,187,200,0.6190093195762257
100000000000,200,187,-0.6950646347965844
100000000000,188,189,0.9688701621436867
100000000000,189,188,-0.9688615170611182
100000000000,188,201,0.5971490934075349
100000000000,201,188,-0.6004611727075674
100000000000,189,190,0.9689715797950273
100000000000,190,189,-0.9698073815750687
100000000000,189,202,0.6830949087346486
100000000000,202,189,-0.6117254378733321
100000000000,190,191,0.9698216801522371
100000000000,191,190,-0.9705708798369408
100000000000,190,203,0.851520384327219
100000000000,203,190,-0.7507163467844179
100000000000,191,192,0.9706965050555727
100000000000,192,191,-0.9705028863285335
100000000000,191,204,0.9927382301262636
100000000000,204,191,-0.9573591486550281
100000000000,192,193,0.9708429426486461
100000000000,193,192,-0.969668323308093
100000000000,192,205,0.8793327072939539
100000000000,205,192,-0.9542112832965169
100000000000,193,194,0.9701355737447654
100000000000,194,193,-0.968780810724617
100000000000,193,206,0.677691294296715
100000000000,206,193,-0.7751333612110924
100000000000,182,194,-0.9686024642232353
100000000000,194,182,0.9691696475029506
100000000000,194,207,0.5928781459097445
100000000000,207,194,-0.6358888378081151
100000000000,195,196,0.9689084162452224
100000000000,196,195,-0.9697543778198133
100000000000,195,208,-0.7882756521994657
100000000000,208,195,0.8192970011581476
100000000000,196,197,0.9697205659796554
100000000000,197,196,-0.9704712787174546
100000000000,196,209,-0.8179515687716715
100000000000,209,196,0.8960593305215739
100000000000,197,198,0.9705786056671025
100000000000,198,197,-0.9703813410692572
100000000000,197,210,-0.9144646049321188
100000000000,210,197,0.9768240637408149
100000000000,198,199,0.9707408438182724
100000000000,199,198,-0.9695615908978784
100000000000,198,211,-0.9890499709623868
100000000000,211,198,0.9707724604292665
100000000000,199,200,0.9700746162631945
100000000000,200,199,-0.9687109976586599
100000000000,199,212,-0.9479477914894135
100000000000,212,199,0.8698360621755225
100000000000,200,201,0.9691591507837517
100000000000,201,200,-0.9685843139426913
100000000000,200,213,-0.860587447720678
100000000000,213,200,0.7968336953403934
100000000000,201,202,0.9688055233785757
100000000000,202,201,-0.9693074579129155
100000000000,201,214,-0.7993787674448986
100000000000,214,201,0.7966117273560378
100000000000,202,203,0.9693427787579442
100000000000,203,202,-0.9702669068934802
100000000000,202,215,-0.7936870917919618
100000000000,215,202,0.853782776245302
100000000000,203,204,0.9703102336570688
100000000000,204,203,-0.970653942872276
100000000000,203,216,-0.8606131926454395
100000000000,216,203,0.940724340800561
100000000000,204,205,0.970887531025517
100000000000,205,204,-0.9701463663002586
100000000000,204,217,-0.9639116416275463
100000000000,217,204,0.9902112859214446
100000000000,205,206,0.9705703481566975
100000000000,206,205,-0.9691765351160766
100000000000,205,218,-0.9812149464544099
100000000000,218,205,0.9244540428797481
100000000000,206,207,0.9696304219293874
100000000000,207,206,-0.9685716944546404
100000000000,206,219,-0.9040523141723441
100000000000,219,206,0.8245671991907702
100000000000,195,207,-0.9688565287194514
100000000000,207,195,0.9688508553657745
100000000000,207,220,-0.8246467395885075
100000000000,220,207,0.788105882979282
100000000000,208,209,0.9687587660567764
100000000000,209,208,-0.9692726826111934
100000000000,208,221,0.6278159216253743
100000000000,221,208,-0.5916386959281458
100000000000,209,210,0.9692525819687443
100000000000,210,209,-0.9701874149523911
100000000000,209,222,0.7597402264694256
100000000000,222,209,-0.6648704462812877
100000000000,210,211,0.9701961701599775
100000000000,211,210,-0.9705429119165818
100000000000,210,223,0.9411165283714182
100000000000,223,210,-0.8597420744754226
100000000000,211,212,0.9707725054689266
100000000000,212,211,-0.970030253017041
100000000000,211,224,0.9697352527140831
100000000000,224,211,-0.9945618835957216
100000000000,212,213,0.9704889812936887
100000000000,213,212,-0.9690847102127048
100000000000,212,225,0.7693409369289187
100000000000,225,212,-0.8683191230756735
100000000000,213,214,0.9695947722628284
100000000000,214,213,-0.968527246182862
100000000000,213,226,0.619005289146947
100000000000,226,213,-0.6950615762735023
100000000000,214,215,0.9688701621436225
100000000000,215,214,-0.9688615170610995
100000000000,214,227,0.5971452128883079
100000000000,227,214,-0.6004573348888854
100000000000,215,216,0.9689715797950434
100000000000,216,215,-0.9698073815750861
100000000000,215,228,0.6830916736985201
100000000000,228,215,-0.6117212721473633
100000000000,216,217,0.9698216801522218
100000000000,217,216,-0.9705703372125998
100000000000,216,229,0.8515184711289289
100000000000,229,216,-0.7507129206656132
100000000000,217,218,0.9706959676382867
100000000000,218,217,-0.9705028863285369
100000000000,217,230,0.992736332613842
100000000000,230,217,-0.9573585007297905
100000000000,218,219,0.9708429426486462
100000000000,219,218,-0.9696683233081007
100000000000,218,231,0.879330806198179
100000000000,231,218,-0.9542106400747967
100000000000,219,220,0.9701355737447575
100000000000,220,219,-0.968780810724623
100000000000,219,232,0.6776870852576535
100000000000,232,219,-0.775130604808112
100000000000,208,220,-0.968602464223237
100000000000,220,208,0.9691696475029237
100000000000,220,233,0.5928743116900308
100000000000,233,220,-0.6360592512197583
100000000000,221,222,0.9689084162451999
100000000000,222,221,-0.9697543778198113
100000000000,221,234,-0.7882752221558756
100000000000,234,221,0.8192966437978484
100000000000,222,223,0.9697205650968236
100000000000,223,222,-0.9704712778839543
100000000000,222,235,-0.8179511553740302
100000000000,235,222,0.8960591124981934
100000000000,223,224,0.9705786056670951
100000000000,224,223,-0.9703812429426522
100000000000,223,236,-0.9144645338026134
100000000000,236,223,0.9768152042479084
100000000000,224,225,0.9707407475532843
100000000000,225,224,-0.9695598974548394
100000000000,224,237,-0.9890496583728371
100000000000,237,224,0.9707724203164899
100000000000,225,226,0.9700729380758241
100000000000,226,225,-0.9687110060641929
100000000000,225,238,-0.9479582284672344
100000000000,238,225,0.8698359029058381
100000000000,226,227,0.9691591437219508
100000000000,227,226,-0.968584306869178
100000000000,226,239,-0.8605872590730591
100000000000,239,226,0.7968334034427562
100000000000,227,228,0.9688055233785484
100000000000,228,227,-0.9693074579129047
100000000000,227,240,-0.7993785026181435
100000000000,240,227,0.7966114580125634
100000000000,228,229,0.969342778757949
100000000000,229,228,-0.9702669068934807
100000000000,228,241,-0.7936868719388042
100000000000,241,228,0.8537557796664853
100000000000,229,230,0.9703102336570634
100000000000,230,229,-0.9706539428722751
100000000000,229,242,-0.8606130238742077
100000000000,242,229,0.9407123749232128
100000000000,230,231,0.970887531025518
100000000000,231,230,-0.970146366300259
100000000000,230,243,-0.9639115886201552
100000000000,243,230,0.9902112831041695
100000000000,231,232,0.9705703440111346
100000000000,232,231,-0.9691765309730016
100000000000,231,244,-0.981214927224142
100000000000,244,231,0.9244539174982409
100000000000,232,233,0.969630445896473
100000000000,233,232,-0.9685875330307325
100000000000,232,245,-0.9040522467312745
100000000000,245,232,0.8245670646709597
100000000000,221,233,-0.9688565287194532
100000000000,233,221,0.9688666731291125
100000000000,233,246,-0.8245230541416204
100000000000,246,233,0.7881054491968505
100000000000,234,235,0.9687587660567994
100000000000,235,234,-0.9692726826111967
100000000000,234,247,0.6278195225943829
100000000000,247,234,-0.5916427535154498
100000000000,235,236,0.9692525868885695
100000000000,236,235,-0.970189295495826
100000000000,235,248,0.7597429381456018
100000000000,248,235,-0.6648744696857269
100000000000,236,237,0.9701980496931891
100000000000,237,236,-0.9705429140037223
100000000000,236,249,0.9411351905786727
100000000000,249,236,-0.8597291368224078
100000000000,237,238,0.9707725054689267
100000000000,238,237,-0.970030253017051
100000000000,237,250,0.9697356839776121
100000000000,250,237,-0.9945619078769222
100000000000,238,239,0.9704889833551334
100000000000,239,238,-0.9690847122908094
100000000000,238,251,0.7693441849893224
100000000000,251,238,-0.8683298871584013
100000000000,239,240,0.9695947662807171
100000000000,240,239,-0.9685272401715321
100000000000,239,252,0.6190093195762909
100000000000,252,239,-0.695064634796653
100000000000,240,241,0.9688701693077365
100000000000,241,240,-0.9688651083684902
100000000000,240,253,0.5971490934076312
100000000000,253,240,-0.6004611727075945
100000000000,241,242,0.968975157356187
100000000000,242,241,-0.9698092392500139
100000000000,241,254,0.68313379917785
100000000000,254,241,-0.6116875617510541
100000000000,242,243,0.9698235330499141
100000000000,243,242,-0.9705703367874772
100000000000,242,255,0.8515404348707616
100000000000,255,242,-0.7507345110153371
100000000000,243,244,0.9706959676382897
100000000000,244,243,-0.9705028863285353
100000000000,243,256,0.9927363534581867
100000000000,256,243,-0.9573578227035823
100000000000,244,245,0.970842942648645
100000000000,245,244,-0.9696683233080756
100000000000,244,257,0.8793327072939664
100000000000,257,244,-0.9542112832965138
100000000000,245,246,0.9701355737447768
100000000000,246,245,-0.9687808107246365
100000000000,245,258,0.6776910467062522
100000000000,258,245,-0.7751331990697147
100000000000,234,246,-0.9686024642232108
100000000000,246,234,0.9691696475029155
100000000000,246,259,0.592878401524687
100000000000,259,246,-0.6360627932966221
100000000000,247,248,0.9689084162452085
100000000000,248,247,-0.9697543778198044
100000000000,247,260,-0.788273788678134
100000000000,260,247,0.8192954525981595
100000000000,248,249,0.9697205650968261
100000000000,249,248,-0.9704707372398447
100000000000,248,261,-0.8179497773814918
100000000000,261,248,0.8960583857540372
100000000000,249,250,0.9705780656749965
100000000000,250,249,-0.970381292010741
100000000000,249,262,-0.9144751678823613
100000000000,262,249,0.9768150686709256
100000000000,250,251,0.9707407956270111
100000000000,251,250,-0.9695607442796627
100000000000,250,263,-0.9890497890734543
100000000000,263,250,0.9707719869823923
100000000000,251,252,0.9700737815124195
100000000000,252,251,-0.9687110060641523
100000000000,251,264,-0.9479526125826525
100000000000,264,251,0.869839390118561
100000000000,252,253,0.9691591437219648
100000000000,253,252,-0.9685843068691854
100000000000,252,265,-0.8605863158366612
100000000000,265,252,0.7968319439552676
100000000000,253,254,0.9688055171264073
100000000000,254,253,-0.9693046417478659
100000000000,253,266,-0.7993771950370016
100000000000,266,253,0.7965935573904198
100000000000,254,255,0.9693399792762533
100000000000,255,254,-0.9702678522291063
100000000000,254,267,-0.7937136611799344
100000000000,267,254,0.8537816694247484
100000000000,255,256,0.9703111738835756
100000000000,256,255,-0.9706539346011521
100000000000,255,268,-0.8605982322062307
100000000000,268,255,0.9407178722670642
100000000000,256,257,0.9708875262396842
100000000000,257,256,-0.9701463638797441
100000000000,256,269,-0.9639124264325172
100000000000,269,256,0.9902112704264114
100000000000,257,258,0.9705703440111353
100000000000,258,257,-0.9691765309729901
100000000000,257,270,-0.9812148259451047
100000000000,270,257,0.9244532571569308
100000000000,258,259,0.9696304458964783
100000000000,259,258,-0.9685875330307495
100000000000,258,271,-0.9040515723208931
100000000000,271,258,0.8245657194718872
100000000000,247,259,-0.968856528719441
100000000000,259,247,0.9688666731291138
100000000000,259,272,-0.8245218965451555
100000000000,272,259,0.7881040032567256
100000000000,260,261,0.9687587660568029
100000000000,261,260,-0.9692726826111945
100000000000,260,273,0.6278186223507728
100000000000,273,260,-0.5916417391169726
100000000000,261,262,0.9692525868885372
100000000000,262,261,-0.9701892954958152
100000000000,261,274,0.7597422602261358
100000000000,274,261,-0.6648734638348092
100000000000,262,263,0.9701980496931856
100000000000,263,262,-0.9705429112742114
100000000000,262,275,0.9411349821614095
100000000000,275,262,-0.8597285928874956
100000000000,263,264,0.9707725049903834
100000000000,264,263,-0.9700299514156924
100000000000,263,276,0.9697358404954675
100000000000,276,263,-0.9945619495855059
100000000000,264,265,0.9704886839767214
100000000000,265,264,-0.9690847125505654
100000000000,264,277,0.7693373225931502
100000000000,277,264,-0.8683294739532671
100000000000,265,266,0.9695947677762373
100000000000,266,265,-0.9685292224776131
100000000000,265,278,0.6190082713389332
100000000000,278,265,-0.695066206602755
100000000000,266,267,0.9688721409380773
100000000000,267,266,-0.9688615188507433
100000000000,266,279,0.5971706583931675
100000000000,279,266,-0.6004460131826125
100000000000,267,268,0.968971579795033
100000000000,268,267,-0.969808310594725
100000000000,267,280,0.6830939483322954
100000000000,280,267,-0.611681883361495
100000000000,268,269,0.9698226067828705
100000000000,269,268,-0.9705703370000376
100000000000,268,281,0.8515299613162526
100000000000,281,268,-0.7507427900938377
100000000000,269,270,0.9706959693652285
100000000000,270,269,-0.9705028880626067
100000000000,269,282,0.9927363478997495
100000000000,282,269,-0.9573576607200137
100000000000,270,271,0.9708429427806647
100000000000,271,270,-0.9696683234390467
100000000000,270,283,0.8793322320215158
100000000000,283,270,-0.9541823039733685
100000000000,271,272,0.9701355737447815
100000000000,272,271,-0.9687808107246182
100000000000,271,284,0.6776904194880905
100000000000,284,271,-0.7751327883187337
100000000000,260,272,-0.9686024642232088
100000000000,272,260,0.9691696475029201
100000000000,272,285,0.5928772427480726
100000000000,285,272,-0.6358880554629969
100000000000,273,274,0.9689084162451739
100000000000,274,273,-0.9697543778198201
100000000000,273,286,-0.7882748590145954
100000000000,286,273,0.8192963420325393
100000000000,274,275,0.9697205650968181
100000000000,275,274,-0.9704707372398447
100000000000,274,287,-0.8179508062887112
100000000000,287,274,0.8960589283927738
100000000000,275,276,0.9705780656749987
100000000000,276,275,-0.9703813410692566
100000000000,275,288,-0.9144757368795764
100000000000,288,275,0.9768151771325165
100000000000,276,277,0.9707408437229429
100000000000,277,276,-0.9695607443111848
100000000000,276,289,-0.9890499616540052
100000000000,289,276,0.9707721474348464
100000000000,277,278,0.9700737802065159
100000000000,278,277,-0.9687112219669481
100000000000,277,290,-0.9479529044551033
100000000000,290,277,0.8698356772737305
100000000000,278,279,0.9691593593584826
100000000000,279,278,-0.9685830558446059
100000000000,278,291,-0.8605854613523258
100000000000,291,278,0.7968331161061466
100000000000,279,280,0.968804270849236
100000000000,280,279,-0.9693042917159056
100000000000,279,292,-0.7993886025282282
100000000000,292,279,0.7965946495319471
100000000000,280,281,0.9693396285740475
100000000000,281,280,-0.9702683221831349
100000000000,280,293,-0.7937183607544601
100000000000,293,280,0.8537757445468594
100000000000,281,282,0.9703116421756385
100000000000,282,281,-0.9706539346011513
100000000000,281,294,-0.8605923550235024
100000000000,294,281,0.9407130079835464
100000000000,282,283,0.9708875275222718
100000000000,283,282,-0.9701431466378994
100000000000,282,295,-0.9639126384584807
100000000000,295,282,0.9902112816955285
100000000000,283,284,0.9705671408150628
100000000000,284,283,-0.9691765392591909
100000000000,283,296,-0.9812281988273247
100000000000,296,283,0.9244537921166238
100000000000,284,285,0.9696304219293518
100000000000,285,284,-0.9685716944546168
100000000000,284,297,-0.9040519769670958
100000000000,297,284,0.8245665265912363
100000000000,273,285,-0.9688565363388277
100000000000,285,273,0.9688508630243607
100000000000,285,298,-0.8246461609776871
100000000000,298,285,0.7881051600087189
100000000000,286,287,0.9687587660567776
100000000000,287,286,-0.9692726826111886
100000000000,286,299,0.6278168218659627
100000000000,299,286,-0.5916397103236127
100000000000,287,288,0.9692525895122752
100000000000,288,287,-0.9701892980776461
100000000000,287,300,0.7597409043882644
100000000000,300,287,-0.6648714521325808
100000000000,288,289,0.9701980496931956
100000000000,289,288,-0.97054291127421
100000000000,288,301,0.9411345653258182
100000000000,301,288,-0.8597275050144454
100000000000,289,290,0.9707725048397959
100000000000,290,289,-0.9700302530170436
100000000000,289,302,0.9697356248648613
100000000000,302,289,-0.9945618036164467
100000000000,290,291,0.9704889833551429
100000000000,291,290,-0.9690847122907961
100000000000,290,303,0.7693417489454081
100000000000,303,290,-0.8683195566180305
100000000000,291,292,0.9695947677762488
100000000000,292,291,-0.9685292224775833
100000000000,291,304,0.619006199243311
100000000000,304,291,-0.6950622669070108
100000000000,292,293,0.9688721409381083
100000000000,293,292,-0.9688624151512581
100000000000,292,305,0.5971687447007812
100000000000,305,292,-0.6004582643591462
100000000000,293,294,0.9689724755854836
100000000000,294,293,-0.9698091243210679
100000000000,293,306,0.683102104097838
100000000000,306,293,-0.6116845024325261
100000000000,294,295,0.9698234173687378
100000000000,295,294,-0.9705703368937605
100000000000,294,307,0.8515377469260944
100000000000,307,294,-0.7507364825548865
100000000000,295,296,0.9706959693652247
100000000000,296,295,-0.9705028880626065
100000000000,295,308,0.9927363374775708
100000000000,308,295,-0.9573576783586079
100000000000,296,297,0.9708429426486456
100000000000,297,296,-0.9696683233081063
100000000000,296,309,0.8793312814736023
100000000000,309,296,-0.954181982247607
100000000000,297,298,0.9701355737447784
100000000000,298,297,-0.968780810724641
100000000000,297,310,0.6776885708015151
100000000000,310,297,-0.7751315776560976
100000000000,286,298,-0.9686024642231782
100000000000,298,286,0.9691696475028991
100000000000,298,311,0.5928753341473815
100000000000,311,298,-0.6358864021771897
100000000000,299,300,0.968908416245211
100000000000,300,299,-0.9697543778197949
100000000000,299,312,-0.7882755088516701
100000000000,312,299,0.8192968820379761
100000000000,300,301,0.9697205655676518
100000000000,301,300,-0.9704707376870253
100000000000,300,313,-0.8179514309724201
100000000000,313,300,0.8960592578471329
100000000000,301,302,0.9705780656749974
100000000000,302,301,-0.9703811447777648
100000000000,301,314,-0.914475983447778
100000000000,314,301,0.9768152241331268
100000000000,302,303,0.9707406513771059
100000000000,303,302,-0.9695598974548232
100000000000,302,315,-0.9890493573825528
100000000000,315,302,0.9707731788087958
100000000000,303,304,0.9700729380758264
100000000000,304,303,-0.9687110060641804
100000000000,303,316,-0.9479583020056676
100000000000,316,303,0.8698361152653908
100000000000,304,305,0.9691591437219509
100000000000,305,304,-0.9685843068691572
100000000000,304,317,-0.8605874477205667
100000000000,317,304,0.7968336953404024
100000000000,305,306,0.9688055171264257
100000000000,306,305,-0.969304641747856
100000000000,305,318,-0.7993787674449266
100000000000,318,305,0.7966117273558959
100000000000,306,307,0.9693399786630784
100000000000,307,306,-0.9702680866211295
100000000000,306,319,-0.7937154565355907
100000000000,319,306,0.8537560256483288
100000000000,307,308,0.9703114067662333
100000000000,308,307,-0.970653936152726
100000000000,307,320,-0.8605962289699162
100000000000,320,307,0.9407124435743228
100000000000,308,309,0.9708875293219977
100000000000,309,308,-0.9701431478484328
100000000000,308,321,-0.9639124588314174
100000000000,321,308,0.9902112277474167
100000000000,309,310,0.9705671408150544
100000000000,310,309,-0.9691765392591738
100000000000,309,322,-0.9812282372636618
100000000000,322,309,0.9244630299345649
100000000000,310,311,0.9696304219293702
100000000000,311,310,-0.9685716944546744
100000000000,310,323,-0.9040522467312988
100000000000,323,310,0.8245670646709063
100000000000,299,311,-0.9688565287194356
100000000000,311,299,0.968850855365729
100000000000,311,324,-0.8246466238663802
100000000000,324,311,0.7881057383850665
100000000000,312,313,0.9687587660568119
100000000000,313,312,-0.9692726826112016
100000000000,312,325,0.6278186223508675
100000000000,325,312,-0.5916417391172659
100000000000,313,314,0.9692525868885616
100000000000,314,313,-0.9701892954958219
100000000000,313,326,0.7597422602263137
100000000000,326,313,-0.6648734638347747
100000000000,314,315,0.9701980465376155
100000000000,315,314,-0.9705429189833361
100000000000,314,327,0.9411349821614787
100000000000,327,314,-0.8597285928874819
100000000000,315,316,0.9707725097571559
100000000000,316,315,-0.9700302554377913
100000000000,315,328,0.9697347561696554
100000000000,328,315,-0.9945617975138564
100000000000,316,317,0.9704889833551352
100000000000,317,316,-0.9690847122907742
100000000000,316,329,0.7693434744773233
100000000000,329,316,-0.8683385375444932
100000000000,317,318,0.9695947662807445
100000000000,318,317,-0.9685272401715117
100000000000,317,330,0.6190082794648528
100000000000,330,317,-0.6950638454996344
100000000000,318,319,0.9688701693077395
100000000000,319,318,-0.9688651083684907
100000000000,318,331,0.597148123276318
100000000000,331,318,-0.6004602132514107
100000000000,319,320,0.9689751573561834
100000000000,320,319,-0.9698092392500255
100000000000,319,332,0.6831329904588227
100000000000,332,319,-0.6116865202804221
100000000000,320,321,0.9698235329401516
100000000000,321,320,-0.9705702687926095
100000000000,320,333,0.8515399566027552
100000000000,333,320,-0.7507336545144069
100000000000,321,322,0.9706959017232306
100000000000,322,321,-0.9705024998461906
100000000000,321,334,0.9927361142999164
100000000000,334,321,-0.9573580073875125
100000000000,322,323,0.9708425589650724
100000000000,323,322,-0.9696683233080893
100000000000,322,335,0.8793205645578933
100000000000,335,322,-0.9542111626928628
100000000000,323,324,0.9701355737447708
100000000000,324,323,-0.9687808107246451
100000000000,323,336,0.6776905515254209
100000000000,336,323,-0.7751328747869037
100000000000,312,324,-0.9686024642232166
100000000000,324,312,0.9691696475029133
100000000000,324,337,0.5928773790648123
100000000000,337,324,-0.6358881735445236
100000000000,325,326,0.9689084162452035
100000000000,326,325,-0.9697543778198118
100000000000,325,338,-0.7882739320258508
100000000000,338,325,0.8192326558398412
100000000000,326,327,0.969720565096823
100000000000,327,326,-0.9704707372398449
100000000000,326,339,-0.8179497773814726
100000000000,339,326,0.8960583857538709
100000000000,327,328,0.9705780639455489
100000000000,328,327,-0.9703811430364635
100000000000,327,340,-0.9144751678823535
100000000000,340,327,0.9768150686708826
100000000000,328,329,0.9707406515052245
100000000000,329,328,-0.969561590897885
100000000000,328,341,-0.989049329454005
100000000000,341,328,0.9707729381357282
100000000000,329,330,0.9700746204399581
100000000000,330,329,-0.968711001861441
100000000000,329,342,-0.9479473318212747
100000000000,342,329,0.8698468830673175
100000000000,330,331,0.969159143721941
100000000000,331,330,-0.9685843068691317
100000000000,330,343,-0.8605862686748397
100000000000,343,330,0.7968318709809207
100000000000,331,332,0.9688055171264588
100000000000,332,331,-0.9693046417478703
100000000000,331,344,-0.7993771784853245
100000000000,344,331,0.7966101112977491
100000000000,332,333,0.9693399792762536
100000000000,333,332,-0.970267852229112
100000000000,332,345,-0.7937136245400124
100000000000,345,332,0.8537816448288045
100000000000,333,334,0.9703111728543969
100000000000,334,333,-0.9706539364119176
100000000000,333,346,-0.8605982603361262
100000000000,346,333,0.9407119313311789
100000000000,334,335,0.9708875269170825
100000000000,335,334,-0.9701463639603154
100000000000,334,347,-0.9639121441040344
100000000000,347,334,0.9902112697220905
100000000000,335,336,0.9705703481566981
100000000000,336,335,-0.969176535116086
100000000000,335,348,-0.981214821457624
100000000000,348,335,0.9244622150055359
100000000000,336,337,0.9696304219293638
100000000000,337,336,-0.9685716944546757
100000000000,336,349,-0.9040514374389236
100000000000,349,336,0.8246061606658895
100000000000,325,337,-0.9688565287194403
100000000000,337,325,0.9688508553657417
100000000000,337,350,-0.8246453509234681
100000000000,350,337,0.7881041478507482
100000000000,338,339,0.968766746180151
100000000000,339,338,-0.9692726701577717
100000000000,0,338,0.23731914049210417
100000000000,338,0,-0.2152757055684973
100000000000,339,340,0.9692525868885539
100000000000,340,339,-0.9701892954958306
100000000000,1,339,0.30431583426484143
100000000000,339,1,-0.18244583522298216
100000000000,340,341,0.9701980465376084
100000000000,341,340,-0.9705429189833367
100000000000,2,340,0.43514125683891497
100000000000,340,2,-0.24683261608809787
100000000000,341,342,0.9707725109615961
100000000000,342,341,-0.9700294517767185
100000000000,3,341,0.99965451788939
100000000000,341,3,-0.968964459657509
100000000000,342,343,0.970488184127295
100000000000,343,342,-0.9690847122907874
100000000000,4,342,0.2663694857489759
100000000000,342,4,-0.45728461109831353
100000000000,343,344,0.96959477226283
100000000000,344,343,-0.9685272461828753
100000000000,5,343,0.18228279809353365
100000000000,343,5,-0.3117251281489942
100000000000,344,345,0.9688701621436457
100000000000,345,344,-0.9688615170611005
100000000000,6,344,0.21105349102797039
100000000000,344,6,-0.24237165897827057
100000000000,345,346,0.9689715843488363
100000000000,346,345,-0.9698092437818047
100000000000,7,345,0.2683555158052195
100000000000,345,7,-0.19379291982497623
100000000000,346,347,0.9698235330499252
100000000000,347,346,-0.9705703367874766
100000000000,8,346,0.35369256976335384
100000000000,346,8,-0.19205346650357275
100000000000,347,348,0.9706959693652278
100000000000,348,347,-0.9705025002528512
100000000000,9,347,0.6259119190280468
100000000000,347,9,-0.4390204409736446
100000000000,348,349,0.970842558965072
100000000000,349,348,-0.9696649420334769
100000000000,10,348,0.5065793197178311
100000000000,348,10,-0.6855155646601168
100000000000,349,350,0.970132203175597
100000000000,350,349,-0.9687808191111393
100000000000,11,349,0.1975217889155062
100000000000,349,11,-0.36499363210444896
100000000000,338,350,-0.9686104546031541
100000000000,350,338,0.9691696475028972
100000000000,12,350,0.19100549582514267
100000000000,350,12,-0.2742681166885701
110000000000,0,1,0.9687586427132585
110000000000,1,0,-0.9692957958889052
110000000000,0,13,0.6295934463639072
110000000000,13,0,-0.5918098990089583
110000000000,1,2,0.9692733253840006
110000000000,2,1,-0.9702043924461569
110000000000,1,14,0.763325673199617
110000000000,14,1,-0.667785792089039
110000000000,2,3,0.9702160443566037
110000000000,3,2,-0.9705398836817122
110000000000,2,15,0.944301553150822
110000000000,15,2,-0.8642646618964022
110000000000,3,4,0.9707767824751986
110000000000,4,3,-0.9700114543343018
110000000000,3,16,0.9670815931184215
110000000000,16,3,-0.9943406873832008
110000000000,4,5,0.9704722144730373
110000000000,5,4,-0.9690650723145658
110000000000,4,17,0.7650189299906647
110000000000,17,4,-0.8644548144821744
110000000000,5,6,0.9695718015190723
110000000000,6,5,-0.9685293555216544
110000000000,5,18,0.6172772137691748
110000000000,18,5,-0.6922318112846269
110000000000,6,7,0.9688658805451137
110000000000,7,6,-0.9688785073784573
110000000000,6,19,0.597950619253867
110000000000,19,6,-0.599526600178029
110000000000,7,8,0.9689843564264313
110000000000,8,7,-0.9698332485079703
110000000000,7,20,0.6858578501544732
110000000000,20,7,-0.6132129350167307
110000000000,8,9,0.969846366666262
110000000000,9,8,-0.9705805300224627
110000000000,8,21,0.8554728340521367
110000000000,21,8,-0.7549064542745078
110000000000,9,10,0.9707060076252452
110000000000,10,9,-0.9704893887632164
110000000000,9,22,0.9934148668555609
110000000000,22,9,-0.9603661885127115
110000000000,10,11,0.9708367331201031
110000000000,11,10,-0.9696462590287652
110000000000,10,23,0.8748194693208328
110000000000,23,10,-0.9512813563103535
110000000000,11,12,0.9701150876995928
110000000000,12,11,-0.9687668381816834
110000000000,11,24,0.6745858609971928
110000000000,24,11,-0.7714677794039247
110000000000,0,12,-0.9686045503234154
110000000000,12,0,0.9691465471467612
110000000000,12,25,0.5924285539401335
110000000000,25,12,-0.6339897992969372
110000000000,13,14,0.9689131711739433
110000000000,14,13,-0.9697756920981857
110000000000,13,26,-0.7882000429981547
110000000000,26,13,0.8204592022465971
110000000000,14,15,0.9697401555262012
110000000000,15,14,-0.9704789755880932
110000000000,14,27,-0.8193502304861137
110000000000,27,14,0.8978751764830792
110000000000,15,16,0.9705876504138535
110000000000,16,15,-0.970373432839961
110000000000,15,28,-0.9167516849121405
110000000000,28,15,0.9779158718938306
110000000000,16,17,0.9707337723900158
110000000000,17,16,-0.969541616447229
110000000000,16,29,-0.9893795590102581
110000000000,29,16,0.9693075873538686
110000000000,17,18,0.9700558170320966
110000000000,18,17,-0.9687057210355264
110000000000,17,30,-0.9462536985178397
110000000000,30,17,0.8677021348328927
110000000000,18,19,0.969144494075208
110000000000,19,18,-0.9685904203189781
110000000000,18,31,-0.8589033429852106
110000000000,31,18,0.7961323943496068
110000000000,19,20,0.9688042932401701
110000000000,20,19,-0.9693269480459267
110000000000,19,32,-0.7986451286148449
110000000000,32,19,0.7972496804716144
110000000000,20,21,0.9693581955418397
110000000000,21,20,-0.9702826614501733
110000000000,20,33,-0.7943225630653433
110000000000,33,20,0.8553844461104083
110000000000,21,22,0.9703319982055456
110000000000,22,21,-0.9706538773742465
110000000000,21,34,-0.8626605156063408
110000000000,34,21,0.9424580381941843
110000000000,22,23,0.9708887838199054
110000000000,23,22,-0.9701282177865514
110000000000,22,35,-0.9655552035085524
110000000000,35,22,0.9900813907132934
110000000000,23,24,0.9705572801632021
110000000000,24,23,-0.9691558570308968
110000000000,23,36,-0.9802498493764418
110000000000,36,23,0.9222479192904972
110000000000,24,25,0.9696045604189663
110000000000,25,24,-0.9685729112227766
110000000000,24,37,-0.9022252927190147
110000000000,37,24,0.8231028251730483
110000000000,13,25,-0.9688659558340103
110000000000,25,13,0.9688442890721409
110000000000,25,38,-0.8233507315075942
110000000000,38,25,0.7880995465189233
110000000000,26,27,0.9687666105373236
110000000000,27,26,-0.9692957835641457
110000000000,26,39,0.629681257678034
110000000000,39,26,-0.5918960546831602
110000000000,27,28,0.9692733253840548
110000000000,28,27,-0.9702043924461483
110000000000,27,40,0.7633258410031684
110000000000,40,27,-0.6677860426825372
110000000000,28,29,0.9702160433557525
110000000000,29,28,-0.9705398826643724
110000000000,28,41,0.944301553150796
110000000000,41,28,-0.8642646618963665
110000000000,29,30,0.9707767812343364
110000000000,30,29,-0.9700131283103709
110000000000,29,42,0.9670816090556672
110000000000,42,29,-0.9943406870602028
110000000000,30,31,0.9704738782745989
110000000000,31,30,-0.9690650723145645
110000000000,30,43,0.7650521154459303
110000000000,43,30,-0.8644176443474169
110000000000,31,32,0.9695717894220661
110000000000,32,31,-0.9685293433887767
110000000000,31,44,0.6172769536627941
110000000000,44,31,-0.6920789112256744
110000000000,32,33,0.9688658805450789
110000000000,33,32,-0.968878507378444
110000000000,32,45,0.597950861137698
110000000000,45,32,-0.5996173450606871
110000000000,33,34,0.9689843564263984
110000000000,34,33,-0.9698296160996086
110000000000,33,46,0.6858580512394681
110000000000,46,33,-0.6132131954009488
110000000000,34,35,0.9698427435962308
110000000000,35,34,-0.9705807824789006
110000000000,34,47,0.8554337880278826
110000000000,47,34,-0.7549066660103839
110000000000,35,36,0.9707062567553973
110000000000,36,35,-0.9704896005550969
110000000000,35,48,0.9934156020288419
110000000000,48,35,-0.9603662260427579
110000000000,36,37,0.9708369424911363
110000000000,37,36,-0.9696427967126775
110000000000,36,49,0.8748256717066665
110000000000,49,36,-0.9512737315512216
110000000000,37,38,0.9701116365722143
110000000000,38,37,-0.9687738446570073
110000000000,37,50,0.6745309571861505
110000000000,50,37,-0.7714679433227516
110000000000,26,38,-0.9686125282354343
110000000000,38,26,0.9691535455788832
110000000000,38,51,0.5925139879427992
110000000000,51,38,-0.6339897992967214
110000000000,39,40,0.9689202874594237
110000000000,40,39,-0.9697756920981854
110000000000,39,52,-0.7881380025044553
110000000000,52,39,0.8204609187915848
110000000000,40,41,0.9697401547922491
110000000000,41,40,-0.970478974888468
110000000000,40,53,-0.8193522186590175
110000000000,53,40,0.8978958720750081
110000000000,41,42,0.9705876471622635
110000000000,42,41,-0.9703734295750792
110000000000,41,54,-0.9167527229104674
110000000000,54,41,0.9779243805683954
110000000000,42,43,0.9707337720075913
110000000000,43,42,-0.9695381491957119
110000000000,42,55,-0.9893795873096775
110000000000,55,42,0.9693078879063699
110000000000,43,44,0.9700523638007646
110000000000,44,43,-0.9686916975481409
110000000000,43,56,-0.9462759120346489
110000000000,56,43,0.8677537090197985
110000000000,44,45,0.9691305155829903
110000000000,45,44,-0.9685984136530158
110000000000,44,57,-0.8590089525992758
110000000000,57,44,0.7961345858610708
110000000000,45,46,0.9688122578179801
110000000000,46,45,-0.9693269480459683
110000000000,45,58,-0.7985809328761581
110000000000,58,45,0.7971854144791908
110000000000,46,47,0.9693581955418169
110000000000,47,46,-0.9702826614501759
110000000000,46,59,-0.7943247601090803
110000000000,59,46,0.8553859075814789
110000000000,47,48,0.9703319983395827
110000000000,48,47,-0.9706538779194577
110000000000,47,60,-0.8626621821467958
110000000000,60,47,0.9424355111338685
110000000000,48,49,0.9708887846850086
110000000000,49,48,-0.9701273837141197
110000000000,48,61,-0.9655555207627101
110000000000,61,48,0.9900814121387823
110000000000,49,50,0.9705564489307035
110000000000,50,49,-0.9691558591930785
110000000000,49,62,-0.9802535758953587
110000000000,62,49,0.922247688853494
110000000000,50,51,0.9696045604189788
110000000000,51,50,-0.9685729112227458
110000000000,50,63,-0.9022263221950537
110000000000,63,50,0.8230635051816894
110000000000,39,51,-0.9688730692406468
110000000000,51,39,0.9688442890721337
110000000000,51,64,-0.823352362615049
110000000000,64,51,0.7881333984279755
110000000000,52,53,0.9687666105373807
110000000000,53,52,-0.9692930139303585
110000000000,52,65,0.629677782126692
110000000000,65,52,-0.5918490393418896
110000000000,53,54,0.9692705517900841
110000000000,54,53,-0.9702025814134715
110000000000,53,66,0.763292786483449
110000000000,66,53,-0.6677535563359825
110000000000,54,55,0.9702142329706763
110000000000,55,54,-0.9705398826643719
110000000000,54,67,0.9442837696515622
110000000000,67,54,-0.8642626811449172
110000000000,55,56,0.9707767812343369
110000000000,56,55,-0.9700097752228708
110000000000,55,68,0.9670811308963081
110000000000,68,55,-0.9943406967508871
110000000000,56,57,0.970470548036436
110000000000,57,56,-0.9690650723145475
110000000000,56,69,0.7649824532364923
110000000000,69,56,-0.864416090325362
110000000000,57,58,0.9695718015190917
110000000000,58,57,-0.968537289686193
110000000000,57,70,0.6172733121756411
110000000000,70,57,-0.6922288341584962
110000000000,58,59,0.9688737995013148
110000000000,59,58,-0.9688785073784527
110000000000,58,71,0.5980371713601675
110000000000,71,58,-0.5994322438637845
110000000000,59,60,0.9689843564263982
110000000000,60,59,-0.9698332485079831
110000000000,59,72,0.6858548338799947
110000000000,72,59,-0.6131343973208535
110000000000,60,61,0.9698463666662408
110000000000,61,60,-0.9705807817784639
110000000000,60,73,0.8554710782134551
110000000000,73,60,-0.7548678634446907
110000000000,61,62,0.9707062555392552
110000000000,62,61,-0.9704896522544686
110000000000,61,74,0.9934155923681116
110000000000,74,61,-0.9603656493731065
110000000000,62,63,0.9708369951539847
110000000000,63,62,-0.9696462588833581
110000000000,62,75,0.8748253176106849
110000000000,75,62,-0.9512654570897512
110000000000,63,64,0.9701150876995742
110000000000,64,63,-0.9687703385119188
110000000000,63,76,0.6745821937081269
110000000000,76,63,-0.7714948213822509
110000000000,52,64,-0.9686125353181624
110000000000,64,52,0.9691500548271137
110000000000,64,77,0.5924674431357315
110000000000,77,64,-0.6339864654569152
110000000000,65,66,0.9689167262215158
110000000000,66,65,-0.9697738740112305
110000000000,65,78,-0.7881701734701245
110000000000,78,65,0.8204766693576204
110000000000,66,67,0.9697383400326098
110000000000,67,66,-0.9704789752382843
110000000000,66,79,-0.819373794907326
110000000000,79,66,0.8978959793292848
110000000000,67,68,0.9705876504138528
110000000000,68,67,-0.9703734328399629
110000000000,67,80,-0.91675282671001
110000000000,80,67,0.9779202400664208
110000000000,68,69,0.9707337727724101
110000000000,69,68,-0.9695381499889477
110000000000,68,81,-0.9893795913524419
110000000000,81,68,0.9693076820063666
110000000000,69,70,0.9700523638007326
110000000000,70,69,-0.9687057210354851
110000000000,69,82,-0.946275912034805
110000000000,82,69,0.8677537090197823
110000000000,70,71,0.9691444799163433
110000000000,71,70,-0.9685824145034656
110000000000,70,83,-0.8589047727546328
110000000000,83,70,0.7961345858610716
110000000000,71,72,0.9687963286589643
110000000000,72,71,-0.9693214094029515
110000000000,71,84,-0.7987135654364688
110000000000,84,71,0.7971856828004882
110000000000,72,73,0.9693526555764205
110000000000,73,72,-0.9702808477821715
110000000000,72,85,-0.7943808948098586
110000000000,85,72,0.8553860050127928
110000000000,73,74,0.9703301922462193
110000000000,74,73,-0.9706538789953055
110000000000,73,86,-0.8626887735588821
110000000000,86,73,0.9424355521036009
110000000000,74,75,0.9708887841008984
110000000000,75,74,-0.970126547371334
110000000000,74,87,-0.9655555581825045
110000000000,87,74,0.9900807460568163
110000000000,75,76,0.9705556170448828
110000000000,76,75,-0.9691585529987188
110000000000,75,88,-0.9802571590443774
110000000000,88,75,0.9222477696185513
110000000000,76,77,0.9696072485984064
110000000000,77,76,-0.9685729081930605
110000000000,76,89,-0.9022074485329354
110000000000,89,76,0.8230739276802322
110000000000,65,77,-0.968869513925267
110000000000,77,65,0.9688442890721352
110000000000,77,90,-0.8233524791228815
110000000000,90,77,0.7881494571489206
110000000000,78,79,0.9687646197417549
110000000000,79,78,-0.9692930170144864
110000000000,78,91,0.6296593051886602
110000000000,91,78,-0.5918745160008679
110000000000,79,80,0.9692705541612094
110000000000,80,79,-0.9702034884565713
110000000000,79,92,0.7632953036778096
110000000000,92,79,-0.6677573153697373
110000000000,80,81,0.9702151395923202
110000000000,81,80,-0.9705398807711688
110000000000,80,93,0.9442930067544462
110000000000,93,80,-0.8642645958715898
110000000000,81,82,0.9707767825720033
110000000000,82,81,-0.9700097752228803
110000000000,81,94,0.9670818808528847
110000000000,94,81,-0.9943406873832
110000000000,82,83,0.9704705480364277
110000000000,83,82,-0.9690650723145587
110000000000,82,95,0.7649856341076138
110000000000,95,82,-0.8644919220626107
110000000000,83,84,0.9695718015190792
110000000000,84,83,-0.9685372896861422
110000000000,83,96,0.6172769536627405
110000000000,96,83,-0.6920789112257452
110000000000,84,85,0.9688737995013607
110000000000,85,84,-0.9688785073784849
110000000000,84,97,0.598041041169449
110000000000,97,84,-0.5996171045463725
110000000000,85,86,0.9689843564264229
110000000000,86,85,-0.9698332485079787
110000000000,85,98,0.6858576490693529
110000000000,98,85,-0.613138042963176
110000000000,86,87,0.9698463666662568
110000000000,87,86,-0.9705802780681445
110000000000,86,99,0.8554727169964024
110000000000,99,86,-0.7548708279425868
110000000000,87,88,0.9707057570800947
110000000000,88,87,-0.9704896522544715
110000000000,87,100,0.9934141310985216
110000000000,100,87,-0.9603662074406082
110000000000,88,89,0.9708369951046253
110000000000,89,88,-0.9696453938632538
110000000000,88,101,0.8748271762171387
110000000000,101,88,-0.9512680072809712
110000000000,89,90,0.9701142243559898
110000000000,90,89,-0.9687685897581642
110000000000,89,102,0.6745721429459417
110000000000,102,89,-0.7714853172890551
110000000000,78,90,-0.9686105384657703
110000000000,90,78,0.9691483013300085
110000000000,90,103,0.5924499286229274
110000000000,103,90,-0.6340007094432019
110000000000,91,92,0.9689185027082652
110000000000,92,91,-0.9697738717910631
110000000000,91,104,-0.7881518078541561
110000000000,104,91,0.8204786610452592
110000000000,92,93,0.9697383400326145
110000000000,93,92,-0.970478975238284
110000000000,92,105,-0.8193716033252826
110000000000,105,92,0.8978931470740297
110000000000,93,94,0.9705876488963033
110000000000,94,93,-0.9703734313162038
110000000000,93,106,-0.9167517022121512
110000000000,106,93,0.9779221151173209
110000000000,94,95,0.9707337727724124
110000000000,95,94,-0.9695450782502805
110000000000,94,107,-0.9893795580668511
110000000000,107,94,0.9693073284965863
110000000000,95,96,0.9700592523535801
110000000000,96,95,-0.9686916849357302
110000000000,95,108,-0.9462320111596103
110000000000,108,95,0.8677020271387805
110000000000,96,97,0.9691305155829777
110000000000,97,96,-0.9685984136530019
110000000000,96,109,-0.8590075678064109
110000000000,109,96,0.7961324625364274
110000000000,97,98,0.9688122454431635
110000000000,98,97,-0.969321384644611
110000000000,97,110,-0.7985789999812721
110000000000,110,97,0.7971834646868331
110000000000,98,99,0.9693526555764163
110000000000,99,98,-0.9702808477821709
110000000000,98,111,-0.7943787663881452
110000000000,111,98,0.855384589013869
110000000000,99,100,0.9703301901017044
110000000000,100,99,-0.9706538768436053
110000000000,99,112,-0.8626869960846241
110000000000,112,99,0.9424811730632768
110000000000,100,101,0.9708887838088425
110000000000,101,100,-0.9701267560792338
110000000000,100,113,-0.9655551839835191
110000000000,113,100,0.9900820591391838
110000000000,101,102,0.9705558246723771
110000000000,102,101,-0.9691574588275005
110000000000,101,114,-0.9802560991742177
110000000000,114,101,0.9222479273669757
110000000000,102,103,0.9696061574414594
110000000000,103,102,-0.9685739020205386
110000000000,102,115,-0.9022140333665934
110000000000,115,102,0.823082096279885
110000000000,91,103,-0.9688712946019511
110000000000,103,91,0.9688452838793421
110000000000,103,116,-0.8233428768632021
110000000000,116,103,0.7881312424728957
110000000000,104,105,0.9687641213399268
110000000000,105,104,-0.9692932553076055
110000000000,104,117,0.6296538170310652
110000000000,117,104,-0.5918745160008072
110000000000,105,106,0.969270791138854
110000000000,106,105,-0.9702030349519395
110000000000,105,118,0.7632979319531458
110000000000,118,105,-0.6677715811851969
110000000000,106,107,0.9702146863707156
110000000000,107,106,-0.9705398802262533
110000000000,106,119,0.9442887641621835
110000000000,119,106,-0.8642664200828146
110000000000,107,108,0.9707767814859897
110000000000,108,107,-0.9700131272162695
110000000000,107,120,0.9670818509682234
110000000000,120,107,-0.9943394299693895
110000000000,108,109,0.9704738782745959
110000000000,109,108,-0.9690650723145888
110000000000,108,121,0.7650521154458058
110000000000,121,108,-0.8644176443473022
110000000000,109,110,0.9695718015190472
110000000000,110,109,-0.9685372896861789
110000000000,109,122,0.6172769536627074
110000000000,122,109,-0.6922316128092729
110000000000,110,111,0.9688737995013279
110000000000,111,110,-0.9688785073784539
110000000000,110,123,0.5980410411694481
110000000000,123,110,-0.5996171045463847
110000000000,111,112,0.9689843433124039
110000000000,112,111,-0.9698259648990487
110000000000,111,124,0.6858576490691368
110000000000,124,111,-0.6131380429631553
110000000000,112,113,0.9698391148332699
110000000000,113,112,-0.9705812860867352
110000000000,112,125,0.8553945590895924
110000000000,125,112,-0.7548711385178056
110000000000,113,114,0.97070675604161
110000000000,114,113,-0.9704896021852097
110000000000,113,126,0.9934170709385177
110000000000,126,113,-0.9603661702362782
110000000000,114,115,0.9708369425899879
110000000000,115,114,-0.9696445284542038
110000000000,114,127,0.8748256102650034
110000000000,127,114,-0.9512737100923523
110000000000,115,116,0.9701133617424721
110000000000,116,115,-0.968770341720131
110000000000,115,128,0.6745584092672715
110000000000,128,115,-0.7714973209999991
110000000000,104,116,-0.9686100382448464
110000000000,116,104,0.9691500495031142
110000000000,116,129,0.5924712393489187
110000000000,129,116,-0.633989771514725
110000000000,117,118,0.9689185038283239
110000000000,118,117,-0.9697747799056379
110000000000,117,130,-0.7881541422561159
110000000000,130,117,0.8204610075785703
110000000000,118,119,0.9697392477741185
110000000000,119,118,-0.9704790381394293
110000000000,118,131,-0.8193630926954729
110000000000,131,118,0.8978959703914777
110000000000,119,120,0.9705877153503419
110000000000,120,119,-0.970372582647301
110000000000,119,132,-0.9167514547845448
110000000000,132,119,0.977922315144666
110000000000,120,121,0.9707329367916492
110000000000,121,120,-0.9695381499889587
110000000000,120,133,-0.9893774209619807
110000000000,133,120,0.9693075583061386
110000000000,121,122,0.9700523638007474
110000000000,122,121,-0.9687057210355191
110000000000,121,134,-0.9462759120347215
110000000000,134,121,0.8677537090197839
110000000000,122,123,0.9691445082340499
110000000000,123,122,-0.9685984136530251
110000000000,122,135,-0.8589049633908602
110000000000,135,122,0.7960248893951564
110000000000,123,124,0.9688122454431402
110000000000,124,123,-0.96932138464462
110000000000,123,136,-0.7985809328761441
110000000000,136,123,0.7973179565902568
110000000000,124,125,0.9693526555764029
110000000000,125,124,-0.9702808477821696
110000000000,124,137,-0.7943808948099021
110000000000,137,124,0.8553860050129594
110000000000,125,126,0.9703301911025679
110000000000,126,125,-0.9706538778478294
110000000000,125,138,-0.8626887735589691
110000000000,138,125,0.9424355521035961
110000000000,126,127,0.970888783516786
110000000000,127,126,-0.9701273825420063
110000000000,126,139,-0.9655555448787971
110000000000,139,126,0.9900807452441515
110000000000,127,128,0.9705564500102924
110000000000,128,127,-0.9691585519189677
110000000000,127,140,-0.980253582436103
110000000000,140,127,0.9222536867551697
110000000000,128,129,0.9696072485983737
110000000000,129,128,-0.9685729081930484
110000000000,128,141,-0.9022074571128305
110000000000,141,128,0.8230636066573344
110000000000,117,129,-0.96887129549258
110000000000,129,117,0.9688442926505161
110000000000,129,142,-0.8233524791228091
110000000000,142,129,0.7881335427597591
110000000000,130,131,0.9687666105373662
110000000000,131,130,-0.9692930139303311
110000000000,130,143,0.6296777821266096
110000000000,143,130,-0.5918490393418976
110000000000,131,132,0.9692705529756602
110000000000,132,131,-0.9702030350250004
110000000000,131,144,0.7632927864833453
110000000000,144,131,-0.6677535563359949
110000000000,132,133,0.970214687442894
110000000000,133,132,-0.9705398798239709
110000000000,132,145,0.9442880308941347
110000000000,145,132,-0.8642662305523776
110000000000,133,134,0.970776783317762
110000000000,134,133,-0.9700097753009318
110000000000,133,146,0.9670815913869731
110000000000,146,133,-0.9943406961653852
110000000000,134,135,0.9704705566729006
110000000000,135,134,-0.9690758489160318
110000000000,134,147,0.7649824532364963
110000000000,147,134,-0.8644160903254818
110000000000,135,136,0.9695825156926563
110000000000,136,135,-0.9685213846791005
110000000000,135,148,0.6174193001316799
110000000000,148,135,-0.6922284372089598
110000000000,136,137,0.9688579492243624
110000000000,137,136,-0.9688785073784659
110000000000,136,149,0.5978568076607945
110000000000,149,136,-0.5996137373523085
110000000000,137,138,0.9689843564263971
110000000000,138,137,-0.9698332485079779
110000000000,137,150,0.6858548338800546
110000000000,150,137,-0.6131343973207903
110000000000,138,139,0.9698463666662592
110000000000,139,138,-0.97058027806814
110000000000,138,151,0.8554710782135334
110000000000,151,138,-0.7548678634448487
110000000000,139,140,0.9707057565665071
110000000000,140,139,-0.9704893870241368
110000000000,139,152,0.9934141220692767
110000000000,152,139,-0.9603653503735884
110000000000,140,141,0.9708367331201022
110000000000,141,140,-0.9696462590287933
110000000000,140,153,0.8748175031317096
110000000000,153,140,-0.9512654624550028
110000000000,141,142,0.9701150876995724
110000000000,142,141,-0.9687703385119244
110000000000,141,154,0.6745821315506952
110000000000,154,141,-0.7714653206219708
110000000000,130,142,-0.968612535318163
110000000000,142,130,0.9691500548271244
110000000000,142,155,0.5924674431358332
110000000000,155,142,-0.6339864654569817
110000000000,143,144,0.9689167262215034
110000000000,144,143,-0.969773874011229
110000000000,143,156,-0.78817013755744
110000000000,156,143,0.8205236197532244
110000000000,144,145,0.9697383402167031
110000000000,145,144,-0.9704791012027824
110000000000,144,157,-0.8193737949073148
110000000000,157,144,0.8978959793292832
110000000000,145,146,0.970587775289178
110000000000,146,145,-0.970373432132426
110000000000,145,158,-0.916750117440653
110000000000,158,145,0.9779202369161583
110000000000,146,147,0.9707337723900152
110000000000,147,146,-0.969538149592338
110000000000,146,159,-0.989379589398349
110000000000,159,146,0.969307599045211
110000000000,147,148,0.9700523638007407
110000000000,148,147,-0.9687057210355053
110000000000,147,160,-0.9462759500771277
110000000000,160,147,0.8677288390296954
110000000000,148,149,0.9691445082340706
110000000000,149,148,-0.9685984136530184
110000000000,148,161,-0.8589048680727255
110000000000,161,148,0.7961347319620059
110000000000,149,150,0.9688122454431669
110000000000,150,149,-0.9693213846446159
110000000000,149,162,-0.7985809328760476
110000000000,162,149,0.7973179565902677
110000000000,150,151,0.9693526555764035
110000000000,151,150,-0.9702808477821864
110000000000,150,163,-0.79438089480992
110000000000,163,150,0.8553860050128849
110000000000,151,152,0.9703301911025788
110000000000,152,151,-0.9706538745613621
110000000000,151,164,-0.8626887735587708
110000000000,164,151,0.9424355521036965
110000000000,152,153,0.9708887859411759
110000000000,153,152,-0.9701265479574135
110000000000,152,165,-0.9655558133319372
110000000000,165,152,0.9900807452441494
110000000000,153,154,0.9705556170448756
110000000000,154,153,-0.9691558613552448
110000000000,153,166,-0.9802571577364273
110000000000,166,153,0.9222537190598632
110000000000,154,155,0.9696045604189608
110000000000,155,154,-0.9685729112227393
110000000000,154,167,-0.9022263908269718
110000000000,167,154,0.8230636404826039
110000000000,143,155,-0.9688695139252795
110000000000,155,143,0.9688442890721508
110000000000,155,168,-0.8233524791228236
110000000000,168,155,0.7881653707578128
110000000000,156,157,0.9687586364960378
110000000000,157,156,-0.9692930200986157
110000000000,156,169,0.6295932221138367
110000000000,169,156,-0.5918958006397289
110000000000,157,158,0.9692705541612033
110000000000,158,157,-0.9702034884565675
110000000000,157,170,0.7632952197712951
110000000000,170,157,-0.6677856667923149
110000000000,158,159,0.9702151406645243
110000000000,159,158,-0.9705398811149774
110000000000,158,171,0.944292957461348
110000000000,171,158,-0.8642644638218989
110000000000,159,160,0.9707767806566692
110000000000,160,159,-0.9700114508176881
110000000000,159,172,0.9670819378422263
110000000000,172,159,-0.9943406876860355
110000000000,160,161,0.9704722144730354
110000000000,161,160,-0.9690650723145403
110000000000,160,173,0.7650185186989975
110000000000,173,160,-0.864417533345958
110000000000,161,162,0.9695717894220599
110000000000,162,161,-0.9685213968352036
110000000000,161,174,0.617276693556188
110000000000,174,161,-0.6921550655754888
110000000000,162,163,0.968857949224376
110000000000,163,162,-0.9688785073785134
110000000000,162,175,0.5978599524087845
110000000000,175,162,-0.599526359643474
110000000000,163,164,0.9689843564263616
110000000000,164,163,-0.9698332485079743
110000000000,163,176,0.685857649069145
110000000000,176,163,-0.6131380429630469
110000000000,164,165,0.9698463666662289
110000000000,165,164,-0.9705802780681421
110000000000,164,177,0.855472716996222
110000000000,177,164,-0.7548708279427273
110000000000,165,166,0.9707057565665039
110000000000,166,165,-0.9704893870241369
110000000000,165,178,0.9934141308072376
110000000000,178,165,-0.960365871239017
110000000000,166,167,0.9708367331201018
110000000000,167,166,-0.9696462590287767
110000000000,166,179,0.8748192235480878
110000000000,179,166,-0.9512660633588433
110000000000,167,168,0.9701150876995828
110000000000,168,167,-0.9687668381816884
110000000000,167,180,0.6745856123675091
110000000000,180,167,-0.7714676154850248
110000000000,156,168,-0.9686045503234044
110000000000,168,156,0.9691465471467593
110000000000,168,181,0.5924282987222234
110000000000,181,168,-0.6339895770404117
110000000000,169,170,0.9689202874594157
110000000000,170,169,-0.969775692098194
110000000000,169,182,-0.7881357757687316
110000000000,182,169,0.8205217259385104
110000000000,170,171,0.9697401547922353
110000000000,171,170,-0.9704789748884655
110000000000,170,183,-0.8193502304861177
110000000000,183,170,0.8978751764830624
110000000000,171,172,0.9705876488963032
110000000000,172,171,-0.9703734313162025
110000000000,171,184,-0.916751684912153
110000000000,184,171,0.977924191580142
110000000000,172,173,0.9707337723900176
110000000000,173,172,-0.9695381495923386
110000000000,172,185,-0.989379557261452
110000000000,185,172,0.9693072757166501
110000000000,173,174,0.9700523638007541
110000000000,174,173,-0.9686987147544868
110000000000,173,186,-0.9462753413987048
110000000000,186,173,0.8677271160859876
110000000000,174,175,0.9691375031859225
110000000000,175,174,-0.968590420318975
110000000000,174,187,-0.8589554395158401
110000000000,187,174,0.7961323943496365
110000000000,175,176,0.9688042932401802
110000000000,176,175,-0.969321397023821
110000000000,175,188,-0.7986451286148115
110000000000,188,175,0.7972496804714604
110000000000,176,177,0.9693526555763898
110000000000,177,176,-0.9702808477821727
110000000000,176,189,-0.7943785515863776
110000000000,189,176,0.8553844461103188
110000000000,177,178,0.970330191102581
110000000000,178,177,-0.9706538745613618
110000000000,177,190,-0.8626869960845135
110000000000,190,177,0.9424580381941663
110000000000,178,179,0.9708887859411764
110000000000,179,178,-0.9701265479574143
110000000000,178,191,-0.9655554141882252
110000000000,191,178,0.990080720862005
110000000000,179,180,0.9705556170448743
110000000000,180,179,-0.9691558613552927
110000000000,179,192,-0.9802569903188205
110000000000,192,179,0.9222431530209363
110000000000,180,181,0.969604560418931
110000000000,181,180,-0.9685729112227457
110000000000,180,193,-0.902225292719098
110000000000,193,180,0.8230614756673845
110000000000,169,181,-0.9688730692406293
110000000000,181,169,0.968844289072146
110000000000,181,194,-0.8233506150001754
110000000000,194,181,0.7881630616059593
110000000000,182,183,0.9687586427132621
110000000000,183,182,-0.9692957958889051
110000000000,182,195,0.6295936706140186
110000000000,195,182,-0.5918963087264844
110000000000,183,184,0.9692733206473502
110000000000,184,183,-0.97020257907418
110000000000,183,196,0.7633258410031081
110000000000,196,183,-0.6677860426826162
110000000000,184,185,0.9702142338250603
110000000000,185,184,-0.9705398800194475
110000000000,184,197,0.9442845584097059
110000000000,197,184,-0.8642647939459572
110000000000,185,186,0.9707767807964204
110000000000,186,185,-0.9700114510557927
110000000000,185,198,0.9670819588413297
110000000000,198,185,-0.9943400581684982
110000000000,186,187,0.9704722144730344
110000000000,187,186,-0.9690650723145741
110000000000,186,199,0.765018929990608
110000000000,199,186,-0.8644177553486543
110000000000,187,188,0.9695717894220489
110000000000,188,187,-0.9685293433887862
110000000000,187,200,0.6172772137691696
110000000000,200,187,-0.6921554625665309
110000000000,188,189,0.9688658805451078
110000000000,189,188,-0.9688785073784579
110000000000,188,201,0.5979508611379234
110000000000,201,188,-0.5995268407126768
110000000000,189,190,0.9689843564264083
110000000000,190,189,-0.969829616099637
110000000000,189,202,0.6858580512395958
110000000000,202,189,-0.613138563769717
110000000000,190,191,0.9698427428648267
110000000000,191,190,-0.9705802780681442
110000000000,190,203,0.8554337880278681
110000000000,203,190,-0.754871251441598
110000000000,191,192,0.9707057565665013
110000000000,192,191,-0.9704898104418062
110000000000,191,204,0.9934141317226478
110000000000,204,191,-0.9603659258072329
110000000000,192,193,0.9708371524860249
110000000000,193,192,-0.9696462590287799
110000000000,192,205,0.8748321198208662
110000000000,205,192,-0.9512813992243013
110000000000,193,194,0.9701150876995678
110000000000,194,193,-0.9687668381816579
110000000000,193,206,0.6745861096267735
110000000000,206,193,-0.7714679433226133
110000000000,182,194,-0.9686045503234082
110000000000,194,182,0.9691465471467852
110000000000,194,207,0.5924288091581184
110000000000,207,194,-0.6339900215532062
110000000000,195,196,0.9689202874594048
110000000000,196,195,-0.969775692098195
110000000000,195,208,-0.7881380743347425
110000000000,208,195,0.8205236197532206
110000000000,196,197,0.9697401547922495
110000000000,197,196,-0.9704789748884652
110000000000,196,209,-0.819352424331949
110000000000,209,196,0.8978763206387975
110000000000,197,198,0.9705876505220956
110000000000,198,197,-0.9703730071105938
110000000000,197,210,-0.9167527921101722
110000000000,210,197,0.9779243931675999
110000000000,198,199,0.9707333549226445
110000000000,199,198,-0.9695381497906288
110000000000,198,211,-0.9893785055080139
110000000000,211,198,0.9693076097792676
110000000000,199,200,0.970052363800764
110000000000,200,199,-0.9686987147545291
110000000000,199,212,-0.9462759500771067
110000000000,212,199,0.8677163489121609
110000000000,200,201,0.969137503185833
110000000000,201,200,-0.968590420318972
110000000000,200,213,-0.8589569643334711
110000000000,213,200,0.7961347319618595
110000000000,201,202,0.9688042932401766
110000000000,202,201,-0.9693213970238206
110000000000,201,214,-0.7986472562635148
110000000000,214,201,0.7972518267226847
110000000000,202,203,0.9693526555764083
110000000000,203,202,-0.9702808477821785
110000000000,202,215,-0.794380894809889
110000000000,215,202,0.8553860050129664
110000000000,203,204,0.9703301922462142
110000000000,204,203,-0.9706538757087616
110000000000,203,216,-0.862688773558871
110000000000,216,203,0.9424586935631378
110000000000,204,205,0.9708887823585094
110000000000,205,204,-0.9701282152178772
110000000000,204,217,-0.9655558515819711
110000000000,217,204,0.9900814159477545
110000000000,205,206,0.9705572801632028
110000000000,206,205,-0.9691558570308736
110000000000,205,218,-0.9802500063789832
110000000000,218,205,0.9222441222281205
110000000000,206,207,0.9696045604189673
110000000000,207,206,-0.9685729112227577
110000000000,206,219,-0.9022263221951419
110000000000,219,206,0.8231048544645768
110000000000,195,207,-0.9688730692406629
110000000000,207,195,0.9688442890721317
110000000000,207,220,-0.8233525956306864
110000000000,220,207,0.7881018559824855
110000000000,208,209,0.9687586427132683
110000000000,209,208,-0.9692957958888777
110000000000,208,221,0.6295903068680704
110000000000,221,208,-0.5918924980822126
110000000000,209,210,0.9692733206473744
110000000000,210,209,-0.970202579074184
110000000000,209,222,0.7633229883445942
110000000000,222,209,-0.6677248285012662
110000000000,210,211,0.9702142340428384
110000000000,211,210,-0.9705398800251667
110000000000,210,223,0.9442837696515664
110000000000,223,210,-0.8642626811449229
110000000000,211,212,0.9707767806566691
110000000000,212,211,-0.9700122887602932
110000000000,211,224,0.9670815119843127
110000000000,224,211,-0.9943402248727429
110000000000,212,213,0.9704730467032211
110000000000,213,212,-0.9690650723145658
110000000000,212,225,0.765032335397137
110000000000,225,212,-0.8644345094266297
110000000000,213,214,0.9695717894220617
110000000000,214,213,-0.9685293433887694
110000000000,213,226,0.6172730520696429
110000000000,226,213,-0.6921904616756531
110000000000,214,215,0.9688658805450895
110000000000,215,214,-0.9688785073784738
110000000000,214,227,0.5979471119442598
110000000000,227,214,-0.5995683651486123
110000000000,215,216,0.9689843564263854
110000000000,216,215,-0.9698296160996314
110000000000,215,228,0.685854833880028
110000000000,228,215,-0.613134397320809
110000000000,216,217,0.9698427435962191
110000000000,217,216,-0.9705807824789014
110000000000,216,229,0.8554319148891164
110000000000,229,216,-0.7548678634447712
110000000000,217,218,0.9707062582689564
110000000000,218,217,-0.9704898137012153
110000000000,217,230,0.9934155917448286
110000000000,230,217,-0.9603652933277692
110000000000,218,219,0.9708371520927708
110000000000,219,218,-0.9696427967126843
110000000000,218,231,0.8748301537296203
110000000000,231,218,-0.951280712598149
110000000000,219,220,0.9701116451323698
110000000000,220,219,-0.9687738532034064
110000000000,219,232,0.6745274761280837
110000000000,232,219,-0.7715834814206767
110000000000,208,220,-0.9686045361313586
110000000000,220,208,0.9691535313947697
110000000000,220,233,0.5925101599779125
110000000000,233,220,-0.6341607992611985
110000000000,221,222,0.9689202695478102
110000000000,222,221,-0.9697720455989716
110000000000,221,234,-0.7881376433532903
110000000000,234,221,0.8204606228354779
110000000000,222,223,0.9697365238496638
110000000000,223,222,-0.9704789755880927
110000000000,222,235,-0.8193950266649831
110000000000,235,222,0.8978369240787862
110000000000,223,224,0.9705876497092009
110000000000,224,223,-0.970373112816196
110000000000,223,236,-0.9167527229104343
110000000000,236,223,0.9779160609379799
110000000000,224,225,0.9707334593035023
110000000000,225,224,-0.969539883798332
110000000000,224,237,-0.9893787722458546
110000000000,237,224,0.9693074992687302
110000000000,225,226,0.9700540910964387
110000000000,226,225,-0.9687022192608078
110000000000,225,238,-0.946265053415087
110000000000,238,225,0.8677223787053512
110000000000,226,227,0.9691410070823763
110000000000,227,226,-0.9685944185463103
110000000000,226,239,-0.8589307271726154
110000000000,239,226,0.7961069462404475
110000000000,227,228,0.9688082708891037
110000000000,228,227,-0.9693213908342162
110000000000,227,240,-0.7986138303704826
110000000000,240,227,0.7972846251513873
110000000000,228,229,0.9693526555764173
110000000000,229,228,-0.9702808477821737
110000000000,228,241,-0.7943806019068259
110000000000,241,228,0.8554124144629213
110000000000,229,230,0.9703301922462253
110000000000,230,229,-0.9706538757087625
110000000000,229,242,-0.862688551374797
110000000000,242,229,0.9424586116420136
110000000000,230,231,0.9708887823585085
110000000000,231,230,-0.970128215217879
110000000000,230,243,-0.9655558016891799
110000000000,243,230,0.9900814129005809
110000000000,231,232,0.9705572844762046
110000000000,232,231,-0.9691666152821501
110000000000,231,244,-0.9802499854453275
110000000000,244,231,0.922243993000725
110000000000,232,233,0.9696153126001099
110000000000,233,232,-0.9685887589724956
110000000000,232,245,-0.9021504350864715
110000000000,245,232,0.8231044486065565
110000000000,221,233,-0.9688730692406798
110000000000,233,221,0.9688601398741366
110000000000,233,246,-0.8232282932850116
110000000000,246,233,0.7881014229577264
110000000000,234,235,0.9687666229481939
110000000000,235,234,-0.9693013286209199
110000000000,234,247,0.6296817061370237
110000000000,247,234,-0.5918965627698658
110000000000,235,236,0.9692788613214098
110000000000,236,235,-0.970204392446155
110000000000,235,248,0.7633864091796184
110000000000,248,235,-0.6677288382772034
110000000000,236,237,0.9702160465724765
110000000000,237,236,-0.9705398814586566
110000000000,236,249,0.9443015531508241
110000000000,249,236,-0.8642646618964017
110000000000,237,238,0.9707767809907378
110000000000,238,237,-0.9700118698713335
110000000000,237,250,0.9670820620710997
110000000000,250,237,-0.9943402937864357
110000000000,238,239,0.9704726306704753
110000000000,239,238,-0.9690677674693442
110000000000,238,251,0.7650273292462144
110000000000,251,238,-0.8644455777598983
110000000000,239,240,0.9695744771642604
110000000000,240,239,-0.968525371657582
110000000000,239,252,0.6173139064188738
110000000000,252,239,-0.6921936870605756
110000000000,240,241,0.9688619164301464
110000000000,241,240,-0.9688749470665087
110000000000,240,253,0.5979057095288449
110000000000,253,240,-0.5995269008463107
110000000000,241,242,0.9689808026745514
110000000000,242,241,-0.9698296160996351
110000000000,241,254,0.6858193366854476
110000000000,254,241,-0.613213325592866
110000000000,242,243,0.9698427435962178
110000000000,243,242,-0.9705807824788988
110000000000,242,255,0.8554337880279439
110000000000,255,242,-0.7548712514416547
110000000000,243,244,0.9707062582689595
110000000000,244,243,-0.9704898137012193
110000000000,243,256,0.9934156023404724
110000000000,256,243,-0.9603662446449067
110000000000,244,245,0.9708371520927698
110000000000,245,244,-0.9696427967126642
110000000000,244,257,0.8748321198208716
110000000000,257,244,-0.951281399224242
110000000000,245,246,0.9701116451323656
110000000000,246,245,-0.968773853203379
110000000000,245,258,0.6745314544798245
110000000000,258,245,-0.7715861035185121
110000000000,234,246,-0.9686125140698117
110000000000,246,234,0.9691535313948014
110000000000,246,259,0.592514243140887
110000000000,259,246,-0.6341643546995447
110000000000,247,248,0.9689202695478553
110000000000,248,247,-0.9697720455989793
110000000000,247,260,-0.7881362067494058
110000000000,260,247,0.8204594390109493
110000000000,248,249,0.9697365238496565
110000000000,249,248,-0.9704789755880937
110000000000,248,261,-0.8193936556633373
110000000000,261,248,0.897836208842275
110000000000,249,250,0.9705876497091999
110000000000,250,249,-0.9703731660616539
110000000000,249,262,-0.9167520309120983
110000000000,262,249,0.9779159349085726
110000000000,250,251,0.9707335116228822
110000000000,251,250,-0.9695407504401579
110000000000,250,263,-0.9893788886679115
110000000000,263,250,0.9693074197364353
110000000000,251,252,0.9700549542342916
110000000000,252,251,-0.9687022192607833
110000000000,251,264,-0.9462592489561268
110000000000,264,251,0.8677228260890878
110000000000,252,253,0.9691409999963562
110000000000,253,252,-0.9685904203189359
110000000000,252,265,-0.858929750249776
110000000000,265,252,0.7961123222481971
110000000000,253,254,0.968804296339809
110000000000,254,253,-0.9693269511348588
110000000000,253,266,-0.7986456605264465
110000000000,266,253,0.7972585008327918
110000000000,254,255,0.969358193177865
110000000000,255,254,-0.9702808454325217
110000000000,254,267,-0.7943230757087577
110000000000,267,254,0.8553980897245017
110000000000,255,256,0.9703301901017138
110000000000,256,255,-0.9706538768436058
110000000000,255,268,-0.8626874682265911
110000000000,268,255,0.9424466423349303
110000000000,256,257,0.9708887834390079
110000000000,257,256,-0.970128217562002
110000000000,256,269,-0.9655552463501732
110000000000,269,256,0.9900810612941414
110000000000,257,258,0.9705572844761989
110000000000,258,257,-0.9691666152821634
110000000000,257,270,-0.9802498751951483
110000000000,270,257,0.922262375945079
110000000000,258,259,0.9696153126000971
110000000000,259,258,-0.9685887589724597
110000000000,258,271,-0.9021497484986666
110000000000,271,258,0.8231030957453243
110000000000,247,259,-0.9688730692406444
110000000000,259,247,0.9688601398741448
110000000000,259,272,-0.823227127831138
110000000000,272,259,0.7880999795429671
110000000000,260,261,0.9687666229482634
110000000000,261,260,-0.969301328620918
110000000000,260,273,0.6296808092193757
110000000000,273,260,-0.5918955465966589
110000000000,261,262,0.9692788613214184
110000000000,262,261,-0.9702043924461522
110000000000,261,274,0.7633857380418965
110000000000,274,261,-0.6677278358333995
110000000000,262,263,0.9702160455002381
110000000000,263,262,-0.970539881860998
110000000000,262,275,0.9443013559948819
110000000000,275,262,-0.864264133697428
110000000000,263,264,0.9707767817041414
110000000000,264,263,-0.9700117665153377
110000000000,263,276,0.9670817762564822
110000000000,276,263,-0.9943400608307772
110000000000,264,265,0.970472527040211
110000000000,265,264,-0.9690670942843278
110000000000,264,277,0.7650244132897448
110000000000,277,264,-0.8644358656372764
110000000000,265,266,0.9695738084483958
110000000000,266,265,-0.9685283537797487
110000000000,265,278,0.6173037091628124
110000000000,278,265,-0.6921952790166755
110000000000,266,267,0.9688648862356153
110000000000,267,266,-0.9688767239991761
110000000000,266,279,0.5979386133195111
110000000000,279,266,-0.5995386284955528
110000000000,267,268,0.9689825821336879
110000000000,268,267,-0.9698314352409177
110000000000,267,280,0.6858379022953044
110000000000,280,267,-0.6131842485826677
110000000000,268,269,0.9698445556606646
110000000000,269,268,-0.970580530198175
110000000000,268,281,0.8554528724757263
110000000000,281,268,-0.7548792052403469
110000000000,269,270,0.9707060092471688
110000000000,270,269,-0.9704889663099621
110000000000,269,282,0.9934148649454997
110000000000,282,269,-0.9603661144297477
110000000000,270,271,0.9708363128989824
110000000000,271,270,-0.9696427969217836
110000000000,270,283,0.8748065728830827
110000000000,283,270,-0.9512812275683377
110000000000,271,272,0.9701116451323649
110000000000,272,271,-0.9687738532034078
110000000000,271,284,0.6745303272915896
110000000000,284,271,-0.7714675280688705
110000000000,260,272,-0.968612514069852
110000000000,272,260,0.9691535313947803
110000000000,272,285,0.59251308625466
110000000000,285,272,-0.6339890140009846
110000000000,273,274,0.9689202695478529
110000000000,274,273,-0.9697720455989859
110000000000,273,286,-0.7881372794197598
110000000000,286,273,0.8205855924207349
110000000000,274,275,0.9697365238496497
110000000000,275,274,-0.9704789755880968
110000000000,274,287,-0.8193946793506941
110000000000,287,274,0.8979153828525451
110000000000,275,276,0.9705876505220913
110000000000,276,275,-0.9703730071105928
110000000000,275,288,-0.9167525845109535
110000000000,288,275,0.97791603573211
110000000000,276,277,0.9707333549709791
110000000000,277,276,-0.9695398839462631
110000000000,276,289,-0.9893784984314525
110000000000,289,276,0.9693075968486442
110000000000,277,278,0.9700540921624032
110000000000,278,277,-0.9687024392733151
110000000000,277,290,-0.9462649725657353
110000000000,290,277,0.8677159046954708
110000000000,278,279,0.9691412197848465
110000000000,279,278,-0.9685915444702381
110000000000,278,291,-0.8589288847093914
110000000000,291,278,0.7961066174934689
110000000000,279,280,0.9688054136224603
110000000000,280,279,-0.9693248670435474
110000000000,279,292,-0.7986374047057083
110000000000,292,279,0.7972595613631307
110000000000,280,281,0.9693561175928294
110000000000,281,280,-0.9702812999993086
110000000000,280,293,-0.7943452900326325
110000000000,293,280,0.8553922484038243
110000000000,281,282,0.9703306421607659
110000000000,282,281,-0.9706538768436049
110000000000,281,294,-0.8626817268074675
110000000000,294,281,0.9424513051276214
110000000000,282,283,0.9708887846850096
110000000000,283,282,-0.9701282188121053
110000000000,282,295,-0.965555452159683
110000000000,295,282,0.9900814079489169
110000000000,283,284,0.9705572844762073
110000000000,284,283,-0.9691558613552648
110000000000,283,296,-0.9802499645116655
110000000000,296,283,0.9222629272408372
110000000000,284,285,0.9696045604189552
110000000000,285,284,-0.9685729112227331
110000000000,284,297,-0.9022261162998398
110000000000,297,284,0.823021743369604
110000000000,273,285,-0.968873076836757
110000000000,285,273,0.9688442967053413
110000000000,285,298,-0.8233520130916518
110000000000,298,285,0.7881011342746265
110000000000,286,287,0.9687506500544558
110000000000,287,286,-0.9692902544743733
110000000000,286,299,0.6295033887306685
110000000000,299,286,-0.5918935142528712
110000000000,287,288,0.9692677833012082
110000000000,288,287,-0.9702043949351753
110000000000,287,300,0.763263254910104
110000000000,300,287,-0.6678402386469562
110000000000,288,289,0.9702160455002383
110000000000,289,288,-0.9705398818609977
110000000000,288,301,0.9443009616817575
110000000000,301,288,-0.8642630772963907
110000000000,289,290,0.9707767814859894
110000000000,290,289,-0.9700122899324598
110000000000,289,302,0.9670815521204983
110000000000,302,289,-0.9943406940455588
110000000000,290,291,0.9704730467032232
110000000000,291,290,-0.9690677674693327
110000000000,290,303,0.7650331579571694
110000000000,303,290,-0.8644349534039597
110000000000,291,292,0.9695744801856423
110000000000,292,291,-0.9685283537797333
110000000000,291,304,0.617310720234154
110000000000,304,291,-0.692191255615739
110000000000,292,293,0.9688648880208889
110000000000,293,292,-0.9688776157759922
110000000000,292,305,0.5979366555549223
110000000000,305,292,-0.5995239543008959
110000000000,293,294,0.9689834685280201
110000000000,294,293,-0.9698307521182317
110000000000,293,306,0.6858459596442594
110000000000,306,293,-0.6131727876642509
110000000000,294,295,0.9698438763487746
110000000000,295,294,-0.9705807821943503
110000000000,294,307,0.8554446184030163
110000000000,307,294,-0.754881984449251
110000000000,295,296,0.9707062591876743
110000000000,296,295,-0.9704889671256322
110000000000,295,308,0.9934155950170684
110000000000,308,295,-0.9603658074927969
110000000000,296,297,0.970836313488277
110000000000,297,296,-0.9696497158968278
110000000000,296,309,0.8748055897405697
110000000000,309,296,-0.9512808842553255
110000000000,297,298,0.9701185419478372
110000000000,298,297,-0.9687738361105807
110000000000,297,310,0.6746382772779139
110000000000,310,297,-0.7714659762970874
110000000000,286,298,-0.9685965457642332
110000000000,298,286,0.9691535313947581
110000000000,298,311,0.5925111807673773
110000000000,311,298,-0.6339873544793477
110000000000,299,300,0.9689202874594385
110000000000,300,299,-0.9697793151113175
110000000000,299,312,-0.7881379306741707
110000000000,312,299,0.8205861289101856
110000000000,300,301,0.9697437804299534
110000000000,301,300,-0.9704789745619324
110000000000,300,313,-0.8193095408982709
110000000000,313,300,0.8979155639723739
110000000000,301,302,0.9705876488963039
110000000000,302,301,-0.9703734313162038
110000000000,301,314,-0.9167528244064099
110000000000,314,301,0.9779160794228346
110000000000,302,303,0.970733772390016
110000000000,303,302,-0.9695398836997166
110000000000,302,315,-0.9893795904090382
110000000000,315,302,0.9693079208229738
110000000000,303,304,0.9700540910964384
110000000000,304,303,-0.968702219260824
110000000000,303,316,-0.9462651295085712
110000000000,316,303,0.8677163489121228
110000000000,304,305,0.9691410035393448
110000000000,305,304,-0.9685904238695492
110000000000,304,317,-0.8589309177918616
110000000000,317,304,0.7961072384599687
110000000000,305,306,0.9688042932401788
110000000000,306,305,-0.969324173619963
110000000000,305,318,-0.7986472230189796
110000000000,318,305,0.7972849269460766
110000000000,306,307,0.9693554260520456
110000000000,307,306,-0.9702815276555197
110000000000,306,319,-0.7943528653382159
110000000000,319,306,0.8554125849530723
110000000000,307,308,0.9703308683914558
110000000000,308,307,-0.9706538771125691
110000000000,307,320,-0.8626788299884262
110000000000,320,307,0.9424586884430614
110000000000,308,309,0.9708887846850088
110000000000,309,308,-0.9701282188121132
110000000000,308,321,-0.9655555519458767
110000000000,321,308,0.99008133054125
110000000000,309,310,0.9705572844762136
110000000000,310,309,-0.9691558613552606
110000000000,309,322,-0.980250016845781
110000000000,322,309,0.9222441868417257
110000000000,310,311,0.9696045604189582
110000000000,311,310,-0.9685729112227505
110000000000,310,323,-0.9022263908269331
110000000000,323,310,0.8230222846326871
110000000000,299,311,-0.9688730692406358
110000000000,311,299,0.9688442890720685
110000000000,311,324,-0.8233524791231371
110000000000,324,311,0.7881017116409007
110000000000,312,313,0.9687506500545032
110000000000,313,312,-0.9692902544743413
110000000000,312,325,0.6295051828936767
110000000000,325,312,-0.5918955465966872
110000000000,313,314,0.9692677807692023
110000000000,314,313,-0.9702043924461501
110000000000,313,326,0.7632645974898598
110000000000,326,313,-0.6678422432551938
110000000000,314,315,0.970216044356614
110000000000,315,314,-0.9705398836817124
110000000000,314,327,0.9443013559948997
110000000000,327,314,-0.8642641336974395
110000000000,315,316,0.9707767801483873
110000000000,316,315,-0.9700122899324591
110000000000,315,328,0.9670815034639034
110000000000,328,315,-0.9943406892002141
110000000000,316,317,0.9704730467032274
110000000000,317,316,-0.9690677674693557
110000000000,316,329,0.7650348030746021
110000000000,329,316,-0.8644173113429684
110000000000,317,318,0.9695744771642548
110000000000,318,317,-0.9685253716575826
110000000000,317,330,0.6173128010073906
110000000000,330,317,-0.6921928434975838
110000000000,318,319,0.9688619164301433
110000000000,319,318,-0.9688749470664886
110000000000,318,331,0.5979048024264355
110000000000,331,318,-0.5995712514360314
110000000000,319,320,0.9689808026745883
110000000000,320,319,-0.9698296160996284
110000000000,319,332,0.6858185323039456
110000000000,332,319,-0.6132122840565793
110000000000,320,321,0.9698427434133816
110000000000,321,320,-0.970580719383834
110000000000,320,333,0.8554333197437941
110000000000,333,320,-0.754870404443591
110000000000,321,322,0.970706193680639
110000000000,322,321,-0.9704898113651647
110000000000,321,334,0.9934154162179902
110000000000,334,321,-0.9603661051286507
110000000000,322,323,0.9708371524860236
110000000000,323,322,-0.9696497155132849
110000000000,322,335,0.8748315054191249
110000000000,335,322,-0.9512659775157435
110000000000,323,324,0.9701185419478382
110000000000,324,323,-0.9687738361105421
110000000000,323,336,0.6746402661779278
110000000000,336,323,-0.7714672876473396
110000000000,312,324,-0.9685965457643164
110000000000,324,312,0.9691535313947947
110000000000,324,337,0.5925132223488535
110000000000,337,324,-0.6339891325277005
110000000000,325,326,0.9689202874594183
110000000000,326,325,-0.9697793151112967
110000000000,325,338,-0.7881362067493931
110000000000,338,325,0.8205847087770534
110000000000,326,327,0.9697437800411296
110000000000,327,326,-0.9704789741888106
110000000000,326,339,-0.819307895331537
110000000000,339,326,0.8979147060222356
110000000000,327,328,0.9705876471622674
110000000000,328,327,-0.9703734295750758
110000000000,327,340,-0.9167520309121011
110000000000,340,327,0.9779159349085673
110000000000,328,329,0.9707337723900169
110000000000,329,328,-0.9695381495923104
110000000000,328,341,-0.989379566152412
110000000000,341,328,0.9693076632068113
110000000000,329,330,0.9700523638007609
110000000000,330,329,-0.9687022192608343
110000000000,329,342,-0.9462754935683799
110000000000,342,329,0.8677275468223952
110000000000,330,331,0.9691410070823695
110000000000,331,330,-0.9685944185463695
110000000000,330,343,-0.8589297740771134
110000000000,343,330,0.7961329787524573
110000000000,331,332,0.9688082770823797
110000000000,332,331,-0.9693269480459605
110000000000,331,344,-0.7986125004912726
110000000000,344,331,0.7972501499636248
110000000000,332,333,0.9693581931778421
110000000000,333,332,-0.9702808454325187
110000000000,332,345,-0.794323075708874
110000000000,345,332,0.8553847871198891
110000000000,333,334,0.9703301901017087
110000000000,334,333,-0.9706538768436055
110000000000,333,346,-0.8626874404535956
110000000000,346,333,0.9424582020364058
110000000000,334,335,0.9708887846850089
110000000000,335,334,-0.9701265479574087
110000000000,334,347,-0.9655552463501719
110000000000,347,334,0.9900810612941429
110000000000,335,336,0.9705556170448842
110000000000,336,335,-0.9691558613552615
110000000000,335,348,-0.9802570321732359
110000000000,348,335,0.922243411476621
110000000000,336,337,0.9696045604189514
110000000000,337,336,-0.9685729112227164
110000000000,336,349,-0.9022254986142308
110000000000,349,336,0.8231032310314921
110000000000,325,337,-0.9688730692406554
110000000000,337,325,0.9688442890721531
110000000000,337,350,-0.8233510810304008
110000000000,350,337,0.7880999795429479
110000000000,338,339,0.9687506500544857
110000000000,339,338,-0.96929025447436
110000000000,0,338,0.23853503173195825
110000000000,338,0,-0.2145194898662368
110000000000,339,340,0.9692677807692236
110000000000,340,339,-0.9702043924461534
110000000000,1,339,0.30594011607959287
110000000000,339,1,-0.18234987360385163
110000000000,340,341,0.9702160443566095
110000000000,341,340,-0.9705398836817116
110000000000,2,340,0.4399376720189192
110000000000,340,2,-0.2509291670326658
110000000000,341,342,0.9707767801483879
110000000000,342,341,-0.9700114519898921
110000000000,3,341,0.9989544709440145
110000000000,341,3,-0.9822646829596514
110000000000,342,343,0.9704722144730349
110000000000,343,342,-0.9690650723145666
110000000000,4,342,0.2615743142272003
110000000000,342,4,-0.4519313076690323
110000000000,343,344,0.9695717894220728
110000000000,344,343,-0.9685293433887475
110000000000,5,343,0.1823385725936148
110000000000,343,5,-0.31001325404315594
110000000000,344,345,0.9688658805450915
110000000000,345,344,-0.9688785073785033
110000000000,6,344,0.212094547086962
110000000000,344,6,-0.24111653416434395
110000000000,345,346,0.9689843564263669
110000000000,346,345,-0.9698296160996223
110000000000,7,345,0.2697006658228471
110000000000,345,7,-0.19306913266283507
110000000000,346,347,0.9698427432305425
110000000000,347,346,-0.9705805303738793
110000000000,8,346,0.35616379903220347
110000000000,346,8,-0.19316971343982403
110000000000,347,348,0.9707060060033251
110000000000,348,347,-0.9704898105503097
110000000000,9,347,0.6386548320360628
110000000000,347,9,-0.4532165515483779
110000000000,348,349,0.9708371520927709
110000000000,349,348,-0.9696427967126774
110000000000,10,348,0.4896784663312036
110000000000,348,10,-0.6707942765027517
110000000000,349,350,0.9701116365722162
110000000000,350,349,-0.9687738446570184
110000000000,11,349,0.19618123840826016
110000000000,349,11,-0.3623320193322906
110000000000,338,350,-0.968596545764268
110000000000,350,338,0.9691535313947676
110000000000,12,350,0.19170965087508213
110000000000,350,12,-0.27282840925606994
