timestep_ns,distance_w0_m,euclidean_from_positions_m,abs_error_m,rel_error
0,3540719.6058560917,3524008.7602168648,16710.845639226958,0.0047196184672710145
0,2258344.601347294,2250880.9840605194,7463.6172867747955,0.00330490629389426
0,3541201.711082138,3538843.977718953,2357.733363185078,0.0006658003569258951
0,2053337.522192353,2051172.560407396,2164.9617849569768,0.0010543623547313557
0,3541029.7608748423,3555118.5583344004,14088.797459558118,0.003978728904011628
0,1699580.4397984429,1704718.5169574064,5138.077158963541,0.0030231444412086063
0,3540943.2339080176,3559261.8846295727,18318.65072155511,0.0051733816419692906
0,1505575.4371347625,1513966.7096620277,8391.27252726513,0.00557346534773072
0,3541146.8411063394,3547765.907951586,6619.066845246591,0.0018691873402173391
0,1699580.2540640917,1704719.992296903,5139.738232811214,0.0030241221151639675
0,3541088.495087801,3530312.298034343,10776.197053458076,0.003043187728408036
0,2053338.8834877117,2051172.2501461343,2166.6333415773697,0.001055175723306433
0,3540051.349603315,3521238.678158626,18812.671444688924,0.005314236881563033
0,2258346.0987532656,2250882.3372881846,7463.761465081014,0.003304967944993653
0,3537886.4028401924,3527245.8599450467,10640.542895145714,0.0030075987987074866
0,2184974.438777896,2179519.0096108583,5455.42916703783,0.0024967931295750857
0,3535489.9643361624,3542177.2497196277,6687.285383465234,0.001891473445243074
0,1876101.9822196583,1877833.1838422716,1731.20162261324,0.0009227652009434032
0,3534124.753525466,3552385.744203621,18260.990678154863,0.005167047558221767
0,1555356.6858320031,1562861.9776661454,7505.291834142292,0.004825447373267634
0,3534602.739647997,3548687.5070158276,14084.7673678305,0.003984823304141152
0,1555356.06413411,1562862.6191909718,7506.555056861835,0.0048262614779727925
0,3536640.8599690814,3534407.9247913836,2232.9351776978,0.0006313717638033853
0,1876098.3610605865,1877830.3901715355,1732.0291109490208,0.0009232080507601311
0,3539063.755595402,3522443.249041425,16620.506553976797,0.004696300406484373
0,2184971.361979045,2179516.468190492,5454.893788552843,0.0024965516177804983
0,3541090.7079697032,3530314.4332527975,10776.274716905784,0.0030432077587428984
0,2643095.3423253163,2636833.546377781,6261.795947535429,0.002369114669176666
0,3541148.4591040825,3547765.264562915,6616.805458832532,0.0018685478836169994
0,2470088.9040542333,2469693.6789005296,395.2251537037082,0.0001600044245593804
0,3540943.255194833,3559262.7610461074,18319.505851274356,0.0051736231085878735
0,2184643.7704801555,2192420.124336195,7776.353856039699,0.0035595523449255804
0,3541029.4621925806,3555119.1822980824,14089.720105501823,0.003978989798288085
0,2037246.5090623084,2048601.9402962148,11355.43123390642,0.005573911249028489
0,3541201.7647295245,3538842.6050896244,2359.1596399000846,0.000666203113134469
0,2184646.087715389,2192421.8514682143,7775.7637528250925,0.003559278455466743
0,3540717.379025793,3524008.647866914,16708.73115887912,0.004719024245724019
0,2470089.388570071,2469693.680777175,395.70779289631173,0.0001601997865856126
0,3539067.4203667254,3522445.5473287264,16621.87303799903,0.004696681657530175
0,2643098.2223886657,2636834.8371658428,6263.385222822893,0.0023697133802172664
0,3536636.957213135,3534403.9962132075,2232.9609999274835,0.0006313797618874214
0,2580643.1953365207,2576591.2984761493,4051.896860371344,0.0015701112295157754
0,3534603.6595077873,3548687.2756519094,14083.61614412209,0.0039844965661817115
0,2324742.2770168995,2328698.3910539905,3956.1140370909125,0.0017017430603823245
0,3534124.1129478514,3552386.4719965565,18262.359048705082,0.005167435682804091
0,2074361.8737203784,2084755.5264740852,10393.652753706789,0.005010530170931902
0,3535486.197640052,3542173.9743472897,6687.776707237586,0.0018916144296367776
0,2074360.4206011007,2084755.9925267885,10395.571925687836,0.005011458868211266
0,3537890.0919673597,3527249.6070630434,10640.484904316254,0.003007579271180599
0,2324738.308724628,2328695.2477820637,3956.9390574358404,0.0017021008526360338
0,3540049.731927951,3521237.855516477,18811.876411473844,0.005314014727479177
0,2580639.823837401,2576589.062328868,4050.7615085328,0.0015696733310537438
0,3540716.0128102996,3524008.7602168648,16707.25259343488,0.004718608477208591
0,2258344.532220048,2250880.9840605194,7463.548159528524,0.0033048757853574896
0,3541205.829629281,3538843.8433965147,2361.986232766416,0.0006670005490795449
0,2053339.5373870982,2051172.5604073962,2166.9769797020126,0.0010553427430027085
0,3541027.988861387,3555118.6925596423,14090.703698255122,0.003979269224241848
0,1699577.7570940873,1704718.461152781,5140.704058693722,0.003024694832134789
0,3540942.161656008,3559261.7504274887,18319.5887714806,0.005173648123897341
0,1505574.4325371296,1513966.7096620274,8392.27712489781,0.005574136318691002
0,3541146.6825360837,3547766.042219313,6619.359683229122,0.0018692701197253136
0,1699580.4815784504,1704719.992296903,5139.510718452511,0.0030239878453295114
0,3541088.8845085753,3530312.2980343434,10776.58647423191,0.0030432973657839885
0,2053338.6792835253,2051172.627574533,2166.051708992338,0.0010548925663583864
0,3540051.606388908,3521238.543681831,18813.06270707678,0.005314347020569956
0,2258345.5103079956,2250881.7938425015,7463.71646549413,0.0033049488802429617
0,3537886.569975132,3527245.8599450467,10640.710030085407,0.003007645898087739
0,2184974.0795862647,2179518.523244399,5455.556341865566,0.0024968517443001437
0,3535488.741409621,3542177.2497196277,6688.508310006466,0.0018918199997830332
0,1876101.1901088085,1877832.9582447316,1731.7681359231938,0.0009230675536337974
0,3534125.4830899867,3552385.8450721465,18260.361982159782,0.005166868598619828
0,1555357.6927155997,1562862.0673661262,7504.374650526559,0.004824854556397368
0,3534604.0092492285,3548687.54064018,14083.53139095148,0.0039844721938011125
0,1555355.8276479493,1562862.5967659415,7506.7691179921385,0.0048263998401858145
0,3536640.398344807,3534407.79027681,2232.6080679968,0.0006312793545653353
0,1876098.0725360382,1877830.3901715353,1732.3176354970783,0.0009233619824337845
0,3539065.3550960426,3522443.3835451,16621.9715509424,0.004696712234208321
0,2184971.5183063312,2179515.9818235817,5455.536482749507,0.00249684558221534
0,3541089.9640749143,3530314.433252797,10775.530822117347,0.0030429983229562996
0,2643088.498073797,2636824.210967821,6264.287105976138,0.002370063321958898
0,3541147.22378253,3547765.2645629165,6618.040780386422,0.0018688973832941239
0,2470081.265496637,2469686.592946552,394.6725500850007,0.000159781200561289
0,3540943.0911721676,3559262.7610461074,18319.669873939827,0.005173669669984846
0,2184641.573355227,2192416.2031531204,7774.629797893576,0.0035587667527323978
0,3541029.6051991493,3555119.048072837,14089.442873687483,0.003978911346293329
0,2037247.0577191217,2048600.2055735968,11353.147854475072,0.005572788931739053
0,3541201.6985898525,3538842.605089624,2359.0935002285987,0.0006661844483944581
0,2184642.22735993,2192417.4074590043,7775.180099074263,0.003559017582696055
0,3540717.4896047465,3524008.916736372,16708.572868374642,0.004718979392574988
0,2470081.6778727807,2469685.5825401726,396.0953326080926,0.00016035718015171364
0,3539067.2454232867,3522445.4128251025,16621.832598184235,0.004696670463009582
0,2643088.900427975,2636826.4674877147,6262.432940260507,0.002369361446467608
0,3536636.711340977,3534403.9962132084,2232.7151277684607,0.0006313102843186537
0,2580634.073452044,2576582.9580560667,4051.115395977162,0.0015698139607054384
0,3534603.710392015,3548687.2756519094,14083.565259894356,0.003984482112800243
0,2324736.5267156013,2328692.589916681,3956.0632010796107,0.0017017254022625762
0,3534123.731460468,3552386.4047508673,18262.67329039937,0.005167525157035847
0,2074358.3867603948,2084753.0904521106,10394.70369171584,0.0050110452263505195
0,3535487.2522994685,3542174.041600663,6686.789301194716,0.0018913345810667686
0,2074357.1877358702,2084753.5565069946,10396.368771124398,0.005011850819420295
0,3537889.9771683076,3527249.607063044,10640.370105263777,0.0030075469203200674
0,2324734.2202962954,2328689.8333880603,3955.6130917649716,0.0017015334730439916
0,3540051.518900844,3521237.855516477,18813.66338436678,0.005314516832288436
0,2580630.276412068,2576580.126159692,4050.1502523757517,0.0015694422751665162
0,3540718.9229734675,3524008.6929995557,16710.229973911773,0.004719445496079834
0,2258354.18088556,2250889.4074957944,7464.773389765527,0.003305404197865188
0,3541202.1065575583,3538843.9777189526,2358.128838605713,0.000665911960867457
0,2053343.5681945146,2051178.2218478045,2165.34634671011,0.0010545465358308636
0,3541028.196840441,3555118.558334401,14090.361493960023,0.003979172350712274
0,1699580.6976030653,1704719.3540388804,5138.656435815152,0.003023484817791969
0,3540944.4019715055,3559262.018831647,18317.616860141512,0.005173087962054061
0,1505573.9950773863,1513964.2506919464,8390.255614560097,0.00557279525416407
0,3541146.5545178833,3547765.9079515855,6619.353433702141,0.001869268422470966
0,1699581.4853182514,1704720.8851850363,5139.399866784923,0.0030239208365008493
0,3541088.826051856,3530312.163653473,10776.662398383021,0.0030433188569286705
0,2053344.6481006148,2051178.2890223644,2166.3590782503597,0.0010550391919127097
0,3540051.46776898,3521238.543681831,18812.92408714909,0.005314308071064689
0,2258353.738804331,2250890.488997187,7463.24980714405,0.003304730201875023
0,3537886.0527127194,3527245.9944603895,10640.058252329938,0.003007462109801851
0,2184981.096859164,2179525.3323924765,5455.764466687571,0.0024969389778840864
0,3535489.874617183,3542177.2497196277,6687.375102444552,0.0018914988699178922
0,1876104.772393214,1877836.5678238417,1731.7954306276515,0.0009230803397075328
0,3534124.734970346,3552385.7778264633,18261.042856117245,0.005167062349391148
0,1555354.3613532858,1562860.6321701643,7506.270816878416,0.004826084012358023
0,3534602.5119946655,3548687.473391477,14084.96139681153,0.003984878454936374
0,1555354.5858068175,1562861.2064178593,7506.620611041784,0.004826308212636821
0,3536642.6291059246,3534407.9247913836,2234.7043145410717,0.0006318716785659547
0,1876102.1394548034,1877833.7741539534,1731.6346991499886,0.000922995962071235
0,3539062.869837792,3522443.316293239,16619.553544552997,0.0046960322988878495
0,2184978.6126134084,2179524.0069024246,5454.605710983742,0.0024964114886504994
0,3541089.3898530276,3530314.4332527975,10774.956600230187,0.0030428366567378296
0,2643086.825663195,2636823.5671473662,6263.258515828755,0.002369675659163107
0,3541146.996102975,3547765.2645629155,6618.268459940329,0.0018689617988814696
0,2470081.0163479424,2469685.96027304,395.0560749024153,0.00015993648479049183
0,3540943.293834312,3559262.5552755143,18319.26144120237,0.005173554028131681
0,2184640.828360215,2192415.941741254,7775.113381039351,0.0035589893222289217
0,3541029.867938012,3555119.388104221,14089.520166208968,0.003978932878759783
0,2037245.747640503,2048599.891676734,11354.144036230864,0.005573281499976625
0,3541201.762321982,3538842.6050896244,2359.1572323576547,0.0006662024337214677
0,2184642.5472166208,2192417.546867161,7774.999650540296,0.0035589344629610737
0,3540717.114475117,3524008.647866914,16708.466608203016,0.0047189498816202135
0,2470081.331194633,2469685.582540173,395.7486544600688,0.00016021685175389284
0,3539066.955665902,3522445.6818325394,16621.273833362386,0.004696512962760539
0,2643088.002007583,2636825.1798467077,6262.822160875425,0.0023695095116463916
0,3536637.401942248,3534403.861698637,2233.5402436112054,0.0006315434662271545
0,2580633.430759273,2576582.9580560667,4050.472703206353,0.0015695653070783573
0,3534603.295574612,3548687.27565191,14083.980077297892,0.0039845999393853596
0,2324735.983216804,2328692.2031748,3956.21995799616,0.0017017932300948104
0,3534125.1197196245,3552386.4047508673,18261.28503124276,0.005167130311643154
0,2074357.4969275352,2084753.0904521109,10395.5935245757,0.005011476343867094
0,3535486.3765938887,3542174.041600663,6687.665006774478,0.0018915827398032345
0,2074358.2228438489,2084753.434706052,10395.2118622032,0.005011290599533887
0,3537889.952580962,3527249.539805403,10640.412775558885,0.0030075590021663872
0,2324732.6555690747,2328689.446646201,3956.791077126283,0.0017020413369457721
0,3540052.168904763,3521237.9227548367,18814.246149926446,0.005314680477081014
0,2580630.6756531433,2576579.3814800754,4051.2941730679013,0.0015698853041195215
0,3540716.6010444704,3524008.726608204,16707.874436266255,0.004718783319551083
0,2258344.3194545708,2250881.187852747,7463.1316018239595,0.0033046916440210654
0,3541203.752162973,3538843.944138333,2359.8080246397294,0.000666385836510637
0,2053340.2275053984,2051172.6547644013,2167.572740997188,0.0010556325308205597
0,3541027.954365549,3555118.5583344004,14090.603968851268,0.003979241099037271
0,1699578.69846449,1704718.516957407,5139.818492916878,0.0030241721066288515
0,3540943.678582179,3559261.94726314,18318.268680961337,0.005173273099982238
0,1505576.1336949118,1513966.6303467965,8390.496651884634,0.005572947434609689
0,3541146.6392393387,3547765.979555099,6619.340315760113,0.0018692646733155312
0,1699579.842060136,1704720.1039065092,5140.261846373323,0.0030244309323783133
0,3541088.625155476,3530312.163653473,10776.461502003018,0.0030432622966418592
0,2053339.169261544,2051173.0050031147,2166.164258429315,0.0010549471275163697
0,3540051.415781962,3521238.5436818306,18812.872100131586,0.005314293463722478
0,2258345.8535116054,2250881.7938425015,7464.059669103939,0.003305100349221414
0,3537886.3264279175,3527245.9944603895,10640.331967527978,0.0030075392439957663
0,2184974.362640069,2179518.523244399,5455.839395669755,0.002496980966439145
0,3535490.0537618543,3542177.1152129276,6687.06145107327,0.0018914100589699188
0,1876101.6725928162,1877832.9582447316,1731.2856519154739,0.0009228101425456313
0,3534124.141162325,3552385.8786949874,18261.737532662228,0.005167259780143488
0,1555355.3447950408,1562862.0673661265,7506.722571085673,0.004826371411656339
0,3534603.5930683473,3548687.5070158276,14083.913947480265,0.003984580894757193
0,1555356.0472453425,1562862.574340913,7506.527095570462,0.004826243552956964
0,3536640.4377131234,3534407.8911627308,2232.546550392639,0.0006312619531761779
0,1876098.1039789736,1877830.4077963545,1732.3038173809182,0.0009233546016100729
0,3539065.8031285484,3522443.3499191636,16622.45320938481,0.00469684773724481
0,2184971.965303526,2179516.468190492,5455.4971130336635,0.0024968270530078916
0,3541090.8426076695,3530314.41645518,10776.426152489614,0.0030432504082707527
0,2643097.0465108096,2636834.029244493,6263.017266316339,0.002369575220321266
0,3541146.142244009,3547765.2645629155,6619.12231890671,0.001869203374563977
0,2470089.3173183664,2469694.0743226428,395.24299572361633,0.00016001162101810507
0,3540943.802297079,3559262.6894775983,18318.88718051929,0.005173447590056491
0,2184644.1186998105,2192420.140674479,7776.021974668372,0.0035593998620225002
0,3541029.0260135983,3555119.0480728364,14090.02205923805,0.003979075561292488
0,2037247.6262366064,2048601.9981257538,11354.371889147442,0.0055733882042225255
0,3541202.0024651145,3538842.6767223417,2359.3257427727804,0.0006662499741981389
0,2184645.402079148,2192421.590055568,7776.187976419926,0.00355947375671093
0,3540717.342077785,3524008.9167363723,16708.42534141289,0.004718937923355371
0,2470089.743303773,2469693.950696477,395.79260729579255,0.00016023410014504795
0,3539067.137943919,3522445.412825103,16621.7251188159,0.004696640236238234
0,2643098.3839261215,2636835.8243315183,6262.559594603255,0.002369400864034694
0,3536636.7626103032,3534404.130727887,2232.6318824160844,0.0006312867371678382
0,2580643.0270274086,2576591.6161805457,4051.410846862942,0.0015699230015279106
0,3534603.546928765,3548687.1411544834,14083.59422571864,0.003984490491997596
0,2324741.945689497,2328699.1645402554,3957.2188507583924,0.0017022185443402913
0,3534124.9598188642,3552386.4047508677,18261.444932003506,0.005167175790224313
0,2074360.4861990523,2084755.5264740852,10395.040275032865,0.005011202413559363
0,3535486.631053673,3542174.0310923224,6687.400038649328,0.0018915076583548832
0,2074360.6907410955,2084756.0331271335,10395.342386038043,0.005011347559967575
0,3537890.4493827466,3527249.5839432254,10640.865439521149,0.0030076865272574095
0,2324739.288498953,2328695.604310761,3956.315811808221,0.0017018320425783104
0,3540050.778748052,3521237.905945242,18812.872802810278,0.005314294618526206
0,2580640.6201024926,2576589.0623288695,4051.55777362315,0.001569981399991386
0,3540717.43922368,3524008.739211451,16708.700012229383,0.0047190153687871935
0,2258344.64602769,2250881.1878527463,7463.458174943458,0.003304835773437545
0,3541203.5949213607,3538843.9399407557,2359.6549806050025,0.000666342648016374
0,2053338.9618137649,2051172.6429697745,2166.3188439903315,0.0010550225190665884
0,3541028.354640658,3555118.566723478,14090.212082820013,0.003979129979107406
0,1699578.7385060168,1704718.5047501365,5139.766244119732,0.00302414129317583
0,3540943.2021492347,3559261.8130610604,18318.61091182567,0.005173370445678678
0,1505575.566152879,1513966.630346796,8391.064193916973,0.005573326495566233
0,3541146.8768197163,3547765.9079515855,6619.031131869182,0.0018691772361087986
0,1699582.170348651,1704719.992296903,5137.82194825192,0.0030229912021246673
0,3541088.620771081,3530312.43241537,10776.188355711289,0.0030431851641613944
0,2053337.7267831666,2051172.250146134,2165.4766370325815,0.001054612988787332
0,3540051.3518957337,3521238.5436818306,18812.808213903103,0.005314275512932503
0,2258345.6296933936,2250882.8807340637,7462.748959329911,0.0033045202918488155
0,3537886.5540934624,3527245.7971653277,10640.75692813471,0.0030076591675397193
0,2184974.211768185,2179518.523244399,5455.688523785677,0.002496912089122862
0,3535489.5084858653,3542177.3842263855,6687.87574052019,0.0018916406694088562
0,1876101.392756349,1877833.0785534303,1731.685797081329,0.000923023565659825
0,3534124.2324398286,3552385.7442036215,18261.51176379295,0.005167195764135852
0,1555356.3109434221,1562861.8879661956,7505.5770227734465,0.004825631895382762
0,3534603.9508594987,3548687.5070158276,14083.55615632888,0.003984479266171879
0,1555356.713904392,1562862.5743409127,7505.860436520772,0.004825812863004852
0,3536640.8724016515,3534407.8911627303,2232.981238921173,0.0006313847855874625
0,1876097.7124575088,1877830.3901715353,1732.677714026533,0.0009235540891720884
0,3539064.8024202846,3522443.3331061997,16621.469314084854,0.004696571055358414
0,2184972.0096459966,2179516.468190492,5455.5414555044845,0.0024968472966335055
0,3541090.555725667,3530314.4332527975,10776.122472869698,0.003043164896036208
0,2643086.754395508,2636823.567147366,6263.187248142436,0.0023696487592496257
0,3541146.5620600446,3547765.285542246,6618.7234822013415,0.0018690905237062347
0,2470081.1807959243,2469686.0868077306,395.0939881936647,0.00015995182314872548
0,3540943.489368366,3559262.6685085227,18319.1791401566,0.005173530499755131
0,2184640.6491659167,2192415.9825868555,7775.333420938812,0.0035590903354780065
0,3541030.0418487387,3555119.1822980824,14089.140449343715,0.003978825449893079
0,2037246.3346480327,2048600.0465627622,11353.71191472956,0.005573067783524125
0,3541200.6791329267,3538842.605089624,2358.074043302797,0.0006658967556394398
0,2184641.8799883425,2192417.407459004,7775.527470661327,0.003559177154794276
0,3540717.633288554,3524008.647866915,16708.985421638936,0.00471909571792652
0,2470081.02162505,2469685.582540172,395.4390848777257,0.0001600915441298233
0,3539067.695897457,3522445.68183254,16622.01406491734,0.00469672114048167
0,2643087.8088517627,2636825.1798467077,6262.629005054943,0.002369436605201406
0,3536636.9644333813,3534403.8616986373,2233.102734744083,0.0006314198367549601
0,2580633.2919054604,2576581.76656929,4051.525336170569,0.0015699732886802554
0,3534603.48202824,3548687.2128804973,14083.73085225746,0.003984529219151869
0,2324735.870060094,2328692.2031748006,3956.3331147064455,0.0017018419880122444
0,3534124.53463814,3552386.539242243,18262.004604103044,0.005167334774175664
0,2074357.8850499964,2084752.6898548254,10394.80480482895,0.0050110951826321005
0,3535486.1971107777,3542174.0416006627,6687.844489885028,0.00189163360200653
0,2074358.285696213,2084753.4347060523,10395.149009839399,0.005011260148027174
0,3537890.865499549,3527249.5734342188,10641.292065330315,0.0030078067611132397
0,2324732.948137031,2328689.446646201,3956.498509170022,0.0017019152726082526
0,3540050.5206576153,3521237.8891356504,18812.63152196491,0.005314226848511245
0,2580630.8449773365,2576579.381480075,4051.4634972615167,0.001569950814602891
0,3540717.6821610653,3524008.6929995557,16708.989161509555,0.004719096709035349
0,2258353.0865725954,2250889.407495795,7463.6790768005885,0.003304921237151579
0,3541203.344775234,3538843.9777189526,2359.367056281306,0.0006662613881697491
0,2053344.4175027509,2051178.2218478047,2166.1956549461465,0.0010549597215554533
0,3541027.854568697,3555118.5247780923,14090.670209395234,0.003979259917770824
0,1699579.90852299,1704719.3400873372,5139.43156434712,0.0030239422921947297
0,3540944.8840461047,3559261.9808136583,18317.096767553594,0.005172940378169156
0,1505573.4265902229,1513964.4366025308,8391.010012307903,0.005573298428434413
0,3541146.1409309716,3547765.907951586,6619.767020614352,0.0018693854354381453
0,1699579.2263935322,1704720.885185036,5141.658791503869,0.003025253963838067
0,3541088.981725219,3530312.163653473,10776.818071746267,0.0030433626851409422
0,2053344.236093555,2051178.2890223642,2165.9470711909235,0.001054838751884873
0,3540051.154300263,3521238.8126356243,18812.341664638836,0.0053141440178870345
0,2258353.6759515633,2250890.4889971875,7463.186954375822,0.003304702462616352
0,3537885.902216923,3527245.7254298595,10640.17678706348,0.003007495742131224
0,2184981.4552421835,2179526.3051310205,5455.150111163035,0.0024966573963706184
0,3535489.8603745624,3542177.384226385,6687.523851822596,0.001891540950739453
0,1876104.4134935061,1877836.5678238415,1732.1543303353246,0.0009232718167907663
0,3534123.9136680546,3552385.6814350365,18261.76776698185,0.005167268667732713
0,1555354.80346227,1562860.5006069683,7505.697144698352,0.004825713803686739
0,3534604.348434602,3548687.5070158276,14083.158581225667,0.003984366337200594
0,1555354.675709762,1562861.1839929514,7506.508283189498,0.004826235713577046
0,3536640.856576124,3534407.924791384,2232.9317847401835,0.0006313708050361435
0,1876101.7421852336,1877833.7741539537,1732.0319687200245,0.0009232079101971301
0,3539064.5333290827,3522443.316293239,16621.217035843525,0.004696500128582987
0,2184978.549837155,2179524.006902425,5454.542934729718,0.0024963828295413893
0,3541090.497832088,3530314.4332527975,10776.064579290338,0.003043148596707036
0,2643086.6950989594,2636823.889057579,6262.8060413803905,0.002369504584542546
0,3541146.6836003116,3547765.298129844,6618.61452953238,0.0018690596919309717
0,2470081.063488463,2469686.0868077306,394.97668073233217,0.00015990433940435615
0,3540942.764253628,3559262.655927078,18319.891673449893,0.005173732786192443
0,2184640.582152481,2192416.0070942165,7775.424941735342,0.003559132337491587
0,3541029.4969766163,3555119.1822980824,14089.685321466066,0.003978979936059852
0,2037244.9438500653,2048600.0310741598,11355.08722409443,0.005573746671146544
0,3541202.7917483905,3538842.6050896244,2360.1866587661207,0.0006664929397056165
0,2184640.6690444113,2192417.407459004,7776.738414592575,0.0035597334265475415
0,3540717.9623716767,3524008.6478669145,16709.31450476218,0.004719188221806232
0,2470080.900447917,2469685.582540173,395.3179077440873,0.0001600424940221195
0,3539067.403488064,3522445.681832539,16621.721655525267,0.004696638905250318
0,2643088.2904188046,2636825.179846708,6263.110572096426,0.002369618372114243
0,3536635.803326588,3534403.8616986377,2231.9416279504076,0.0006310917357820743
0,2580634.969709696,2576581.76656929,4053.203140405938,0.0015706224196682479
0,3534603.9450021572,3548687.212880498,14083.267878340557,0.00398439771399394
0,2324736.0498458007,2328692.203174801,3956.1533290003426,0.0017017645204335148
0,3534123.922211018,3552386.4719965565,18262.549785538577,0.005167489931737641
0,2074358.482798334,2084752.6898548258,10394.207056491869,0.00501080557805513
0,3535487.8620326174,3542174.1088540503,6686.24682143284,0.0018911808164400806
0,2074357.2903331483,2084753.3535054268,10396.06317227846,0.005011703249351427
0,3537889.7081299685,3527249.5398054034,10640.16832456505,0.003007490114831519
0,2324733.546116529,2328689.446646201,3955.900529671926,0.0017016576098711459
0,3540051.0592892817,3521237.9227548367,18813.136534444988,0.00531436869676733
0,2580630.947665049,2576579.2325441735,4051.7151208757423,0.0015700482568194137
0,3540717.337577878,3524008.7602168648,16708.577361013275,0.0047189808640424324
0,2258344.9936418664,2250881.52750652,7463.466135346331,0.0033048387896264463
0,3541203.2833639905,3538843.977718953,2359.3056450374424,0.0006662440578096956
0,2053339.5898972955,2051172.9378354826,2166.6520618128125,0.001055184477264759
0,3541028.5359924976,3555118.541556246,14090.005563748535,0.003979071453542894
0,1699578.8236320629,1704718.5727621329,5139.749130069977,0.003024131072124176
0,3540944.698212329,3559261.9640383995,18317.26582607068,0.005172988393554489
0,1505576.0371387445,1513966.425845262,8390.388706517406,0.00557287609496152
0,3541146.0803409438,3547765.9079515855,6619.827610641718,0.0018694025777113259
0,1699578.1604544001,1704720.1039065092,5141.943452109117,0.003025423350188475
0,3541088.456551857,3530312.163653473,10776.292898383923,0.0030432148280411394
0,2053339.886224765,2051173.0050031138,2166.8812216513325,0.0010552959284472491
0,3540050.1146531147,3521238.8126356243,18811.30201749038,0.0053138518970751005
0,2258346.5292101153,2250882.3372881836,7464.1919219316915,0.003305157922129154
0,3537887.1807813444,3527245.7254298595,10641.45535148494,0.003007856047330138
0,2184974.6496079694,2179519.4959775107,5455.15363045875,0.0024966667834967877
0,3535489.575245021,3542177.3842263855,6687.808981364593,0.001891621751112392
0,1876101.9634132446,1877833.409439967,1731.446026722435,0.0009228954824887912
0,3534124.95464497,3552385.681435036,18260.726790065877,0.005166972595596951
0,1555355.900094744,1562861.8879661958,7505.987871451769,0.00482589732098907
0,3534603.432192186,3548687.5070158276,14084.074823641684,0.003984626590742215
0,1555356.3833871605,1562862.439790784,7506.056403623428,0.004825939883486507
0,3536641.2199420603,3534407.9247913836,2233.295150676742,0.0006314734833954488
0,1876098.1313905031,1877830.615769286,1732.4843787827995,0.0009234508311666715
0,3539065.171803508,3522443.2490414255,16621.922762082424,0.004696698691652488
0,2184972.7333163,2179516.954557597,5455.7787587028,0.0024969550766073623
0,3541090.680990465,3530314.4332527975,10776.247737667523,0.0030432001630224673
0,2643097.1503426265,2636834.1902000797,6262.960142546799,0.0023695535147979434
0,3541146.5104942066,3547765.2645629155,6618.754068708979,0.0018690991883827076
0,2470089.2768292935,2469694.1850408455,395.0917884479277,0.0001599504083330476
0,3540944.1530249827,3559262.622376557,18318.469351574313,0.005173329078326492
0,2184644.8041904317,2192420.1243361966,7775.320145764854,0.0035590774897826787
0,3541028.293991693,3555119.2494107108,14090.955419017933,0.003979339968259229
0,2037248.5839692357,2048601.9361714013,11353.352202165639,0.005572885062482431
0,3541203.573503444,3538842.605089624,2360.9684138200246,0.0006667135522751749
0,2184646.9893490444,2192421.5900555686,7774.600706524216,0.0035587446138567224
0,3540716.743002697,3524008.782301548,16707.960701148957,0.004718807494038568
0,2470089.9514338477,2469693.680777175,396.270656672772,0.00016042762185350506
0,3539065.167498637,3522445.547328726,16619.620169911068,0.004696048075785389
0,2643099.664538293,2636835.4809880704,6264.183550222777,0.002370014129344997
0,3536638.5642342954,3534403.861698637,2234.702535658609,0.000631871901827332
0,2580641.2106470326,2576591.894221288,4049.316425744444,0.0015691125170899589
0,3534602.8318415377,3548687.4101493508,14084.578307813033,0.003984769711870267
0,2324742.941270342,2328698.3910539905,3955.4497836483642,0.0017014568421431283
0,3534125.698768796,3552386.2747365846,18260.575967788696,0.005166928831691029
0,2074359.6003519753,2084755.526474086,10395.926122110803,0.005011631599625655
0,3535485.6441015108,3542174.1088540503,6688.464752539527,0.0018918093370562383
0,2074361.3134022194,2084755.9519264437,10394.638524224283,0.005011006740757105
0,3537891.3348355102,3527249.6070630443,10641.727772465907,0.0030079295165691346
0,2324738.4414454834,2328695.6345250616,3957.1930795782246,0.0017022100245899956
0,3540050.619166174,3521237.855516477,18812.76364969695,0.005314264024317291
0,2580639.9539999883,2576589.0623288704,4050.891671117861,0.001569723689985883
0,3540717.4302290287,3524008.7602168648,16708.67001216393,0.004719006907897516
0,2258344.3519451437,2250880.4406147157,7463.9113304279745,0.003305036862070748
0,3541203.577463918,3538843.9777189526,2359.5997449653223,0.0006663270533164836
0,2053338.739268522,2051172.182979492,2166.556289030006,0.0010551382719257596
0,3541028.294031741,3555118.558334401,14090.26430265978,0.00397914479429841
0,1699578.8555061773,1704718.461152781,5139.605646603741,0.00302404659245601
0,3540941.973357425,3559261.94726314,18319.97390571516,0.0051737571650587256
0,1505576.2092105302,1513966.7047109883,8390.495500458172,0.005572946390311152
0,3541148.3020954914,3547765.9079515855,6617.605856094044,0.0018687739940679818
0,1699582.6282561992,1704719.9922969032,5137.364040703978,0.003022720964131648
0,3541087.6091231313,3530312.2980343434,10775.311088787857,0.003042938294163277
0,2053337.803503694,2051172.2501461343,2165.553357559722,0.0010546503131947163
0,3540052.9225472347,3521238.5436818306,18814.378865404055,0.005314716835325225
0,2258346.993749265,2250881.793842502,7465.199906763155,0.0033056035797092327
0,3537885.6377684115,3527245.8599450462,10639.777823365293,0.003007383197970338
0,2184973.6313057076,2179518.036878133,5455.594427574426,0.002496869687307963
0,3535490.7260551318,3542177.3842263855,6686.6581712537445,0.0018912956331566047
0,1876101.7219407458,1877832.732647345,1731.0107065991033,0.0009226635668818894
0,3534123.670870718,3552385.6814350365,18262.010564318392,0.005167337723588801
0,1555355.2672117932,1562862.0673661262,7506.800154333003,0.004826421533769621
0,3534604.618120038,3548687.507015827,14082.888895789161,0.003984289734584083
0,1555357.0832534928,1562862.7088911121,7505.6256376192905,0.004825660755611848
0,3536640.93776999,3534407.9247913836,2233.0129786063917,0.0006313937484460626
0,1876097.9090146038,1877830.1645739381,1732.2555593342986,0.0009233289750022393
0,3539064.475462817,3522443.249041425,16621.226421392057,0.004696502857359906
0,2184971.3479287107,2179515.981823581,5455.366105129942,0.002496767799862214
0,3541090.560903506,3530314.4332527975,10776.127650708426,0.0030431663538022895
0,2643086.8241241444,2636823.8890575804,6262.935066564009,0.002369553284969893
0,3541146.4225643966,3547765.2645629155,6618.84199851891,0.0018691240656820215
0,2470081.510277046,2469686.0868077306,395.423469315283,0.00016008519057775225
0,3540944.0263752537,3559262.6223765574,18318.596001303755,0.0051733650305836355
0,2184640.4800351877,2192415.941741254,7775.461706066504,0.0035591493324069806
0,3541029.9557841816,3555119.2494107103,14089.293626528699,0.003978868804403702
0,2037246.4532144547,2048599.9536311463,11353.500416691648,0.0055729636435383695
0,3541200.2019164152,3538842.605089624,2357.5968267912976,0.0006657620841418175
0,2184643.4988476597,2192417.4074590043,7773.908611344639,0.003558433499765598
0,3540719.6296005435,3524008.782301548,16710.84729899559,0.004719618904386641
0,2470079.5058859503,2469685.5825401726,393.9233457776718,0.00015947800256590615
0,3539066.022787739,3522445.5473287264,16620.47545901267,0.0046962886117396145
0,2643089.5429723966,2636825.1798467073,6264.363125689328,0.002370091146683013
0,3536636.5439837086,3534403.996213208,2232.5477705006488,0.0006312629931674803
0,2580634.5357046514,2576582.362312623,4052.173392028548,0.001570223654672624
0,3534602.8958023745,3548687.2756519094,14084.379849534947,0.003984713492500468
0,2324735.4645940163,2328692.589916681,3957.125322664622,0.0017021830582154777
0,3534125.6149434615,3552386.409227969,18260.794284507632,0.005166990728143591
0,2074357.0580063628,2084753.0904521106,10396.032445747871,0.005011688998103037
0,3535486.642598963,3542173.974347289,6687.331748326309,0.0018914883364996682
0,2074357.963141834,2084753.5159066797,10395.55276484578,0.005011455568208979
0,3537890.1860063523,3527249.607063044,10640.578943308443,0.00300760577176641
0,2324733.51502152,2328689.446646201,3955.9316246807575,0.001701671008362495
0,3540050.8828708017,3521237.8555164775,18813.027354324237,0.0053143381202102455
0,2580630.903516673,2576580.1261596917,4050.7773569813,0.0015696848981623956
0,3540717.180200401,3524008.760216865,16708.419983536005,0.004718936625881631
0,2258352.387296018,2250888.5923225572,7463.794973460957,0.0033049735796093125
0,3541203.625559747,3538843.9777189526,2359.6478407946415,0.0006663406260411414
0,2053344.7750621499,2051177.844417169,2166.9306449808646,0.0010553174855475874
0,3541028.287282122,3555118.5583344004,14090.271052278578,0.003979146708001425
0,1699579.6327002635,1704719.3540388804,5139.721338616917,0.003024113280559272
0,3540943.1263061645,3559261.94726314,18318.820956975687,0.005173429875470913
0,1505573.7223648021,1513964.3320278279,8390.609663025709,0.005573031422099074
0,3541148.430051363,3547765.9079515855,6617.4779002224095,0.001868737792537667
0,1699581.7761030167,1704720.885185036,5139.109082019422,0.0030237492271792434
0,3541086.8050658037,3530312.2980343434,10774.507031460293,0.003042711919980756
0,2053344.7773190164,2051178.2890223644,2166.48829665198,0.0010551020562073804
0,3540050.743663926,3521238.5436818306,18812.19998209551,0.005314104611569783
0,2258353.5037477664,2250890.760721589,7462.743026177399,0.0033045061429899623
0,3537887.9986041305,3527245.8599450467,10642.13865908375,0.0030080484920050024
0,2184982.952651655,2179525.8187616514,5457.133890003432,0.0024975636003845042
0,3535489.593377932,3542177.2497196286,6687.656341696624,0.0018915785678517583
0,1876104.759871242,1877836.342223993,1731.5823527509347,0.000922966771253101
0,3534124.7634763964,3552385.815926407,18261.052450010553,0.005167065022358686
0,1555355.3287967974,1562860.6321701643,7505.303373366827,0.0048254590024601205
0,3534603.3054481386,3548687.507015827,14084.201567688491,0.003984662591691548
0,1555353.9113499117,1562861.2736925944,7507.362342682667,0.004826787194797955
0,3536640.924408534,3534407.79027681,2233.134131724015,0.0006314280073817455
0,1876102.1932285898,1877833.7741539534,1731.5809253635816,0.0009229672731119721
0,3539065.3465105994,3522443.3835451,16621.962965499144,0.004696709819695148
0,2184979.2333503137,2179523.763717442,5455.469632871915,0.002496806170787642
0,3541090.7043785783,3530314.4332527975,10776.271125780884,0.0030432067476995053
0,2643088.134211736,2636825.176698728,6262.957513007801,0.002369560602970828
0,3541146.623029935,3547765.130295239,6618.50726530375,0.0018690294330825283
0,2470082.52803273,2469687.6052244958,394.9228082341142,0.0001598824345956757
0,3540943.5997768925,3559262.6286672796,18319.028890387155,0.005173487906314407
0,2184641.209368035,2192416.464565028,7775.255196992774,0.003559053616516723
0,3541029.80127662,3555119.2431189013,14089.44184228126,0.003978910834696083
0,2037245.9971264591,2048600.2072570052,11354.21013054601,0.005573313260431559
0,3541202.5984955197,3538842.6050896244,2359.9934058953077,0.0006664384034107371
0,2184641.4394108355,2192417.99563599,7776.556225154549,0.003559648775705622
0,3540715.0815298706,3524008.7150842072,16706.366445663385,0.00471835944462521
0,2470082.7669594977,2469686.847888022,395.91907147550955,0.0001602857510571837
0,3539068.5814597905,3522445.614580609,16622.966879181564,0.004696989192655019
0,2643087.971980481,2636826.145577418,6261.826403062791,0.002369132798243854
0,3536637.152885693,3534403.996213208,2233.1566724851727,0.0006314350542472374
0,2580634.962367262,2576583.553799624,4051.4085676381364,0.0015699270244411893
0,3534603.460651978,3548687.141154483,14083.680502505042,0.003984514998439804
0,2324737.1157411844,2328693.170029644,3956.054288459476,0.0017017211372728424
0,3534123.4282240695,3552386.5437193443,18263.115495274775,0.005167650724766046
0,2074358.7750739234,2084753.2528535195,10394.477779596113,0.005010935381332811
0,3535487.8585606646,3542173.974347289,6686.115786624607,0.0018911437555739752
0,2074358.0095771272,2084753.9273160466,10395.91773891938,0.005011631401581765
0,3537890.017446098,3527249.4725478017,10640.54489829624,0.003007596292090885
0,2324734.2226273417,2328690.2201299956,3955.9975026538596,0.0017016988282569847
0,3540050.593113033,3521238.1244702186,18812.46864281455,0.005314180729341309
0,2580632.2972073746,2576580.721903514,4051.5753038604744,0.0015699932563987815
0,3540717.5676035555,3524008.6257822937,16708.941821261775,0.004719083491477349
0,2258344.4113886836,2250880.4406147166,7463.970773966983,0.0033050630968096207
0,3541203.6227966333,3538843.977718953,2359.6450776802376,0.0006663398462855772
0,2053339.0683453104,2051171.8055517692,2167.2627935411874,0.001055482178736161
0,3541028.5796305975,3555118.5583344004,14089.978703802917,0.003979063819155279
0,1699578.905180385,1704718.4053482553,5139.500167870196,0.0030239844423844
0,3540944.254357524,3559261.9137126207,18317.65935509652,0.0051731001787318764
0,1505575.4404988105,1513966.704710988,8391.2642121776,0.0055734598124139835
0,3541145.9625945664,3547765.8743846626,6619.911790096201,0.001869426411682237
0,1699580.2659235594,1704719.985321316,5139.719397756504,0.003024111011881841
0,3541089.046273917,3530312.3652248373,10776.681049079634,0.0030433239346012242
0,2053338.8080572025,2051172.0614320033,2166.7466251992155,0.0010552309325168386
0,3540050.3318985463,3521238.543681831,18811.788216715213,0.005313988913436256
0,2258345.386333659,2250881.9297039034,7463.456629755441,0.0033048340058701516
0,3537886.923858266,3527245.9272026983,10640.99665556755,0.003007726613252789
0,2184974.58080473,2179518.280061242,5456.300743487664,0.0024971918627438214
0,3535489.6441894434,3542177.1824662704,6687.538276826963,0.0018915451464602345
0,1876101.1710217975,1877832.845446019,1731.6744242215063,0.0009230176127859722
0,3534124.4122000053,3552385.7442036215,18261.332003616262,0.005167144637177195
0,1555355.8548690714,1562862.0673661265,7506.212497055065,0.004826041882027655
0,3534603.9778451445,3548687.578741836,14083.600896691438,0.003984491893566374
0,1555356.1780845409,1562862.7567272356,7506.578642694745,0.004826276288650025
0,3536640.440925655,3534407.7902768096,2232.6506488453597,0.0006312913868792955
0,1876097.969701176,1877830.1645739388,1732.194872762775,0.0009232965979056404
0,3539065.042758133,3522443.5180489663,16621.524709166493,0.004696586388876505
0,2184971.603880729,2179515.9818235827,5455.622057146393,0.002496884649419086
0,3541090.9263355993,3530314.4332527975,10776.493082801811,0.003043269237357192
0,2643094.3336641192,2636831.614911604,6262.718752515037,0.0023694647113987172
0,3541146.2588989725,3547765.264562915,6619.005663942546,0.0018691703702745544
0,2470087.509906873,2469692.6666201935,394.843286679592,0.00015984991831098256
0,3540943.618952263,3559262.4881744683,18318.869222205132,0.005173442786311729
0,2184643.4827765375,2192419.3400988174,7775.8573222798295,0.003559325530038992
0,3541030.2024691976,3555119.232632553,14089.030163355637,0.003978794124244184
0,2037247.0155219887,2048601.440536512,11354.425014523324,0.005573415952023895
0,3541201.795983039,3538842.621879931,2359.174103107769,0.0006662071915200928
0,2184645.8976853304,2192420.5444054096,7774.6467200792395,0.00355876745440376
0,3540717.170578648,3524008.748692872,16708.421885775868,0.0047189371759522
0,2470088.551636644,2469691.8776518838,396.67398476041853,0.00016059099763754956
0,3539067.0203943597,3522445.5137028024,16621.506691557355,0.0046965786733547685
0,2643095.533187078,2636832.9056998775,6262.627487200312,0.0023694291063512023
0,3536636.66653426,3534404.063470534,2232.6030637258664,0.0006312786057024382
0,2580640.639979102,2576589.2133690533,4051.4266100488603,0.0015699305619249911
0,3534603.131441222,3548687.1411544834,14084.009713261388,0.003984608508938507
0,2324740.5436343323,2328697.0374537576,3956.493819425348,0.0017019076947142025
0,3534124.752232634,3552386.543719344,18261.791486709844,0.005167274153288792
0,2074359.509888007,2084754.795667303,10395.285779295955,0.0050113231239541445
0,3535486.9591477336,3542173.9743472887,6687.015199555084,0.0018913986324438487
0,2074359.6661397028,2084755.5513292248,10395.885189522058,0.005011611708045003
0,3537889.9077808727,3527249.472547802,10640.435233070515,0.0030075653879644564
0,2324737.8294524685,2328694.0875535225,3956.2581010540016,0.0017018082860490963
0,3540051.112560638,3521238.124470219,18812.98809041921,0.005314326684060542
0,2580637.555267254,2576586.679347935,4050.875919318758,0.0015697190452222355
0,3540717.3742358605,3524008.6257822937,16708.748453566805,0.00471902913662314
0,2258346.2508599213,2250882.6143991137,7463.63646080764,0.003304912370264602
0,3541203.479921515,3538843.977718953,2359.5022025620565,0.0006662995266836096
0,2053340.2734277872,2051173.315263753,2166.9581640341785,0.0010553332012607538
0,3541028.419368129,3555118.558334401,14090.138966271654,0.003979109257978205
0,1699579.1531809426,1704718.6285669608,5139.475386018166,0.003023969419958519
0,3540943.225405238,3559261.9304878805,18318.70508264238,0.005173397006540799
0,1505574.8936266215,1513966.1097974153,8391.216170793865,0.005573429927873694
0,3541146.385026392,3547765.8659929326,6619.480966540519,0.001869304526503268
0,1699580.5572964125,1704720.215516519,5139.658220106503,0.003024074497699805
0,3541089.2140992577,3530312.3232307737,10776.890868484043,0.003043383043153672
0,2053339.8556415045,2051173.5711463282,2166.284495176282,0.0010550053315453185
0,3540051.228965366,3521238.5773010105,18812.651664355304,0.005314231475077718
0,2258347.5982336686,2250884.008889071,7463.589344597422,0.0033048895353553864
0,3537886.6470059385,3527245.9272026983,10640.71980324015,0.0030076485950292484
0,2184975.8307403503,2179520.134334037,5455.696406313218,0.0024969138466234783
0,3535489.579938881,3542177.249719628,6687.669780747034,0.0018915823762271264
0,1876102.150668437,1877833.8042363022,1731.653567865258,0.0009230060139573354
0,3534124.6720464383,3552385.6769579346,18261.004911496304,0.0051670517047499205
0,1555355.858278902,1562861.6637164573,7505.805437555304,0.004825780156742358
0,3534603.824277283,3548687.578741835,14083.754464551806,0.003984535513660147
0,1555355.6477041875,1562862.350090737,7506.702386549441,0.0048263574942681775
0,3536641.036567625,3534407.79027681,2233.246290815063,0.0006314597008076537
0,1876098.969868361,1877831.187274307,1732.217405945994,0.0009233081163450228
0,3539064.8112648875,3522443.518048966,16621.293215921614,0.004696521285232141
0,2184973.46247536,2179517.2139319708,5456.248543389142,0.0024971692503797044
0,3541090.604998771,3530314.433252797,10776.171745974105,0.0030431787683607844
0,2643089.2328603733,2636826.8076830767,6262.425177296624,0.002369358211383342
0,3541146.6462348835,3547765.264562916,6618.6183280325495,0.001869060784328088
0,2470082.952205414,2469688.8874214226,394.06478399131447,0.00015953504056998315
0,3540943.447570307,3559262.4881744683,18319.0406041611,0.005173491436789563
0,2184641.429321433,2192417.388209223,7775.958887789864,0.003559375366329631
0,3541029.4972243244,3555119.2326325537,14089.735408229288,0.0039789940804711415
0,2037246.584362519,2048600.4492663844,11353.864903865382,0.00557314219644067
0,3541201.8483030237,3538842.630275085,2359.218027938623,0.0006662195856102306
0,2184642.7255473463,2192418.420430613,7775.6948832669295,0.0035592524087977753
0,3540717.3606546065,3524008.7300833855,16708.630571221,0.0047189958613731075
0,2470083.2400762336,2469687.891800467,395.34827576670796,0.00016005463676378227
0,3539067.183935417,3522445.5491348063,16621.634800610598,0.004696614654861528
0,2643090.694252577,2636827.7062453376,6262.988007239532,0.0023695698452037427
0,3536637.0012675873,3534404.0046203723,2232.9966472149827,0.000631389833453261
0,2580635.6907736403,2576584.484649158,4051.2061244822107,0.0015698481343051228
0,3534603.814925629,3548687.1747788377,14083.35985320853,0.003984423881889816
0,2324737.049692803,2328693.8951710872,3956.8454782841727,0.0017020615208102959
0,3534124.2653568853,3552386.4719965574,18262.206639672164,0.005167392334980049
0,2074359.3858439014,2084753.5167558256,10394.130911924178,0.005010766689155739
0,3535486.6228612983,3542173.9743472887,6687.3514859904535,0.0018914939297884615
0,2074358.3413542684,2084754.0031104889,10395.661756220507,0.005011507196694656
0,3537890.566467141,3527249.741578442,10640.824888698757,0.0030076749658552748
0,2324734.325033454,2328690.993614093,3956.6685806387104,0.0017019874219742386
0,3540050.7276115674,3521237.9272314524,18812.80038011493,0.005314274237196516
0,2580633.293919973,2576581.9133914947,4051.3805284784175,0.00156991717421594
0,3540717.6244582734,3524008.625782294,16708.99867597921,0.0047190994731006455
0,2258350.8456761925,2250886.9619774246,7463.883698767982,0.0033050151233402158
0,3541203.2863729475,3538843.9777189526,2359.308653994929,0.0006662449069427569
0,2053343.4137913038,2051176.3346964528,2167.079094850924,0.001055390481833537
0,3541028.2613278492,3555118.629915261,14090.36858741194,0.003979174281463711
0,1699579.905422541,1704719.075009204,5139.169586662902,0.003023788155100143
0,3540943.8901645853,3559261.94726314,18318.057098554913,0.005173213037754032
0,1505574.0176621487,1513964.9943342346,8390.976672085933,0.005573274095892954
0,3541146.3923153607,3547765.8408177434,6619.448502382729,0.0018692953549583802
0,1699580.924451796,1704720.6619605853,5139.7375087891705,0.0030241204963200002
0,3541088.639189681,3530312.3316295855,10776.307560095564,0.003043218811535184
0,2053343.0636983097,2051176.5905837147,2166.47311459505,0.0010550955429206165
0,3540051.581153483,3521238.5941106053,18812.987042877823,0.005314325684697464
0,2258351.9255242036,2250888.3152037608,7463.610320442822,0.0033048924908859745
0,3537886.4432766284,3527245.893573867,10640.54970276123,0.003007600688536074
0,2184979.4329926153,2179524.0556743164,5455.37731829891,0.002496763693023443
0,3535489.474698469,3542177.249719628,6687.77502115909,0.0018916121993912795
0,1876103.79509202,1877835.5808256418,1731.7857336218003,0.0009230756518654443
0,3534125.1083813384,3552385.8282607263,18260.719879387878,0.005166970415416746
0,1555355.0800365792,1562860.9573310518,7505.877294472652,0.0048258287710714436
0,3534603.1484394087,3548687.3725184295,14084.224079020787,0.0039846691375350655
0,1555354.2101716031,1562861.54279171,7507.33262010687,0.0048267671576100865
0,3536641.0746741924,3534408.059306064,2233.0153681281954,0.0006313943996519094
0,1876100.7913315517,1877832.8717552572,1732.0804237055127,0.0009232342055973329
0,3539064.962810022,3522443.249041425,16621.71376859676,0.004696639915702226
0,2184977.6426976174,2179521.8182393215,5455.824458295945,0.0024969703816099804
0,3541090.0925864624,3530314.4332527975,10775.659333664924,0.0030430345040428582
0,2643088.0321367467,2636823.889057579,6264.143079167698,0.002370009247896139
0,3541146.671755307,3547765.2645629155,6618.592807608657,0.001869053564033227
0,2470081.5948185674,2469686.592946552,395.00187201518565,0.00015991450357096375
0,3540943.301500785,3559262.6268440285,18319.325343243312,0.005173572063545579
0,2184639.579529739,2192416.20315312,7776.623623380903,0.0035596826571524824
0,3541029.7697549528,3555119.1822980824,14089.412543129642,0.003978902595926117
0,2037245.3890934906,2048600.0155855573,11354.626492066775,0.005573519298585441
0,3541201.6258508796,3538842.6050896244,2359.020761255175,0.0006661639213181909
0,2184641.7206944833,2192417.407459004,7775.686764520593,0.0035592503296370047
0,3540717.5827340665,3524008.7486928715,16708.83404119499,0.004719053031135227
0,2470081.0829440933,2469685.8356096926,395.24733440065756,0.0001600139109318475
0,3539067.253229398,3522445.547328726,16621.705900671892,0.004696634652959644
0,2643087.925968757,2636825.0188916153,6262.907077141572,0.002369541707488245
0,3536637.0746209654,3534403.9962132084,2233.0784077569842,0.0006314129385176769
0,2580633.653654499,2576582.213376778,4051.4402777208015,0.0015699401083076852
0,3534603.0459839366,3548687.1747788386,14084.128794902004,0.003984642295520166
0,2324735.986428755,2328692.2998602637,3956.313431508839,0.0017018334359707244
0,3534124.156734549,3552386.471996556,18262.31526200706,0.005167423229092503
0,2074357.7353970953,2084752.8874503614,10395.152053266065,0.005011262944612645
0,3535486.9318372407,3542173.9743472897,6687.042510048952,0.001891406371731088
0,2074357.5557180725,2084753.3535054268,10395.797787354328,0.0050115746722149135
0,3537890.810155749,3527249.741578442,10641.06857730681,0.0030077436383171923
0,2324732.8697896264,2328689.4466462014,3956.576856574975,0.0017019490316463844
0,3540051.1423028377,3521237.855516477,18813.286786360666,0.005314411015577148
0,2580630.9686355414,2576579.5304159843,4051.4382195570506,0.0015699409442099233
0,3540718.0178602897,3524008.6257822937,16709.39207799593,0.004719210056748227
0,2258346.5377524965,2250882.6143991156,7463.923353380989,0.003305038986978976
0,3541204.5859111273,3538843.9777189526,2360.6081921746954,0.0006666116387532373
0,2053340.7050639149,2051173.315263751,2167.3898001639172,0.0010555431910635855
0,3541027.824402895,3555118.629915262,14090.805512367282,0.003979298161754304
0,1699579.072717014,1704718.6285669603,5139.555849946337,0.0030240169065685425
0,3540943.2130552004,3559261.94726314,18318.734207939822,0.0051734052498780495
0,1505574.9659317345,1513966.1841616167,8391.218229882186,0.00557343102785269
0,3541146.3234741716,3547765.8408177444,6619.517343572807,0.0018693148316668501
0,1699580.3549879782,1704720.2155165186,5139.860528540332,0.0030241938920132364
0,3541088.9631096995,3530312.365224837,10776.597884862684,0.003043300520583062
0,2053340.5773428623,2051173.5711463278,2167.006196534494,0.0010553564374297425
0,3540051.150473419,3521238.5436818306,18812.606791588478,0.005314218917168083
0,2258347.33819461,2250884.2393496316,7463.098844978493,0.0033046727218430075
0,3537886.9651510804,3527245.927202698,10641.037948382553,0.003007738249751612
0,2184975.527640057,2179520.225527854,5455.302112202626,0.002496733736004254
0,3535489.385022976,3542177.216092948,6687.8310699719,0.0018916281005687246
0,1876101.7416683831,1877833.7478367966,1732.0061684134416,0.0009231941583686181
0,3534124.365130664,3552385.845072147,18261.47994148312,0.005167186565832115
0,1555355.4143734067,1562861.6889445435,7506.274571136804,0.004826083158723433
0,3534603.517670131,3548687.372518429,14083.854848298244,0.003984564259581159
0,1555355.7839507433,1562862.2603907199,7506.476439976599,0.004826211801462863
0,3536640.6912639085,3534408.059306065,2232.631957843434,0.0006312860572345975
0,1876099.053398459,1877831.06696525,1732.01356679108,0.0009231994247071467
0,3539064.169969434,3522443.249041425,16620.920928008854,0.004696416942378416
0,2184973.848578313,2179517.9272923907,5455.921285922173,0.002497019032732201
0,3541092.176258354,3530314.4332527975,10777.74300555652,0.0030436211397763366
0,2643094.6648338074,2636831.6149116,6263.04992220737,0.002369589710704205
0,3541146.264812268,3547765.2645629165,6618.999750648625,0.0018691686972719633
0,2470088.017925715,2469692.6666201926,395.3513055224903,0.00016005555375087042
0,3540943.165099497,3559262.6268440275,18319.461744530592,0.005173610784011506
0,2184643.850589925,2192419.3400988183,7775.489508893341,0.003559156567691208
0,3541029.2724335683,3555119.1822980824,14089.909864514135,0.0039790436001764145
0,2037248.4288181756,2048601.5685700595,11353.139751883922,0.005572781203944759
0,3541202.0565070817,3538842.6050896244,2359.4514174573123,0.0006662854533029931
0,2184644.9813322574,2192420.544405409,7775.563073151745,0.003559188398844553
0,3540717.1126925442,3524008.7150842072,16708.397608336993,0.004718930396456062
0,2470087.466778789,2469691.6562155318,395.81056325742975,0.00016024151718546284
0,3539066.7441777717,3522445.547328726,16621.19684904581,0.004696491490698743
0,2643095.9752888395,2636832.5837889863,6263.391499853227,0.002369717769771398
0,3536637.2942014644,3534404.063470534,2233.2307309303433,0.0006314559693729021
0,2580640.377588762,2576589.2133690533,4051.1642197086476,0.0015698290451046414
0,3534603.0825001723,3548687.145357528,14084.062857355457,0.003984623599488634
0,2324739.799401188,2328697.2308251625,3957.431423974689,0.001702311555467005
0,3534125.2505726884,3552386.4677937008,18261.21722101234,0.005167110933052867
0,2074358.7230497359,2084754.8007423498,10396.077692613937,0.0050117067877871934
0,3535486.5626595556,3542173.974347289,6687.4116877336055,0.0018915109898488844
0,2074359.716462159,2084755.3023209963,10395.585858837236,0.005011467286188439
0,3537890.2112022657,3527249.741578442,10640.46962382365,0.0030075748507209176
0,2324737.0746110864,2328693.700810829,3956.626199742779,0.0017019671785484375
0,3540049.8603253723,3521237.855516477,18812.00480889529,0.005314050804687323
0,2580637.2639387264,2576587.2750930013,4049.988845725078,0.0015693754803585752
0,3540718.5943858647,3524008.6257822933,16709.96860357141,0.0047193721156113914
0,1717002.9795765497,1716997.6015694672,5.378007082501426,3.132206027870586e-06
0,3541203.994481066,3538843.9777189526,2360.0167621131986,0.0006664447362510782
0,1525903.8440829504,1527745.272724927,1841.4286419765558,0.0012067789521057481
0,3541027.119663764,3555118.558334401,14091.438670637086,0.003979477760106828
0,1000341.940689548,1004161.4154471564,3819.4747576083755,0.003818169170209503
0,3540944.6617397172,3559262.0188316475,18317.35709193023,0.005173014221275813
0,336951.5997597522,338830.571004241,1878.9712444887846,0.005576383212985183
0,3541146.4640975255,3547765.9079515855,6619.443854060024,0.0018692940044057213
0,658556.9633644553,661809.8106535078,3252.847289052559,0.004939356001088071
0,3541088.620105383,3530312.2980343434,10776.322071039584,0.0030432229258128196
0,1297895.5976620745,1301103.559650351,3207.961988276569,0.002471664126186371
0,3540051.3903253493,3521238.5436818306,18812.846643518656,0.005314286310908514
0,1668668.4324599772,1669193.5150586576,525.0825986803975,0.00031467161987736085
0,3537887.512258624,3527245.8599450462,10641.652313577943,0.0030079114377450063
0,1667909.5179800577,1668450.2675895826,540.7496095248498,0.00032420800031151046
0,3535489.561180707,3542177.3169729994,6687.755792292301,0.0018916067143071602
0,1296320.5591446965,1299541.5194029263,3220.9602582298685,0.002484694264476555
0,3534124.3454566337,3552385.811449306,18261.46599267237,0.005167182647704168
0,657734.0934974455,660980.2999961147,3246.2064986692276,0.004935439003029019
0,3534604.132427624,3548687.5070158276,14083.374588203616,0.00398442769276426
0,337130.2321415921,339005.77137041994,1875.5392288278672,0.005563248412679155
0,3536641.352025455,3534407.7902768096,2233.5617486452684,0.0006315488414922522
0,998932.4014128002,1002752.9562014851,3820.554788684938,0.003824637966774818
0,3539062.410507937,3522443.3835451007,16619.026962836273,0.004695884117073556
0,1524572.064699489,1526434.9471734439,1862.882473954931,0.0012219051608571398
10000000000,3540736.3517179145,3524204.8247490115,16531.52696890291,0.0046689516887870085
10000000000,2256791.619064323,2249371.70599113,7419.913073193282,0.0032878148830903643
10000000000,3541204.5080248914,3539216.419333443,1988.0886914483272,0.0005614159495570011
10000000000,2046804.4728772566,2044792.4537173302,2012.0191599263344,0.0009830050630571354
10000000000,3541022.160586849,3555361.2536138087,14339.093026959803,0.004049421996439414
10000000000,1692692.381509346,1697954.7688096908,5262.3873003448825,0.0031088857950979246
10000000000,3540947.0403154376,3559170.039964659,18222.999649221543,0.005146363230441929
10000000000,1505671.4889395798,1514058.9964877563,8387.50754817645,0.0055706092662242265
10000000000,3541150.7824681574,3547417.144797595,6266.362329437863,0.001769583594254705
10000000000,1706533.750296416,1711548.5402815605,5014.789985144511,0.0029385823657302225
10000000000,3541078.854735451,3529998.1910751304,11080.663660320453,0.0031291773255775956
10000000000,2059804.050896946,2057483.4369291312,2320.6139678149484,0.001126618799882655
10000000000,3540016.7814045125,3521209.748312265,18807.033092247322,0.00531269602761193
10000000000,2259775.451888369,2252272.1438998445,7503.307988524437,0.0033203776871964597
10000000000,3537836.225721961,3527504.2473755777,10331.9783463832,0.0029204230176807485
10000000000,2180558.8957391893,2175219.0919323284,5339.803806860931,0.0024488234724110887
10000000000,3535445.7805256303,3542481.5393633517,7035.758837721311,0.001990062717543719
10000000000,1868527.5672464669,1870414.0145935297,1886.4473470628727,0.0010095903213474197
10000000000,3534114.7717233235,3552461.878000239,18347.10627691541,0.005191429102334698
10000000000,1551167.6733690817,1558740.7306178787,7573.057248797035,0.004882165467224198
10000000000,3534632.9243031684,3548466.575757318,13833.651454149745,0.003913744864150771
10000000000,1559695.0066875354,1567131.8410065416,7436.834319006186,0.0047681336973697565
10000000000,3536692.7974144327,3534088.8298370717,2603.967577361036,0.0007362719146160267
10000000000,1883659.8186922,1885237.0121541764,1577.1934619764797,0.0008373027052578445
10000000000,3539110.288510893,3522316.9377709078,16793.35073998524,0.004745076974431098
10000000000,2189281.3557278835,2183711.9953355314,5569.3603923521005,0.0025439217201484008
10000000000,3541098.465615569,3530632.043100118,10466.422515450977,0.0029556993732540956
10000000000,2641770.745477057,2635553.6247014967,6217.120775560383,0.0023533914841795556
10000000000,3541142.651877785,3548111.583679526,6968.931801741011,0.0019679895691424774
10000000000,2464655.2592620393,2464432.2945684143,222.96469362499192,9.046486026274986e-05
10000000000,3540941.5605312744,3559347.0155740934,18405.455042819027,0.005197898561211362
10000000000,2179287.5448167045,2187199.884504154,7912.339687449392,0.0036307001828503006
10000000000,3541034.2667315393,3554871.678320301,13837.411588761955,0.003907731624843671
10000000000,2037318.1244305512,2048669.707626306,11351.583195754793,0.005571826539818204
10000000000,3541200.892358573,3538470.588538596,2730.3038199772127,0.0007710107116116554
10000000000,2190063.986857747,2197700.454104914,7636.467247166671,0.0034868694672813175
10000000000,3540695.8473004596,3523818.6950955726,16877.15220488701,0.00476662015963746
10000000000,2475469.7413114724,2474903.041979573,566.6993318991736,0.0002289259781454422
10000000000,3539022.726888813,3522578.2157009593,16444.511187853757,0.004646624917921981
10000000000,2644320.7314198976,2638014.210135122,6306.521284775808,0.002384930545618591
10000000000,3536586.2818941525,3534724.3686707215,1861.91322343098,0.0005264718785352981
10000000000,2576902.38298978,2572979.4714886686,3922.9115011114627,0.0015223360911948915
10000000000,3534574.629979531,3548903.304209849,14328.67423031805,0.004053860996111158
10000000000,2318630.132216677,2322759.3435901348,4129.211373457685,0.0017808840297913494
10000000000,3534135.3893099157,3552303.926892876,18168.537582960445,0.005140871976188802
10000000000,2071218.0946562882,2081687.8225629348,10469.727906646673,0.005054865025396608
10000000000,3535529.8121303455,3541867.093696696,6337.281566350721,0.0017924559834307182
10000000000,2077617.81069234,2087937.377197533,10319.566505193012,0.004967018694239123
10000000000,3537941.332503162,3526995.4899200443,10945.842583117541,0.00309384513602806
10000000000,2330850.393707828,2334633.2934513297,3782.8997435015626,0.0016229697769164283
10000000000,3540086.621780038,3521273.6478770855,18812.97390295239,0.005314269370474554
10000000000,2584292.901294442,2580116.0864123055,4176.814882136416,0.0016162312252006336
10000000000,3540739.7134601097,3524204.824749011,16534.88871109858,0.0046698967021612066
10000000000,2256792.039412357,2249371.163767922,7420.875644434709,0.003288240792610657
10000000000,3541203.30930797,3539216.4193334435,1986.8899745265953,0.0005610776340641333
10000000000,2046804.5808073236,2044792.0817833482,2012.4990239753388,0.0009832394566859659
10000000000,3541023.2592586894,3555361.119389969,14337.860131279565,0.004049072565053184
10000000000,1692692.7314039825,1697954.7688096901,5262.037405707641,0.0031086784435726328
10000000000,3540945.9671895895,3559170.308369802,18224.34118021233,0.0051467436524248325
10000000000,1505670.4684361238,1514059.2937326466,8388.825296522817,0.005571488232239777
10000000000,3541150.9037289345,3547417.1447975957,6266.241068661213,0.0017695492903345858
10000000000,1706533.78038795,1711548.54028156,5014.759893610142,0.0029385646807824255
10000000000,3541078.4224299127,3529998.056691798,11080.365738114808,0.003129093574412109
10000000000,2059803.8923540225,2057483.8197791944,2320.072574828053,0.0011263560494473022
10000000000,3540017.4186061746,3521209.8827904304,18807.535815744195,0.005312837082917339
10000000000,2259775.848216367,2252271.5993279396,7504.248888427392,0.00332079347354317
10000000000,3537835.1004531845,3527504.112860118,10330.987593066413,0.002920143901490222
10000000000,2180558.0609079753,2175219.091932328,5338.968975647353,0.0024484415578570873
10000000000,3535447.566465308,3542481.606616527,7034.040151218884,0.001989575582435075
10000000000,1868527.7446225376,1870413.7958352931,1886.0512127554975,0.0010093782220699644
10000000000,3534113.8839077074,3552461.911623045,18348.027715337463,0.0051916911333513265
10000000000,1551166.2280298169,1558740.7777340624,7574.5497042455245,0.0048831321668640175
10000000000,3534632.4980532853,3548466.4748840267,13833.97683074139,0.003913837389986233
10000000000,1559695.008020799,1567131.862261318,7436.854240518995,0.004768146465991524
10000000000,3536692.348037453,3534088.9643518515,2603.3836856014095,0.000736106912733321
10000000000,1883659.7764061298,1885236.8959532818,1577.1195471519604,0.0008372634840464538
10000000000,3539108.6612119316,3522316.803267913,16791.857944018673,0.00474465735625887
10000000000,2189282.6735272147,2183712.4851221666,5570.188405048102,0.0025442984007514277
10000000000,3541101.3282182864,3530632.0431001177,10469.285118168686,0.0029565053772229477
10000000000,2641759.707509638,2635544.304340439,6215.403169198893,0.0023527511421764
10000000000,3541141.4314799285,3548111.449413855,6970.017933926545,0.0019682969654825693
10000000000,2464648.5643457808,2464425.01988767,223.54445811081678,9.07003381109447e-05
10000000000,3540941.338069939,3559347.149775671,18405.811705731787,0.005197999613222692
10000000000,2179284.220615001,2187195.7794836885,7911.5588686876,0.003630347429604631
10000000000,3541034.17014366,3554871.6783203008,13837.508176640607,0.003907759008176761
10000000000,2037316.4976963645,2048667.8479876802,11351.350291315699,0.005571716669526263
10000000000,3541200.921098387,3538470.454213814,2730.4668845729902,0.0007710567531779789
10000000000,2190060.1154313665,2197696.725837219,7636.6104058525525,0.0034869409985800333
10000000000,3540696.213332719,3523818.8295323993,16877.38380031986,0.004766685076445415
10000000000,2475462.6627600724,2474894.8735532304,567.7892068419605,0.00022936690396650592
10000000000,3539021.969672068,3522578.215700959,16443.753971109167,0.004646411949975228
10000000000,2644311.856138178,2638004.5384700876,6307.317668090574,0.0023852397187758122
10000000000,3536585.9956197958,3534724.368670721,1861.6269490746781,0.0005263909746236563
10000000000,2576893.520306888,2572971.172103705,3922.348203183152,0.0015221227312163176
10000000000,3534574.726924328,3548903.3042098493,14328.577285521198,0.004053833457353287
10000000000,2318624.4145007683,2322754.0022638324,4129.587763064075,0.0017810507545928831
10000000000,3534135.855814363,3552303.926892877,18168.071078514215,0.005140739298016541
10000000000,2071216.6377963852,2081685.4310424163,10468.79324603104,0.00505441731926653
10000000000,3535529.546905783,3541867.0264431154,6337.4795373324305,0.0017925121126137532
10000000000,2077614.7117742116,2087934.993347788,10320.281573576387,0.004967370280490178
10000000000,3537942.9902960826,3526995.422662514,10947.567633568775,0.0030943312720402532
10000000000,2330844.412314257,2334627.2182369377,3782.8059226805344,0.0016229336899088208
10000000000,3540083.3603698076,3521273.782352367,18809.578017440625,0.0053133149993043445
10000000000,2584284.832851405,2580106.808053997,4178.02479740791,0.001616704453122542
10000000000,3540739.3945026267,3524204.824749011,16534.56975361565,0.004669807040667077
10000000000,2256800.480456979,2249379.5682499115,7420.912207067478,0.0032882446947923457
10000000000,3541202.708305195,3539216.4864934846,1986.2218117103912,0.0005608890468348785
10000000000,2046808.7056934892,2044797.8467804224,2010.858913066797,0.0009824361736752963
10000000000,3541024.0745098107,3555361.1193899694,14337.044880158734,0.004048841402509649
10000000000,1692694.2920400968,1697955.5276288,5261.235588703072,0.0031082018846782067
10000000000,3540946.4639445534,3559170.174167236,18223.71022268245,0.0051465647414453
10000000000,1505669.2369495013,1514056.6878916249,8387.450942123542,0.005570580002761156
10000000000,3541150.512725653,3547417.27906741,6266.766341757029,0.0017696978197443087
10000000000,1706534.7919564224,1711549.5433835753,5014.751427152893,0.002938557977715668
10000000000,3541079.146145026,3529998.0566917984,11081.089453227818,0.003129297311891822
10000000000,2059810.1774745986,2057489.5625520828,2320.614922515815,0.001126615912424014
10000000000,3540017.1909327116,3521209.7483122647,18807.442620446905,0.005312811098381018
10000000000,2259783.699225658,2252280.8570772717,7502.842148386408,0.0033201594254164
10000000000,3537835.754089943,3527504.112860118,10331.641229825094,0.0029203281180821125
10000000000,2180565.0319741527,2175226.817671461,5338.214302691631,0.002448087639862193
10000000000,3535446.518836593,3542481.7411229187,7035.222286325879,0.001989910538553686
10000000000,1868531.077004056,1870417.0772248155,1886.000220759539,0.001009349132037714
10000000000,3534115.6252845414,3552461.83176888,18346.206484338734,0.005191173246591679
10000000000,1551166.3728901614,1558739.2700197257,7572.897129564313,0.004882066335317954
10000000000,3534631.670470779,3548466.554742049,13834.88427127013,0.003914095034809513
10000000000,1559692.8311736928,1567130.5311850468,7437.70001135394,0.0047686953884098805
10000000000,3536692.4997250056,3534088.897094448,2603.6026305574924,0.0007361687878603907
10000000000,1883663.0413336728,1885240.6144011798,1577.573067507008,0.0008375027979473724
10000000000,3539108.369533019,3522316.8032679125,16791.566265106667,0.0047445753313629935
10000000000,2189288.870104243,2183719.8319450025,5569.038159240503,0.002543765802351762
10000000000,3541099.4409023733,3530632.0431001177,10467.397802255582,0.002955973978406037
10000000000,2641759.3331420566,2635543.6615578383,6215.671584218275,0.002352853080233269
10000000000,3541142.462009705,3548111.516546684,6969.054536978714,0.001968024334447015
10000000000,2464647.5557566686,2464424.392760992,223.16299567651004,9.054560160347024e-05
10000000000,3540942.6112219,3559346.876905053,18404.265683152713,0.005197561130989867
10000000000,2179282.775753728,2187195.651201967,7912.875448239036,0.0036309539708550597
10000000000,3541033.6282995506,3554871.749901889,13838.121602338273,0.0039079328396504145
10000000000,2037316.2029771162,2048667.5339206972,11351.33094358095,0.0055717079788563635
10000000000,3541201.3554259907,3538470.7228634874,2730.6325625032187,0.0007711034444057293
10000000000,2190058.8705407768,2197696.335245522,7637.464704745449,0.0034873330609873424
10000000000,3540695.574167075,3523818.5606589373,16877.01350813778,0.004766581355164369
10000000000,2475462.498429637,2474894.873553231,567.6248764060438,0.00022930053546201117
10000000000,3539021.4905162347,3522578.2157009584,16443.274815276265,0.004646277186883568
10000000000,2644310.8365042983,2638003.2489167736,6307.587587524671,0.0023853427140445855
10000000000,3536586.9007588243,3534724.503185175,1862.3975736494176,0.0005266087405486386
10000000000,2576893.124842164,2572969.9864790803,3923.1383630838245,0.0015224295975891972
10000000000,3534575.2115418473,3548903.30420985,14328.092668002471,0.004053695793829859
10000000000,2318624.176837392,2322753.6207410856,4129.443903693464,0.0017809888920101028
10000000000,3534135.113919502,3552303.893270003,18168.77935050102,0.0051409407860332455
10000000000,2071216.8424681087,2081685.2716077704,10468.429139661603,0.005054241026346226
10000000000,3535529.894980321,3541867.0600699047,6337.16508958349,0.0017924229967849735
10000000000,2077615.2037063243,2087934.8123614425,10319.60865511815,0.004967045214488549
10000000000,3537940.444774122,3526995.4899200443,10944.95485407766,0.0030935949954286
10000000000,2330844.6238727514,2334626.9242754206,3782.300402669236,0.0016227166598453302
10000000000,3540085.7111155037,3521273.715114701,18811.99600080261,0.005313994500679711
10000000000,2584283.03332487,2580106.5087525696,4176.524572300259,0.0016161250600043035
10000000000,3540739.092040567,3524204.8583571636,16534.23368340358,0.004669712524306533
10000000000,2256792.2784404424,2249371.5026574032,7420.775783039164,0.0032881961950735204
10000000000,3541203.4486879376,3539216.452913461,1986.995774476789,0.0005611074888151363
10000000000,2046803.1546499645,2044792.3607338183,2010.793916146271,0.000982407082761287
10000000000,3541024.186090624,3555361.1193899694,14336.93329934543,0.004048809764039977
10000000000,1692693.1586521696,1697954.793287359,5261.634635189315,0.003108439712356943
10000000000,3540946.255770178,3559170.1025984604,18223.846828282345,0.005146603622855198
10000000000,1505669.485677343,1514059.0658514684,8389.580174125265,0.005571993225559136
10000000000,3541150.144251397,3547417.3506720676,6267.206420670729,0.001769822279590357
10000000000,1706533.826373735,1711548.5402815605,5014.713907825528,0.0029385376547041227
10000000000,3541078.8484529685,3529998.056691798,11080.791761170607,0.0031292135067852553
10000000000,2059804.197268062,2057484.2026294414,2319.994638620643,0.0011263180460053795
10000000000,3540016.9084628765,3521209.748312265,18807.160150611307,0.005312731728950309
10000000000,2259775.605308384,2252272.143899842,7503.4614085420035,0.0033204453534748336
10000000000,3537835.55290969,3527504.1128601176,10331.440049572382,0.0029202714187987902
10000000000,2180558.170381382,2175219.09193233,5339.078449052293,0.0024484916392386274
10000000000,3535447.07468701,3542481.741122919,7034.666435908992,0.0019897530035948184
10000000000,1868528.8362934086,1870414.0145935295,1885.1783001208678,0.0010089104666216907
10000000000,3534114.8694185126,3552461.810754625,18346.941336112563,0.005191382287789442
10000000000,1551167.6342637422,1558740.5892693715,7572.955005629221,0.004882099676624381
10000000000,3534632.1653925697,3548466.542132887,13834.376740317326,0.003913950898701457
10000000000,1559694.3602302142,1567131.819751768,7437.459521553712,0.004768536523050534
10000000000,3536691.8804973257,3534088.9307231456,2602.9497741800733,0.0007359843215445868
10000000000,1883659.6225200037,1885237.0775171963,1577.4549971926026,0.0008374416366595185
10000000000,3539109.1555001843,3522316.803267913,16792.35223227134,0.004744796358194854
10000000000,2189282.156396963,2183712.576957182,5569.5794397811405,0.0025440208442329523
10000000000,3541099.6380420984,3530632.059897439,10467.578144659288,0.002956024742203214
10000000000,2641768.966284973,2635553.8657456497,6215.100539323408,0.0023526283405711614
10000000000,3541142.2519777096,3548111.5165466834,6969.264568973798,0.0019680837631082175
10000000000,2464655.8396275835,2464432.451350556,223.38827702729031,9.063670206427074e-05
10000000000,3540941.4271460706,3559347.01110664,18405.583960569464,0.005197935164774528
10000000000,2179287.0528362095,2187199.7882926166,7912.73545640707,0.003630882607277057
10000000000,3541034.1998601863,3554871.678320301,13837.478460114915,0.00390775058333559
10000000000,2037317.0677180595,2048669.5795233995,11352.51180533995,0.005572285230033228
10000000000,3541201.2365046325,3538470.5258477465,2730.710656885989,0.0007711255233778683
10000000000,2190063.8021540176,2197700.454104914,7636.651950896252,0.003486954098499455
10000000000,3540695.6276065037,3523818.8295323993,16876.798074104358,0.0047665204381075275
10000000000,2475470.032005576,2474903.3142383294,566.7177672465332,0.0002289333984735779
10000000000,3539021.9616727442,3522578.2157009584,16443.74597178586,0.004646409700157272
10000000000,2644321.046766518,2638013.9092099764,6307.137556541711,0.002385163316025523
10000000000,3536586.649179165,3534724.2341563744,1862.415022790432,0.0005266137119028867
10000000000,2576902.7248087116,2572979.7876299494,3922.937178762164,0.0015223458538014356
10000000000,3534575.139916465,3548903.3042098493,14328.16429338418,0.004053716140187306
10000000000,2318630.4285537563,2322758.9620663435,4128.533512587193,0.0017805914481862305
10000000000,3534135.0465888176,3552304.027761492,18168.981172674336,0.005140997990501585
10000000000,2071219.1924322844,2081687.8225629348,10468.630130650476,0.005054332331846009
10000000000,3535529.5741754184,3541867.055866556,6337.481691137422,0.001792512707976851
10000000000,2077617.4222522636,2087937.4599342183,10320.03768195468,0.004967246409960854
10000000000,3537941.7196468716,3526995.4689020617,10946.250744809862,0.0030939601644716826
10000000000,2330849.758529963,2334633.18321542,3783.4246854572557,0.00162319543403064
10000000000,3540084.811181976,3521273.7235194063,18811.087662569713,0.005313739264989248
10000000000,2584293.2905559423,2580115.974173938,4177.316382004414,0.001616425038624689
10000000000,3540738.601736037,3524204.849955124,16533.75178091321,0.004669577068695964
10000000000,2256791.7228973447,2249371.4348795004,7420.288017844316,0.0032879808723854684
10000000000,3541203.7058411413,3539216.4445184562,1987.2613226850517,0.0005611824361888885
10000000000,2046804.356164103,2044792.2909961913,2012.0651679115836,0.000983027597069598
10000000000,3541023.918199343,3555361.203279867,14337.285080523696,0.004048909414826656
10000000000,1692691.9735857695,1697954.7994067797,5262.825821010163,0.0031091456113314484
10000000000,3540945.7004959406,3559170.1696997476,18224.469203806948,0.0051467801952609585
10000000000,1505669.7731082172,1514058.9915402443,8389.218432027148,0.005571751908593431
10000000000,3541150.5200515166,3547417.010527839,6266.49047632236,0.0017696199133131441
10000000000,1706533.5458985453,1711548.5402815605,5014.994383015204,0.0029387024914149266
10000000000,3541079.0624471996,3529998.325458621,11080.736988578457,0.003129197849912079
10000000000,2059805.6364570085,2057483.4369291314,2322.19952787715,0.0011273876946329144
10000000000,3540016.900855224,3521209.7483122647,18807.152542959433,0.005312729591323662
10000000000,2259776.1456819954,2252272.1438998445,7504.001782150939,0.0033206836865189793
10000000000,3537835.2727955957,3527504.184595732,10331.088199863676,0.0029201721966269096
10000000000,2180558.348276107,2175219.091932328,5339.256343779154,0.0024485730216759535
10000000000,3535447.3729450423,3542481.472110189,7034.099165146705,0.0019895923834067062
10000000000,1868528.177365694,1870414.1312549817,1885.9538892877754,0.0010093259026720425
10000000000,3534114.7367667533,3552461.94524585,18347.208479096647,0.005191458072434262
10000000000,1551167.1610479115,1558740.7777340617,7573.616686150199,0.00488252773545937
10000000000,3534632.6031313664,3548466.542132887,13833.93900152063,0.0039138265711873435
10000000000,1559694.2869969343,1567131.8410065416,7437.554009607295,0.00476859732808774
10000000000,3536691.2148848823,3534088.930723146,2602.2841617362574,0.0007357962580346332
10000000000,1883659.6995786221,1885237.070254638,1577.3706760159694,0.0008373968378517785
10000000000,3539109.8420664696,3522316.803267913,16793.038798556663,0.004744989431792059
10000000000,2189282.5460711154,2183712.6075688554,5569.938502260018,0.002544184400618287
10000000000,3541100.1572032566,3530632.059897439,10468.09730581753,0.0029561709189511263
10000000000,2641758.7343384684,2635543.6615578383,6215.072780630086,0.002352626945013744
10000000000,3541141.477281745,3548111.466197061,6969.988915315829,0.001968288745318964
10000000000,2464647.395713457,2464424.455473653,222.94023980386555,9.045522706071699e-05
10000000000,3540942.044116187,3559347.0446570353,18405.000540848356,0.0051977694951068345
10000000000,2179282.060146414,2187195.651201967,7913.591055552941,0.0036312835315228855
10000000000,3541034.2283932697,3554871.812546905,13837.584153635427,0.003907780400053963
10000000000,2037316.0426035556,2048667.5959086874,11351.553305131849,0.005571817561808089
10000000000,3541201.825854033,3538470.4542138134,2731.371640219819,0.0007713120501289396
10000000000,2190060.004094972,2197696.725837219,7636.721742247231,0.0034869920129896427
10000000000,3540695.787507079,3523818.8295324,16876.957974679302,0.004766565383625339
10000000000,2475462.512851841,2474894.8735532304,567.6392986103892,0.00022930636019062313
10000000000,3539021.553050998,3522578.2157009593,16443.33735003881,0.004646294774854642
10000000000,2644311.202575647,2638004.538470087,6306.664105559699,0.002384993150358702
10000000000,3536586.5528102447,3534724.2341563734,1862.3186538713053,0.00052658647711915
10000000000,2576892.863794448,2572971.1721037054,3921.691690742504,0.001521868349997234
10000000000,3534575.071020326,3548903.3759356635,14328.304915337358,0.004053756003886828
10000000000,2318624.123933982,2322752.857695815,4128.733761833049,0.0017806826553792064
10000000000,3534135.0871287757,3552303.926892877,18168.83976410143,0.0051409579193143614
10000000000,2071216.8490918644,2081685.3566325328,10468.50754066836,0.005054278862813583
10000000000,3535530.2324084444,3541867.0264431154,6336.794034671038,0.0017923178754306226
10000000000,2077615.6637580825,2087934.853729749,10319.18997166655,0.00496684259349525
10000000000,3537941.041561056,3526995.4562912746,10945.585269781295,0.0030937726607653537
10000000000,2330843.950186247,2334626.8262882577,3782.8761020107195,0.001622964120660436
10000000000,3540084.785545292,3521273.7487335275,18811.036811764352,0.005313724939180185
10000000000,2584283.9009217503,2580106.359101867,4177.5418198835105,0.0016165181458559891
10000000000,3540738.6090738703,3524204.858357163,16533.750716707204,0.004669576758458269
10000000000,2256799.3334752317,2249379.5682499115,7419.765225320123,0.0032877381321690094
10000000000,3541203.7053905497,3539216.419333443,1987.286057106685,0.000561189421010027
10000000000,2046809.4251367308,2044797.9397646026,2011.485372128198,0.000982741894494563
10000000000,3541023.061929898,3555361.2200578474,14338.158127949573,0.0040491569462230825
10000000000,1692692.9538217764,1697955.5276288,5262.573807023466,0.003108994927368004
10000000000,3540946.1971546267,3559170.035497171,18223.838342544157,0.0051466013115895855
10000000000,1505669.7937825192,1514056.7622028906,8386.968420371413,0.005570257472790104
10000000000,3541151.0317342044,3547417.2790674097,6266.247333205305,0.001769550995439057
10000000000,1706533.6195663565,1711549.4179943753,5015.79842801881,0.0029391735214061377
10000000000,3541078.7603239547,3529998.0566917984,11080.703632156365,0.0031291886970462777
10000000000,2059808.4543482284,2057489.5625520828,2318.891796145588,0.0011257803079943857
10000000000,3540016.6769739944,3521209.7483122647,18806.928661729675,0.005312666684329248
10000000000,2259782.5989216724,2252279.767927319,7502.83099435363,0.003320156106137752
10000000000,3537835.5477789575,3527504.3818911933,10331.16588776419,0.002920193928813357
10000000000,2180565.0751360874,2175225.8519513537,5339.223184733652,0.0024485502614043446
10000000000,3535446.95635798,3542481.4721101895,7034.5157522093505,0.0019897104493560034
10000000000,1868531.2821406517,1870417.5147460063,1886.2326053546276,0.0010094733887428937
10000000000,3534114.119998718,3552461.8824773347,18347.762478616554,0.005191615736116413
10000000000,1551166.018475799,1558739.320272587,7573.301796788117,0.00488232833016144
10000000000,3534633.2438365556,3548466.575757318,13833.331920762546,0.003913654109626264
10000000000,1559694.9929689679,1567130.5657238476,7435.572754879715,0.004767324886211041
10000000000,3536691.8148483606,3534088.8970944476,2602.917753912974,0.000735975281472066
10000000000,1883664.0423088155,1885240.61440118,1576.5720923645422,0.0008369709549862886
10000000000,3539109.8369572004,3522316.803267913,16793.03368928749,0.004744987994982811
10000000000,2189289.241350687,2183719.8319450025,5569.409405684564,0.0025439349449543286
10000000000,3541100.106366718,3530632.0431001177,10468.063266600482,0.0029561613487795605
10000000000,2641758.8515412477,2635543.3401665813,6215.511374666356,0.0023527928641329694
10000000000,3541142.2151699206,3548111.482980268,6969.26781034749,0.0019680846989120634
10000000000,2464647.4686426125,2464424.5181863154,222.95045629702508,9.04593695989364e-05
10000000000,3540943.098002944,3559347.044657035,18403.946654090658,0.005197470319268981
10000000000,2179283.0762552433,2187195.587061111,7912.510805867612,0.0036307861480134205
10000000000,3541031.8707438055,3554871.812546905,13839.941803099588,0.00390844881048542
10000000000,2037317.0273964712,2048667.6114056844,11350.58400921314,0.005571339097733985
10000000000,3541201.249620803,3538470.454213814,2730.7954069892876,0.0007711494531076722
10000000000,2190059.0753345843,2197696.4595327126,7637.384198128246,0.0034872959748638065
10000000000,3540695.375631177,3523818.8295323993,16876.54609877756,0.004766449611827758
10000000000,2475462.486762657,2474894.8735532314,567.6132094254717,0.00022929582349186838
10000000000,3539022.4338331674,3522578.21570096,16444.218132207636,0.004646542495746957
10000000000,2644310.804492484,2638004.538470087,6306.26602239674,0.00238484296614561
10000000000,3536587.577995083,3534724.234156373,1863.3438387098722,0.0005268762041420208
10000000000,2576892.797054587,2572971.172103707,3921.624950879719,0.001521842490057085
10000000000,3534575.117690257,3548903.375935664,14328.258245407138,0.004053742746531369
10000000000,2318624.3643628974,2322752.857695815,4128.493332917802,0.0017805787760934763
10000000000,3534135.884891887,3552303.9268928766,18168.04200098943,0.005140731028101147
10000000000,2071217.0819533258,2081685.3566325335,10468.274679207709,0.0050541658672181656
10000000000,3535529.1821911363,3541867.0264431164,6337.844251980074,0.0017926154545420013
10000000000,2077616.430946147,2087934.8537297489,10318.422783601796,0.004966471495849108
10000000000,3537941.113326129,3526995.4899200443,10945.62340608472,0.003093783377246321
10000000000,2330843.6771434154,2334626.826288258,3783.149144842755,0.0016230814541278995
10000000000,3540084.596221007,3521273.715114701,18810.881106305867,0.005313681239817329
10000000000,2584284.248599313,2580106.8080539983,4177.440545314923,0.0016164787397435492
10000000000,3540738.9818035867,3524204.757532743,16534.2242708439,0.004669710011332627
10000000000,2256792.618109732,2249372.2482145363,7420.3698951955885,0.0032880158485323386
10000000000,3541203.645380403,3539216.4864934855,1987.158886917401,0.0005611535189481984
10000000000,2046804.5573136602,2044792.6396843889,2011.91762927128,0.0009829554180355315
10000000000,3541023.8388656816,3555361.1697239075,14337.330858225934,0.004048922433354389
10000000000,1692692.4656930356,1697954.8422427692,5262.37654973357,0.0031088792892919304
10000000000,3540945.3959523956,3559170.1864750693,18224.790522673633,0.005146871381723686
10000000000,1505668.4671619383,1514058.8614955975,8390.394333659206,0.005572537724373289
10000000000,3541149.763821936,3547417.144797595,6267.380975659005,0.0017698717630328824
10000000000,1706532.8601820765,1711548.6656678643,5015.805485787801,0.002939178965034782
10000000000,3541078.6510107387,3529998.056691798,11080.59431894077,0.003129157923611216
10000000000,2059805.6105801282,2057484.2026294416,2321.4079506865237,0.00112700341176016
10000000000,3540017.6509201634,3521209.7483122647,18807.902607898694,0.005312940347348246
10000000000,2259778.122775933,2252272.688471947,7505.434303985909,0.0033213147026869
10000000000,3537835.8689208357,3527504.381891193,10331.487029642798,0.0029202844372750014
10000000000,2180558.121922115,2175219.574789571,5338.547132543754,0.0024482480328650628
10000000000,3535446.5402144706,3542481.472110189,7034.931895718444,0.0019898283896244927
10000000000,1868529.0117700708,1870414.4521104586,1885.4403403878678,0.0010090506106735675
10000000000,3534114.8590865675,3552461.882477336,18347.02339076856,0.005191405520846756
10000000000,1551167.5062487307,1558740.5892693717,7573.083020641003,0.004882182607702623
10000000000,3534633.0091172922,3548466.5757573186,13833.566640026402,0.00391372077506883
10000000000,1559694.6908128867,1567131.7559874593,7437.065174572635,0.004768282676333637
10000000000,3536690.9400284733,3534088.8298370717,2602.11019140156,0.0007357471250740985
10000000000,1883659.8609888328,1885237.4769581438,1577.6159693109803,0.0008375269877454448
10000000000,3539110.068027541,3522316.937770908,16793.13025663281,0.004745014970950636
10000000000,2189283.4607409686,2183712.974908994,5570.48583197454,0.002544433341715008
10000000000,3541099.9962347746,3530632.0431001177,10467.953134656884,0.0029561303396649008
10000000000,2641769.0648915665,2635553.624701499,6215.440190067515,0.0023527568221874957
10000000000,3541142.086123147,3548111.5165466843,6969.430423537269,0.0019681306917473684
10000000000,2464655.670353119,2464432.2945684157,223.3757847030647,9.06316397012411e-05
10000000000,3540940.4942824645,3559347.0111066396,18406.516824175138,0.005198199984974622
10000000000,2179287.3313710405,2187199.756222106,7912.424851065502,0.0036307396171057493
10000000000,3541034.2799299294,3554871.6783203008,13837.398390371352,0.003907727883008568
10000000000,2037316.281733084,2048669.5795233995,11353.297790315468,0.005572673174072686
10000000000,3541201.9838719047,3538470.5885385955,2731.395333309192,0.0007713187064022594
10000000000,2190062.7875722824,2197700.454104913,7637.6665326305665,0.0034874189799357466
10000000000,3540696.4727427303,3523818.695095573,16877.7776471572,0.004766795961497135
10000000000,2475469.5870308755,2474903.0419795723,566.5450513032265,0.00022886366864347188
10000000000,3539019.560595058,3522578.2157009593,16441.344894098584,0.0046457343941139735
10000000000,2644322.143815742,2638014.210135123,6307.9336806186475,0.002385463395740556
10000000000,3536588.7898276844,3534724.3686707206,1864.4211569637991,0.0005271806443334456
10000000000,2576902.0675897165,2572979.47148867,3922.59610104654,0.0015222138824683806
10000000000,3534573.846227797,3548903.3042098493,14329.457982052118,0.004054083633687536
10000000000,2318630.7340307287,2322759.3435901343,4128.609559405595,0.0017806240117538609
10000000000,3534135.2399936933,3552303.9986157264,18168.758622033056,0.005140934737422634
10000000000,2071219.2704605027,2081687.822562935,10468.552102432353,0.005054294468834696
10000000000,3535529.4732755907,3541866.9591895496,6337.485913958866,0.0017925139535288116
10000000000,2077618.5047876933,2087937.3358291918,10318.831041498575,0.004966663041227115
10000000000,3537941.996027559,3526995.4899200443,10946.506107514724,0.003094032101093117
10000000000,2330849.9904930135,2334632.901501456,3782.9110084422864,0.0016229748906501434
10000000000,3540084.808974241,3521273.7823523665,18811.026621874422,0.00531372202558193
10000000000,2584293.2665589093,2580116.086412307,4177.180146602448,0.001616372336938575
10000000000,3540737.967073716,3524204.824749011,16533.142324705143,0.004669405778809763
10000000000,2256790.369082681,2249371.1637679203,7419.205314760562,0.0032875030912934335
10000000000,3541203.928933258,3539216.419333444,1987.5095998141915,0.0005612525117729955
10000000000,2046804.3895955302,2044792.0817833492,2012.3078121810686,0.0009831461288680944
10000000000,3541023.957285603,3555361.186501887,14337.229216284119,0.0040488935938390045
10000000000,1692692.1720775347,1697954.7688096908,5262.596732156118,0.0031090099068025122
10000000000,3540945.9733403474,3559170.169699747,18224.196359399706,0.005146702744579842
10000000000,1505670.5784114827,1514059.140162691,8388.561751208268,0.005571312790118005
10000000000,3541150.889659056,3547417.1447975948,6266.255138538778,0.0017695532706153891
10000000000,1706534.2931736312,1711548.5402815603,5014.247107929084,0.002938263314125449
10000000000,3541077.4875859246,3529998.0566917984,11079.430894126184,0.00312883040062459
10000000000,2059802.1606047433,2057483.4369291314,2318.7236756118946,0.001125702128077744
10000000000,3540016.8355202335,3521209.8827904304,18806.952729803044,0.005312673245250037
10000000000,2259776.8629725925,2252271.59932794,7505.263644652441,0.0033212410338513444
10000000000,3537836.8400425008,3527504.112860118,10332.727182382718,0.002920634175503297
10000000000,2180559.1861705594,2175219.091932328,5340.094238231424,0.0024489563374840363
10000000000,3535446.4391406826,3542481.6066165264,7035.167475843802,0.0019898950802812202
10000000000,1868527.910190098,1870413.7958352924,1885.8856451944448,0.0010092895240738369
10000000000,3534114.452384987,3552462.0169685553,18347.564583568368,0.005191559252187367
10000000000,1551167.186339139,1558740.7777340624,7573.591394923395,0.0048825113512087565
10000000000,3534633.0997815873,3548466.4412595974,13833.341478010174,0.003913656973015096
10000000000,1559695.4130118242,1567131.7559874589,7436.342975634616,0.00476781742999089
10000000000,3536691.7988873753,3534088.8298370712,2602.969050304033,0.0007359897888537852
10000000000,1883659.342650629,1885237.0121541766,1577.669503547484,0.0008375556385516262
10000000000,3539110.0843956256,3522316.9377709078,16793.14662471786,0.004745019573920835
10000000000,2189281.7506443253,2183711.9953355314,5569.755308793858,0.0025441016475630093
10000000000,3541100.341299893,3530632.043100118,10468.298199774697,0.002956227497335452
10000000000,2641758.709585535,2635543.340166582,6215.36941895308,0.002352739255254772
10000000000,3541142.0717013655,3548111.4494138546,6969.377712489106,0.001968115814438538
10000000000,2464647.730072146,2464424.2673356766,223.46273646922782,9.066721127837874e-05
10000000000,3540942.0448978115,3559347.0782074295,18405.03330961801,0.005197778748211385
10000000000,2179283.2977358205,2187195.522920257,7912.225184436422,0.003630654716923163
10000000000,3541035.174771505,3554871.6783203008,13836.503548795823,0.003907474189292305
10000000000,2037316.054547195,2048667.6578966747,11351.603349479614,0.005571842093004353
10000000000,3541198.362633291,3538470.588538596,2727.7740946952254,0.000770296892565716
10000000000,2190062.2880198024,2197696.193228251,7633.905208448414,0.003485702324636069
10000000000,3540698.016627195,3523818.6950955726,16879.321531622205,0.004767229922562315
10000000000,2475461.216562598,2474894.873553231,566.3430093671195,0.00022878282462188523
10000000000,3539021.32054442,3522578.2157009593,16443.10484346049,0.004646229382119402
10000000000,2644310.082309848,2638003.89369337,6306.18861647835,0.0023848143448327325
10000000000,3536586.4153709495,3534724.3686707206,1862.046700228937,0.0005265096003694367
10000000000,2576893.8041978343,2572969.986479083,3923.817718751263,0.0015226928297779484
10000000000,3534574.085097604,3548903.3042098493,14329.219112245366,0.0040540157787779625
10000000000,2318623.8707923484,2322753.2392184134,4129.368426064961,0.0017809565743208806
10000000000,3534135.8728135237,3552303.8641242357,18167.99131071195,0.0051407167026231
10000000000,2071216.0250591845,2081685.2716077704,10469.246548585827,0.005054637672710489
10000000000,3535529.0513158487,3541867.0936966967,6338.042380847968,0.0017926715602829182
10000000000,2077615.0835669353,2087934.5227833134,10319.439216378145,0.004966963947268474
10000000000,3537941.866187764,3526995.4899200443,10946.376267719548,0.003093995515396806
10000000000,2330842.96255611,2334626.6303139473,3783.667757837102,0.001623304451917154
10000000000,3540084.7505795145,3521273.782352367,18810.96822714759,0.005313705617942683
10000000000,2584283.0654667374,2580105.9101497983,4177.155316939112,0.0016163691093896062
10000000000,3540738.529767276,3524204.824749011,16533.705018264707,0.004669563956576999
10000000000,2256799.8030204186,2249379.839363026,7419.963657392655,0.0032878253744359803
10000000000,3541204.1719753896,3539216.4193334435,1987.7526419460773,0.0005613211058760415
10000000000,2046810.0610931986,2044798.0327487942,2012.028344404418,0.000983006866465077
10000000000,3541023.7785987696,3555361.11938997,14337.340791200288,0.004048925307379258
10000000000,1692692.7796530665,1697955.5521072273,5262.772454160731,0.0031091126029611743
10000000000,3540944.6289590313,3559170.2368010324,18225.607842001133,0.005147103316145078
10000000000,1505668.335267764,1514056.817936339,8388.4826685749,0.005571268566980333
10000000000,3541151.596188921,3547417.144797595,6265.548608674202,0.0017693533977526823
10000000000,1706534.6491081212,1711549.543383575,5014.894275453873,0.0029386419303439196
10000000000,3541080.4845753605,3529998.056691798,11082.427883562632,0.003129674101404
10000000000,2059809.7748368962,2057489.3711256562,2320.40371124004,0.0011265135934330531
10000000000,3540014.5615861705,3521209.8827904304,18804.67879574001,0.005312034306241446
10000000000,2259783.5551786604,2252280.3125021956,7503.242676464841,0.0033203368788439686
10000000000,3537836.9875983787,3527504.112860118,10332.874738260638,0.0029206757616254656
10000000000,2180566.2402224187,2175226.8176714582,5339.422550960444,0.002448640381782587
10000000000,3535446.6516722157,3542481.6066165264,7034.95494431071,0.0019898348461808288
10000000000,1868530.0585632732,1870417.2959853348,1887.2374220616184,0.0010100118076306086
10000000000,3534115.153464354,3552462.0169685553,18346.863504201174,0.0051913598475184
10000000000,1551166.6802323542,1558739.2700197257,7572.589787371457,0.004881867231854887
10000000000,3534632.6700892043,3548466.441259598,13833.771170393564,0.00391377901513156
10000000000,1559692.9325047047,1567130.3956867293,7437.463182024658,0.0047685432350333635
10000000000,3536692.0543297855,3534088.964351851,2603.089977934491,0.0007360239279944278
10000000000,1883662.79919901,1885240.7306033194,1577.9314043093473,0.0008376931396534088
10000000000,3539108.712668227,3522316.803267913,16791.909400314093,0.004744671826612026
10000000000,2189289.049553687,2183720.3217347455,5568.7278189416975,0.0025436238399296563
10000000000,3541099.930753724,3530632.0431001177,10467.887653606478,0.0029561119026026428
10000000000,2641760.059723311,2635544.6257317835,6215.4339915276505,0.0023527624958409863
10000000000,3541142.1060103793,3548111.4494138556,6969.34340347629,0.0019681061066844016
10000000000,2464648.3801103923,2464425.772439885,222.60767050739378,9.032025513409061e-05
10000000000,3540942.5842646053,3559347.061432232,18404.477167626843,0.005197620896033011
10000000000,2179283.461628142,2187196.0360471606,7912.5744190188125,0.003630814695903456
10000000000,3541032.8879711027,3554871.6950986255,13838.80712752277,0.003908127251382847
10000000000,2037316.15691385,2048667.8903516133,11351.733437763294,0.005571905665814299
10000000000,3541201.561021156,3538470.655701028,2730.9053201279603,0.0007711804236696611
10000000000,2190060.8777221134,2197696.7924133525,7635.91469123913,0.0034866221158113466
10000000000,3540696.8155572983,3523818.6278772308,16878.187680067495,0.004766911305680631
10000000000,2475462.2455524565,2474896.4051312124,565.8404212440364,0.00022857970153277617
10000000000,3539021.2462012935,3522578.2157009593,16443.030500334222,0.004646208473030164
10000000000,2644312.9170147865,2638005.183246924,6307.733767862432,0.0023853961183169458
10000000000,3536586.079293976,3534724.368670721,1861.7106232549995,0.0005264146217605032
10000000000,2576894.275581254,2572971.468509932,3922.8070713221096,0.0015223003553132834
10000000000,3534576.105784995,3548903.3042098493,14327.198424854316,0.004053441769553406
10000000000,2318624.556237467,2322753.811502449,4129.2552649821155,0.0017809072425605799
10000000000,3534134.4638231657,3552303.864124236,18169.40030107042,0.005141117432587744
10000000000,2071218.041516249,2081685.5904770691,10467.548960820073,0.005053813143283183
10000000000,3535529.6990458737,3541867.0936966967,6337.394650822971,0.0017924880259196326
10000000000,2077615.028231748,2087934.941974825,10319.913743077079,0.00496719247928252
10000000000,3537941.8089303966,3526995.489920045,10946.319010351785,0.003093979381662333
10000000000,2330844.344138005,2334627.4142113053,3783.070073300507,0.0016230470656759216
10000000000,3540084.3436570214,3521273.782352367,18810.56130465446,0.005313591281619732
10000000000,2584284.654533823,2580107.1073554526,4177.547178370412,0.0016165197479470375
10000000000,3540738.480859563,3524204.6903165225,16533.790543040726,0.004669588175579384
10000000000,2256791.124895659,2249371.163767921,7419.961127738003,0.0032878368963282145
10000000000,3541203.8266598294,3539216.5536535527,1987.2730062766932,0.0005611857163701162
10000000000,2046803.8093622182,2044791.7098495495,2012.0995126687922,0.0009830446393862048
10000000000,3541023.8809570363,3555361.1193899694,14337.23843293311,0.004048896283935304
10000000000,1692692.1872154947,1697954.7688096908,5262.581594196148,0.003109000935871972
10000000000,3540944.333298534,3559170.20325039,18225.869951855857,0.005147177768501578
10000000000,1505669.6956976592,1514059.1773183027,8389.48162064352,0.005571926993427476
10000000000,3541152.0619527684,3547417.111230151,6265.049277382437,0.0017692121568842133
10000000000,1706534.02955183,1711548.5246083017,5014.495056471787,0.0029384090616632443
10000000000,3541078.2463285755,3529998.123883445,11080.12244513072,0.003129025024120464
10000000000,2059803.7943661022,2057483.0540792507,2320.7402868515346,0.001126680265955008
10000000000,3540017.248754808,3521209.8155513224,18807.433203485794,0.0053128083514568354
10000000000,2259775.8442282174,2252271.59932794,7504.24490027735,0.0033207917145606446
10000000000,3537835.8719208012,3527504.2473755786,10331.624545222614,0.002920323304770284
10000000000,2180558.544811912,2175218.6090752785,5339.935736633372,0.0024488843692541066
10000000000,3535446.1460850686,3542481.5393633507,7035.393278282136,0.0019899591133845126
10000000000,1868528.2787759856,1870413.7958352927,1885.5170593070798,0.0010090920649818706
10000000000,3534115.8058576467,3552461.94524585,18346.139388203155,0.005191153996084455
10000000000,1551168.173147751,1558740.7777340624,7572.604586311383,0.004881872073834822
10000000000,3534632.526850767,3548466.5129857697,13833.986135002691,0.0039138399904128885
10000000000,1559694.4309972627,1567131.801327208,7437.370329945348,0.004768479121381437
10000000000,3536691.948515201,3534088.9643518515,2602.9841633494943,0.0007359940309311637
10000000000,1883659.517237988,1885237.0121541764,1577.4949161882978,0.0008374628757225617
10000000000,3539109.2692921422,3522316.803267913,16792.466024229303,0.004744828358347909
10000000000,2189281.50263484,2183712.485122167,5569.017512673046,0.0025437649319973847
10000000000,3541100.0159321697,3530632.0431001177,10467.972832052037,0.0029561358857288353
10000000000,2641766.41662798,2635551.0535649196,6215.363063060213,0.002352729985489658
10000000000,3541141.967666566,3548111.4494138546,6969.4817472887225,0.001968145251143732
10000000000,2464653.642113507,2464430.7894603466,222.8526531602256,9.04194607113734e-05
10000000000,3540941.491575921,3559347.044657035,18405.553081113845,0.005197926349503822
10000000000,2179286.0507295732,2187198.6016841345,7912.550954561215,0.003630799615274131
10000000000,3541034.61581293,3554871.7118769507,13837.09606402088,0.003907642134372143
10000000000,2037316.8502416206,2048669.1146138678,11352.264372247271,0.005572164374383357
10000000000,3541200.3861657395,3538470.6557010277,2729.7304647117853,0.0007708489119610147
10000000000,2190063.2994994796,2197699.455460937,7636.15596145764,0.0034867284261613893
10000000000,3540696.728103083,3523818.627877231,16878.10022585187,0.004766886723702614
10000000000,2475468.143604233,2474901.4784897286,566.6651145042852,0.00022891230330245006
10000000000,3539021.614609378,3522578.2829532023,16443.331656175666,0.004646293085155574
10000000000,2644319.1413930985,2638011.5504245698,6307.5909685287625,0.0023853365011024174
10000000000,3536586.4669867796,3534724.3686707206,1862.0983160589822,0.0005265241875014908
10000000000,2576900.024064211,2572977.5448437654,3922.4792204457335,0.0015221697325530365
10000000000,3534574.8990990263,3548903.2369613284,14328.337862302084,0.0040537655223983
10000000000,2318628.5374304615,2322757.8174954117,4129.2800649502315,0.0017809148806243716
10000000000,3534135.14319977,3552303.864124236,18168.720924466383,0.005140924211521976
10000000000,2071218.7219461366,2081687.1051066169,10468.383160480298,0.005054214240900694
10000000000,3535529.6069830987,3541867.0936966967,6337.486713598017,0.0017925141119114697
10000000000,2077617.1783517485,2087936.5967076053,10319.41835585679,0.004966948898662635
10000000000,3537941.3422157755,3526995.4899200443,10945.852295731194,0.0030938478728072755
10000000000,2330848.473529154,2334631.33370273,3782.860173576046,0.0016229541373182406
10000000000,3540085.1589074098,3521273.782352367,18811.376555042807,0.00531382034912647
10000000000,2584290.473136679,2580113.093390522,4177.379746156745,0.0016164513198419434
10000000000,3540738.540800854,3524204.6903165225,16533.850484331604,0.004669605025563941
10000000000,2256793.236267309,2249373.3326619444,7419.903605364729,0.003287808331806728
10000000000,3541203.8896127013,3539216.5536535527,1987.3359591485932,0.0005612034836452037
10000000000,2046805.3966516638,2044793.197585836,2012.1990658277646,0.0009830925153507454
10000000000,3541023.6281177755,3555361.1193899694,14337.491272193845,0.004048967975911223
10000000000,1692692.2242173948,1697954.9646317228,5262.740414327942,0.0031090946948498775
10000000000,3540945.4559791745,3559170.203250391,18224.747271216474,0.005146859079809463
10000000000,1505669.2301585427,1514058.6199841015,8389.389825558756,0.005571867749914353
10000000000,3541150.485829708,3547417.1196220107,6266.633792302571,0.0017696604020018848
10000000000,1706533.9379164726,1711548.7753812196,5014.837464747019,0.0029386098648994307
10000000000,3541079.250090362,3529998.1322824038,11081.117807958275,0.003129305227403624
10000000000,2059805.3359258873,2057484.6333361878,2320.702589699533,0.0011266611214289196
10000000000,3540017.211462275,3521209.8323610947,18807.37910118047,0.005312793124362157
10000000000,2259777.1693617217,2252273.8254795745,7503.343882147223,0.0033203910473467418
10000000000,3537835.354223821,3527504.2137466986,10331.140477122273,0.002920186906037876
10000000000,2180559.6185762696,2175220.7517549125,5338.866821357049,0.002448392961088998
10000000000,3535447.078888057,3542481.6066165264,7034.527728469577,0.001989713767878552
10000000000,1868529.217162584,1870414.725558848,1885.5083962639328,0.001009086921919868
10000000000,3534114.6311969,3552461.8780002394,18347.24680333957,0.005191469071597687
10000000000,1551167.5141310596,1558740.353688668,7572.839557608357,0.004882025628193062
10000000000,3534632.4876550636,3548466.5129857683,13834.025330704637,0.003913851122859556
10000000000,1559694.916017272,1567131.5859493953,7436.669932123274,0.004768028577738161
10000000000,3536691.940999924,3534088.964351852,2602.9766480722465,0.0007359919075497173
10000000000,1883660.6542149186,1885238.065700454,1577.4114855353255,0.0008374180784663503
10000000000,3539109.5584843885,3522316.803267913,16792.755216475576,0.004744909683911287
10000000000,2189283.7268946837,2183714.705469034,5569.021425649524,0.0025437641349249493
10000000000,3541099.9349977137,3530632.0431001177,10467.891897595953,0.00295611309755445
10000000000,2641761.5089307716,2635546.2540866467,6215.254844124895,0.0023526933915546605
10000000000,3541141.751124668,3548111.4494138546,6969.698289186694,0.0019682065218013696
10000000000,2464649.5495441766,2464426.039991887,223.5095522897318,9.068613926514163e-05
10000000000,3540941.768030889,3559347.0782074295,18405.31017654063,0.005197857344820384
10000000000,2179284.53486712,2187196.6859968007,7912.151129680686,0.003630618674657425
10000000000,3541034.349049172,3554871.6783203008,13837.329271128867,0.003907708287225292
10000000000,2037316.2185395246,2048668.0298245642,11351.811285039643,0.0055719437079715245
10000000000,3541201.202456173,3538470.647305722,2730.5551504511386,0.0007710816173216108
10000000000,2190060.7713255533,2197697.258446363,7636.487120809499,0.003486883661309293
10000000000,3540695.65315293,3523818.6412683814,16877.0118845487,0.004766580790280578
10000000000,2475464.4464601437,2474897.394275805,567.0521843386814,0.00022906900769653662
10000000000,3539022.1193242692,3522578.252742228,16443.86658204114,0.004646443573283143
10000000000,2644313.4779607174,2638006.49672823,6306.981232487597,0.0023851110260011653
10000000000,3536586.420249901,3534724.3602635707,1862.0599863301031,0.0005265133564016024
10000000000,2576895.5460770437,2572972.7652875013,3922.7807895424776,0.0015222894057597143
10000000000,3534575.612201288,3548903.2705855886,14327.658384300768,0.004053572467042992
10000000000,2318625.648158683,2322754.717619185,4129.069460501894,0.001780826268259803
10000000000,3534135.0697270418,3552304.0613843636,18168.991657321807,0.005141000923523018
10000000000,2071217.7451160299,2081685.869487729,10468.124371699058,0.00505409167934327
10000000000,3535529.8407465126,3541866.824682461,6336.983935948461,0.001792371786235704
10000000000,2077616.388466841,2087935.5156227313,10319.127155890223,0.0049668106264338496
10000000000,3537941.518850598,3526995.4899200443,10946.0289305537,0.0030938976442182213
10000000000,2330845.2664323435,2334628.198108974,3782.9316766303964,0.001622987047278628
10000000000,3540084.74844369,3521273.8540666564,18810.894377033692,0.005313684760033904
10000000000,2584286.431124593,2580108.3045615605,4178.126563032623,0.0016167428318750432
10000000000,3540738.7933338415,3524204.959181689,16533.834152152296,0.004669600079870504
10000000000,2256797.6545819994,2249377.670459497,7419.9841225026175,0.0032878375726054783
10000000000,3541203.381238811,3539216.2850134396,1987.0962253715843,0.0005611358658187102
10000000000,2046807.8706287078,2044796.9169392397,2010.9536894680932,0.0009824828789867799
10000000000,3541023.9509741124,3555361.3251939286,14337.374219816178,0.004048934550660709
10000000000,1692692.7779240445,1697955.3562804908,5262.578356446233,0.0031089979381257677
10000000000,3540945.9310205737,3559170.1025984604,18224.17157788668,0.0051466958075335805
10000000000,1505668.5452181408,1514057.2823817132,8388.73716357234,0.0055714368147054445
10000000000,3541150.4897315726,3547417.0776627096,6266.587931137066,0.0017696474491294743
10000000000,1706534.3165002847,1711549.2926055898,5014.976105305133,0.002938690453989647
10000000000,3541079.093473399,3529998.123883445,11080.969589954242,0.003129263509074874
10000000000,2059808.5567687473,2057487.6482898844,2320.908478862839,0.0011267593151975653
10000000000,3540016.888566224,3521209.8323610947,18807.05620512925,0.00531270239582006
10000000000,2259781.4419151987,2252278.1342038754,7503.3077113232575,0.0033203687631685706
10000000000,3537835.385100085,3527504.2137466986,10331.17135338625,0.0029201956079971713
10000000000,2180563.76457754,2175224.5844448963,5339.180132643785,0.0024485319894684172
10000000000,3535447.383269511,3542481.5898032314,7034.206533720251,0.0019896227467583343
10000000000,1868530.7787041932,1870416.448289172,1885.6695849788375,0.001009172343570669
10000000000,3534114.548704509,3552461.9116230453,18347.36291853618,0.005191502048302798
10000000000,1551166.494051503,1558739.6233896192,7573.129338116152,0.004882215653289313
10000000000,3534632.9080249886,3548466.441259598,13833.533234609291,0.003913711436115983
10000000000,1559693.7794986493,1567130.90579849,7437.126299840631,0.004768324652952859
10000000000,3536691.1762625496,3534088.9643518515,2602.211910698097,0.0007357758370771923
10000000000,1883662.3429442742,1885239.8009873023,1577.4580430281349,0.0008374420441842437
10000000000,3539109.559547032,3522316.803267913,16792.75627911929,0.004744909982743959
10000000000,2189287.5763819125,2183718.3625769382,5569.213804974221,0.002543847535177669
10000000000,3541101.1582370815,3530632.0431001177,10469.115136963781,0.002956457516784348
10000000000,2641759.2150528217,2635543.3401665823,6215.874886239413,0.002352930142467631
10000000000,3541141.8294877536,3548111.449413855,6969.619926101528,0.0019681843489193778
10000000000,2464648.1823857995,2464423.7656344706,224.41675132885575,9.105427416890734e-05
10000000000,3540941.4169294722,3559347.149775671,18405.732846198604,0.005197977226677514
10000000000,2179282.9905132074,2187195.5229202565,7912.53240704909,0.0036307962029225667
10000000000,3541034.108362183,3554871.6783203008,13837.56995811779,0.003907776523654559
10000000000,2037315.4419372415,2048667.5339206974,11352.091983455932,0.00557208361050926
10000000000,3541201.2379478053,3538470.6557010277,2730.5822467776015,0.0007710892613264833
10000000000,2190059.5491365106,2197696.1932282513,7636.644091740716,0.0034869572814819885
10000000000,3540695.4822656396,3523818.627877231,16876.854388408363,0.004766536538637632
10000000000,2475462.440063909,2474895.384079124,567.0559847853146,0.0002290707286072476
10000000000,3539022.373357205,3522578.2493270747,16444.12403013045,0.004646515985297697
10000000000,2644310.53090407,2638003.8936933703,6306.63721069973,0.0023849835853217804
10000000000,3536586.672299553,3534724.368670721,1862.3036288321018,0.0005265822108697814
10000000000,2576893.43322952,2572970.4310882636,3923.002141256351,0.001522376552584018
10000000000,3534574.8631838844,3548903.270585588,14328.407401703764,0.00405378523763873
10000000000,2318624.2472452144,2322753.143837757,4128.896592542529,0.001780752787972489
10000000000,3534135.4033131683,3552304.0613843626,18168.65807119431,0.005140906048523671
10000000000,2071217.2332886953,2081685.2317491097,10467.998460414354,0.005054032137321097
10000000000,3535529.548656714,3541866.824682462,6337.27602574788,0.001792454549886497
10000000000,2077615.2597111715,2087934.8537297489,10319.594018577365,0.004967038035719851
10000000000,3537941.2682154397,3526995.4899200443,10945.77829539543,0.0030938270213051195
10000000000,2330843.6279676924,2334626.6303139473,3783.002346254885,0.001623018507489221
10000000000,3540084.5249252436,3521273.782352367,18810.742572876625,0.005313642214029863
10000000000,2584284.135214201,2580105.9101497983,4178.225064402912,0.0016167823837438043
10000000000,3540740.023967456,3524204.9591816897,16535.064785766415,0.0046699460208430126
10000000000,2256794.039505724,2249373.3326619435,7420.706843780354,0.0032881630817341288
10000000000,3541203.7874823282,3539216.2850134396,1987.5024688886479,0.0005612505204908562
10000000000,2046805.001625903,2044793.9414550667,2011.060170836281,0.000982536279342083
10000000000,3541023.3197465674,3555361.325193929,14338.005447361618,0.0040491135337645265
10000000000,1692692.0875302085,1697954.9646317228,5262.877101514256,0.003109175697272427
10000000000,3540945.518851312,3559170.1025984604,18224.583747148514,0.005146812807518314
10000000000,1505669.332906102,1514058.4713616348,8389.138455532724,0.0055717004206632765
10000000000,3541150.334939821,3547417.077662709,6266.7427228880115,0.0017696912387636628
10000000000,1706533.7613299657,1711548.791054582,5015.0297246163245,0.002938722830017687
10000000000,3541079.454816742,3529998.1238834453,11081.330933296587,0.0031293652330289406
10000000000,2059805.2192390326,2057484.7769051543,2320.442333878251,0.0011265348355295008
10000000000,3540016.4899814455,3521209.8155513224,18806.674430123065,0.005312595148454135
10000000000,2259777.097542667,2252273.7776167467,7503.3199259201065,0.0033203805517275963
10000000000,3537835.9055273905,3527504.2473755786,10331.65815181192,0.0029203327762234816
10000000000,2180560.4214851153,2175220.5405046386,5339.880980476737,0.002448857150603468
10000000000,3535446.3836878417,3542481.5729899374,7035.189302095678,0.0019899012850414766
10000000000,1868528.7275039125,1870414.6708691511,1885.943365238607,0.0010093199732379592
10000000000,3534115.6842421344,3552461.911623045,18346.227380910423,0.005191179072805207
10000000000,1551167.1607109173,1558740.386081004,7573.2253700867295,0.004882275464506247
10000000000,3534632.48302697,3548466.441259598,13833.958232627716,0.00391383214494217
10000000000,1559693.384847233,1567131.5009304136,7438.116083180532,0.004768960460718419
10000000000,3536690.7419056967,3534088.9643518515,2601.777553845197,0.0007356531129558886
10000000000,1883661.1258491485,1885237.941762731,1576.8159135824535,0.0008371016909273582
10000000000,3539109.211936026,3522316.8032679125,16792.408668113407,0.00474481222887364
10000000000,2189284.260055284,2183714.444270649,5569.815784635022,0.0025441263550190474
10000000000,3541100.079590575,3530632.0431001177,10468.036490457132,0.002956153809600167
10000000000,2641766.236995017,2635551.05356492,6215.183430097066,0.0023526621481720408
10000000000,3541141.64356758,3548111.449413855,6969.805846275296,0.0019682369551457576
10000000000,2464653.065576377,2464429.786055464,223.27952091302723,9.059267774095892e-05
10000000000,3540941.969498296,3559347.149775671,18405.18027737504,0.005197820364162253
10000000000,2179285.387752378,2187198.6016841335,7913.213931755628,0.0036311049375304535
10000000000,3541034.050136688,3554871.678320301,13837.628183613066,0.003907793030987351
10000000000,2037316.6202041043,2048669.0877469457,11352.467542841332,0.005572264728152077
10000000000,3541201.044454491,3538470.5885385955,2730.4559158957563,0.0007710536288730743
10000000000,2190063.2631002706,2197699.3888846943,7636.125784423668,0.0034867147050418575
10000000000,3540696.2343980456,3523818.695095573,16877.53930247249,0.004766728966610107
10000000000,2475468.0262801475,2474900.999870577,567.0264095705934,0.0002290582643568442
10000000000,3539022.500490553,3522578.2829532023,16444.217537350953,0.00464654224014444
10000000000,2644318.858099378,2638011.6310218303,6307.2270775479265,0.0023851991442822022
10000000000,3536585.4475432276,3534724.3686707206,1861.0788725069724,0.0005262360828295028
10000000000,2576900.7134676427,2572977.3966403604,3923.3168272823095,0.0015224943696037258
10000000000,3534574.960128211,3548903.249570426,14328.289442215115,0.004053751753420269
10000000000,2318628.8619607845,2322758.008257187,4129.1462964024395,0.0017808569384021912
10000000000,3534135.25078126,3552303.914284299,18168.663503039163,0.005140907807368939
10000000000,2071218.0984711554,2081687.120053622,10469.02158246655,0.005054523997349256
10000000000,3535530.7396317855,3541866.9591895496,6336.219557764009,0.0017921551315443819
10000000000,2077617.0765307893,2087936.6739358043,10319.597405015025,0.0049670353221425755
10000000000,3537941.0299995462,3526995.4899200443,10945.540079501923,0.0030937598978305544
10000000000,2330848.45124976,2334631.3337027277,3782.8824529675767,0.0016229637113211977
10000000000,3540084.556308145,3521273.782352367,18810.77395577822,0.005313651031939036
10000000000,2584291.1534851776,2580113.093390521,4178.060094656423,0.0016167141573896916
10000000000,3540738.9563160487,3524204.9591816897,16533.997134359088,0.0046696458954889565
10000000000,1716936.6122055694,1716930.8899168973,5.722288672113791,3.3328479522391707e-06
10000000000,3541203.7218743283,3539216.2850134396,1987.4368608887307,0.0005612320038556826
10000000000,1518131.5937637168,1520034.1301017844,1902.5363380676135,0.0012532091064325257
10000000000,3541024.099067683,3555361.2536138087,14337.154546125792,0.0040488723445572215
10000000000,986945.308982975,990765.9078882312,3820.598905256251,0.003871135381547426
10000000000,3540944.9518777207,3559170.174167235,18225.222289514262,0.005146993962684917
10000000000,327069.72708649986,328894.4540361761,1824.726949676231,0.005579015110724836
10000000000,3541150.979876383,3547417.144797595,6266.16492121201,0.0017695277486956384
10000000000,672949.8414632679,676248.6492739279,3298.807810659986,0.004902011424041694
10000000000,3541078.9660309376,3529998.0566917984,11080.909339139238,0.0031292466068779633
10000000000,1308764.3547289772,1311926.3111150712,3161.9563860939816,0.0024159860212182877
10000000000,3540017.098197029,3521209.882790431,18807.215406598058,0.005312747053164457
10000000000,1672555.5469560926,1673038.6237103164,483.07675422378816,0.000288825537126672
10000000000,3537834.91205469,3527504.112860117,10330.79919457296,0.0029200908045121524
10000000000,1663833.5207506819,1664418.3832237783,584.8624730964657,0.0003515150198636398
10000000000,3535447.6074945256,3542481.673869716,7034.066375190392,0.001989582976786139
10000000000,1285331.0544576456,1288596.9083039071,3265.8538462615106,0.0025408658998280877
10000000000,3534114.6180929285,3552461.8780002394,18347.25990731083,0.005191472798698119
10000000000,643382.4757024636,646581.3673637958,3198.8916613321053,0.004971990662069965
10000000000,3534633.474235085,3548466.441259599,13832.967024513986,0.0039135506199854345
10000000000,347481.86987444037,349409.9202324014,1928.0503579610377,0.005548635842951237
10000000000,3536691.2024535155,3534088.964351851,2602.238101664465,0.0007357832371283106
10000000000,1012235.588790012,1016053.3256226276,3817.73683261557,0.0037715892178609802
10000000000,3539109.479194881,3522316.803267913,16792.67592696799,0.004744887386413429
10000000000,1532217.7573627548,1534020.869412999,1803.112050244119,0.001176798820911478
20000000000,3540759.0451993705,3524406.887158875,16352.15804049559,0.004618263437797656
20000000000,2255116.1220794497,2247742.5112571316,7373.610822318122,0.003269725558752554
20000000000,3541204.5185406944,3539589.362783809,1615.1557568851858,0.00045610349485004616
20000000000,2040201.8883877338,2038344.8079555503,1857.0804321835749,0.00091024346303842
20000000000,3541018.379728462,3555598.042901584,14579.663173121866,0.004117364444247784
20000000000,1685876.18781609,1691259.3534029636,5383.165586873656,0.003193096637687903
20000000000,3540948.231741301,3559070.9530523787,18122.72131107794,0.0051180418704302524
20000000000,1505953.215973348,1514337.5403687656,8384.324395417701,0.005567453428490893
20000000000,3541154.771276159,3547066.3812689832,5911.609992824029,0.0016694017558271273
20000000000,1713550.253465475,1718438.7515310452,4888.4980655701365,0.002852847796954693
20000000000,3541068.44811724,3529687.9424072662,11380.50570997363,0.0032138621087724416
20000000000,2066197.732545649,2063723.5548313602,2474.1777142887004,0.0011974544717171874
20000000000,3539981.845084758,3521187.7778413384,18794.067243419588,0.005309085771023099
20000000000,2261081.854728022,2253541.7924187,7540.062309321947,0.0033347144392651437
20000000000,3537785.1859547994,3527766.5107642603,10018.6751905391,0.002831906027057207
20000000000,2176038.344264526,2170817.878162678,5220.466101848055,0.0023990689849780695
20000000000,3535404.504086703,3542784.073021751,7379.568935047835,0.0020873336916659812
20000000000,1860945.8201424417,1862985.2805459292,2039.460403487552,0.0010959268031411288
20000000000,3534105.648794689,3552531.138746764,18425.48995207483,0.0052136217145514205
20000000000,1547130.525066415,1554768.241394371,7637.716327955946,0.004936698102849516
20000000000,3534663.0406412105,3548240.6313788365,13577.590737625957,0.003841268766361077
20000000000,1564180.236234263,1571544.6455033177,7364.409269054653,0.004708159007803564
20000000000,3536741.836056241,3533771.304429177,2970.5316270636395,0.0008399062653597661
20000000000,1891206.7268031954,1892628.7851836556,1422.0583804601338,0.0007519317482885188
20000000000,3539153.9872439723,3522196.5040536574,16957.483190314844,0.004791394568146513
20000000000,2193485.231857561,2187804.414955739,5680.816901822109,0.002589858741383587
20000000000,3541108.787247823,3530953.8550304323,10154.932217390742,0.002867726700168179
20000000000,2640336.0391898393,2634172.4141207947,6163.62506904453,0.002334409324252445
20000000000,3541137.934196749,3548454.3087775144,7316.374580765609,0.002066108329221356
20000000000,2459171.2130856644,2459121.2946955706,49.91839009383693,2.0298867288382673e-05
20000000000,3540939.32841867,3559424.9936846322,18485.665265962016,0.005220554082246146
20000000000,2173993.0203207587,2182040.2365471297,8047.216226371005,0.003701583285296698
20000000000,3541039.070116108,3554617.8874549777,13578.817338869907,0.0038346985362193897
20000000000,2037526.4556763736,2048874.2387843246,11347.78310795105,0.00556939178695673
20000000000,3541200.052579947,3538099.6069964548,3100.445583492052,0.0008755352811070974
20000000000,2195540.1467037247,2203035.395182443,7495.248478718102,0.003413851707504004
20000000000,3540673.202624074,3523634.8998885285,17038.302735545672,0.0048121647383097075
20000000000,2480796.993025893,2480059.1954999627,737.7975259302184,0.00029740342640060505
20000000000,3538977.0110223945,3522717.135752753,16259.875269641634,0.004594512826446484
20000000000,2645438.1014882135,2639091.110567407,6346.990920806304,0.002399221103391438
20000000000,3536536.570621659,3535045.495367302,1491.0752543569542,0.0004216201994752313
20000000000,2573075.6689987034,2569284.363591873,3791.3054068302736,0.001473452744709073
20000000000,3534546.3025234407,3549114.027025451,14567.724502010271,0.004121526005080155
20000000000,2312520.692894816,2316820.722316414,4300.029421598185,0.001859455543386037
20000000000,3534147.214155051,3552215.0074165775,18067.793261526618,0.005112348797797969
20000000000,2068195.1765726954,2078734.4191058916,10539.24253319623,0.00509586457437799
20000000000,3535573.247710834,3541558.792874675,5985.545163840987,0.0016929489914305773
20000000000,2080990.5623774312,2091229.7737622098,10239.21138477861,0.004920354551286771
20000000000,3537991.357859671,3526745.2224868494,11246.135372821707,0.0031786780224429727
20000000000,2336957.058900948,2340566.753043794,3609.694142845925,0.0015446129525989384
20000000000,3540119.5141902473,3521316.358138061,18803.156052186154,0.005311446683315468
20000000000,2587856.971548738,2583557.054642984,4299.91690575378,0.0016615744042378189
20000000000,3540758.008019328,3524406.8871588754,16351.120860452764,0.004617971864617614
20000000000,2255114.2822367847,2247741.9703530064,7372.311883778311,0.003269152229600498
20000000000,3541204.3372724466,3539589.3627838087,1614.9744886378758,0.00045605232989231646
20000000000,2040200.0898104946,2038344.8079555498,1855.2818549447693,0.0009093626964388078
20000000000,3541019.0699119414,3555598.177124139,14579.107212197501,0.004117206635817427
20000000000,1685875.3580914205,1691259.311253863,5383.953162442427,0.0031935653704183685
20000000000,3540947.246172577,3559070.818849227,18123.572676649783,0.005118283729372026
20000000000,1505952.332329457,1514337.5403687654,8385.208039308432,0.005568043462795343
20000000000,3541154.9907883955,3547066.3812689832,5911.390480587725,0.0016693396634615038
20000000000,1713550.5510143805,1718438.6819145791,4888.130900198594,0.002852633029883442
20000000000,3541068.7272498417,3529687.9424072667,11380.784842574969,0.00321394068265199
20000000000,2066197.1728725834,2063723.5548313598,2473.6180412236135,0.001197183924990374
20000000000,3539982.249332107,3521187.777841338,18794.47149076918,0.005309199359492596
20000000000,2261081.8311656564,2253541.7924187,7540.03874695627,0.0033347040531784516
20000000000,3537783.9455238385,3527766.5107642603,10017.434759578202,0.0028315563962725042
20000000000,2176037.465919159,2170817.3989038295,5220.067015329376,0.002398886552775606
20000000000,3535405.7869819114,3542784.140274715,7378.353292803746,0.002086989086223809
20000000000,1860946.8254502951,1862985.2805459297,2038.455095634563,0.001095385998007394
20000000000,3534104.9399478124,3552531.1723695383,18426.23242172599,0.005213832847305911
20000000000,1547131.2340747896,1554768.2413943717,7637.007319582161,0.0049362375675578805
20000000000,3534663.8827487896,3548240.665003352,13576.782254562248,0.003841039121378647
20000000000,1564180.3473762125,1571544.6254548135,7364.278078600997,0.004708074801575141
20000000000,3536742.2619780404,3533771.169914182,2971.0920638586394,0.0008400646255169743
20000000000,1891206.1686623723,1892628.7851836556,1422.6165212832857,0.0007522270944629402
20000000000,3539154.518629973,3522196.5040536574,16958.014576315414,0.004791543993642854
20000000000,2193485.5426816023,2187803.9218392563,5681.62084234599,0.002590224887190292
20000000000,3541108.4382850556,3530953.7206541467,10154.717630908825,0.002867666384096024
20000000000,2640326.66942973,2634162.7891579596,6163.880271770526,0.0023345142641390767
20000000000,3541138.7580925548,3548454.4430411593,7315.684948604554,0.002065913099814583
20000000000,2459162.665941715,2459113.339252649,49.3266890658997,2.0058327067603913e-05
20000000000,3540939.8699587956,3559424.9936846322,18485.12372583663,0.005220400346999322
20000000000,2173988.636745566,2182036.4601164744,8047.823370908387,0.0037018700258506774
20000000000,3541039.2066533235,3554617.887454978,13578.6808016547,0.003834659829843586
20000000000,2037524.6513417175,2048872.5002998956,11347.84895817819,0.005569429037683343
20000000000,3541199.938877569,3538099.472669243,3100.4662083261646,0.0008755411334692666
20000000000,2195536.2810667837,2203031.5978404703,7495.316773686558,0.0034138888244855956
20000000000,3540673.7157949368,3523634.8998885285,17038.815906408243,0.004812308976791091
20000000000,2480789.196622468,2480050.957711539,738.2389109288342,0.00029758228225676246
20000000000,3538976.576573458,3522717.2702579936,16259.306315464433,0.004594352622476856
20000000000,2645428.4679292147,2639081.425785083,6347.042144131847,0.0023992492033247746
20000000000,3536536.3801971953,3535045.3608531365,1491.0193440588191,0.00042160441283957065
20000000000,2573067.072726031,2569276.106240206,3790.9664858249016,0.0014733259486347434
20000000000,3534547.505389476,3549114.0942738303,14566.588884354103,0.004121203311638329
20000000000,2312514.068595266,2316815.0779120396,4301.0093167736195,0.001859884605755615
20000000000,3534146.159796274,3552215.0074165775,18068.847620303743,0.005112648657786503
20000000000,2068193.7630939966,2078731.992185999,10538.22909200238,0.005095378044384632
20000000000,3535573.825986338,3541558.8601284176,5985.034142079763,0.0016928041773841582
20000000000,2080987.0543348233,2091227.2545759866,10240.200241163373,0.004920838032044654
20000000000,3537992.417301133,3526745.22248685,11247.194814282935,0.0031789765176666405
20000000000,2336951.566262476,2340560.9944879673,3609.428225491196,0.0015445027948370416
20000000000,3540117.3521193275,3521316.358138061,18800.993981266394,0.0053108391929468065
20000000000,2587848.152140358,2583548.033787438,4300.118352919817,0.0016616579104006834
20000000000,3540759.458895885,3524406.887158876,16352.5717370091,0.004618379736563162
20000000000,2255125.1229024203,2247750.6248427536,7374.498059666716,0.0032701059399203062
20000000000,3541204.5713152424,3539589.3627838087,1615.2085314337164,0.0004561183910461886
20000000000,2040205.9087598089,2038350.486686546,1855.4220732629765,0.0009094288303433265
20000000000,3541018.559882863,3555598.0429015835,14579.483018720523,0.004117313358335747
20000000000,1685874.9179215706,1691260.0067261956,5385.088804624975,0.0031942398260862534
20000000000,3540947.898797695,3559070.818849227,18122.920051531866,0.0051180984780051075
20000000000,1505950.1330109881,1514335.385009828,8385.2519988399,0.005568080785035342
20000000000,3541154.807720507,3547066.515540838,5911.7078203307465,0.0016694293645230943
20000000000,1713551.2025643922,1718439.795790761,4888.593226368772,0.0028529017510844222
20000000000,3541068.9186893483,3529687.8080216656,11381.110667682718,0.0032140325221049907
20000000000,2066203.5482357794,2063729.3778243053,2474.1704114740714,0.001197447566860793
20000000000,3539981.6335515957,3521187.777841338,18793.855710257776,0.0053090263328293774
20000000000,2261089.8659407315,2253549.4308610642,7540.435079667252,0.0033348674872460396
20000000000,3537784.7736230986,3527766.5107642603,10018.262858838309,0.0028317898063025624
20000000000,2176044.8391912794,2170824.108545286,5220.730645993259,0.00239918339547338
20000000000,3535404.4565588646,3542784.2747806846,7379.818221820053,0.002087404231255366
20000000000,1860948.694734968,1862988.2469685543,2039.5522335863207,0.0010959744561237293
20000000000,3534105.7455622084,3552531.096718295,18425.35115608666,0.005213582298498978
20000000000,1547130.7829281718,1554766.6636074053,7635.880679233465,0.004935510794233854
20000000000,3534663.099557319,3548240.673409481,13577.573852161877,0.0038412639252273662
20000000000,1564179.125458797,1571543.4075124494,7364.282053652452,0.004708081020766979
20000000000,3536743.1480805357,3533771.2371716658,2971.9109088699333,0.0008402959402021748
20000000000,1891210.4485085364,1892632.4923192123,1422.043810675852,0.0007519225646185051
20000000000,3539152.643238261,3522196.5040536574,16956.139184603468,0.0047910166341649804
20000000000,2193492.5146798394,2187811.811726324,5680.702953515574,0.0025897981942029674
20000000000,3541107.1835509585,3530953.787842271,10153.395708687603,0.002867294092608053
20000000000,2640326.8144370923,2634162.1474947194,6164.666942372918,0.0023348120803322607
20000000000,3541138.0444559194,3548454.308777514,7316.264321594499,0.0020660771282410176
20000000000,2459162.26837123,2459113.0906454613,49.17772576864809,1.9997755496313725e-05
20000000000,3540940.2129985504,3559425.123418378,18484.910419827793,0.005220339601321408
20000000000,2173988.740060411,2182036.208354746,8047.468294335064,0.00370170652038954
20000000000,3541039.268648577,3554617.6905811746,13578.421932597645,0.003834586657317639
20000000000,2037523.7594322828,2048872.434077378,11348.674645095132,0.005569836716042626
20000000000,3541200.4571137843,3538099.7413237784,3100.7157900058664,0.000875611484737317
20000000000,2195535.661692594,2203030.6575356545,7494.995843060315,0.0034137436133841854
20000000000,3540673.415510777,3523634.8998885285,17038.515622248407,0.004812224575022103
20000000000,2480788.759026968,2480050.957711539,737.8013154286891,0.00029740594105161726
20000000000,3538976.1867609574,3522717.270257993,16258.916502964217,0.004594242980155559
20000000000,2645427.8656043997,2639081.4257850857,6346.439819314051,0.002399022064381288
20000000000,3536536.155489096,3535045.360853138,1490.7946359580383,0.0004215409005911504
20000000000,2573066.356601205,2569276.1062402045,3790.2503610006534,0.0014730480429611778
20000000000,3534548.1807532655,3549113.9597770744,14565.779023808893,0.004120973397144272
20000000000,2312513.737945869,2316815.07791204,4301.339966170955,0.0018600278543606389
20000000000,3534146.2022263817,3552215.041039493,18068.838813111186,0.005112646104376917
20000000000,2068194.130904332,2078731.83561057,10537.704706237884,0.005095123590564586
20000000000,3535573.6268714764,3541558.8265015446,5985.199630068149,0.001692851079264406
20000000000,2080986.8287558872,2091227.1175491875,10240.288793300278,0.004920881118417463
20000000000,3537991.6241625296,3526745.2224868494,11246.401675680187,0.0031787530526848824
20000000000,2336952.2708695275,2340560.597346793,3608.326477265451,0.0015440308825489506
20000000000,3540119.2099852166,3521316.358138061,18802.851847155485,0.005311361209001209
20000000000,2587848.4078953597,2583547.5827453337,4300.8251500260085,0.001661930867706341
20000000000,3540759.407739965,3524406.8871588754,16352.520581089426,0.004618365355562832
20000000000,2255115.8014419833,2247742.376031081,7373.425410902128,0.0032696438055142695
20000000000,3541203.971221309,3539589.2956249574,1614.6755963517353,0.0004559679728911118
20000000000,2040201.2422947744,2038345.0827318584,1856.1595629160292,0.000909792389317566
20000000000,3541019.6671203715,3555598.1100128605,14578.442892489024,0.004117018334536534
20000000000,1685874.71374935,1691259.3534029636,5384.639653613558,0.003193973792772674
20000000000,3540947.366759574,3559071.0156864445,18123.64892687043,0.005118305088916337
20000000000,1505951.9193960633,1514337.757889209,8385.83849314577,0.005568463630969553
20000000000,3541154.56145411,3547066.318602871,5911.757148761302,0.0016694434106637097
20000000000,1713549.8132007646,1718438.8211476165,4889.007946851896,0.0028531460884231004
20000000000,3541068.8047668515,3529687.808021665,11380.996745186392,0.003214000453723387
20000000000,2066197.5379605226,2063723.9430296074,2473.594930915162,0.001197172528507012
20000000000,3539981.563690887,3521187.777841339,18793.785849547945,0.005309006702835199
20000000000,2261081.6497403407,2253541.7924186983,7539.857321642339,0.0033346240824643396
20000000000,3537784.3900352204,3527766.5107642603,10017.879270960111,0.0028316816873230587
20000000000,2176038.2377195833,2170817.3989038304,5220.8388157528825,0.0023992403833970077
20000000000,3535404.6695550857,3542784.2747806846,7379.605225598905,0.002087343858865128
20000000000,1860946.696286765,1862985.28054593,2038.5842591649853,0.0010954554814668624
20000000000,3534106.4857892874,3552531.105123989,18424.61933470145,0.005213374132552941
20000000000,1547131.8939705011,1554768.2413943715,7636.347423870349,0.0049358089336990615
20000000000,3534662.0962409545,3548240.6650033514,13578.568762396928,0.003841546488089336
20000000000,1564179.77574318,1571544.605406311,7364.829663131153,0.004708429157148476
20000000000,3536742.2227975023,3533771.20354292,2971.0192545824684,0.0008400440482858949
20000000000,1891205.950235534,1892628.8804774946,1422.9302419605665,0.0007523930652731673
20000000000,3539153.7807486686,3522196.537679183,16957.24306948576,0.004791327000743846
20000000000,2193485.7585959197,2187804.2916766,5681.466919319704,0.002590154459428307
20000000000,3541108.6405421444,3530953.7206541477,10154.919887996744,0.0028677233371868604
20000000000,2640336.523142088,2634172.6547452076,6163.868396880571,0.002334501054261584
20000000000,3541137.610806642,3548454.34234342,7316.73153677769,0.0020662093205440265
20000000000,2459170.210113184,2459120.93732162,49.27279156399891,2.0036348586758098e-05
20000000000,3540939.9728893535,3559425.2576195556,18485.284730202053,0.0052204456646347324
20000000000,2173993.426882377,2182040.189341692,8046.762459314894,0.0037013738679304025
20000000000,3541039.201293337,3554617.6189988,13578.41770546278,0.0038345855365010837
20000000000,2037526.8460257768,2048874.5450940668,11347.699068289949,0.005569349474056642
20000000000,3541200.009411155,3538099.5443044715,3100.4651066833176,0.000875540804937159
20000000000,2195540.769153816,2203035.395182443,7494.626028626692,0.003413567233149215
20000000000,3540673.321063391,3523634.8998885294,17038.42117486149,0.004812198028408971
20000000000,2480796.6069496963,2480058.4403455206,738.166604175698,0.0002975522467693644
20000000000,3538976.655554867,3522717.270257993,16259.385296873748,0.004594374837526155
20000000000,2645438.2756817206,2639090.809234129,6347.466447591782,0.002399400698909167
20000000000,3536536.0971935694,3535045.3608531374,1490.7363404319622,0.00042152442374755945
20000000000,2573075.4985901355,2569284.6781320167,3790.820458118804,0.0014732643718367016
20000000000,3534547.379103794,3549114.2287705974,14566.849666803144,0.004121277239887121
20000000000,2312519.6514290017,2316820.3460222753,4300.694593273569,0.0018597440201712412
20000000000,3534146.8330207407,3552214.906547827,18068.073527086526,0.005112428651314186
20000000000,2068195.9770382391,2078734.65396918,10538.676930940943,0.005095589125955491
20000000000,3535573.254683854,3541558.8401624607,5985.585478606634,0.0016929603907024284
20000000000,2080989.87845387,2091229.8580864747,10239.979632604634,0.004920725342601241
20000000000,3537992.0067293653,3526745.208825184,11246.797904181294,0.003178864701443517
20000000000,2336958.2918163254,2340566.9919497524,3608.7001334270462,0.0015441867944602043
20000000000,3540118.3037440213,3521316.3917565113,18801.911987510044,0.005311097080463436
20000000000,2587857.757866642,2583557.129816888,4300.628049754072,0.0016618486996361772
20000000000,3540759.3443228407,3524406.8997617415,16352.444561099168,0.004618343968312402
20000000000,2255115.9301792616,2247742.3084180607,7373.62176120095,0.0032697306876878886
20000000000,3541203.539345472,3539589.3250069516,1614.2143385205418,0.0004558377739617024
20000000000,2040201.0118235364,2038345.0712828431,1855.9405406932347,0.0009096851388356046
20000000000,3541019.0574743343,3555598.0848461315,14579.027371797245,0.004117184102984149
20000000000,1685875.7827331217,1691259.3507686423,5383.568035520613,0.0031933361227793645
20000000000,3540947.498188091,3559070.8814832973,18123.383295206353,0.005118229881826862
20000000000,1505952.6915192152,1514337.609584286,8384.918065070873,0.005567849582719701
20000000000,3541154.7826549993,3547066.5155408373,5911.732885838021,0.0016694364546826356
20000000000,1713549.8825405277,1718438.6819145791,4888.799374051392,0.0028530242532555893
20000000000,3541069.0520776613,3529687.808021665,11381.244055996183,0.0032140700699746123
20000000000,2066198.3293551016,2063723.9430296058,2474.3863254957832,0.001197555089625924
20000000000,3539982.1027924083,3521187.7778413384,18794.324951069895,0.005309158183665549
20000000000,2261081.793944798,2253541.7924187,7540.001526097767,0.0033346876465459915
20000000000,3537784.1491384124,3527766.582500047,10017.566638365388,0.0028315935105325896
20000000000,2176037.8983796015,2170817.3989038304,5220.499475771096,0.0023990848135772677
20000000000,3535404.740616496,3542784.0057687997,7379.265152303502,0.0020872476261421546
20000000000,1860946.546674568,1862985.3935426008,2038.8468680328224,0.0010955966852869334
20000000000,3534105.99905835,3552531.2059923112,18425.20693396125,0.005213541115877843
20000000000,1547131.292619,1554768.2413943708,7636.948775370838,0.004936199540274912
20000000000,3534662.620860538,3548240.6986278673,13578.07776732929,0.0038414070093127062
20000000000,1564180.3753465023,1571544.605406311,7364.230059808819,0.004708044018374461
20000000000,3536742.418060503,3533771.2203572923,2971.197703210637,0.0008400944575545305
20000000000,1891206.0139545093,1892628.904768085,1422.8908135758247,0.0007523721916474673
20000000000,3539153.932695054,3522196.5040536574,16957.428641396575,0.004791379229013514
20000000000,2193485.897931898,2187804.353316168,5681.544615730178,0.002590189716326398
20000000000,3541108.598535445,3530953.7206541467,10154.877881298307,0.0028677115086214043
20000000000,2640326.039418599,2634162.3079105183,6163.731508080848,0.002334458478256005
20000000000,3541137.346116347,3548454.3759093303,7317.029792983551,0.0020662937010924804
20000000000,2459162.228051556,2459112.9663418774,49.26170967845246,2.0031907255457283e-05
20000000000,3540940.7149712835,3559425.089868082,18484.37489679875,0.0052201876237706665
20000000000,2173987.6896074023,2182036.208354746,8048.518747343682,0.0037021915008162505
20000000000,3541038.555255453,3554617.887454978,13579.332199525088,0.003834844491984207
20000000000,2037524.7561270038,2048872.4651217556,11347.708994751796,0.0055693600583886435
20000000000,3541200.495108068,3538099.4726692433,3101.0224388246424,0.0008756980699365929
20000000000,2195535.4075779486,2203031.055363772,7495.647785823327,0.0034140409487143316
20000000000,3540672.9845202453,3523634.8998885285,17038.084631716833,0.004812103435196363
20000000000,2480788.5222070143,2480050.95771154,737.5644954741001,0.0002973105078775242
20000000000,3538976.8334633545,3522717.270257993,16259.563205361366,0.004594424877726381
20000000000,2645428.102568786,2639080.1344827972,6347.96808598889,0.0023995995505698424
20000000000,3536536.1296459013,3535045.3608531374,1490.768792763818,0.0004215335961838689
20000000000,2573067.2407091307,2569274.926620333,3792.3140887976624,0.0014738495865162507
20000000000,3534547.457921545,3549114.031502731,14566.573581186123,0.004121199037387335
20000000000,2312513.401967949,2316814.3253260395,4300.9233580906875,0.0018598479707968836
20000000000,3534146.771645226,3552215.007416578,18068.23577135196,0.005112474647718375
20000000000,2068194.3982437162,2078731.9191105438,10537.520866827574,0.005095034043113113
20000000000,3535572.867623742,3541558.860128418,5985.992504675873,0.0016930756991296455
20000000000,2080987.7591908353,2091227.0332250067,10239.274034171365,0.004920391284835223
20000000000,3537992.390136609,3526745.2224868494,11247.167649759445,0.003178968864126124
20000000000,2336951.5212247027,2340560.597346793,3609.0761220902205,0.0015443521567785232
20000000000,3540118.163105778,3521316.3917565113,18801.771349266637,0.005311057564466061
20000000000,2587848.178005319,2583547.4323979784,4300.745607340708,0.0016619002783446397
20000000000,3540759.3283746233,3524406.8871588754,16352.441215747967,0.004618343044302453
20000000000,2255123.580543961,2247750.6248427536,7372.955701207276,0.0032694242412333063
20000000000,3541203.6284420136,3539589.32920438,1614.2992376335897,0.0004558617371415651
20000000000,2040206.4996226695,2038350.486686546,1856.0129361236468,0.0009097181763056393
20000000000,3541019.4279044885,3555598.0429015844,14578.614997095894,0.00411706721578855
20000000000,1685876.2367783193,1691259.985650896,5383.748872576747,0.003193442528655009
20000000000,3540948.5118092783,3559071.04923723,18122.53742795158,0.0051179895351519
20000000000,1505950.2768848625,1514335.4220860784,8385.145201215986,0.005568009335979606
20000000000,3541154.929265976,3547066.2469971897,5911.317731213756,0.0016693191484957357
20000000000,1713550.9738851055,1718439.7957907605,4888.821905655088,0.002853035585262307
20000000000,3541067.462736184,3529688.0767930276,11379.385943156201,0.0032135467801461615
20000000000,2066203.311415681,2063729.3778243046,2473.9335913762916,0.0011973330880402325
20000000000,3539981.702755918,3521187.7778413384,18793.924914579373,0.0053090457783858255
20000000000,2261089.4224190637,2253550.522070287,7538.900348776951,0.003334189384120569
20000000000,3537785.248080473,3527766.51076426,10018.737316213083,0.0028319235379391772
20000000000,2176045.7153780255,2170825.0670685866,5220.648309438955,0.0023991445917449475
20000000000,3535404.3825746486,3542784.0057687997,7379.623194151092,0.0020873491107619496
20000000000,1860949.1515200147,1862988.6707456235,2039.5192256087903,0.0010959564499346585
20000000000,3534105.74957319,3552531.2104694042,18425.460896214005,0.005213613344320335
20000000000,1547130.291835288,1554766.7161958388,7636.424360550707,0.0049358637736269615
20000000000,3534663.034435271,3548240.6313788365,13577.596943565644,0.0038412705288426233
20000000000,1564178.983762378,1571543.4025003584,7364.418737980304,0.004708168831335653
20000000000,3536742.745722185,3533771.2371716658,2971.5085505191237,0.0008401822705689488
20000000000,1891210.758627038,1892632.492319212,1421.733692174079,0.0007517584625027275
20000000000,3539153.922951239,3522196.5040536574,16957.418897581752,0.004791376489056812
20000000000,2193493.0328699276,2187811.811726323,5681.221143604722,0.002590033822068499
20000000000,3541108.696703569,3530953.7878422705,10154.90886129858,0.0028677201777939833
20000000000,2640326.4121146705,2634162.1474947194,6164.264619951136,0.0023346600600848057
20000000000,3541137.7613123576,3548454.3423434207,7316.581031063106,0.0020661667306474843
20000000000,2459162.1460833275,2459113.0906454613,49.055437866132706,1.994802902454505e-05
20000000000,3540940.2111365227,3559425.089868082,18484.878731559496,0.005220330654955191
20000000000,2173988.6978068063,2182036.2712951745,8047.573488368187,0.0037017549799071413
20000000000,3541039.8113715043,3554617.8874549777,13578.076083473396,0.003834488400799532
20000000000,2037524.6955445872,2048872.4573606616,11347.761816074373,0.005569386148245608
20000000000,3541200.4647504953,3538099.4726692433,3100.9920812519267,0.000875689504765276
20000000000,2195535.5956654334,2203031.326602098,7495.730936664622,0.003414078528930787
20000000000,3540671.360935769,3523634.8998885285,17036.461047240533,0.004811647089081417
20000000000,2480789.2965331557,2480050.9577115397,738.3388216160238,0.0002976225440217091
20000000000,3538977.831846648,3522717.270257993,16260.56158865476,0.004594705692228074
20000000000,2645427.560182463,2639080.134482798,6347.4256996647455,0.002399395014704899
20000000000,3536535.799799254,3535045.3608531374,1490.4389461167157,0.00042144036720943645
20000000000,2573065.1858933857,2569274.9266203335,3790.2592730522156,0.001473052176770334
20000000000,3534547.8756416994,3549114.031502731,14566.15586103173,0.004121080368274042
20000000000,2312514.0945022977,2316814.3253260395,4300.23082374176,0.001859547941335796
20000000000,3534145.9590310412,3552215.0746624083,18069.11563136708,0.00511272478296881
20000000000,2068193.1767500134,2078731.9191105438,10538.742360530421,0.005095627661382746
20000000000,3535574.2376517453,3541558.7928746743,5984.55522292899,0.0016926685230356827
20000000000,2080986.1475134662,2091227.1175491877,10240.970035721548,0.004921210094530568
20000000000,3537991.892660614,3526745.2224868494,11246.670173764694,0.00317882870141544
20000000000,2336951.136010881,2340560.79591737,3609.6599064888433,0.0015446022173362364
20000000000,3540118.1049967534,3521316.358138061,18801.746858692262,0.005311050733633506
20000000000,2587848.2301865043,2583547.432397979,4300.797788525466,0.0016619204087619584
20000000000,3540759.75713496,3524406.8871588754,16352.86997608468,0.004618463577804771
20000000000,2255116.4142829673,2247743.0521614533,7373.362121514045,0.003269614852170931
20000000000,3541203.5997661934,3539589.2956249574,1614.3041412360035,0.0004558631255606391
20000000000,2040201.5214639453,2038345.5406925976,1855.9807713476475,0.0009097046305582057
20000000000,3541019.3911667275,3555598.0848461315,14578.69367940398,0.004117089478744836
20000000000,1685875.777670485,1691259.3955521588,5383.617881673854,0.0031933656992882637
20000000000,3540949.111336147,3559070.906646388,18121.79531024117,0.005117779087032139
20000000000,1505951.1904943169,1514337.4890865323,8386.298592215404,0.0055687718467573085
20000000000,3541153.5881052455,3547066.3812689823,5912.7931637368165,0.0016697364337988393
20000000000,1713548.323333887,1718438.821147617,4890.497813730035,0.0028540180321352487
20000000000,3541068.4427877837,3529688.0767930276,11380.36599475611,0.0032138226579423775
20000000000,2066198.6464708415,2063723.943029606,2474.7034412354697,0.0011977083836843918
20000000000,3539983.6577811344,3521187.7778413384,18795.879939795937,0.005309595115921302
20000000000,2261081.5686479835,2253542.883622373,7538.685025610495,0.0033341057351231524
20000000000,3537782.583092604,3527766.51076426,10016.072328343987,0.0028311723779216227
20000000000,2176036.9963592216,2170818.3574217176,5218.638937504031,0.002398230795816182
20000000000,3535405.9616022483,3542784.0057688,7378.044166551903,0.0020869015458717414
20000000000,1860947.1302063921,1862985.7043187846,2038.5741123924963,0.001095449773560415
20000000000,3534105.9010617123,3552531.2104694033,18425.309407691006,0.005213570256102313
20000000000,1547130.1285596301,1554768.0441706371,7637.915611007018,0.004936828176255527
20000000000,3534662.4703492466,3548240.56412981,13578.093780563213,0.003841411703228799
20000000000,1564179.8716591368,1571544.5252123259,7364.653553189011,0.004708316279110068
20000000000,3536741.7864207546,3533771.304429177,2970.481991577428,0.0008398922429063186
20000000000,1891205.3539290342,1892629.024352554,1423.6704235197976,0.0007527846833566121
20000000000,3539153.565956317,3522196.5040536574,16957.06190265948,0.004791276102221776
20000000000,2193486.1644312027,2187804.9080724157,5681.256358786952,0.002590057986648012
20000000000,3541108.927502798,3530953.7206541477,10155.20684865024,0.002867804141741476
20000000000,2640336.1901702797,2634172.4141207947,6163.7760494849645,0.002334466373044507
20000000000,3541137.676966706,3548454.3759093294,7316.698942623567,0.002066200077510389
20000000000,2459170.1850564983,2459120.7974796533,49.38757684500888,2.0083025219287224e-05
20000000000,3540938.7793756006,3559425.1234183786,18486.344042778015,0.005220746585750869
20000000000,2173992.58913572,2182040.1106659654,8047.521530245431,0.0037017244541043986
20000000000,3541039.6330810064,3554617.7532268804,13578.120145874098,0.003834501037216569
20000000000,2037525.4406518845,2048874.4209166719,11348.98026478733,0.0055699821157356175
20000000000,3541201.729064081,3538099.6069964543,3102.1220676265657,0.0008760082889845529
20000000000,2195540.4660955635,2203035.395182443,7494.929086879361,0.003413705737889659
20000000000,3540671.3274750505,3523634.8998885285,17036.427586521953,0.004811637684165137
20000000000,2480797.3902769713,2480059.1954999617,738.194777009543,0.00029756350917763846
20000000000,3538976.702356907,3522717.270257993,16259.432098913938,0.0045943880015048965
20000000000,2645437.0748256445,2639091.1105674063,6345.964258238208,0.0023988339464307454
20000000000,3536537.690518272,3535045.3608531374,1492.329665134661,0.0004219747662058603
20000000000,2573074.4616911532,2569284.953403547,3789.508287606295,0.0014727550034116155
20000000000,3534546.1714800415,3549113.9597770744,14567.788297032937,0.004121544206885514
20000000000,2312520.6024443395,2316820.722316414,4300.119872074574,0.001859494729486664
20000000000,3534147.893633799,3552215.146385348,18067.252751548775,0.005112194875628729
20000000000,2068195.8696601444,2078734.340818131,10538.47115798667,0.0050954898965727075
20000000000,3535571.8268921995,3541558.7928746743,5986.965982474852,0.001693351535651717
20000000000,2080989.8121543403,2091229.8159243423,10240.003770001931,0.0049207370983719466
20000000000,3537993.1846764665,3526745.22248685,11247.962189616635,0.0031791927238110865
20000000000,2336956.3672321206,2340567.150186181,3610.7829540604725,0.0015450793197038016
20000000000,3540117.6416232404,3521316.358138061,18801.2834851793,0.005310920536685442
20000000000,2587858.800334627,2583557.054642984,4301.745691642631,0.001662279909199987
20000000000,3540759.4618811477,3524406.887158875,16352.57472227281,0.004618380575783296
20000000000,2255115.384802114,2247741.9703530073,7373.414449106902,0.003269639548733741
20000000000,3541203.5233660233,3539589.362783809,1614.1605822141282,0.0004558225957823002
20000000000,2040201.0910208474,2038344.8079555505,1856.2830652969424,0.0009098529911912366
20000000000,3541019.0057751737,3555598.0429015835,14579.037126409821,0.004117186917842675
20000000000,1685875.7399129483,1691259.311253863,5383.571340914583,0.0031933381645272195
20000000000,3540946.710821424,3559070.881483297,18124.17066187272,0.005118453380414838
20000000000,1505951.4939639387,1514337.7578892088,8386.263925270177,0.005568747704612984
20000000000,3541156.5447806693,3547066.3812689823,5909.836488313042,0.0016689000933956403
20000000000,1713549.7750103348,1718438.681914579,4888.906904244097,0.002853087185176521
20000000000,3541069.161831878,3529687.942407267,11381.219424610958,0.003214063014438042
20000000000,2066197.0178819771,2063723.1666332989,2473.8512486782856,0.0011972968827600903
20000000000,3539981.084381905,3521187.777841338,18793.306540566962,0.005308872022927306
20000000000,2261080.5310595073,2253541.2468171623,7539.28424234502,0.0033343722785549035
20000000000,3537783.700738854,3527766.5107642603,10017.189974593464,0.0028314874005726832
20000000000,2176037.540930619,2170816.919645176,5220.621285443194,0.0023991411854091945
20000000000,3535405.1171712405,3542784.1402747156,7379.023103475105,0.0020871789395890314
20000000000,1860946.3782079485,1862985.0686597286,2038.6904517801013,0.0010955127324750306
20000000000,3534107.2264942448,3552531.2104694042,18423.98397515947,0.0052131932605326324
20000000000,1547131.262607265,1554768.2413943715,7636.978787106462,0.004936219034341295
20000000000,3534662.5915986444,3548240.56412981,13577.972531165462,0.0038413772684946614
20000000000,1564179.3183809281,1571544.6856003334,7365.367219405249,0.0047087742005367346
20000000000,3536741.1248145252,3533771.304429177,2969.820385348052,0.0008397053333960924
20000000000,1891205.6531094539,1892628.5460149152,1422.892905461369,0.000752373441313428
20000000000,3539154.180267004,3522196.5040536574,16957.67621334642,0.004791448846138454
20000000000,2193485.183769321,2187803.9218392572,5681.261930063833,0.0025900616845293926
20000000000,3541109.507990094,3530953.7206541477,10155.787335946225,0.002867967599711586
20000000000,2640326.0727662737,2634162.147494718,6163.925271555781,0.0023345318349630305
20000000000,3541137.542120827,3548454.4430411593,7316.900920332409,0.0020662571937124577
20000000000,2459162.634437718,2459112.8420383,49.79239941807464,2.0247704938579452e-05
20000000000,3540938.7858870537,3559425.0563177858,18486.270430732053,0.0052207257873002145
20000000000,2173988.756897704,2182036.2083547465,8047.451457042247,0.0037016987468352926
20000000000,3541038.451519931,3554617.7532268804,13579.301706949249,0.0038348359931309308
20000000000,2037523.6580923116,2048872.4340773777,11348.77598506608,0.005569886729900201
20000000000,3541202.3681571265,3538099.6069964548,3102.761160671711,0.0008761886043486455
20000000000,2195533.186934978,2203031.055363772,7497.8684287942015,0.003415055838559846
20000000000,3540673.4892971986,3523634.8998885285,17038.589408670086,0.004812245314394166
20000000000,2480789.0222004787,2480050.95771154,738.064488938544,0.00029751199410092325
20000000000,3538976.145444386,3522717.2702579936,16258.875186392572,0.004594231359067541
20000000000,2645429.7075643083,2639080.7801338807,6348.927430427633,0.0023999607369168006
20000000000,3536535.8677846654,3535045.360853137,1490.506931528449,0.0004214595828380847
20000000000,2573066.7777661374,2569275.516430214,3791.2613359233364,0.0014734407084509484
20000000000,3534547.1153659667,3549113.9597770744,14566.844411107711,0.0041212760604549085
20000000000,2312514.3629618688,2316814.7016190034,4300.338657134678,0.0018595943558278288
20000000000,3534147.3492111573,3552215.146385348,18067.797174190637,0.005112349709534176
20000000000,2068192.4618800895,2078731.8356105702,10539.373730480671,0.005095934698891542
20000000000,3535573.032532598,3541558.792874675,5985.760342076886,0.0016930099553873939
20000000000,2080988.035765951,2091227.1175491877,10239.081783236703,0.004920298246437537
20000000000,3537992.3344624066,3526745.2224868494,11247.11197555717,0.0031789531780503856
20000000000,2336950.9443079685,2340560.3987762346,3609.454468266107,0.001544514435383221
20000000000,3540117.89485586,3521316.358138061,18801.536717799027,0.005310991689039371
20000000000,2587848.0269642295,2583548.033787438,4299.993176791351,0.001661609620034611
20000000000,3540759.7070897482,3524406.8871588754,16352.81993087288,0.004618449509050059
20000000000,2255123.7092524436,2247750.08393566,7373.625316783786,0.0032697209853858023
20000000000,3541203.7730765236,3539589.362783809,1614.4102927143686,0.00045589307935019023
20000000000,2040206.6475848255,2038350.6698721386,1855.977712686872,0.0009097008456883318
20000000000,3541019.1464310233,3555598.0429015844,14578.896470561158,0.004117147032445492
20000000000,1685876.255039108,1691259.9856508954,5383.73061178741,0.0031934316624339203
20000000000,3540948.866514296,3559070.881483297,18122.01496900106,0.005117841474745819
20000000000,1505951.597403003,1514335.4128170158,8383.815414012875,0.00556712143236919
20000000000,3541154.0862199436,3547066.381268983,5912.295049039181,0.0016695955344180875
20000000000,1713551.4421414512,1718439.795790761,4888.353649309836,0.0028527615390412714
20000000000,3541067.16963727,3529687.9424072667,11379.227230003104,0.003213502225423399
20000000000,2066203.942695434,2063729.1837238753,2474.758971558651,0.001197732189171144
20000000000,3539982.478052178,3521187.7778413384,18794.70021083951,0.005309263626971683
20000000000,2261090.3328638403,2253549.9764655763,7540.356398263946,0.0033348320005921746
20000000000,3537784.4933581753,3527766.51076426,10017.982593915425,0.002831710810176016
20000000000,2176045.3325173864,2170824.5878068404,5220.744710545987,0.0023991893149148233
20000000000,3535406.1153480215,3542784.140274716,7378.024926694576,0.002086896013067594
20000000000,1860949.7614686147,1862988.458857014,2038.6973883993924,0.001095514468262971
20000000000,3534104.515116117,3552531.2104694042,18426.695353287272,0.005213964463833024
20000000000,1547129.106745741,1554766.7622188965,7637.655473155435,0.004936663294520143
20000000000,3534663.42701986,3548240.6986278677,13577.271608007606,0.003841178060750993
20000000000,1564178.4991541787,1571543.4025003584,7364.903346179752,0.004708480106434326
20000000000,3536742.1710513346,3533771.035399299,2971.135652035475,0.0008400769715006601
20000000000,1891209.9434992669,1892632.6119048581,1422.6684055912774,0.0007522530274766551
20000000000,3539153.6963453963,3522196.6385558317,16957.0577895646,0.004791274763533104
20000000000,2193493.1451101005,2187810.825487716,5682.319622384384,0.0025905344792400368
20000000000,3541109.0397382523,3530953.5862780144,10155.453460237943,0.0028678736933185774
20000000000,2640327.4164449875,2634164.072484796,6163.343960191589,0.0023343104805123344
20000000000,3541137.733042897,3548454.443041159,7316.709998261649,0.002066203166848979
20000000000,2459163.1616130364,2459114.3336816393,48.82793139712885,1.985550701121482e-05
20000000000,3540940.6928810114,3559425.081480508,18484.3885994968,0.005220191526127304
20000000000,2173989.172851733,2182036.96364005,8047.790788317099,0.0037018541255016465
20000000000,3541039.2894042884,3554617.728059114,13578.438654825557,0.003834591357248077
20000000000,2037525.609474271,2048872.705715671,11347.096241399879,0.005569056991792949
20000000000,3541200.450543804,3538099.6741601024,3100.776383701712,0.0008756285974225327
20000000000,2195537.941592657,2203031.59784047,7493.656247812789,0.003413129924038955
20000000000,3540671.79880052,3523634.832669229,17036.966131291352,0.004811789146077588
20000000000,2480789.839716774,2480052.2448642743,737.5948524996638,0.0002973225868193145
20000000000,3538976.4488030975,3522717.270257993,16259.17854510434,0.004594316684589209
20000000000,2645428.4936924474,2639082.0714364043,6346.422256043181,0.0023990148556935456
20000000000,3536536.827751811,3535045.360853137,1491.4668986741453,0.0004217309111474109
20000000000,2573066.55067116,2569276.401145243,3790.149525917135,0.001473008743177867
20000000000,3534547.5086318245,3549114.09427383,14566.585642005317,0.004121202390527167
20000000000,2312514.571496331,2316815.4542051516,4300.882708820514,0.0018598294522475566
20000000000,3534145.702524537,3552215.011893689,18069.309369151946,0.005112779972892612
20000000000,2068193.8539102331,2078732.3053368751,10538.451426642016,0.005095485322479554
20000000000,3535573.746124767,3541558.792874675,5985.046749907546,0.0016928077816132587
20000000000,2080986.4289942747,2091227.5447842889,10241.115790014155,0.004921279469834703
20000000000,3537992.653002185,3526745.3570018006,11247.29600038426,0.0031790049057451547
20000000000,2336952.422215777,2340561.193058584,3608.770842806902,0.001544220930003039
20000000000,3540117.840451263,3521316.358138061,18801.482313201763,0.005310976402640065
20000000000,2587850.067117466,2583549.8379565026,4300.229160963558,0.0016616994993660752
20000000000,3540759.447171989,3524406.752728401,16352.69444358768,0.004618414407295759
20000000000,2255115.5102735036,2247741.4294490796,7374.080824424047,0.003269934861797704
20000000000,3541203.6735707624,3539589.362783809,1614.310786953196,0.0004558649927428236
20000000000,2040200.8692616671,2038344.4415872972,1856.4276743698865,0.0009099239699087636
20000000000,3541019.002857886,3555598.177124139,14579.174266253132,0.004117225650155103
20000000000,1685875.5839541047,1691259.3112538632,5383.727299758466,0.0031934309690465445
20000000000,3540947.319781528,3559070.881483297,18123.56170176901,0.005118280523554135
20000000000,1505952.3242722526,1514337.7949654392,8385.470693186624,0.005568217903072649
20000000000,3541156.1920319805,3547066.3812689832,5910.189237002749,0.0016689998736292323
20000000000,1713550.44155151,1718438.6645104792,4888.222958969185,0.002852686936103972
20000000000,3541068.7262888136,3529687.9424072662,11380.783881547395,0.0032139404121294553
20000000000,2066197.0611678888,2063723.0695838113,2473.9915840774775,0.0011973647773359472
20000000000,3539982.048822434,3521187.845081125,18794.203741309233,0.005309124024389072
20000000000,2261079.9351866534,2253541.1104168077,7538.824769845698,0.003334169947964871
20000000000,3537783.642687245,3527766.4435064252,10017.19918081956,0.002831490049292741
20000000000,2176036.4752289685,2170817.3989038304,5219.0763251380995,0.002398432372136103
20000000000,3535404.769492926,3542784.140274716,7379.3707817899995,0.00208727748671573
20000000000,1860945.3627013743,1862985.0686597282,2039.7059583538212,0.0010960590242117348
20000000000,3534105.86679352,3552531.138746764,18425.271953244228,0.005213559708657342
20000000000,1547131.2705477576,1554768.3400062777,7637.06945852004,0.004936277615160707
20000000000,3534662.32522641,3548240.7703542276,13578.445127817802,0.003841511261460611
20000000000,1564179.8919251584,1571544.728366949,7364.836441790452,0.004708433141105
20000000000,3536742.136015379,3533771.035399299,2971.100616079755,0.0008400670735433101
20000000000,1891206.3210646631,1892628.7851836565,1422.4641189933755,0.0007521464491471205
20000000000,3539154.4189879154,3522196.6385558317,16957.780432083644,0.0047914779703037156
20000000000,2193485.4894635445,2187802.935606874,5682.553856670391,0.002590650306996177
20000000000,3541108.7226007427,3530953.586278015,10155.136322727893,0.002867784391344393
20000000000,2640333.796803493,2634170.489126095,6163.30767739797,0.002334291097913282
20000000000,3541137.8351779506,3548454.308777514,7316.473599563353,0.002066136349418797
20000000000,2459168.1643646546,2459119.305832485,48.85853216936812,1.986791016465159e-05
20000000000,3540939.4312501615,3559425.2240692624,18485.792819100898,0.00522058995303806
20000000000,2173991.9740754277,2182039.229498087,8047.255422659218,0.0037016030963415206
20000000000,3541039.7150406926,3554617.75322688,13578.03818618739,0.0038344778028086466
20000000000,2037526.2441667928,2048873.955251377,11347.71108458424,0.005569357016662462
20000000000,3541200.078084388,3538099.6069964548,3100.4710879330523,0.0008755424770040816
20000000000,2195539.7277686857,2203034.3441315414,7494.61636285577,0.0034135644498095715
20000000000,3540672.6259113452,3523634.8998885285,17037.72602281673,0.004812002639874488
20000000000,2480794.237147541,2480057.2325870893,737.0045604514889,0.0002970841150046
20000000000,3538977.2589143617,3522717.1693790457,16260.089535315987,0.0045945730491368094
20000000000,2645435.611801029,2639088.608662741,6347.00313828839,0.0023992279796850964
20000000000,3536535.9963188577,3535045.428110207,1490.5682086506858,0.0004214768943967211
20000000000,2573073.5379128815,2569282.1517990916,3791.386113789864,0.001473485331035351
20000000000,3534547.4696873813,3549114.09427383,14566.624586448539,0.0041212134541616175
20000000000,2312518.3681092337,2316819.217140299,4300.849031065125,0.0018598118356056971
20000000000,3534146.401741343,3552215.0118936882,18068.61015234515,0.005112581115327422
20000000000,2068195.444620843,2078733.871091601,10538.426470757928,0.005095469336888473
20000000000,3535573.7688951828,3541558.7928746743,5985.023979491554,0.001692801330337336
20000000000,2080988.6759729437,2091229.2312687116,10240.555295767961,0.00492100481564615
20000000000,3537992.024668212,3526745.357001801,11246.667666411027,0.0031788278741147597
20000000000,2336955.890954967,2340565.1644750247,3609.2735200575553,0.0015444337370795098
20000000000,3540118.604034528,3521316.358138061,18802.245896467008,0.00531119095135368
20000000000,2587855.6773304734,2583555.8518607696,4299.825469703879,0.0016615399024645008
20000000000,3540759.3747119154,3524406.7527284017,16352.621983513702,0.0046183940372520205
20000000000,2255117.4429083373,2247743.5930659715,7373.849842365831,0.00326982963373121
20000000000,3541203.491002653,3539589.362783809,1614.1282188436016,0.0004558134608600476
20000000000,2040202.1355288548,2038345.907061392,1856.2284674628172,0.0009098257643876308
20000000000,3541019.028960405,3555598.177124139,14579.148163734004,0.0041172182483340805
20000000000,1685875.910024658,1691259.4798508354,5383.569826177321,0.003193336943819655
20000000000,3540948.0400365195,3559070.8982586907,18122.8582221712,0.005118080812613192
20000000000,1505952.4293816832,1514337.1646694862,8384.735287802992,0.005567729182020452
20000000000,3541155.3304446684,3547066.372876994,5911.0424323254265,0.0016692412167029023
20000000000,1713550.6748260185,1718438.9516789748,4888.2768529562745,0.0028527179993977094
20000000000,3541068.256500401,3529687.9508063723,11380.305694028735,0.0032138057980491365
20000000000,2066199.0253620446,2063724.6466393932,2474.378722651396,0.00119755100659668
20000000000,3539981.9404025087,3521187.79465128,18794.145751228556,0.005309107805530667
20000000000,2261083.4370858404,2253543.416436955,7540.020648885518,0.0033346936805672893
20000000000,3537784.308900627,3527766.477135338,10017.831765288953,0.002831668324178308
20000000000,2176039.866891571,2170819.1661717873,5220.700719783548,0.002399175125059273
20000000000,3535405.034318977,3542784.140274716,7379.10595573904,0.002087202423515379
20000000000,1860947.0566887378,1862985.916205438,2038.859516700264,0.0010956031819239894
20000000000,3534106.1364807254,3552531.1387467636,18425.00226603821,0.005213483000933833
20000000000,1547130.93324748,1554767.9455588094,7637.012311329367,0.0049362417538243
20000000000,3534662.840058688,3548240.770354227,13577.930295539089,0.0038413650494918622
20000000000,1564179.7749306683,1571544.3648244638,7364.58989379555,0.004708275872012207
20000000000,3536741.985294667,3533771.035399299,2970.9498953679577,0.0008400244936500309
20000000000,1891207.51465484,1892629.8694066785,1422.3547518383712,0.0007520881451753125
20000000000,3539153.968079783,3522196.6385558317,16957.32952395128,0.0047913511751374056
20000000000,2193486.973421557,2187805.1710462607,5681.802375296131,0.002590305957656658
20000000000,3541108.70190988,3530953.5862780153,10155.115631864872,0.00286777856505443
20000000000,2640328.946727815,2634165.6980044427,6163.248723372351,0.0023342730575334277
20000000000,3541137.890843625,3548454.3087775134,7316.417933888268,0.0020661205972256663
20000000000,2459163.895441383,2459114.5988407955,49.296600587666035,2.0046081791884e-05
20000000000,3540939.9567547077,3559425.190518968,18485.233764260076,0.005220431295085246
20000000000,2173989.7267882056,2182036.846140074,8047.119351868518,0.0037015443323907132
20000000000,3541039.1525956425,3554617.7867839034,13578.634188260883,0.0038346467246224915
20000000000,2037525.070255632,2048872.9307873736,11347.86053174152,0.005569433572818711
20000000000,3541200.1317580473,3538099.6069964543,3100.5247615929693,0.0008755576206458847
20000000000,2195536.9949722365,2203032.208126973,7495.213154736441,0.0034138405191533657
20000000000,3540673.263495599,3523634.8862346048,17038.377260994166,0.004812185703962047
20000000000,2480791.0458505484,2480053.145871564,737.899978984613,0.00029744543790531994
20000000000,3538976.7307681213,3522717.191446306,16259.53932181513,0.004594418262333717
20000000000,2645430.52502746,2639083.458578319,6347.06644914113,0.0023992565252021676
20000000000,3536536.2479789215,3535045.419703072,1490.828275849577,0.0004215504016681756
20000000000,2573068.5145512708,2569277.396449954,3791.11810131697,0.0014733840470540756
20000000000,3534547.169155232,3549114.09427383,14566.92511859769,0.00412129883163484
20000000000,2312515.1163071175,2316816.1832732623,4301.066966144834,0.001859908692408142
20000000000,3534146.628380526,3552214.9401707444,18068.311790218577,0.005112496364786691
20000000000,2068194.040226944,2078732.5989158417,10538.55868889764,0.005095536726206424
20000000000,3535573.0942681255,3541558.7928746743,5985.698606548831,0.0016929924645746545
20000000000,2080987.5921086047,2091227.792142726,10240.200034121284,0.0049208366608977155
20000000000,3537992.1290373513,3526745.3570018006,11246.772035550792,0.0031788572798806406
20000000000,2336952.6914550895,2340561.9873412466,3609.2958861570805,0.0015444454221748812
20000000000,3540118.1557822595,3521316.4298514933,18801.725930766203,0.0053110447457965105
20000000000,2587850.701160316,2583549.8379565,4300.863203816116,0.0016619440997456831
20000000000,3540760.0612950055,3524407.0215895376,16353.039705467876,0.004618511116928629
20000000000,2255121.7705031056,2247747.9203092637,7373.8501938418485,0.0032698235147615917
20000000000,3541203.5135224597,3539589.3627838097,1614.1507386500016,0.00045581981732656607
20000000000,2040205.5718051735,2038349.5707592599,1856.0010459136683,0.0009097127620681277
20000000000,3541019.3237900264,3555597.980258463,14578.656468436588,0.004117079048535874
20000000000,1685876.2761127742,1691259.8170493518,5383.5409365775995,0.0031933191141349663
20000000000,3540947.6654596603,3559070.8814832964,18123.21602363605,0.005118182400835745
20000000000,1505951.0102146936,1514335.9782297956,8384.968015101971,0.005567888967322105
20000000000,3541154.6650365307,3547066.3812689832,5911.716232452542,0.0016694318073202702
20000000000,1713551.0347883755,1718439.5173191698,4888.482530794339,0.0028528374303121175
20000000000,3541069.1520397686,3529687.9424072662,11381.209632502403,0.0032140602580286986
20000000000,2066202.056122159,2063727.630922087,2474.4252000718843,0.0011975717441283923
20000000000,3539981.9394193557,3521187.828271174,18794.111148181837,0.005309098032083332
20000000000,2261087.758740853,2253547.6576477657,7540.101093087345,0.0033347228845669622
20000000000,3537784.4596630204,3527766.468728109,10017.99093491165,0.0028317131948354703
20000000000,2176043.3866165746,2170823.090115125,5220.296501449775,0.0023989854860231273
20000000000,3535404.8134956155,3542784.1486813375,7379.335185721982,0.0020872673922808
20000000000,1860948.7634200593,1862987.6245470769,2038.8611270175315,0.0010956030424343892
20000000000,3534106.1748960344,3552531.121935376,18424.947039341554,0.00521346731748476
20000000000,1547130.5477657663,1554767.144338668,7636.596572901821,0.004935974267931004
20000000000,3534662.442959392,3548240.6986278677,13578.255668475758,0.003841457533101062
20000000000,1564179.116501258,1571543.7232744766,7364.606773218606,0.004708288645159573
20000000000,3536742.162682461,3533771.3044291777,2970.858253283426,0.0008399985400773922
20000000000,1891208.4205322764,1892631.6552207887,1423.2346885122824,0.0007525530624021419
20000000000,3539153.8329954487,3522196.369551675,16957.4634437738,0.004791389197519408
20000000000,2193491.9305494665,2187809.8392498894,5682.0912995771505,0.0025904318226298625
20000000000,3541108.773053664,3530953.586278015,10155.186775648966,0.0028677985982598535
20000000000,2640325.3608177723,2634162.789157959,6162.571659813169,0.0023340197959180577
20000000000,3541138.431606344,3548454.577304856,7316.145698511973,0.0020660434037856005
20000000000,2459161.7024074355,2459112.3448240496,49.35758338589221,2.0070897874496347e-05
20000000000,3540939.8758507916,3559424.9936846327,18485.117833841126,0.0052203986743490395
20000000000,2173989.8002140415,2182036.208354746,8046.408140704501,0.0037012170617876346
20000000000,3541038.8973288815,3554617.7532268804,13578.855897998903,0.003834709612549545
20000000000,2037524.5638602893,2048872.4340773786,11347.870217089308,0.005569439710503249
20000000000,3541200.237766253,3538099.6741601024,3100.5636061504483,0.0008755685637551655
20000000000,2195536.306348071,2203031.0553637715,7494.749015700538,0.0034136301886835444
20000000000,3540673.376766474,3523634.8662788724,17038.510487601627,0.004812223177491191
20000000000,2480788.74585621,2480051.215142037,737.5307141733356,0.0002972968639128468
20000000000,3538976.3938562586,3522717.1693790453,16259.224477213342,0.004594329734846414
20000000000,2645428.3215515227,2639080.9415466706,6347.380004852079,0.0023993770510211333
20000000000,3536536.243386448,3535045.428110207,1490.81527624093,0.00042154672641312563
20000000000,2573066.2039197604,2569274.926620333,3791.2772994274274,0.0014734472411366125
20000000000,3534547.8188640075,3549114.09427383,14566.275409822352,0.004121114257411265
20000000000,2312513.381187363,2316814.701619003,4301.320431639906,0.0018600196939969219
20000000000,3534146.676388711,3552214.9401707444,18068.26378203323,0.005112482711242727
20000000000,2068193.5551998066,2078731.992185999,10538.436986192362,0.00509547907626772
20000000000,3535572.8659531437,3541558.7928746757,5985.926921532024,0.0016930571504197515
20000000000,2080987.0622890566,2091227.1175491875,10240.055260130903,0.004920768343877634
20000000000,3537992.9884958966,3526745.3570017996,11247.631494096946,0.0031790994302898943
20000000000,2336951.3341409746,2340560.398776237,3609.064635262359,0.0015443473651063396
20000000000,3540116.855790136,3521316.358138061,18800.497652074788,0.005310699736175407
20000000000,2587848.788532596,2583547.4323979793,4301.35613461677,0.001662135807036776
20000000000,3540759.073088698,3524407.0215895376,16352.051499160472,0.004618233311450966
20000000000,2255117.1909394753,2247743.593065974,7373.59787350148,0.0032697182670270277
20000000000,3541203.415770787,3539589.362783809,1614.052986977622,0.0004557922258262318
20000000000,2040202.9779103168,2038346.6397995222,1856.338110794546,0.0009098791301127818
20000000000,3541019.6871705437,3555597.980258463,14578.293087919243,0.004116976005735807
20000000000,1685876.4559337618,1691259.4798508359,5383.023917074082,0.0031930120965433196
20000000000,3540947.364488863,3559070.881483298,18123.516994434875,0.005118267833120137
20000000000,1505952.0051877068,1514337.1646694867,8385.159481779905,0.005568012428613056
20000000000,3541155.320525953,3547066.3812689823,5911.060743029229,0.0016692463922060566
20000000000,1713550.4353317758,1718438.9603810785,4888.525049302727,0.002852863241434861
20000000000,3541068.472072942,3529687.9424072667,11380.52966567548,0.00321386885213584
20000000000,2066198.5048583108,2063724.7194266464,2473.785431664437,0.0011972641669460876
20000000000,3539982.124686588,3521187.8450811254,18794.27960546268,0.005309145341271075
20000000000,2261083.532186684,2253543.4292245065,7540.1029621777125,0.0033347299446675953
20000000000,3537784.53179326,3527766.4435064257,10018.088286834303,0.0028317406548657885
20000000000,2176039.520865322,2170819.3159403796,5220.20492494246,0.002398947663812005
20000000000,3535404.932157823,3542784.1402747156,7379.208116892725,0.002087231380420361
20000000000,1860946.8716369523,1862985.9162054379,2039.0445684855804,0.0010957027304556886
20000000000,3534106.142213142,3552531.138746764,18424.996533622034,0.0052134813704502545
20000000000,1547131.2588989956,1554767.9393955711,7636.680496575544,0.00493602624383023
20000000000,3534662.3888106165,3548240.6986278673,13578.309817250818,0.003841472911312416
20000000000,1564178.8699755038,1571544.364824464,7365.494848960312,0.0047088571456509075
20000000000,3536741.81091644,3533771.3044291767,2970.5064872633666,0.0008398991631491611
20000000000,1891208.0139519952,1892629.741860188,1421.727908192901,0.0007517564951630905
20000000000,3539154.144760934,3522196.3695516754,16957.775209258776,0.00479147686583859
20000000000,2193488.6954255514,2187805.8943063538,5682.801119197626,0.0025907592462404393
20000000000,3541110.4072381025,3530953.5862780153,10156.820960087236,0.002868258764066346
20000000000,2640332.501210306,2634170.4891260928,6162.0120842130855,0.0023338015501413066
20000000000,3541137.0668378277,3548454.5773048564,7317.510467028711,0.0020664296040828257
20000000000,2459168.928302183,2459118.3114015306,50.61690065218136,2.0582929488755133e-05
20000000000,3540939.1866998672,3559424.993684633,18485.80698476592,0.005220594314130138
20000000000,2173991.782786096,2182039.2294980884,8047.446711992379,0.0037016914119514803
20000000000,3541038.824063789,3554617.75322688,13578.929163090885,0.003834730382172808
20000000000,2037526.430255484,2048873.9904294922,11347.560174008133,0.005569282442429603
20000000000,3541200.177270331,3538099.6069964543,3100.570273876656,0.0008755704616130099
20000000000,2195538.834936348,2203034.3102266854,7495.4752903375775,0.0034139570528502554
20000000000,3540673.7735795295,3523634.8998885285,17038.873691000976,0.004812325218478153
20000000000,2480794.732547969,2480057.1360504287,737.5964975403622,0.00029732266352516524
20000000000,3538976.7467413307,3522717.2030053497,16259.543735980988,0.0045944194888968065
20000000000,2645435.9833135256,2639088.52795617,6347.455357355531,0.002399398585863742
20000000000,3536535.878859835,3535045.428110207,1490.4507496282458,0.0004214436953793216
20000000000,2573073.4592607827,2569282.2992518935,3791.1600088891573,0.0014733975026031002
20000000000,3534547.757693371,3549114.085867782,14566.32817441132,0.004121129256976637
20000000000,2312518.494666492,2316819.217140298,4300.72247380577,0.0018597570067979128
20000000000,3534145.8744521197,3552214.948576474,18069.074124354403,0.005112713160759262
20000000000,2068195.9724422651,2078733.861305632,10537.888863366796,0.0050952080962245305
20000000000,3535574.3160279403,3541558.792874675,5984.4768467345275,0.0016926463176307434
20000000000,2080989.0147055604,2091229.1413303032,10240.126624742756,0.004920798020739015
20000000000,3537992.952220351,3526745.3570018,11247.59521855088,0.0031790892097431074
20000000000,2336956.729320615,2340565.1644750265,3608.435154411476,0.0015440744405483696
20000000000,3540116.23222802,3521316.358138061,18799.874089959078,0.005310524529904241
20000000000,2587856.817102891,2583555.250469829,4301.5666330619715,0.0016622119912637133
20000000000,3540759.2278559147,3524407.0215895376,16352.206266377121,0.004618276819765319
20000000000,1716705.1922266858,1716701.6307878722,3.5614388135727495,2.0745779937633416e-06
20000000000,3541203.6289139655,3539589.362783809,1614.2661301563494,0.00045585238786491946
20000000000,1510214.531972279,1512178.332893476,1963.8009211968165,0.0013003456658784577
20000000000,3541018.0991048366,3555597.9086790406,14579.809574204031,0.004117406114893844
20000000000,973473.3239108622,977293.2014967642,3819.877585901995,0.003923967398054525
20000000000,3540948.1000357624,3559070.9530523787,18122.85301661631,0.005118079255788379
20000000000,317746.62161603896,319525.1714580947,1778.5498420557124,0.005597383956468591
20000000000,3541154.6692074095,3547066.3812689832,5911.712061573751,0.0016694306275237974
20000000000,687345.4118670976,690687.4679405058,3342.0560734082246,0.004862265777449361
20000000000,3541068.927220013,3529687.9424072662,11380.984812746756,0.0032139969728523826
20000000000,1319513.0735209556,1322627.249961549,3114.176440593321,0.0023600951768393856
20000000000,3539982.2374462932,3521187.777841339,18794.459604954347,0.005309196019727059
20000000000,1676281.626898496,1676725.3550053455,443.72810684959404,0.0002647097598215596
20000000000,3537783.829001997,3527766.5107642603,10017.318237736821,0.002831523553139958
20000000000,1659598.4197640913,1660226.651519639,628.2317555476911,0.00037854444067076965
20000000000,3535404.9704446807,3542784.140274715,7379.169830034487,0.002087220528262803
20000000000,1274226.203201648,1277534.41290098,3308.2096993320156,0.0025962499366436955
20000000000,3534105.782933645,3552531.138746764,18425.355813119095,0.005213583561107866
20000000000,629045.6467857182,632195.7807141105,3150.1339283923153,0.005007798630335956
20000000000,3534662.4831157457,3548240.6986278677,13578.215512122028,0.0038414461287271363
20000000000,358296.5243834358,360279.25781696814,1982.733433532354,0.005533778026298981
20000000000,3536741.595647477,3533771.1699141827,2970.425733294338,0.0008398763813986068
20000000000,1025459.0703544377,1029273.4173817851,3814.347027347423,0.0037196482410839075
20000000000,3539156.1839557225,3522196.5040536574,16959.67990206508,0.0047920122821788575
20000000000,1539719.454841977,1541460.29360407,1740.8387620931026,0.0011306207482269987
30000000000,3540778.729474382,3524614.856293804,16163.873180577997,0.0045650616476046995
30000000000,2253318.31503336,2245993.6073334846,7324.707699875347,0.0032506315911992696
30000000000,3541205.2291725967,3539963.1622048845,1242.0669677122496,0.0003507469596735174
30000000000,2033532.3464821933,2031832.3848471022,1699.9616350911092,0.000835964885452583
30000000000,3541014.021320098,3555829.121851388,14815.10053128982,0.00418385819488134
30000000000,1679130.7630641535,1684636.051637694,5505.288573540514,0.003278653869395029
30000000000,3540949.5826575602,3558964.503337437,18014.92067987658,0.005087595928535076
30000000000,1506422.8971884334,1514800.9915439312,8378.094355497742,0.005561581924394869
30000000000,3541159.0201228564,3546712.70120203,5553.681079173461,0.0015683229834114543
30000000000,1720626.2122833815,1725386.547449719,4760.335166337434,0.0027666294587132692
30000000000,3541058.483233306,3529382.08045528,11676.402778026182,0.0032974329097678647
30000000000,2072517.124452647,2069891.2597210822,2625.864731564885,0.0012669930205080344
30000000000,3539946.298999031,3521172.7965961057,18773.5024029254,0.005303329716677868
30000000000,2262263.707695216,2254690.806802772,7572.900892443955,0.0033474881229293963
30000000000,3537731.936918604,3528032.665722173,9699.271196431015,0.0027416636900078886
30000000000,2171414.4314098945,2166315.0617913376,5099.369618556928,0.0023484091957728763
30000000000,3535364.244521834,3543084.0192314168,7719.7747095827945,0.0021835868034092514
30000000000,1853358.5986168967,1855549.390281724,2190.791664827382,0.0011820657192096022
30000000000,3534097.7352019604,3552594.709805568,18496.974603607785,0.005233860518164405
30000000000,1543249.9105022452,1550949.4973194392,7699.586817194009,0.004989202827614748
30000000000,3534693.322699178,3548009.952195588,13316.629496410023,0.0037674073195807325
30000000000,1568809.6507566255,1576098.290907247,7288.640150621533,0.004645968455832915
30000000000,3536791.561673818,3533454.6122510214,3336.9494227967225,0.0009434962068325794
30000000000,1898735.1821603342,1900002.1685241892,1266.9863638549577,0.0006672791317920447
30000000000,3539199.4259095164,3522082.4186748634,17117.007234652992,0.004836406535710883
30000000000,2197583.402617912,2191790.515456902,5792.887161009945,0.0026360260794239076
30000000000,3541115.561910456,3531278.9760265914,9836.585883864667,0.0027778212012255716
30000000000,2638800.9073901055,2632690.4893056178,6110.418084487785,0.0023156040561359615
30000000000,3541132.272928904,3548794.9322734303,7662.659344526473,0.0021639009090695773
30000000000,2453636.9936777907,2453761.372879065,124.37920127436519,5.069176964434803e-05
30000000000,3540939.4871072397,3559494.9570147167,18555.469907477032,0.005240267441744923
30000000000,2168762.572065736,2176944.273272615,8181.701206878759,0.003772520474237863
30000000000,3541044.0128453644,3554358.937878613,13314.925033248495,0.0037601693130465902
30000000000,2037875.3852973245,2049214.4715942154,11339.086296890862,0.005564170595856379
30000000000,3541198.940979974,3537729.6556843286,3469.2852956452407,0.0009796922888170659
30000000000,2201071.4982068394,2208423.681348641,7352.183141801506,0.003340274565270213
30000000000,3540650.6936259656,3523457.1101519037,17193.583474061918,0.004856051884760775
30000000000,2486066.6867885655,2485160.3149097385,906.3718788269907,0.00036458067824311573
30000000000,3538931.3742715027,3522862.085391102,16069.288880400825,0.004540717855459609
30000000000,2646449.703973325,2640065.66745814,6384.036515185144,0.0024123022272444033
30000000000,3536485.5566787454,3535367.084642332,1118.4720364133827,0.00031626653594021305
30000000000,2569163.649568401,2565506.3723748676,3657.2771935332566,0.0014235283120822802
30000000000,3534519.9240101106,3549320.632876256,14800.708866145462,0.0041874735987775195
30000000000,2306412.776901035,2310884.802418559,4472.025517523754,0.0019389528025128707
30000000000,3534160.0273162327,3552119.481066546,17959.45375031326,0.005081675309409035
30000000000,2065291.0146458326,2075898.298847523,10607.284201690461,0.005135975572677082
30000000000,3535615.909170777,3541248.382490489,5632.473319712095,0.0015930670820612702
30000000000,2084474.029914666,2094631.7186309365,10157.688716270495,0.004873022436593432
30000000000,3538044.4962485326,3526499.3655085927,11545.130739939865,0.0032631389323060874
30000000000,2343059.662830553,2346493.929885617,3434.267055063974,0.0014657189953563448
30000000000,3540151.93338034,3521365.9889211226,18785.9444592176,0.005306536220121972
30000000000,2591334.116932127,2586911.1496216003,4422.967310526874,0.0017068301928441446
30000000000,3540779.139441858,3524614.7218653513,16164.417576506734,0.004565214869361994
30000000000,2253316.6103558154,2245994.1468223124,7322.463533503003,0.0032496381111515138
30000000000,3541205.417158943,3539963.162204885,1242.2549540582113,0.00035080002646524077
30000000000,2033532.4403295272,2031832.3848471025,1700.0554824247956,0.0008360109967802172
30000000000,3541013.950337389,3555829.256072611,14815.305735222064,0.00418391622936432
30000000000,1679130.7888757691,1684636.0162476872,5505.2273719180375,0.003278617370600393
30000000000,3540950.3936387305,3558964.369133715,18013.975494984537,0.005087327833608288
30000000000,1506423.7002962616,1514800.9915439303,8377.291247668676,0.005561045837250935
30000000000,3541158.8572979406,3546712.7012020294,5553.843904088717,0.0015683690362105198
30000000000,1720626.3380590694,1725386.4708786954,4760.132819626015,0.0027665116558634236
30000000000,3541058.0771920066,3529382.21484325,11675.862348756753,0.0032972806698543322
30000000000,2072517.203046794,2069890.8662495313,2626.336797262775,0.0012672207465403973
30000000000,3539946.890076517,3521172.6621151827,18774.2279613344,0.005303533794239661
30000000000,2262263.6479169074,2254691.3533373154,7572.294579592068,0.0033472201998050216
30000000000,3537733.666402003,3528032.665722173,9701.000679829624,0.0027421512173062693
30000000000,2171413.7939570183,2166315.061791337,5098.732165681198,0.002348116319363367
30000000000,3535363.234425354,3543084.0864841933,7720.852058839519,0.002183892162383276
30000000000,1853357.2962690152,1855549.1852980484,2191.8890290332492,0.0011826586451763677
30000000000,3534097.675634475,3552594.709805568,18497.034171093255,0.005233877461457681
30000000000,1543249.9076115717,1550949.4973194392,7699.589707867475,0.004989204710067881
30000000000,3534691.888671261,3548010.0194448293,13318.130773568526,0.003767833574477405
30000000000,1568809.215781043,1576098.3285219495,7289.112740906421,0.004646270985396706
30000000000,3536793.3783392184,3533454.612251022,3338.766088196542,0.0009440093697993564
30000000000,1898735.9961328015,1900002.1685241894,1266.1723913878668,0.0006668501539796521
30000000000,3539197.606106739,3522082.418674864,17115.18743187515,0.004835894837390148
30000000000,2197581.1916286293,2191790.515456903,5790.676171726547,0.0026350226302378718
30000000000,3541117.5141330385,3531278.9760265914,9838.538106447086,0.002778370971079119
30000000000,2638788.059244918,2632680.8823504313,6107.176894486882,0.0023143870433590006
30000000000,3541132.9792106613,3548795.0665350235,7662.087324362248,0.0021637389415604977
30000000000,2453628.2848531874,2453753.4899994037,125.20514621632174,5.1028571438160354e-05
30000000000,3540939.563340609,3559494.957014716,18555.39367410727,0.005240245799790397
30000000000,2168760.437235663,2176940.5681298166,8180.130894153379,0.003771800127717151
30000000000,3541043.924065636,3554358.9378786134,13315.013812977355,0.0037601944789461333
30000000000,2037873.044157997,2049212.7284109616,11339.684252964566,0.005564470409710859
30000000000,3541199.3181498684,3537729.6556843286,3469.662465539761,0.0009797986935546224
30000000000,2201067.3787070545,2208419.261965437,7351.883258382324,0.003340144572357866
30000000000,3540650.3711675317,3523456.975711528,17193.39545600349,0.0048559992243272405
30000000000,2486059.4344307217,2485152.527751959,906.9066787627526,0.00036479686133104194
30000000000,3538930.742940894,3522862.085391102,16068.65754979197,0.004540540269640519
30000000000,2646439.8450029287,2640055.970788952,6383.8742139767855,0.0024122498858347263
30000000000,3536486.435877114,3535367.219156313,1119.2167208008468,0.0003164770291345004
30000000000,2569154.575242834,2565496.984572148,3657.590670686215,0.0014236553557080164
30000000000,3534520.229072438,3549320.5656280653,14800.336555627175,0.004187367901841438
30000000000,2306408.1991982074,2310879.2365838736,4471.037385666277,0.0019385282220296368
30000000000,3534159.403766253,3552119.548312442,17960.14454618888,0.005081871668564034
30000000000,2065290.4428066073,2075896.0683759183,10605.62556931097,0.005135173895880017
30000000000,3535616.1568412874,3541248.3824904896,5632.2256492022425,0.0015929969202974968
30000000000,2084472.1746699526,2094629.2458714698,10157.071201517247,0.0048727305285931576
30000000000,3538042.7086332524,3526499.365508592,11543.343124660198,0.0032626353255976936
30000000000,2343052.498624214,2346488.2974312054,3435.798806991428,0.0014663772190374946
30000000000,3540150.400637212,3521365.854448801,18784.546188411303,0.005306143542667047
30000000000,2591324.129514988,2586902.39011541,4421.739399577957,0.001706362916631955
30000000000,3540777.9186481694,3524614.8562938035,16163.06235436583,0.004564833696358091
30000000000,2253325.0138166845,2246001.9694325333,7323.0443841512315,0.0032498837669881677
30000000000,3541202.798242057,3539963.1622048845,1239.6360371727496,0.0003500607301530814
30000000000,2033537.134894436,2031837.9762216697,1699.1586727662943,0.0008355680570615693
30000000000,3541015.7375337896,3555829.121851388,14813.384317598306,0.0041833715000417875
30000000000,1679134.888886499,1684636.582498892,5501.693612392992,0.003276504853068346
30000000000,3540950.3213536697,3558964.63754115,18014.316187480465,0.005087424152450061
30000000000,1506422.006316374,1514798.843871556,8376.837555181934,0.005560750918439953
30000000000,3541158.7453900375,3546712.5669281017,5553.821538064163,0.001568362769755594
30000000000,1720627.1645331827,1725387.8491737503,4760.684640567517,0.0027668310362048256
30000000000,3541058.1686053784,3529382.08045528,11676.088150098454,0.003297344351362915
30000000000,2072523.2863249993,2069897.5552909388,2625.7310340604745,0.0012669247440478335
30000000000,3539946.3773753606,3521172.796596105,18773.580779255368,0.005303351739800859
30000000000,2262272.0925798942,2254699.004841726,7573.087738168426,0.0033475583078656466
30000000000,3537732.4097605543,3528032.665722173,9699.744038381148,0.0027417969803537686
30000000000,2171421.8568539517,2166322.195393946,5099.661460005678,0.0023485355661816377
30000000000,3535363.188101847,3543083.951978655,7720.763876807876,0.002183867248149175
30000000000,1853361.2300454949,1855552.6700407714,2191.439995276509,0.001182413854218109
30000000000,3534098.1517123026,3552594.7612904124,18496.609578109812,0.005233756614582998
30000000000,1543249.7942077154,1550947.95481077,7698.160603054566,0.004988279040728272
30000000000,3534693.59604597,3548009.967957129,13316.371911158785,0.003767334154806215
30000000000,1568808.2756062453,1576097.1806902152,7288.905083969934,0.00464614140383294
30000000000,3536791.836039269,3533454.6795086153,3337.156530653592,0.000943554691754423
30000000000,1898739.499972243,1900005.9184668912,1266.4184946480673,0.0006669785374278992
30000000000,3539200.177433984,3522082.351424239,17117.82600974478,0.00483663685340219
30000000000,2197589.2543605985,2191798.208996698,5791.045363900717,0.002635180961323756
30000000000,3541116.0203572013,3531278.9760265914,9837.044330609962,0.002777950305513479
30000000000,2638789.4230286926,2632680.5621190513,6108.860909641255,0.0023150240243989453
30000000000,3541133.6442717593,3548794.9994042204,7661.35513246106,0.002163531767532776
30000000000,2453628.092913816,2453753.2436598153,125.15074599906802,5.100640409217223e-05
30000000000,3540939.1670427327,3559495.019647682,18555.85260494938,0.005240375993368611
30000000000,2168759.7435620786,2176940.321120599,8180.57755852025,0.0037720072879460884
30000000000,3541043.1681972793,3554358.741002665,13315.572805385571,0.003760353142535802
30000000000,2037873.5876143822,2049212.662009457,11339.074395074742,0.005564169663903797
30000000000,3541199.154837887,3537729.655684328,3469.4991535586305,0.0009797526210347978
30000000000,2201067.098888287,2208418.856843702,7351.757955415174,0.0033400880687046723
30000000000,3540650.6349915317,3523457.244592473,17193.390399058815,0.004855997434239918
30000000000,2486058.7531007538,2485151.489465988,907.2636347659864,0.0003649405443996026
30000000000,3538931.2663094965,3522862.085391102,16069.180918394588,0.004540687487031081
30000000000,2646439.2772721164,2640055.970788952,6383.30648316443,0.0024120358770310358
30000000000,3536485.6622425495,3535366.9501284533,1118.7121140961535,0.00031633441244796617
30000000000,2569154.2161074867,2565496.984572148,3657.2315353387967,0.001423515767332897
30000000000,3534520.737681631,3549320.700124449,14799.962442818098,0.004187261453875558
30000000000,2306407.4030662654,2310878.494473811,4471.091407545377,0.0019385523136984648
30000000000,3534159.0849061054,3552119.5651239157,17960.480217810255,0.005081967106267776
30000000000,2065290.3424128485,2075895.7607247403,10605.418311891844,0.005135073792821638
30000000000,3535616.889922931,3541248.332050041,5631.442127109971,0.0015927749816900339
30000000000,2084471.5433239457,2094629.0752901072,10157.531966161449,0.004872953050711365
30000000000,3538042.484499552,3526499.399137249,11543.085362302605,0.003262562677772748
30000000000,2343052.929898315,2346487.7442445573,3434.8143462422304,0.001465956787579398
30000000000,3540151.856588459,3521365.9216849366,18785.934903522488,0.005306533635996605
30000000000,2591322.9899131325,2586901.937038156,4421.052874976303,0.0017060987349649176
30000000000,3540779.514457439,3524614.856293804,16164.65816363506,0.004565282333348566
30000000000,2253317.2672817484,2245993.944513978,7323.3227677703835,0.003250018483462274
30000000000,3541203.426824355,3539963.1622048845,1240.264619470574,0.00035023817329319767
30000000000,2033532.4839545533,2031832.5652133506,1699.9187412026804,0.000835943735650043
30000000000,3541014.6920155464,3555829.121851388,14814.429835841525,0.004183667994726435
30000000000,1679133.0612350139,1684636.0516376942,5502.990402680356,0.0032772807168914113
30000000000,3540949.9180892785,3558964.56597177,18014.64788249135,0.005087518405855393
30000000000,1506423.557756925,1514801.208288645,8377.650531719904,0.0055612848647921325
30000000000,3541158.8818978015,3546712.6385349194,5553.756637117825,0.0015683443816961466
30000000000,1720626.3350057844,1725386.6240208512,4760.28901506681,0.0027666024390187
30000000000,3541058.175083253,3529382.080455281,11676.094627972227,0.0032973461746918947
30000000000,2072517.1900721053,2069891.2597210812,2625.930351024028,0.0012670246421129412
30000000000,3539946.125861531,3521172.796596105,18773.329265425913,0.005303281066419329
30000000000,2262263.911922551,2254691.3533373172,7572.558585233986,0.003347336508939207
30000000000,3537733.376534013,3528032.6657221727,9700.71081184037,0.0027420695059118183
30000000000,2171414.7335277465,2166315.5373634933,5099.196164253168,0.0023483289882485314
30000000000,3535362.7137032915,3543084.086484193,7721.37278090138,0.002184039773620072
30000000000,1853357.4037574013,1855549.3902817247,2191.986524323467,0.001182711181275423
30000000000,3534098.285727607,3552594.6425600536,18496.35683244653,0.005233684899807042
30000000000,1543250.6014934536,1550949.394485364,7698.792991910363,0.004988686208487456
30000000000,3534693.242319253,3548009.969007898,13316.726688645314,0.0037674349019061353
30000000000,1568809.0437878296,1576098.3003109219,7289.256523092277,0.00464636314531477
30000000000,3536792.9666610984,3533454.629065417,3338.337595681194,0.0009438883268399915
30000000000,1898735.7121213498,1900002.2396037024,1266.5274823526852,0.0006670372681502187
30000000000,3539197.6751551935,3522082.385049545,17115.29010564834,0.0048359237535094265
30000000000,2197581.3263471774,2191790.7326126257,5790.593734551687,0.0026349849560183603
30000000000,3541117.0947849704,3531278.992823321,9838.101961649489,0.002778248134222428
30000000000,2638799.3218207033,2632690.72947984,6108.59234086331,0.0023149135632824624
30000000000,3541133.0096017886,3548794.999404221,7661.9898024322465,0.002163711383237158
30000000000,2453635.9539705925,2453761.141934971,125.18796437839046,5.1021409339802524e-05
30000000000,3540938.519829718,3559495.1538484623,18556.634018744342,0.005240597631058763
30000000000,2168764.1241921703,2176944.3195869545,8180.195394784212,0.0037718234562881306
30000000000,3541044.360885699,3554358.6694195103,13314.308533811476,0.003759994842448473
30000000000,2037875.2222383106,2049214.778731864,11339.556493553333,0.005564401769946677
30000000000,3541198.6576626934,3537729.7273209267,3468.9303417666815,0.000979592131681279
30000000000,2201071.8598599867,2208423.681348641,7351.821488654241,0.003340109708695245
30000000000,3540650.5919761676,3523456.9757115277,17193.616264639888,0.004856061285347984
30000000000,2486066.784483424,2485160.072619318,906.7118641058914,0.0003647174202097293
30000000000,3538930.9038712876,3522862.0853911024,16068.818480185233,0.004540585537459158
30000000000,2646449.6879680613,2640065.3657550104,6384.322213050909,0.0024124101969808386
30000000000,3536486.0226890566,3535367.2191563137,1118.8035327428952,0.0003163602303430524
30000000000,2569163.380565026,2565505.511799161,3657.868765864987,0.0014237587198757777
30000000000,3534520.589462355,3549320.5656280653,14799.976165710483,0.004187265512000242
30000000000,2306413.394978852,2310885.173474781,4471.778495929204,0.0019388451808615196
30000000000,3534158.9363424885,3552119.565123916,17960.62878142763,0.005082009356380315
30000000000,2065292.6312051928,2075898.3757603543,10605.744555161567,0.005135226066716091
30000000000,3535617.160920361,3541248.343609309,5631.182688947767,0.0015927014811416705
30000000000,2084474.461534306,2094631.8260838743,10157.364549568389,0.004872865912730791
30000000000,3538042.9257478593,3526499.362355906,11543.563391953241,0.003262697382201264
30000000000,2343059.688283715,2346494.16561926,3434.4773355452344,0.0014658087255391176
30000000000,3540151.2189124236,3521365.930089457,18785.288822966628,0.005306352091009743
30000000000,2591332.7119505224,2586911.413917417,4421.2980331052095,0.0017061869410729793
30000000000,3540779.5414161403,3524614.8520929115,16164.689323228784,0.0045652910987967615
30000000000,2253317.482398256,2245994.0119500863,7323.470448169857,0.0032500837122939833
30000000000,3541203.243190289,3539963.141218117,1240.1019721720368,0.00035019226150228595
30000000000,2033531.992334308,2031832.5990320272,1699.3933022809215,0.0008356855504054175
30000000000,3541014.563560472,3555829.1470178664,14814.583457394503,0.004183711529979847
30000000000,1679133.20555177,1684636.0494258164,5502.843874046346,0.003277193170769373
30000000000,3540949.7967698625,3558964.4317680523,18014.63499818975,0.005087514941506124
30000000000,1506423.4832586295,1514801.0605126126,8377.577253983123,0.005561236496301235
30000000000,3541159.2203937965,3546712.83547602,5553.615082223434,0.0015683042576113936
30000000000,1720626.654253146,1725386.4708786954,4759.816625549458,0.0027663273806574273
30000000000,3541058.194265187,3529382.08045528,11676.113809906878,0.00329735157383648
30000000000,2072517.3493905305,2069892.0466647358,2625.302725794725,0.0012667217123980908
30000000000,3539946.400006803,3521172.796596105,18773.603410698008,0.005303358099055378
30000000000,2262263.528169146,2254691.3533373154,7572.174831830431,0.0033471674442626083
30000000000,3537733.026694708,3528032.4684265032,9700.558268204797,0.0027420266580341695
30000000000,2171414.1439034464,2166315.5373634933,5098.606539953034,0.00234805808660135
30000000000,3535363.171595896,3543084.0864841924,7720.914888296276,0.0021839099729069654
30000000000,1853358.3130673221,1855549.0896299907,2190.776562668616,0.0011820577527951754
30000000000,3534097.6895446605,3552594.777051079,18497.087506418582,0.005233892532495835
30000000000,1543250.4695278727,1550949.6001535384,7699.1306256656535,0.004988905415995792
30000000000,3534693.243765287,3548009.9858202077,13316.742054920644,0.0037674392476375555
30000000000,1568809.6255897535,1576098.290907247,7288.665317493491,0.004645984572381435
30000000000,3536793.2592703877,3533454.629065417,3338.6302049704827,0.000943970981685035
30000000000,1898736.6795984376,1900002.2914725458,1265.6118741082028,0.0006665547085633096
30000000000,3539198.100512469,3522082.3682368905,17115.73227557866,0.004836048107366563
30000000000,2197581.928226499,2191790.825679376,5791.102547123097,0.0026352157672668228
30000000000,3541116.983123507,3531278.992823321,9837.990300185978,0.002778216688991788
30000000000,2638788.8555565933,2632680.4020033716,6108.453553221654,0.0023148701497502774
30000000000,3541132.9832144426,3548794.9994042204,7662.016189777758,0.002163718851027901
30000000000,2453627.9836386493,2453753.1820749226,125.1984362732619,5.102584299988165e-05
30000000000,3540938.8366167806,3559495.0364227802,18556.19980599964,0.005240474535767275
30000000000,2168759.1442815685,2176940.351996749,8181.2077151807025,0.003772298891166562
30000000000,3541043.5767855174,3554358.9378786134,13315.36109309597,0.0037602929205359753
30000000000,2037872.8518655412,2049212.6620094567,11339.81014391547,0.005564532710436083
30000000000,3541199.3228343735,3537729.3870251128,3469.9358092607,0.000979875881847669
30000000000,2201067.0804675487,2208419.261965437,7352.181497888174,0.0033402805226301555
30000000000,3540650.408201728,3523457.244592473,17193.163609255105,0.004855933692134095
30000000000,2486059.035380797,2485151.4894659854,907.5459148115478,0.0003650540481523748
30000000000,3538931.1913767215,3522862.085391102,16069.105985619593,0.004540666409331446
30000000000,2646439.0838264986,2640055.970788951,6383.113037547562,0.0024119629567736695
30000000000,3536486.1587911225,3535367.219156313,1118.9396348092705,0.00031639870328002576
30000000000,2569155.177632012,2565496.9845721475,3658.193059864454,0.0014238894916562444
30000000000,3534519.9160448755,3549320.6373535246,14800.721308649052,0.004187477128495302
30000000000,2306408.4156706994,2310879.2365838736,4470.82091317419,0.0019384341831210684
30000000000,3534159.234683999,3552119.4138206476,17960.179136648774,0.005081881699157411
30000000000,2065290.3144093477,2075895.996583843,10605.682174495189,0.005135201622987472
30000000000,3535617.2428507884,3541248.3488635225,5631.106012734119,0.0015926797574371274
30000000000,2084471.3505703085,2094629.1397618023,10157.789191493765,0.0048730769020714085
30000000000,3538042.6024461775,3526499.365508592,11543.236937585287,0.0032626054105748684
30000000000,2343053.1881042356,2346487.794534247,3434.6064300113358,0.001465867888722695
30000000000,3540151.214503654,3521365.9216849366,18785.292818717193,0.005306353226312956
30000000000,2591323.404865129,2586901.6349866884,4421.769878440537,0.0017063751556979732
30000000000,3540779.3957293862,3524614.8562938035,16164.539435582701,0.004565248954814614
30000000000,2253325.3875543084,2246001.9694325337,7323.418121774681,0.0032500490884378214
30000000000,3541203.493123961,3539963.1286260574,1240.3644979037344,0.0003502663713938438
30000000000,2033537.7925365225,2031837.9762216702,1699.8163148523308,0.0008358911848557651
30000000000,3541014.7952282624,3555829.1554066935,14814.36017843103,0.004183648201186367
30000000000,1679133.3846738518,1684636.5824988917,5503.19782503997,0.003277403615025431
30000000000,3540949.3866118994,3558964.565971769,18015.179359869566,0.005087669264063416
30000000000,1506420.722957609,1514798.8438715558,8378.120913946768,0.0055616075816440624
30000000000,3541158.508652518,3546712.566928102,5554.0582755841315,0.0015684297277326798
30000000000,1720627.1391062166,1725387.6960281164,4760.556921899784,0.002766756849117622
30000000000,3541059.1068204353,3529382.0804552804,11677.026365154888,0.00329760843095326
30000000000,2072525.3267172033,2069897.5552909367,2627.771426266525,0.0012679079924339497
30000000000,3539945.3048699247,3521172.796596105,18772.50827381946,0.005303050374251265
30000000000,2262272.3930404717,2254699.004841724,7573.388198747765,0.0033476906768814016
30000000000,3537733.545872175,3528032.665722173,9700.880150001962,0.002742117240943977
30000000000,2171421.722693884,2166322.195393946,5099.527299937792,0.0023484739268479255
30000000000,3535363.4392716084,3543084.0864841924,7720.647212584037,0.0021838340937798246
30000000000,1853361.5484877068,1855552.2600688078,2190.7115811009426,0.001182020627809239
30000000000,3534098.6408593548,3552594.6470371434,18496.0061777886,0.005233585153495063
30000000000,1543249.5445582008,1550948.0096508872,7698.465092686471,0.0049884771518856185
30000000000,3534693.089439735,3548010.01944483,13316.930005094968,0.0037674925851075127
30000000000,1568807.387421682,1576097.2000851457,7289.812663463643,0.004646722549824533
30000000000,3536792.662778634,3533454.6795086153,3337.983270018827,0.0009437882251758532
30000000000,1898738.8653660603,1900005.8569921232,1266.991626062896,0.000667280608815384
30000000000,3539198.2609929214,3522082.3514242386,17115.90956868278,0.004836097982225193
30000000000,2197588.7339312574,2191798.2089966987,5790.5249345586635,0.0026349447670310985
30000000000,3541117.2100873194,3531278.9760265914,9838.234060727991,0.00277828534811063
30000000000,2638788.8153058407,2632680.562119051,6108.253186789807,0.002314794253848559
30000000000,3541133.11372645,3548794.965838824,7661.852112373803,0.0021636724365639523
30000000000,2453628.196201794,2453753.243659815,125.04745802097023,5.0964305926441164e-05
30000000000,3540938.0847806637,3559495.053197879,18556.96841721516,0.00524069271275175
30000000000,2168759.9130272474,2176940.2593683004,8180.346341053024,0.0037719003804503877
30000000000,3541043.4026097627,3554358.9378786134,13315.535268850625,0.003760342293188788
30000000000,2037872.617348029,2049212.6576320417,11340.040284012677,0.0055646462823421994
30000000000,3541201.085636557,3537729.387025113,3471.6986114438623,0.0009803731918883107
30000000000,2201066.8821022627,2208419.261965437,7352.3798631741665,0.0033403709459986193
30000000000,3540650.4638138525,3523457.244592473,17193.219221379608,0.004855949322616764
30000000000,2486059.0382976127,2485151.4894659873,907.5488316253759,0.0003650552209921938
30000000000,3538929.6572293933,3522862.0853911014,16067.571838291828,0.004540234871712887
30000000000,2646439.644102289,2640055.9707889548,6383.673313334119,0.0024121741554017392
30000000000,3536486.0670057256,3535367.2191563128,1118.8478494128212,0.00031637275765096626
30000000000,2569152.838655344,2565496.984572148,3655.85408319626,0.00142298038022124
30000000000,3534520.570535473,3549320.6373535246,14800.066818051506,0.004187291182127516
30000000000,2306406.6978328135,2310879.236583872,4472.538751058746,0.0019391804382381094
30000000000,3534158.706751107,3552119.413820647,17960.707069540396,0.0050820318383639805
30000000000,2065289.9247527195,2075895.9965838431,10606.07183112367,0.005135391261056751
30000000000,3535617.1480696043,3541248.3824904887,5631.234420884401,0.0015927161185873796
30000000000,2084471.1571544951,2094629.1397618013,10157.982607306214,0.004873170143151725
30000000000,3538042.650534071,3526499.3655085927,11543.28502547834,0.0032626189578963583
30000000000,2343053.095676551,2346487.8951136284,3434.7994370772503,0.0014659503207226552
30000000000,3540151.5319969887,3521365.9216849366,18785.61031205207,0.005306442433964166
30000000000,2591323.0682915086,2586902.0880639,4420.980227608699,0.0017060706485060183
30000000000,3540779.4458521022,3524614.856293804,16164.589558298234,0.0045652630460319915
30000000000,2253317.674629411,2245994.686311336,7322.988318075426,0.0032498694704819154
30000000000,3541203.465537751,3539963.1622048845,1240.3033328666352,0.0003502491017353301
30000000000,2033532.4564980709,2031833.1063123636,1699.3501857072115,0.0008356641568601507
30000000000,3541014.576492853,3555829.1265701028,14814.550077249762,0.004183702087982541
30000000000,1679132.4271699945,1684636.0870277938,5503.659857799299,0.003277680645519516
30000000000,3540949.56553905,3558964.5612536697,18014.995714619756,0.005087617143701756
30000000000,1506422.9917525551,1514800.9075413242,8377.915788769023,0.005561463038360994
30000000000,3541160.302042344,3546712.566928102,5552.26488575805,0.0015679224921153138
30000000000,1720626.2809342581,1725386.7005920925,4760.41965783434,0.00276667845341148
30000000000,3541057.7834992637,3529382.0804552804,11675.703043983318,0.0032972359554227382
30000000000,2072516.2777290195,2069891.6531928168,2624.624536202755,0.0012663951373538612
30000000000,3539947.5041018394,3521172.796596105,18774.70750573417,0.005303668340838212
30000000000,2262264.9391143518,2254690.806802773,7574.13231157884,0.0033480306309940948
30000000000,3537731.905056,3528032.6657221736,9699.239333826583,0.0027416547081944723
30000000000,2171412.76407093,2166315.5373634933,5097.22670743661,0.0023474241248726984
30000000000,3535362.948157299,3543084.086484192,7721.138326893095,0.0021839733119671644
30000000000,1853357.3966200587,1855549.3902817247,2191.993661666056,0.001182715036864214
30000000000,3534097.8923671064,3552594.6470371443,18496.754670037888,0.005233798053525035
30000000000,1543250.5882134794,1550949.394485364,7698.80627188459,0.0049886948566123645
30000000000,3534693.0194628555,3548010.0194448293,13316.999981973786,0.0037675124568519063
30000000000,1568808.993778511,1576098.2532925545,7289.259514043573,0.00464636519993886
30000000000,3536792.8487279285,3533454.612251022,3338.2364769065753,0.0009438597677857306
30000000000,1898735.7252406303,1900002.4144209418,1266.689180311514,0.0006671224243968888
30000000000,3539198.2233077255,3522082.4186748634,17115.8046328621,0.004836068384117155
30000000000,2197581.9763178597,2191791.0118128965,5790.964504963253,0.0026351528941214995
30000000000,3541117.433177752,3531278.976026592,9838.45715116011,0.002778348173088179
30000000000,2638799.302013317,2632690.489305619,6108.812707697973,0.0023149970909258424
30000000000,3541132.913581041,3548795.0665350235,7662.152953982353,0.0021637575151715635
30000000000,2453635.7544901227,2453760.880198357,125.12570823449641,5.099604046995074e-05
30000000000,3540938.0989451837,3559495.019647682,18556.920702498406,0.00524067921662521
30000000000,2168763.9047754756,2176944.2732726154,8180.368497139774,0.0037719036540248296
30000000000,3541043.458969329,3554358.8036490525,13315.344679723494,0.0037602884104673243
30000000000,2037874.7323782486,2049214.6542188376,11339.921840589028,0.005564582385962
30000000000,3541199.030391688,3537729.6556843277,3469.3747073602863,0.0009797175130753786
30000000000,2201070.3133228444,2208423.4051368395,7353.091813995037,0.0033406891953826076
30000000000,3540651.9137644516,3523457.244592473,17194.66917197872,0.004856356849181822
30000000000,2486066.5496530733,2485160.3149097385,906.2347433348186,0.00036452553672035944
30000000000,3538928.632281633,3522861.950885234,16066.681396399159,0.004539984573252211
30000000000,2646449.4462782703,2640066.3139037057,6383.132374564651,0.002411960819255897
30000000000,3536486.687542812,3535367.2191563137,1119.4683864982799,0.00031654816924423326
30000000000,2569162.08054115,2565506.372374866,3655.708166284021,0.0014229184658968688
30000000000,3534521.1582993283,3549320.5656280653,14799.407328736968,0.004187103900619414
30000000000,2306412.273926555,2310885.1734747807,4472.8995482255705,0.0019393321821907735
30000000000,3534158.75079966,3552119.4855436618,17960.734744001646,0.005082039605588669
30000000000,2065293.3464981585,2075898.3757603548,10605.029262196273,0.005134877948538304
30000000000,3535616.9780770405,3541248.382490489,5631.404413448647,0.001592764275193482
30000000000,2084474.6608394298,2094631.7186309367,10157.057791506872,0.00487271828356818
30000000000,3538042.9573456636,3526499.365508592,11543.591837071348,0.003262705392851325
30000000000,2343059.2536296565,2346494.332204385,3435.0785747286864,0.0014660656018013081
30000000000,3540150.9428697187,3521365.854448801,18785.088420917746,0.005306295896437164
30000000000,2591332.2731477036,2586911.7537263595,4420.519421344157,0.0017058867622462524
30000000000,3540779.866322169,3524614.8562938035,16165.010028365534,0.0045653812545980825
30000000000,2253316.333788878,2245993.6073334846,7322.726455393247,0.003249755192197237
30000000000,3541203.1787409177,3539963.1622048845,1240.0165360332467,0.00035016814157332174
30000000000,2033531.632718073,2031832.3848471018,1699.247870971216,0.0008356141815703922
30000000000,3541014.613060663,3555829.121851388,14814.50879072491,0.004183690385259394
30000000000,1679132.670629468,1684636.0162476874,5503.345618219348,0.003277493026299268
30000000000,3540950.9539209236,3558964.5659717685,18013.612050844822,0.005087224388380247
30000000000,1506423.1665001,1514801.2082886454,8378.041788545437,0.005561546034910159
30000000000,3541157.967699862,3546712.566928102,5554.599228240084,0.0015685827288433678
30000000000,1720625.6153624218,1725386.5474497187,4760.932087296853,0.002766977339398751
30000000000,3541059.508224569,3529382.2148432494,11677.293381319381,0.003297683462872442
30000000000,2072516.7955240738,2069890.8662495315,2625.929274542257,0.001267024363910278
30000000000,3539946.0345923,3521172.662115183,18773.372477116995,0.005303293410030514
30000000000,2262262.469624484,2254690.2602684293,7572.209356054664,0.0033471842713774873
30000000000,3537733.081719029,3528032.6657221736,9700.41599685559,0.0027419863999864104
30000000000,2171411.7216670862,2166314.5862193746,5097.135447711684,0.002347383223941701
30000000000,3535361.7418710403,3543084.086484192,7722.344613151625,0.0021843152630442514
30000000000,1853357.7731853002,1855549.1852980477,2191.412112747552,0.0011824010153103088
30000000000,3534098.311008145,3552594.7815281693,18496.470520024188,0.005233717031133705
30000000000,1543251.029967338,1550949.6001535384,7698.570186200319,0.004988540449160273
30000000000,3534694.162606403,3548009.884946351,13315.722339947708,0.0037671497808254495
30000000000,1568809.5564384859,1576098.4037513835,7288.847312897677,0.004646100785773405
30000000000,3536793.3591278433,3533454.6122510214,3338.746876821853,0.0009440039430647349
30000000000,1898734.7890210256,1900001.922627595,1267.1336065693758,0.0006673568177589989
30000000000,3539197.026341957,3522082.418674864,17114.607667093165,0.004835731817050739
30000000000,2197580.472407737,2191790.0191011024,5790.453306634445,0.0026349220787761397
30000000000,3541117.499896806,3531278.9760265914,9838.52387021482,0.0027783669619834785
30000000000,2638788.760440556,2632680.2418877007,6108.518552855123,0.002314894865565246
30000000000,3541132.746347642,3548795.0665350235,7662.320187381469,0.0021638048433186975
30000000000,2453628.0269294335,2453752.9973202534,124.97039081994444,5.093289995400701e-05
30000000000,3540937.948509706,3559495.019647682,18557.0711379759,0.005240721923914571
30000000000,2168759.9591738046,2176940.321120599,8180.361946794204,0.003771907495890203
30000000000,3541044.4963495256,3554358.8036490525,13314.307299526874,0.0037599943500435076
30000000000,2037872.456415299,2049212.6620094571,11340.205594158033,0.005564727840772684
30000000000,3541198.602781905,3537729.6556843286,3468.9470975762233,0.0009795968785402428
30000000000,2201068.276976347,2208419.123859905,7350.8468835582025,0.003339672358395085
30000000000,3540650.6675576814,3523457.2445924724,17193.422965209,0.004856006587362349
30000000000,2486059.1146871955,2485152.0086089214,907.1060782740824,0.0003648771153167923
30000000000,3538929.633893126,3522861.950885234,16067.683007892221,0.004540266314992082
30000000000,2646438.6910849293,2640055.970788952,6382.720295977313,0.0024118149109136036
30000000000,3536488.35576679,3535367.0846423325,1121.2711244574748,0.0003170577736044484
30000000000,2569152.3872498726,2565496.984572148,3655.4026777246036,0.0014228049281411052
30000000000,3534519.3153395164,3549320.700124448,14801.384784931783,0.004187665553472863
30000000000,2306407.5634936574,2310878.865528807,4471.3020351496525,0.0019386435016613874
30000000000,3534159.387066141,3552119.620035452,17960.232969311066,0.005081896712140262
30000000000,2065289.6414266194,2075895.9145503265,10606.273123707157,0.005135489430131828
30000000000,3535616.8186944276,3541248.2479826454,5631.429288217798,0.001592771382476135
30000000000,2084472.126713747,2094629.1397618018,10157.013048054883,0.004872702742285078
30000000000,3538042.875234388,3526499.365508592,11543.509725795593,0.0032626822604660665
30000000000,2343052.955743438,2346487.895113629,3434.9393701907247,0.0014660101308298587
30000000000,3540150.868451032,3521365.854448801,18785.01400223095,0.005306274986650555
30000000000,2591322.8527622,2586902.0880639004,4420.764698299579,0.0017059876169375422
30000000000,3540779.833098194,3524614.856293804,16164.976804390084,0.004565371914199386
30000000000,2253325.2731505013,2246002.2391784554,7323.033972045872,0.0032498787721877034
30000000000,3541203.085527083,3539963.162204885,1239.9233221979812,0.000350141828144665
30000000000,2033537.143420532,2031838.156589309,1698.9868312231265,0.0008354835497940933
30000000000,3541014.570785588,3555829.1218513874,14814.551065799315,0.004183702373896939
30000000000,1679133.3113998778,1684636.582498892,5503.271099014208,0.00327744739601776
30000000000,3540949.071273927,3558964.4988699113,18015.42759598419,0.005087739821545296
30000000000,1506421.9913199227,1514798.843871556,8376.85255163326,0.005560760928810847
30000000000,3541159.044623982,3546712.634065058,5553.589441075921,0.0015682970945648754
30000000000,1720628.6348654714,1725387.696028116,4759.061162644532,0.0027658851341949347
30000000000,3541059.138570827,3529382.2148432494,11676.923727577552,0.003297579416391889
30000000000,2072524.0502259142,2069897.1618164415,2626.888409472769,0.0012674827147054948
30000000000,3539947.7000202937,3521172.662115183,18775.037905110512,0.005303761381842698
30000000000,2262272.217749954,2254699.2781104594,7572.939639494754,0.0033474926580793034
30000000000,3537732.219034319,3528032.6657221727,9699.553312146105,0.002741743216165116
30000000000,2171420.886118602,2166322.195393946,5098.690724655986,0.0023480895653397974
30000000000,3535362.687426395,3543084.0864841933,7721.399057798553,0.002184047222441958
30000000000,1853361.1995645657,1855552.4650547158,2191.265490150079,0.0011823197176378257
30000000000,3534097.1586982217,3552594.7815281684,18497.62282994669,0.005234044792577309
30000000000,1543249.9018276636,1550947.9548107695,7698.052983105881,0.004988208956948005
30000000000,3534693.791872165,3548009.884946351,13316.093074185774,0.0037672550603408423
30000000000,1568808.7860910583,1576097.2000851457,7288.413994087372,0.004645826858381918
30000000000,3536793.517304887,3533454.6122510214,3338.90505386563,0.000944048624136234
30000000000,1898739.2984837417,1900005.856992123,1266.5585083812475,0.0006670523485729037
30000000000,3539197.4955756566,3522082.418674864,17115.076900792774,0.004835863757868358
30000000000,2197588.650123187,2191797.9608172644,5790.689305922482,0.0026350196637564007
30000000000,3541117.4459940256,3531278.9760265914,9838.469967434183,0.0027783517823065113
30000000000,2638790.3983910177,2632680.882350432,6109.516040585469,0.0023152714381220654
30000000000,3541133.1678597997,3548795.0665350235,7661.8986752238125,0.002163685552626233
30000000000,2453629.061204743,2453754.475358,125.41415325691923,5.1113738111391747e-05
30000000000,3540938.8954305477,3559495.019647682,18556.124217134435,0.0052404531015998145
30000000000,2168760.5381125095,2176940.815139071,8180.2770265615545,0.003771867332887253
30000000000,3541043.8582236464,3554358.870763831,13315.012540184427,0.0037601941894229635
30000000000,2037874.1511122948,2049212.9110357277,11338.759923432954,0.005564013811767587
30000000000,3541199.2026271536,3537729.5885194815,3469.614107672125,0.0009797850697295084
30000000000,2201069.5966314664,2208419.8143876805,7350.217756214086,0.0033393845280780374
30000000000,3540650.053788798,3523457.1773721646,17192.87641663337,0.004855853065240245
30000000000,2486060.301172022,2485153.046895097,907.2542769247666,0.0003649365530261084
30000000000,3538931.371267727,3522862.0181381446,16069.35312958248,0.00454073601428051
30000000000,2646440.5970134973,2640056.940454664,6383.656558833085,0.002412166955886721
30000000000,3536485.566220488,3535367.084642332,1118.4815781558864,0.00031626923317298585
30000000000,2569155.820200136,2565497.864677437,3657.955522698816,0.001423796678246578
30000000000,3534520.555776143,3549320.700124449,14800.144348306116,0.004187313134767202
30000000000,2306408.4017585586,2310879.6076390143,4471.205880455673,0.0019386011068319596
30000000000,3534158.4622749523,3552119.620035452,17961.15776049951,0.005082159714179267
30000000000,2065290.8997875305,2075896.2222015145,10605.322413983988,0.00513502597385919
30000000000,3535616.6475709854,3541248.2479826454,5631.600411660038,0.001592819859451963
30000000000,2084472.3000133256,2094629.5752963615,10157.275283035822,0.004872828141189925
30000000000,3538043.1784290555,3526499.365508592,11543.812920463271,0.0032627676764501496
30000000000,2343054.2579063205,2346488.6997488616,3434.4418425410986,0.0014657969745907667
30000000000,3540150.9229490925,3521365.854448801,18785.068500291556,0.005306290299240354
30000000000,2591324.224278342,2586903.296270111,4420.928008230869,0.0017060497358110612
30000000000,3540779.867396579,3524614.587437086,16165.279959493317,0.004565457488149107
30000000000,2253316.9156348296,2245994.146822313,7322.768812516704,0.0032497731507303987
30000000000,3541203.3234656225,3539963.2965202564,1240.0269453660585,0.0003501710667526703
30000000000,2033531.7746260292,2031832.0241147412,1699.7505112879444,0.0008358612992907534
30000000000,3541014.38329075,3555829.121851388,14814.738560637925,0.004183755544892826
30000000000,1679132.5893121965,1684636.0162476874,5503.426935490919,0.0032775416131642253
30000000000,3540949.4674468935,3558964.498869911,18015.031423017383,0.00508762736905326
30000000000,1506423.962874921,1514801.208288645,8377.245413723867,0.005561014442266565
30000000000,3541160.133899132,3546712.634065058,5552.5001659262925,0.0015679890081142693
30000000000,1720626.3354104562,1725386.4900214407,4760.154610984493,0.002766524324904603
30000000000,3541058.223685061,3529382.21484325,11676.008841811214,0.0032973219032982693
30000000000,2072516.8791972932,2069890.8662495313,2626.0129477619193,0.0012670646855136836
30000000000,3539946.429615272,3521172.729355619,18773.700259653386,0.005303385413573545
30000000000,2262263.4318373627,2254690.5335355764,7572.898301786277,0.003347487385956519
30000000000,3537732.672897701,3528032.5984642757,9700.074433425441,0.002741890168168151
30000000000,2171412.97334159,2166314.586219374,5098.387122215703,0.0023479583040207177
30000000000,3535362.955689466,3543084.0864841924,7721.130794726312,0.0021839711767926632
30000000000,1853358.0032412957,1855549.082806266,2191.0795649702195,0.0011822214386741743
30000000000,3534098.1533498005,3552594.709805568,18496.556455767713,0.005233741580786522
30000000000,1543250.8413703158,1550949.6001535382,7698.758783222409,0.004988663266424248
30000000000,3534692.9516905486,3548009.9566729255,13317.004982376937,0.003767513943752249
30000000000,1568808.9717417099,1576098.4438704392,7289.472128729336,0.00464650079138474
30000000000,3536793.7344335266,3533454.6122510214,3339.1221825052053,0.000944109957557369
30000000000,1898735.434105289,1900001.9226275955,1266.4885223065503,0.0006670168468748979
30000000000,3539197.5328640705,3522082.5531762573,17114.979687813204,0.004835836239398321
30000000000,2197580.7948800623,2191790.0191011047,5790.775778957643,0.0026350684318178557
30000000000,3541117.185004596,3531278.9760265914,9838.208978004754,0.0027782782845103683
30000000000,2638796.725019059,2632687.2869842597,6109.438034799416,0.002315236326039964
30000000000,3541132.9998871563,3548795.066535024,7662.066647867672,0.0021637330899776526
30000000000,2453634.208488681,2453759.402156811,125.19366813031957,5.102377024953233e-05
30000000000,3540938.8717641947,3559495.019647682,18556.1478834874,0.005240459820262926
30000000000,2168762.5983735807,2176943.285233702,8180.686860121321,0.0037720527208723814
30000000000,3541043.0597651303,3554358.8372064405,13315.77744131023,0.0037604110474142153
30000000000,2037874.4554199036,2049214.156166661,11339.700746757444,0.0055644746498482904
30000000000,3541199.862655419,3537729.6221019016,3470.2405535173602,0.0009799617892549987
30000000000,2201069.7041809047,2208422.4729223535,7352.7687414488755,0.0033405433401233874
30000000000,3540650.554123287,3523457.177372164,17193.376751122996,0.004855993690509881
30000000000,2486065.104736091,2485158.2058855775,906.8988505136222,0.00036479288043821936
30000000000,3538930.3540269285,3522862.085391102,16068.268635826651,0.004540430872719114
30000000000,2646447.083721815,2640063.4857052355,6383.598016579635,0.002412138922347958
30000000000,3536486.414934084,3535367.0846423325,1119.3302917513065,0.0003165091450725026
30000000000,2569161.2506314605,2565504.0254215044,3657.2252099560574,0.0014235094076158776
30000000000,3534519.992810629,3549320.6328762555,14800.640065626707,0.004187454051959493
30000000000,2306411.781324954,2310883.4109583637,4471.629633409902,0.0019387819944455477
30000000000,3534158.876830472,3552119.620035452,17960.74320497969,0.005082041818416315
30000000000,2065291.7338216486,2075897.7604577348,10606.026636086171,0.005135364879643715
30000000000,3535616.6396790673,3541248.2479826454,5631.608303578105,0.0015928220951266067
30000000000,2084473.2925017218,2094631.2945424558,10158.002040734049,0.004873174473990368
30000000000,3538043.2469943133,3526499.3655085918,11543.881485721562,0.0032627869926486843
30000000000,2343057.9965676665,2346492.72292979,3434.7263621236198,0.0014659160665912378
30000000000,3540151.0703286645,3521365.854448801,18785.215879863594,0.005306331709205729
30000000000,2591330.7551248525,2586909.337308005,4421.417816847563,0.0017062344542869963
30000000000,3540779.6903555454,3524614.5874370867,16165.102918458637,0.00456540771584561
30000000000,2253319.0322930585,2245996.304779596,7322.727513462305,0.003249751769952626
30000000000,3541203.662573804,3539963.296520256,1240.3660535481758,0.00035026679393148984
30000000000,2033533.270607528,2031833.4670452639,1699.803562264191,0.0008358867724629685
30000000000,3541014.593953573,3555829.121851388,14814.527897814754,0.004183695803770808
30000000000,1679132.8215224666,1684636.15780827,5503.336285803467,0.0032774871738934877
30000000000,3540949.7999586873,3558964.5156453764,18014.71568668913,0.005087537724172003
30000000000,1506422.7850521517,1514800.6171844872,8377.83213233552,0.005561408268294005
30000000000,3541159.031211797,3546712.6256729374,5553.594461140223,0.001568298518137934
30000000000,1720626.4492711977,1725386.7963062963,4760.347035098588,0.002766635975586054
30000000000,3541058.121227965,3529382.189645493,11675.931582472287,0.003297300180552619
30000000000,2072518.3246168448,2069892.489320865,2625.835295979865,0.0012669780840009288
30000000000,3539946.527797903,3521172.7461657356,18773.781632167287,0.0053034082534139035
30000000000,2262265.534328243,2254692.6449529394,7572.889375303872,0.003347480329073114
30000000000,3537733.0748065617,3528032.6320932196,9700.442713342141,0.0027419939572101686
30000000000,2171415.2750965613,2166316.5479549654,5098.727141595911,0.002348112403956988
30000000000,3535362.9546823055,3543084.052857803,7721.098175497726,0.0021839619508576195
30000000000,1853358.6126384006,1855549.9796106215,2191.3669722208288,0.0011823761236910578
30000000000,3534097.7340114955,3552594.7098055687,18496.975794073194,0.0052338608567787355
30000000000,1543250.7054338355,1550949.1888172831,7698.48338344763,0.004988485251515533
30000000000,3534692.9398727524,3548009.956672926,13317.016800173558,0.003767517299721363
30000000000,1568809.1987773222,1576098.1028338822,7288.904056560015,0.004646138014897379
30000000000,3536793.1448226427,3533454.6122510214,3338.532571621239,0.0009439434071818341
30000000000,1898735.898301025,1900003.0373492227,1267.1390481977724,0.0006673592937973097
30000000000,3539198.119196653,3522082.5531762573,17115.566020395607,0.004836001106454191
30000000000,2197582.8729933174,2191792.2692270153,5790.6037663021125,0.002634987666433147
30000000000,3541117.0905973655,3531278.9760265914,9838.114570774138,0.0027782516982838615
30000000000,2638791.265279818,2632682.50482824,6108.7604515780695,0.002314984338456303
30000000000,3541133.3148173233,3548795.066535023,7661.751717699692,0.002163643962694169
30000000000,2453630.069578236,2453754.7380985813,124.66852034535259,5.080982740270311e-05
30000000000,3540938.415381119,3559495.019647683,18556.604266563896,0.00524058938329957
30000000000,2168760.882407171,2176941.3091576933,8180.426750522107,0.0037719357707348593
30000000000,3541043.825037133,3554358.853985135,13315.02894800203,0.003760198858273775
30000000000,2037873.3111174456,2049213.1600619706,11339.848944525002,0.005564550496177272
30000000000,3541199.025562233,3537729.596915086,3469.428647147026,0.0009797327464801807
30000000000,2201068.1549927923,2208420.3322837045,7352.177290912252,0.003340276980626403
30000000000,3540650.6183294915,3523457.187350176,17193.430979315657,0.004856008918334806
30000000000,2486060.761799187,2485154.0527352197,906.7090639672242,0.00036471717743174944
30000000000,3538930.807093597,3522862.067001617,16068.74009197997,0.004540563511377799
30000000000,2646441.9121234803,2640058.402529253,6383.509594227187,0.002412110224291724
30000000000,3536486.3170906426,3535367.084642332,1119.2324483105913,0.0003164814869781114
30000000000,2569156.649913473,2565499.3315201458,3657.318393327296,0.0014235482267889235
30000000000,3534520.794867842,3549320.649688304,14799.854820461944,0.004187230937204125
30000000000,2306409.2306085783,2310880.4193223845,4471.188713806216,0.0019385929671407144
30000000000,3534158.48855853,3552119.5483124424,17961.0597539125,0.005082131945146083
30000000000,2065291.154732457,2075896.5490809218,10605.394348464906,0.0051350601701670275
30000000000,3535616.955129163,3541248.2479826454,5631.292853482533,0.0015927327323490593
30000000000,2084471.8808294854,2094629.8274599817,10157.946630496299,0.00487315119187604
30000000000,3538042.9898524676,3526499.3655085918,11543.624343875796,0.0032627145506666532
30000000000,2343054.602039211,2346489.504384414,3434.902345202863,0.0014659932987534279
30000000000,3540151.2241694564,3521365.9261614042,18785.298008052167,0.005306354677676044
30000000000,2591325.994734127,2586904.504476776,4421.490257351194,0.0017062655437162946
30000000000,3540779.2716245125,3524614.8562938035,16164.415330708958,0.004565214064669078
30000000000,2253323.023080385,2246000.6207036646,7322.402376720216,0.003249601722308856
30000000000,3541203.4712534435,3539963.0995184765,1240.3717349669896,0.00035026841723046994
30000000000,2033536.1918176087,2031837.0743841426,1699.1174334660172,0.0008355481649664261
30000000000,3541014.648298502,3555829.121851388,14814.473552885931,0.0041836803922865595
30000000000,1679133.0695050552,1684636.459807559,5503.390302503714,0.003277518859256286
30000000000,3540949.8585196696,3558964.4988699113,18014.64035024168,0.005087516364259641
30000000000,1506421.469768535,1514799.4349759424,8377.965207407251,0.0055615014625983415
30000000000,3541158.942732569,3546712.634065058,5553.691332489252,0.0015683259131553393
30000000000,1720627.2077795,1725387.3897381525,4760.181958652567,0.0027665388162701823
30000000000,3541058.1490016347,3529382.1812462416,11675.967755393125,0.0032973103699765693
30000000000,2072521.5542258674,2069895.5879202937,2625.9663055737037,0.001267039322326643
30000000000,3539946.399684226,3521172.7461657356,18773.653518490493,0.00530337225449661
30000000000,2262269.629786884,2254696.955327805,7572.674459078815,0.0033473792687532984
30000000000,3537732.970389618,3528032.6405004575,9700.329889160581,0.0027419621464794337
30000000000,2171419.4098191126,2166320.233648898,5099.176170214545,0.0023483147231512153
30000000000,3535363.305116602,3543084.044451207,7720.739334604703,0.0021838602339484484
30000000000,1853360.307753384,1855551.6066772211,2191.298923837021,0.0011823383260502007
30000000000,3534098.1543830424,3552594.726616946,18496.572233903687,0.005233746043800158
30000000000,1543249.5352669598,1550948.3275832147,7698.792316254927,0.004988689217342384
30000000000,3534692.843856499,3548009.8849463505,13317.04108985141,0.003767524273855138
30000000000,1568808.2073433662,1576097.5010007634,7289.293657397153,0.0046463892930168355
30000000000,3536793.3513702955,3533454.6122510224,3338.7391192731448,0.0009440017517505181
30000000000,1898739.0779406903,1900004.8733971869,1265.795456496533,0.0006666505530972549
30000000000,3539198.0358488434,3522082.5531762573,17115.482672586106,0.004835977670427566
30000000000,2197587.180261357,2191795.9753835495,5791.204877807759,0.002635256034356287
30000000000,3541117.120675268,3531278.976026592,9838.144648676272,0.0027782601685877595
30000000000,2638788.69429582,2632679.6014250903,6109.09287072951,0.002315112568101921
30000000000,3541133.4972088826,3548795.0665350226,7661.5693261399865,0.002163592344705114
30000000000,2453627.805649155,2453752.5046412004,124.69899204559624,5.0822293323581206e-05
30000000000,3540937.8376026447,3559495.0912155015,18557.253612856846,0.00524077362098535
30000000000,2168759.6372488975,2176940.3211205993,8180.683871701825,0.003772056493120252
30000000000,3541044.2058022763,3554358.87076383,13314.664961553644,0.003760095663233046
30000000000,2037872.874296881,2049212.662009457,11339.787712575868,0.005564521641953936
30000000000,3541199.103023559,3537729.5885194815,3469.5145040773787,0.000979756970206794
30000000000,2201067.0182871106,2208419.1238599042,7352.105572793633,0.003340246122317123
30000000000,3540650.18170671,3523457.1773721646,17193.00433454523,0.004855889018173955
30000000000,2486058.8713769335,2485152.0086089214,906.862768012099,0.0003647792811558892
30000000000,3538931.1867939304,3522862.085391102,16069.10140282847,0.004540665120246703
30000000000,2646439.2220041556,2640055.647567107,6383.574437048752,0.0024121371781266354
30000000000,3536486.190915403,3535367.067828092,1119.1230873111635,0.00031645057463704776
30000000000,2569154.209247216,2565496.9845721484,3657.2246750677004,0.0014235131008890657
30000000000,3534520.09325259,3549320.5824401127,14800.489187522791,0.004187411245950185
30000000000,2306407.360472854,2310879.004674448,4471.644201593939,0.0019387920270412132
30000000000,3534159.058795405,3552119.615558336,17960.556762930937,0.005081988802465692
30000000000,2065289.8750553266,2075895.837637533,10605.962582206354,0.005135338487011289
30000000000,3535617.080076108,3541248.2479826454,5631.167906537186,0.00159269733656111
30000000000,2084471.5936525736,2094629.1397618016,10157.54610922793,0.004872959718020952
30000000000,3538043.438570471,3526499.365508592,11544.073061878793,0.003262840963462879
30000000000,2343053.0606585047,2346487.8951136284,3434.834455123637,0.0014659652881093062
30000000000,3540150.570358422,3521365.854448801,18784.715909621213,0.005306191230086396
30000000000,2591323.7452031756,2586902.088063902,4421.65713927336,0.0017063314251869659
30000000000,3540779.5347456946,3524614.856293804,16164.678451890592,0.004565288037073895
30000000000,2253318.3561997516,2245996.3047795957,7322.051420155913,0.0032494527016167568
30000000000,3541203.87668951,3539963.0278896145,1240.8487998954952,0.00035040309541722886
30000000000,2033532.544616787,2031834.188511602,1698.356105184881,0.0008351752764817103
30000000000,3541013.6567075057,3555829.193430107,14815.536722601391,0.00418398180829868
30000000000,1679133.2022052424,1684636.15780827,5502.955603027716,0.0032772597169781195
30000000000,3540950.2257979424,3558964.565971769,18014.340173826553,0.005087431063724448
30000000000,1506423.1265393302,1514800.6171844862,8377.49064515601,0.0055611803201676925
30000000000,3541158.669825543,3546712.5669281017,5553.89710255852,0.0015683841421407234
30000000000,1720626.5734147364,1725386.8537349007,4760.280320164282,0.0027665970023449554
30000000000,3541058.436104545,3529382.2148432494,11676.22126129549,0.003297381693068102
30000000000,2072518.5934256115,2069892.4401368382,2626.153288773261,0.001267131352695158
30000000000,3539946.4254355347,3521172.729355619,18773.696079915855,0.005303384239100751
30000000000,2262265.2680658763,2254692.719674538,7572.548391338438,0.0033473299962796087
30000000000,3537733.185646047,3528032.598464276,9700.587181770708,0.0027420347077415975
30000000000,2171415.205242205,2166316.4885083833,5098.716733821668,0.002348107686412256
30000000000,3535362.856347289,3543084.086484193,7721.230136903934,0.0021839993377317578
30000000000,1853358.8032432243,1855549.9027415654,2191.099498341093,0.0011822316836366765
30000000000,3534097.8540357943,3552594.709805568,18496.855769773945,0.005233826717234583
30000000000,1543250.5008131072,1550949.1502545283,7698.649441421032,0.004988593515676665
30000000000,3534693.3646362056,3548009.884946351,13316.520310145337,0.0037673763849996327
30000000000,1568808.0470299737,1576098.102833882,7290.055803908268,0.004646875580291426
30000000000,3536792.449574769,3533454.612251021,3337.837323748041,0.0009437470169190593
30000000000,1898736.1367597675,1900002.9062149222,1266.7694551546592,0.0006671645578497429
30000000000,3539198.8981876164,3522082.5531762573,17116.34501135908,0.004836220145786146
30000000000,2197582.3421422974,2191792.004525468,5790.337616829202,0.0026348671928190562
30000000000,3541116.9879914126,3531278.9760265914,9838.011964821257,0.002778222803195655
30000000000,2638796.198489634,2632687.286984262,6108.911505371798,0.0023150372540586316
30000000000,3541135.2852536747,3548795.0665350235,7659.7812813487835,0.0021630863167658005
30000000000,2453634.226574379,2453758.416796271,124.19022189220414,5.0614806619155814e-05
30000000000,3540936.918563314,3559495.0912155015,18558.172652187757,0.005241034528148974
30000000000,2168764.163046139,2176943.285233702,8179.122187563218,0.0037713285413547354
30000000000,3541043.789244193,3554358.803649053,13315.01440485986,0.003760194789260666
30000000000,2037875.8726930444,2049214.222568121,11338.349875076674,0.005563807897726907
30000000000,3541199.297065171,3537729.6556843286,3469.6413808423094,0.000979792745276391
30000000000,2201070.4733011094,2208422.3002900993,7351.826988989953,0.003340114311725726
30000000000,3540650.5655080094,3523457.177372164,17193.388135845307,0.0048559968903280955
30000000000,2486065.0069612614,2485158.2383320904,906.7686291709542,0.00036474051427935316
30000000000,3538929.9877773547,3522862.085391102,16067.902386252768,0.0045403278510023045
30000000000,2646447.243841679,2640063.404899598,6383.838942080736,0.002412229813738408
30000000000,3536487.4254428777,3535367.084642332,1120.340800545644,0.0003167947926197822
30000000000,2569160.2994269477,2565504.318790578,3655.9806363699026,0.0014230255064992911
30000000000,3534520.139493945,3549320.5824401127,14800.442946167663,0.004187398108385575
30000000000,2306412.10992543,2310883.503722345,4471.393796915188,0.0019386794656830674
30000000000,3534157.601750115,3552119.598746863,17961.99699674826,0.005082398415920524
30000000000,2065291.6884252997,2075897.702773118,10606.014347818214,0.005135359042627468
30000000000,3535617.9628439383,3541248.247982645,5630.285138706677,0.001592447260387221
30000000000,2084473.1408640395,2094631.2028568997,10158.061992860166,0.004873203589780738
30000000000,3538041.5869198916,3526499.365508592,11542.221411299426,0.0032623193164181327
30000000000,2343057.5347498804,2346492.32061134,3434.7858614595607,0.0014659417494100166
30000000000,3540151.655549422,3521365.854448801,18785.801100621,0.005306496141534788
30000000000,2591329.250790593,2586908.7332037035,4420.517586889677,0.001705888043960841
30000000000,3540778.755035355,3524614.856293804,16163.89874155121,0.00456506883367521
30000000000,1716308.030330912,1716309.8689903566,1.8386594445910305,1.0712875614970634e-06
30000000000,3541204.645986372,3539963.0278896145,1241.6180967576802,0.0003506202608665781
30000000000,1502154.2067298612,1504179.4890583633,2025.2823285020422,0.0013482519433946887
30000000000,3541012.789870916,3555829.121851388,14816.331980471965,0.004184207417395993
30000000000,959927.7475810843,963743.9173970504,3816.169815966161,0.003975476097635997
30000000000,3540951.4429353545,3558964.63754115,18013.194605795667,0.0050871057951766795
30000000000,309042.0523799613,310777.66702085914,1735.6146408978384,0.00561611155353037
30000000000,3541158.8690759838,3546712.5669281017,5553.697852117941,0.0015683277868770403
30000000000,701737.2215949812,705121.8611682813,3384.639573300141,0.0048232293644153304
30000000000,3541058.551503546,3529382.2148432494,11676.336660296656,0.0032974141744532416
30000000000,1330141.3323383746,1333206.4469051738,3065.114566799253,0.0023043525468160694
30000000000,3539946.6024885154,3521172.662115183,18773.94037333224,0.005303452984328779
30000000000,1679847.0219321777,1680253.346431416,406.32449923828244,0.00024188184634272455
30000000000,3537733.123988174,3528032.665722173,9700.458266000729,0.00274199831531248
30000000000,1655204.280809665,1655878.011289589,673.7304799240083,0.0004070376615957301
30000000000,3535363.3771490674,3543084.0864841924,7720.709335125051,0.002183851703909165
30000000000,1263006.4008967848,1266355.3545676274,3348.953670842573,0.0026515729995229497
30000000000,3534096.742894308,3552594.709805568,18497.96691126004,0.005234142768856638
30000000000,614731.5949116278,617831.1572311376,3099.5623195098015,0.0050421392769886605
30000000000,3534694.1355765406,3548010.0194448293,13315.883868288714,0.0037671955076013313
30000000000,369529.6393972935,371569.0747393985,2039.435342104989,0.005519003415886553
30000000000,3536793.8280897504,3533454.612251022,3339.2158387284726,0.0009441364131004517
30000000000,1038601.973955254,1042409.706451949,3807.732496695011,0.0036662095703460114
30000000000,3539196.375177077,3522082.4186748634,17113.95650221361,0.004835548720112301
30000000000,1547073.5841324239,1548755.61318302,1682.0290505960584,0.0010872327391843585
40000000000,3540797.1237310525,3524828.8378068786,15968.285924173892,0.004509799733272374
40000000000,2251395.6476938156,2244126.3208552175,7269.326838598121,0.003228809137143154
40000000000,3541204.2678846996,3540336.7389613497,867.5289233499207,0.00024498132774140413
40000000000,2026800.2378618403,2025256.465186039,1543.7726758013014,0.0007616797388132805
40000000000,3541008.4114555074,3556054.343079636,15045.931624128483,0.004249052777014996
40000000000,1672465.2379295884,1678087.22372008,5621.98579049157,0.0033614963486184326
40000000000,3540953.235912096,3558852.0440731994,17898.808161103167,0.005054799362944059
40000000000,1507083.0467499853,1515449.7577040615,8366.710954076145,0.005551592509861286
40000000000,3541162.554977139,3546356.3643901064,5193.809412967414,0.001466696129401759
40000000000,1727758.3532213424,1732388.028726325,4629.6755049824715,0.0026795850799104
40000000000,3541047.738734796,3529080.3846651567,11967.354069639463,0.003379608226890315
40000000000,2078761.8105296856,2075984.3130206028,2777.4975090827793,0.0013361307173403625
40000000000,3539910.4508863376,3521164.3003021,18746.15058423765,0.005295656724746783
40000000000,2263321.2627218254,2255719.594160881,7601.668560944498,0.0033586343601097446
40000000000,3537680.954593765,3528302.4625692954,9378.492024469655,0.002651028214483687
40000000000,2166687.088763281,2161711.500932705,4975.587830575649,0.002296403507631393
40000000000,3535323.337126517,3543381.804015585,8058.466889068019,0.002279414390316524
40000000000,1845767.323256518,1848109.648896907,2342.3256403889973,0.0012690254133746355
40000000000,3534090.100329172,3552651.11784188,18561.01751270797,0.005251993295524402
40000000000,1539527.609766223,1547285.553426066,7757.943659842946,0.005039171503407457
40000000000,3534724.7115677996,3547775.0793625764,13050.367794776801,0.0036920464419953124
40000000000,1573577.789733022,1580791.557421206,7213.767688184045,0.0045843095493918705
40000000000,3536843.022350931,3533139.4624568885,3703.5598940425552,0.0010471371985236733
40000000000,1906244.3594627779,1907355.167713285,1110.808250507107,0.0005827208064868229
40000000000,3539243.808775647,3521974.6611871556,17269.14758849144,0.004879332569763106
40000000000,2201569.555708353,2195670.880538753,5898.675169600174,0.0026793044781645704
40000000000,3541125.9601926845,3531607.457642138,9518.502550546546,0.002687987565974245
40000000000,2637157.78371364,2631108.3977013314,6049.386012308765,0.002293903705598545
40000000000,3541126.2458032332,3549131.5872941394,8005.341490906198,0.00226067667042194
40000000000,2448056.014389198,2448354.3308013915,298.31641219370067,0.00012185849116207095
40000000000,3540938.139079551,3559558.969786528,18620.83070697682,0.005258728047651578
40000000000,2163603.102467798,2171913.7456483645,8310.643180566374,0.003841112619540656
40000000000,3541048.603247437,3554094.648279782,13046.045032344759,0.003684232128409773
40000000000,2038362.1337208997,2049691.161476484,11329.027755584335,0.005557907286525147
40000000000,3541197.9415155984,3537360.714832216,3837.2266833824106,0.001083595649482422
40000000000,2206655.51161385,2213861.9874471673,7206.475833317265,0.003265791055916457
40000000000,3540626.706872232,3523285.663881706,17341.04299052572,0.004897732640627538
40000000000,2491279.204526669,2490203.711662021,1075.4928646478802,0.0004317030635079775
40000000000,3538883.9736115034,3523012.7144411257,15871.259170377627,0.004484820437382321
40000000000,2647354.7128067766,2640938.4324533814,6416.280353395268,0.002423657216147134
40000000000,3536437.0878259884,3535689.8447828935,747.2430430948734,0.00021129827126494658
40000000000,2565167.141729207,2561646.5215186877,3520.6202105190605,0.0013724720519169649
40000000000,3534494.305608897,3549521.5797963357,15027.274187438656,0.004251605148604099
40000000000,2300313.1555573647,2304954.755599628,4641.600042263512,0.0020178122404985567
40000000000,3534170.5107700927,3552018.6744441027,17848.163674009964,0.005050170505248448
40000000000,2062510.295700227,2073180.0870679985,10669.79136777157,0.005173206354419264
40000000000,3535662.081176969,3540935.2936725738,5273.21249560453,0.0014914356560480904
40000000000,2088067.4137746443,2098142.4517503018,10075.037975657498,0.0048250539753621445
40000000000,3538094.336059301,3526258.0436896207,11836.29236968048,0.00334538631405279
40000000000,2349153.559818162,2352412.6269840132,3259.0671658511274,0.0013873367929610348
40000000000,3540183.1065876246,3521422.3683966254,18760.738190999255,0.0052993694467636425
40000000000,2594718.02156447,2590177.712290903,4540.309273567051,0.0017498276251341938
40000000000,3540797.687386918,3524828.7033803924,15968.984006525483,0.004509996169340721
40000000000,2251396.1756020696,2244126.858832634,7269.316769435536,0.0032288039076425862
40000000000,3541203.110073737,3540336.7389613492,866.3711123876274,0.00024465445371462676
40000000000,2026801.008988626,2025256.1101586842,1544.8988299418706,0.0007622350803509691
40000000000,3541011.0771946283,3556054.477299632,15043.400105003733,0.004248334664042308
40000000000,1672467.747728693,1678087.195037799,5619.44730910589,0.0033599734982856446
40000000000,3540952.3598386105,3558852.0440732,17899.68423458934,0.005055048025386359
40000000000,1507082.03219453,1515449.7577040615,8367.725509531563,0.0055522694390742235
40000000000,3541162.8845964395,3546356.3643901064,5193.479793666862,0.001466602910659029
40000000000,1727758.0877144665,1732388.1122794994,4630.024565032916,0.0026797875223131848
40000000000,3541046.724919042,3529080.2502747667,11966.474644275382,0.003379360842675401
40000000000,2078760.9472314122,2075984.3130206023,2776.6342108098324,0.0013357159775913047
40000000000,3539910.594392697,3521164.4347843155,18746.159608381335,0.005295659059320792
40000000000,2263321.6711295354,2255718.4994199397,7603.171709595714,0.003359297887958307
40000000000,3537681.9522558395,3528302.3280533273,9379.624202512205,0.0026513475007359523
40000000000,2166687.333819339,2161711.9727298156,4975.361089523416,0.0022962985991860085
40000000000,3535322.009772395,3543381.93852071,8059.9287483152,0.0022798287471511264
40000000000,1845767.316130112,1848109.6488969072,2342.332766795298,0.0012690292792193868
40000000000,3534091.051226578,3552651.050596419,18559.999369840603,0.0052517037905401385
40000000000,1539527.076349402,1547285.5534260662,7758.477076664101,0.005039519730345608
40000000000,3534723.2299990593,3547775.012113153,13051.782114093658,0.003692448111162902
40000000000,1573578.939698818,1580791.5924860698,7212.652787251864,0.00458359768632412
40000000000,3536844.325839994,3533139.5969722494,3704.7288677445613,0.0010474673257960527
40000000000,1906245.5711569863,1907354.9151299545,1109.3439729681704,0.0005819522887047862
40000000000,3539242.3348034183,3521974.6611871556,17267.67361626262,0.004878918136364835
40000000000,2201569.15204709,2195670.880538753,5898.271508337464,0.0026791216178029477
40000000000,3541126.087122587,3531607.5920136073,9518.495108979754,0.0026879853681556418
40000000000,2637148.5042600404,2631098.490377535,6050.013882505242,0.0022941498640414336
40000000000,3541127.1781165376,3549131.587294139,8004.409177601337,0.0022604127937191853
40000000000,2448048.3005590457,2448347.0093333456,298.7087742998265,0.00012201915061545648
40000000000,3540937.220634377,3559558.969786528,18621.749152150936,0.005258988790774086
40000000000,2163600.03268375,2171910.1110116327,8310.07832788257,0.00384085699868227
40000000000,3541048.558282684,3554094.5140486984,13045.95576601429,0.00368420696618214
40000000000,2038359.669062625,2049689.4117194314,11329.742656806484,0.005558264730589309
40000000000,3541197.318743306,3537360.849164287,3836.469579019118,0.001083382041072085
40000000000,2206651.299612853,2213857.7691382365,7206.46952538332,0.0032657944309767753
40000000000,3540627.3932810356,3523285.798324338,17341.59495669743,0.004897887586139723
40000000000,2491271.062327735,2490195.861085893,1075.2012418420054,0.0004315874166006585
40000000000,3538884.059884799,3523012.4454279384,15871.614456860814,0.004484920723109951
40000000000,2647344.961225515,2640929.3722809297,6415.588944585528,0.002423404973115256
40000000000,3536437.603714701,3535689.8447828945,747.758931806311,0.00021144411851657142
40000000000,2565158.3064194475,2561637.7675977824,3520.5388216651045,0.0013724450506055574
40000000000,3534493.011718424,3549521.7142923987,15028.702573974617,0.004252010832712853
40000000000,2300307.525497196,2304948.9026189307,4641.3771217348985,0.00201772027013288
40000000000,3534173.0610662415,3552018.6744441018,17845.61337786028,0.005049445250560637
40000000000,2062507.2921375257,2073177.970445602,10670.678308076225,0.0051736439181349165
40000000000,3535661.368586618,3540935.2936725747,5273.925085956696,0.0014916375003596427
40000000000,2088067.6633781493,2098139.8770416393,10072.213663490023,0.004823700802489725
40000000000,3538094.2691694144,3526258.0436896207,11836.225479793735,0.003345367471673486
40000000000,2349147.6699776268,2352406.718575676,3259.0485980492085,0.0013873323672667405
40000000000,3540182.3228501217,3521422.2339258613,18760.088924260344,0.005299187220718343
40000000000,2594709.4365324806,2590169.217879404,4540.218653076794,0.0017497984896313685
40000000000,3540798.023262491,3524828.770593612,15969.252668878995,0.004510071617743654
40000000000,2251404.0194331915,2244134.928517602,7269.090915589593,0.0032286923416880295
40000000000,3541203.1267385357,3540336.7389613497,866.3877771859989,0.0002446591585340505
40000000000,2026807.077559531,2025261.7906178075,1545.2869417234324,0.0007624242873594586
40000000000,3541011.5086839683,3556054.343079636,15042.834395667538,0.004248174387114113
40000000000,1672469.418968653,1678087.6539650506,5618.234996397514,0.0033592452768804954
40000000000,3540951.7907602275,3558852.0440731994,17900.25331297191,0.005055209551194934
40000000000,1507079.0583149164,1515447.6207793257,8368.562464409275,0.005552835744241757
40000000000,3541162.598946844,3546356.4986661975,5193.8997193533,0.0014667216130933908
40000000000,1727760.011742914,1732389.2820356223,4629.270292708185,0.0026793479772913085
40000000000,3541047.3740632604,3529080.2502747667,11967.123788493685,0.0033795435430059553
40000000000,2078767.8602607062,2075990.2930886603,2777.5671720458195,0.0013361603405285833
40000000000,3539910.0869420134,3521164.3003021,18745.78663991345,0.005295554457460016
40000000000,2263329.7389902533,2255727.8047432234,7601.934247029945,0.0033587391691417535
40000000000,3537682.2561038285,3528302.4625692954,9379.79353453312,0.0026513951382573886
40000000000,2166695.462031135,2161718.57790961,4976.884121525101,0.002296992913281684
40000000000,3535321.637720092,3543381.804015585,8060.166295493022,0.002279896179599369
40000000000,1845768.9427318801,1848112.81776109,2343.8750292097684,0.0012698637272228954
40000000000,3534090.0721432525,3552651.1430589277,18561.070915675256,0.005252008448222396
40000000000,1539526.0714163384,1547283.9500050864,7757.878588747932,0.005039134271763785
40000000000,3534724.9343531514,3547774.986894621,13050.05254146969,0.0036919570217867114
40000000000,1573577.8938714692,1580790.5010971013,7212.607225632062,0.004583571778507199
40000000000,3536843.7032895554,3533139.529714555,3704.173575000372,0.0010473105078279783
40000000000,1906248.6968898906,1907358.7670431233,1110.0701532326639,0.0005823322817446543
40000000000,3539241.733963247,3521974.728437327,17267.005525920074,0.004878730198116324
40000000000,2201575.383726379,2195678.373128777,5897.010597601999,0.0026785413032828966
40000000000,3541126.6310710376,3531607.524827854,9519.106243183836,0.002688157537112622
40000000000,2637147.8515120987,2631098.1707869177,6049.68072518101,0.0022940240994497973
40000000000,3541128.1194976773,3549131.5872941394,8003.467796462122,0.002260146350648687
40000000000,2448046.6613631244,2448346.6432605116,299.9818973871879,0.00012253928902652191
40000000000,3540936.045333308,3559559.0324193384,18622.98708603019,0.005259340142721275
40000000000,2163599.6649735677,2171909.989857216,8310.324883648194,0.0038409716077256466
40000000000,3541049.375633223,3554094.5856326753,13045.209999452345,0.0036839955096981823
40000000000,2038360.0881214,2049689.3450675176,11329.256946117617,0.005558025302859478
40000000000,3541197.7635200284,3537360.849164287,3836.914355741348,0.0010835075056433365
40000000000,2206651.375488456,2213857.7691382375,7206.3936497815885,0.0032657599337305417
40000000000,3540626.9447460766,3523285.5294392686,17341.41530680796,0.004897837467045441
40000000000,2491270.944819017,2490195.8610858936,1075.0837331232615,0.0004315402687768925
40000000000,3538884.9078733386,3523012.7144411257,15872.193432212807,0.004485083252326242
40000000000,2647344.3879086524,2640928.077972487,6416.309936165344,0.002423677843151377
40000000000,3536436.3507751697,3535689.710269278,746.640505891759,0.00021112793553547174
40000000000,2565157.999370909,2561637.7675977824,3520.2317731264047,0.0013723255152274139
40000000000,3534494.1286021178,3549521.7142923987,15027.585690280888,0.004251693493751609
40000000000,2300307.6148292576,2304948.5368082398,4640.9219789821655,0.0020175223300848144
40000000000,3534171.6196536003,3552018.6912555983,17847.07160199806,0.005049859917031231
40000000000,2062507.9813509965,2073177.8192583153,10669.837907318724,0.005173234723838354
40000000000,3535661.7168324464,3540935.31048611,5273.593653663527,0.0014915436136203866
40000000000,2088066.4545470425,2098139.7126986273,10073.25815158477,0.004824203812885797
40000000000,3538092.3476901976,3526258.010061028,11834.337629169691,0.0033448357098128318
40000000000,2349147.3147409833,2352406.3110998627,3258.996358879376,0.001387310339555573
40000000000,3540183.8645948707,3521422.301161218,18761.563433652744,0.005299601419374236
40000000000,2594707.0938026467,2590168.6111365845,4538.482666062191,0.001749131020184195
40000000000,3540799.396890077,3524828.736986996,15970.659903080668,0.004510467302131794
40000000000,2251396.848428519,2244126.8588326336,7269.989595885389,0.0032291017911657205
40000000000,3541202.845047039,3540336.705383113,866.1396639258601,0.0002445891133113994
40000000000,2026799.8929085517,2025256.465186039,1543.4277225127444,0.0007615096724215108
40000000000,3541009.9454665384,3556054.4101896323,15044.4647230939,0.0042486366756340046
40000000000,1672466.4584777786,1678087.2093789282,5620.750901149586,0.003360755531244196
40000000000,3540952.6885009264,3558852.0440732,17899.35557227349,0.005054954738706559
40000000000,1507082.292521422,1515449.6792910814,8367.386769659352,0.0055520437146536344
40000000000,3541162.914830275,3546356.4986661975,5193.583835922647,0.0014666322789533594
40000000000,1727758.2300300114,1732387.9897311886,4629.759701177245,0.002679634002436108
40000000000,3541047.2076303307,3529080.250274767,11966.957355563529,0.003379496700799936
40000000000,2078761.532323889,2075984.711690513,2776.820633376017,0.001335805281268484
40000000000,3539910.5847069165,3521164.3003021,18746.28440481657,0.0052956943279313514
40000000000,2263321.8493873393,2255719.0467903106,7602.802597028669,0.0033591345389462303
40000000000,3537681.34761149,3528302.4625692954,9378.885042194743,0.0026511390146902332
40000000000,2166687.8611168102,2161711.9727298156,4975.8883869946,0.002296541406028739
40000000000,3535322.323005592,3543381.8040155848,8059.481009992771,0.0022797018980552012
40000000000,1845767.0793002464,1848109.6488969068,2342.5695966603234,0.0012691577517724615
40000000000,3534090.6046805335,3552651.1514646104,18560.54678407684,0.005251859349473195
40000000000,1539528.0995060527,1547285.553426066,7757.453920013271,0.005038851790040207
40000000000,3534724.3248280827,3547775.0121131535,13050.687285070773,0.0036921372321462483
40000000000,1573578.3936330436,1580791.5486549917,7213.155021948041,0.004583918444186607
40000000000,3536843.9573431495,3533139.4960857187,3704.461257430725,0.001047391771338843
40000000000,1906245.0530030522,1907355.0631279806,1110.010124928318,0.0005823019045634426
40000000000,3539241.572476308,3521974.7284373273,17266.844038980547,0.004878684793165848
40000000000,2201568.3429387636,2195670.9741958575,5897.368742906023,0.0026787125468173837
40000000000,3541125.463148746,3531607.4912349912,9517.97191375494,0.002687838093511553
40000000000,2637157.9950464554,2631108.437650277,6049.557396178599,0.0022939685098662555
40000000000,3541128.1408563126,3549131.620859056,8003.480002743192,0.002260149784019902
40000000000,2448054.154994409,2448354.315548312,300.1605539028533,0.00012261189291522793
40000000000,3540937.141301085,3559558.89821888,18621.756917795166,0.005258991101703876
40000000000,2163603.9879205744,2171913.836514387,8309.848593812436,0.0038407437960950408
40000000000,3541048.5158866877,3554094.7825108864,13046.26662419876,0.003684294797336868
40000000000,2038362.2253867197,2049691.1573159215,11328.931929201819,0.005557860025125066
40000000000,3541197.7182000335,3537360.6521380185,3837.0660620150156,0.0010835503598950046
40000000000,2206655.5258093425,2213862.26866815,7206.742858807556,0.0032659120440487943
40000000000,3540627.2396018426,3523285.7983243377,17341.4412775049,0.004897844394219543
40000000000,2491279.1534950472,2490204.5141435266,1074.6393515206873,0.00043136047199410075
40000000000,3538884.686813965,3523012.4454279384,15872.24138602661,0.0044850970830350185
40000000000,2647354.8574992972,2640938.777574669,6416.0799246281385,0.0024235813746136003
40000000000,3536436.243210971,3535689.979296609,746.2639143620618,0.00021102145296545145
40000000000,2565167.429501801,2561646.2491483125,3521.1803534883074,0.0013726902630181066
40000000000,3534494.199295119,3549521.5797963357,15027.380501216743,0.004251635355410582
40000000000,2300313.783991341,2304955.121411525,4641.337420184165,0.0020176975213054833
40000000000,3534171.4225637014,3552018.6912555983,17847.268691896927,0.005049915965578843
40000000000,2062510.5713493628,2073180.0870679987,10669.51571863587,0.0051730720156530005
40000000000,3535661.968733516,3540935.298926804,5273.330193288159,0.0014914689922060282
40000000000,2088068.8411493555,2098142.5613124343,10073.720163078746,0.00482441956153791
40000000000,3538093.1764620272,3526257.9963994147,11835.180062612519,0.0033450730301137223
40000000000,2349154.1329315053,2352412.7957049743,3258.6627734689973,0.001387164310671483
40000000000,3540183.4897603365,3521422.32637449,18761.163385846652,0.005299488978498328
40000000000,2594717.5703800973,2590178.1294277594,4539.440952337813,0.0017494932797918485
40000000000,3540799.171107246,3524828.749589476,15970.421517770272,0.0045104002644623725
40000000000,2251396.7315425314,2244126.825209039,7269.906333492603,0.003229064976261056
40000000000,3541202.9850699594,3540336.717974951,866.2670950083993,0.00024462508889229505
40000000000,2026799.2474613548,2025256.4319022167,1542.8155591380782,0.0007612078803909736
40000000000,3541010.313182169,3556054.4605221315,15044.147339962423,0.004248546603763724
40000000000,1672466.7068014902,1678087.216549501,5620.509748010896,0.003360610842149344
40000000000,3540952.6333660684,3558852.039605652,17899.406239583623,0.005054969126364238
40000000000,1507082.2909771404,1515449.752809343,8367.461832202505,0.005552093526875251
40000000000,3541162.7891519703,3546356.2301140795,5193.440962109249,0.0014665919844235578
40000000000,1727757.0265923985,1732388.1122794996,4631.08568710112,0.0026804033297638304
40000000000,3541047.039055301,3529080.5190557097,11966.519999591168,0.0033793733513304753
40000000000,2078762.1083618642,2075983.9143508773,2778.1940109869465,0.0013364655819978644
40000000000,3539910.6536553116,3521164.3003021,18746.353353211656,0.005295713702224143
40000000000,2263321.7631891184,2255720.141531646,7601.6216574725695,0.003358612894156753
40000000000,3537681.634433029,3528302.2652733144,9379.369159714784,0.0026512756457289237
40000000000,2166688.0866494575,2161711.972729816,4976.113919641357,0.002296645257941287
40000000000,3535322.0166490404,3543382.073025884,8060.056376843713,0.0022798648436793455
40000000000,1845766.6524985966,1848109.7545163543,2343.1020177577157,0.001269446500502044
40000000000,3534090.7994811498,3552650.983350954,18560.183869804256,0.005251756370416157
40000000000,1539528.0576298882,1547285.3396363286,7757.282006440451,0.005038740260689259
40000000000,3534724.0922811273,3547775.0457378644,13050.953456737101,0.0036922127770132956
40000000000,1573578.6233131452,1580791.5574212058,7212.934108060552,0.004583777385634429
40000000000,3536844.462215082,3533139.5129001355,3704.9493149463087,0.001047529614187768
40000000000,1906244.8858916543,1907355.0414215997,1110.1555299453903,0.0005823782338574564
40000000000,3539241.5880937236,3521974.703218507,17266.88487521652,0.004878696309769762
40000000000,2201568.2419193457,2195671.067852969,5897.174066376872,0.0026786242434327936
40000000000,3541125.208102101,3531607.5080314213,9517.700070679653,0.002687761519672656
40000000000,2637147.8591303523,2631098.1707869177,6049.688343434595,0.0022940269816458412
40000000000,3541129.0870689023,3549131.58729414,8002.500225237571,0.0022598724950356097
40000000000,2448046.5023558945,2448346.5822483785,300.07989248400554,0.00012257932690217346
40000000000,3540936.4584787367,3559559.049194395,18622.590715658385,0.005259227589658318
40000000000,2163600.690254204,2171909.898991409,8309.208737205248,0.003840453913068862
40000000000,3541048.1070770957,3554094.5140486993,13046.406971603632,0.0036843348571089
40000000000,2038360.685405347,2049689.2825761677,11328.597170820693,0.005557699994870091
40000000000,3541198.31659033,3537360.8491642866,3837.4674260434695,0.0010836635180992643
40000000000,2206650.870359643,2213857.769138238,7206.89877859503,0.003265989593279176
40000000000,3540626.290451724,3523285.529439269,17340.761012454983,0.004897653575927832
40000000000,2491270.756289574,2490195.861085894,1074.8952036798,0.0004314646254190041
40000000000,3538885.0620250264,3523012.7144411253,15872.347583901137,0.00448512661635262
40000000000,2647343.788787912,2640928.0779724866,6415.710815425497,0.0024234520815156137
40000000000,3536435.942819771,3535689.7102692784,746.2325504925102,0.00021101260211078588
40000000000,2565159.227533522,2561636.6004102207,3522.627123301383,0.001373258659926735
40000000000,3534494.2452516146,3549521.6515216236,15027.406270009,0.004251642590788608
40000000000,2300307.7746619172,2304948.5368082398,4640.762146322522,0.002017452706738162
40000000000,3534171.856933106,3552018.8089360665,17846.952002960257,0.00504982573723722
40000000000,2062507.2426537757,2073177.7486975666,10670.50604379084,0.005173560520476704
40000000000,3535661.4183222977,3540935.3272996466,5273.908977348823,0.0014916329233389488
40000000000,2088065.9357742395,2098139.7346110283,10073.798836788861,0.004824463952118241
40000000000,3538093.876416095,3526257.9764324445,11835.899983650539,0.003345275845433386
40000000000,2349146.889964668,2352406.4129688083,3259.523004140239,0.0013875347761626194
40000000000,3540183.38664635,3521422.3347789156,18761.05186743429,0.0052994576321106395
40000000000,2594708.112150437,2590168.4594508964,4539.652699540835,0.0017495812643752327
40000000000,3540799.5066392315,3524828.736986996,15970.769652235322,0.004510498157912946
40000000000,2251405.010360992,2244134.9285176024,7270.081843389664,0.00322913105813155
40000000000,3541202.601856111,3540336.73896135,865.8628947609104,0.0002445109732798318
40000000000,2026804.3727236236,2025261.7018602819,1542.670863341773,0.000761134564392482
40000000000,3541009.9323415114,3556054.4437446315,15044.511403120123,0.0042486498740690794
40000000000,1672467.7857142952,1678087.6467941354,5619.861079840222,0.003360220823290795
40000000000,3540952.7824800736,3558851.9054012694,17899.122921195813,0.005054888901585216
40000000000,1507081.3361187058,1515447.5472610337,8366.21114232787,0.005551267169079255
40000000000,3541162.814996681,3546356.498666198,5193.683669516817,0.0014666605126208195
40000000000,1727758.3129971568,1732389.2820356223,4630.969038465526,0.002680333819625585
40000000000,3541047.7719460116,3529080.2502747676,11967.521671243943,0.003379655526270151
40000000000,2078765.964934079,2075990.29308866,2775.6718454188667,0.0013352498031238874
40000000000,3539908.6725799683,3521164.5692667323,18744.10331323603,0.005295081045007551
40000000000,2263329.30453138,2255727.8047432248,7601.499788155314,0.0033585478582089036
40000000000,3537682.1250064285,3528302.1935375077,9379.931468920782,0.0026514342265569544
40000000000,2166695.0292235552,2161719.521509806,4975.507713749073,0.0022963581153052576
40000000000,3535322.5711042755,3543381.8040155857,8059.232911310159,0.002279631560973181
40000000000,1845770.0190804345,1848112.8177610901,2342.7986806556582,0.001269279843337603
40000000000,3534090.3991163033,3552651.1895644246,18560.79044812126,0.0052519286017025405
40000000000,1539526.7570203594,1547283.900116229,7757.143095869571,0.005038654288076779
40000000000,3534723.880362068,3547775.0121131525,13051.1317510847,0.003692263439187745
40000000000,1573578.2055963846,1580790.5054801689,7212.299883784261,0.004583375556508045
40000000000,3536844.2131952597,3533139.529714555,3704.683480704669,0.0010474545265192158
40000000000,1906248.9318654588,1907358.8301895512,1109.8983240923844,0.0005822420700355413
40000000000,3539241.8376221117,3521974.7284373273,17267.10918478435,0.004878759343663696
40000000000,2201575.9170652106,2195678.373128776,5897.543936434668,0.0026787829076075336
40000000000,3541125.4560731607,3531607.524827854,9517.931245306972,0.0026878266142712818
40000000000,2637147.719926555,2631098.4903775346,6049.229549020529,0.0022938531290120526
40000000000,3541128.323869537,3549131.58729414,8003.263424602803,0.002260088506438904
40000000000,2448046.704876206,2448346.5212362465,299.8163600405678,0.000122471666673422
40000000000,3540938.1637661457,3559559.0324193393,18620.868653193582,0.005258738727419178
40000000000,2163599.278122175,2171909.989857216,8310.71173504088,0.0038411510944179506
40000000000,3541046.3407410164,3554094.5140486984,13048.173307681922,0.0036848355124749366
40000000000,2038362.362286972,2049689.2825761677,11326.920289195608,0.005556872761566886
40000000000,3541197.8235199773,3537360.849164287,3836.9743556901813,0.0010835244306900086
40000000000,2206650.279812353,2213857.4879180295,7207.208105676342,0.0032661306468051753
40000000000,3540628.525825941,3523285.529439269,17342.996386671904,0.00489828183334376
40000000000,2491269.845045362,2490195.861085893,1073.983959469013,0.000431099008244712
40000000000,3538883.239149923,3523012.7144411257,15870.524708797224,0.0044846138276688355
40000000000,2647344.249314372,2640928.0779724875,6416.171341884416,0.002423625617841775
40000000000,3536437.0708596404,3535689.7102692784,747.36059036199,0.00021133151117554621
40000000000,2565157.1641607434,2561636.6004102207,3520.563750522677,0.0013724553800096373
40000000000,3534494.9420260703,3549521.651521624,15026.709495553747,0.004251444617131075
40000000000,2300306.8648314825,2304948.5368082398,4641.671976757236,0.0020178490303715537
40000000000,3534171.2699874165,3552018.8089360665,17847.538948650006,0.005049992653217837
40000000000,2062507.9941596135,2073177.7486975673,10669.754537953762,0.0051731942703578445
40000000000,3535660.885277174,3540935.2936725747,5274.4083954007365,0.0014917743999046603
40000000000,2088066.4934319023,2098139.7346110283,10073.241179126082,0.004824195594734109
40000000000,3538093.926895488,3526258.0436896207,11835.883205867372,0.003345271055664937
40000000000,2349147.022769558,2352406.107361986,3259.0845924280584,0.0013873480718059603
40000000000,3540183.5067351204,3521422.3011612184,18761.205573902,0.005299500869999881
40000000000,2594708.097948047,2590168.6111365836,4539.486811463255,0.0017495173407186663
40000000000,3540799.151971211,3524828.8378068786,15970.31416433258,0.004510369969853187
40000000000,2251397.682809687,2244127.3968102466,7270.285999440588,0.0032292322475731853
40000000000,3541203.103763183,3540336.671804882,866.4319583009928,0.00024467163642216645
40000000000,2026799.7686565628,2025256.8202135726,1542.9484429901931,0.0007612732480292891
40000000000,3541009.172936787,3556054.477299632,15045.304362845141,0.004248874721317681
40000000000,1672467.394291954,1678087.2380612544,5619.843769300263,0.003360211259412592
40000000000,3540953.174201559,3558852.0396056515,17898.865404092707,0.0050548156170206
40000000000,1507084.0527475774,1515449.6057728184,8365.55302524101,0.0055508204801117105
40000000000,3541163.77826603,3546356.3643901064,5192.586124076508,0.0014663501744669701
40000000000,1727758.1131123903,1732388.1958327845,4630.082720394246,0.0026798211423551626
40000000000,3541047.070201217,3529080.250274767,11966.819926450029,0.0033794580216551665
40000000000,2078761.4321682109,2075984.7116905118,2776.7204776990693,0.00133575716517064
40000000000,3539909.448132073,3521164.5692667332,18744.878865339793,0.00529529897303758
40000000000,2263322.6081503285,2255719.594160879,7603.013989449479,0.0033592268119757547
40000000000,3537681.914193402,3528302.1935375077,9379.720655894373,0.0026513747938338786
40000000000,2166688.6486472636,2161712.916324617,4975.732322646771,0.0022964685423322298
40000000000,3535322.189712868,3543381.8040155857,8059.614302717615,0.0022797396871407074
40000000000,1845766.8018928983,1848110.0450028721,2343.243109973846,0.0012695228387306393
40000000000,3534089.802564171,3552651.1895644255,18561.387000254355,0.005252098287595034
40000000000,1539527.660790904,1547285.553426066,7757.892635161988,0.005039138193318666
40000000000,3534724.2367500053,3547775.079362576,13050.842612570617,0.0036921812674615283
40000000000,1573579.0391640742,1580791.487291509,7212.448127434822,0.0045834673365160354
40000000000,3536843.7824154412,3533139.46245689,3704.319958551321,0.0010473518725844047
40000000000,1906245.100881057,1907355.4202967754,1110.319415718317,0.0005824641412613377
40000000000,3539242.3499505403,3521974.6611871556,17267.688763384707,0.004878922395248242
40000000000,2201569.632767072,2195671.3800433893,5898.252723682672,0.0026791125004160666
40000000000,3541124.811973357,3531607.5920136077,9517.219959749375,0.002687626238863275
40000000000,2637158.076078454,2631108.3977013323,6049.678377121687,0.002294014314878602
40000000000,3541128.6949718534,3549131.587294139,8002.8923222855665,0.00225998347183741
40000000000,2448054.4208127363,2448354.330801393,299.90998865664005,0.00012250952679273858
40000000000,3540938.0855217986,3559559.0324193384,18620.946897539776,0.005258760940688903
40000000000,2163603.0787132103,2171913.7456483636,8310.666935153306,0.003841123640892591
40000000000,3541047.6357348636,3554094.5140486984,13046.878313834779,0.0036844684556544233
40000000000,2038363.5678814452,2049691.2822985167,11327.714417071547,0.005557259065832355
40000000000,3541198.3582128445,3537360.849164287,3837.5090485573746,0.0010836752591555112
40000000000,2206655.88283335,2213861.9874471673,7206.104613817297,0.003265622279340015
40000000000,3540627.811074621,3523285.663881706,17342.14719291497,0.004898042979460027
40000000000,2491278.879145602,2490204.2350345836,1074.6441110186279,0.0004313624299609456
40000000000,3538884.147228522,3523012.5799344387,15871.567294083536,0.004484907285397674
40000000000,2647354.678591348,2640939.0796094527,6415.598981895484,0.002423399869226896
40000000000,3536435.30746628,3535689.7102692784,745.5971970017999,0.00021083298072148014
40000000000,2565168.391526324,2561646.521518688,3521.8700076360255,0.0013729586015756438
40000000000,3534494.732285105,3549521.8487884714,15027.11650336627,0.004251560022456451
40000000000,2300313.16780171,2304954.389787803,4641.221986093093,0.002017647879887793
40000000000,3534171.3720106524,3552018.6116752387,17847.23966458626,0.005049907824484654
40000000000,2062510.569163518,2073180.3894426848,10669.8202791668,0.005173219686090678
40000000000,3535661.1474716216,3540935.293672574,5274.146200952586,0.0014917001321589226
40000000000,2088068.9123526537,2098142.3641005987,10073.451747945044,0.004824290849958184
40000000000,3538093.8650511466,3526258.0436896216,11835.821361524984,0.0033452536345736227
40000000000,2349152.674270608,2352412.626984013,3259.952713404782,0.001387714280604163
40000000000,3540184.246472213,3521422.2339258613,18762.012546351645,0.005299727709101004
40000000000,2594716.751446792,2590178.31903544,4538.432411351707,0.001749105141754342
40000000000,3540799.127403313,3524828.8378068786,15970.289596434217,0.004510363062630502
40000000000,2251396.8304178477,2244126.3208552175,7270.509562630206,0.0032293327699501276
40000000000,3541203.1371592702,3540336.7389613497,866.3981979205273,0.0002446621005242716
40000000000,2026798.9990560315,2025256.1101586847,1542.8888973467983,0.0007612441579383989
40000000000,3541009.8608714542,3556054.4101896323,15044.549318178091,0.00424866066723564
40000000000,1672467.2112776514,1678087.1950377985,5619.983760147123,0.0033602953303065574
40000000000,3540952.244570105,3558852.039605652,17899.79503554711,0.005055079481231542
40000000000,1507082.4968968085,1515449.8998458628,8367.40294905426,0.005552053697314743
40000000000,3541164.079314999,3546356.3643901064,5192.285075107589,0.0014662650356805785
40000000000,1727759.8692947936,1732388.028726325,4628.159431531327,0.0026787052493703117
40000000000,3541047.7090294505,3529080.2502747662,11967.45875468431,0.0033796378185382923
40000000000,2078760.234257564,2075983.9143508773,2776.3199066866655,0.00133556523784391
40000000000,3539908.726574153,3521164.4347843155,18744.291789837647,0.005295134207592399
40000000000,2263321.2813399015,2255718.4994199397,7602.781919961795,0.003359126246301584
40000000000,3537681.309036573,3528302.328053327,9378.980983246118,0.0026511661633535676
40000000000,2166688.355760425,2161711.500932704,4976.854827720672,0.0022969869268411637
40000000000,3535322.32634441,3543381.8040155857,8059.4776711757295,0.0022797009514856264
40000000000,1845767.716335096,1848109.4508441447,2341.7345090487506,0.0012687048799934764
40000000000,3534090.7994929543,3552651.3240553346,18560.524562380277,0.00525185277215945
40000000000,1539528.3747310915,1547285.7672158876,7757.392484796001,0.005038810984013841
40000000000,3534724.949556728,3547774.9448637348,13049.995307006873,0.003691940813851275
40000000000,1573578.949514301,1580791.6275509445,7212.678036643425,0.0045836137035702475
40000000000,3536844.0814654287,3533139.4624568895,3704.6190085392445,0.0010474363368046186
40000000000,1906245.2683889065,1907354.915129955,1109.646741048433,0.0005821112106871056
40000000000,3539240.8072353685,3521974.6611871556,17266.14604821289,0.004878488633188007
40000000000,2201567.4057227527,2195670.381034311,5897.024688441772,0.0026785574101038426
40000000000,3541124.5512530426,3531607.5920136077,9516.959239434917,0.0026875528103261145
40000000000,2637148.210416498,2631098.1707869177,6050.039629580453,0.002294159882892945
40000000000,3541128.782693857,3549131.587294139,8002.804600282107,0.002259958643524425
40000000000,2448046.136271805,2448346.521236247,300.3849644418806,0.000122703963782049
40000000000,3540936.9315665592,3559559.0324193393,18622.100852780044,0.00525908854426881
40000000000,2163599.409942131,2171909.8687028084,8310.458760677371,0.0038410339374698056
40000000000,3541050.1344765034,3554094.514048699,13044.379572195467,0.0036837602058192556
40000000000,2038360.4207976735,2049689.2825761677,11328.861778494203,0.00555783053031459
40000000000,3541195.9174814844,3537360.849164287,3835.0683171972632,0.001082986766777022
40000000000,2206652.3232809794,2213857.6285281274,7205.305247148033,0.0032652652940064275
40000000000,3540628.7975414144,3523285.663881706,17343.133659708314,0.004898320228246252
40000000000,2491269.9275820344,2490195.8610858936,1074.0664961407892,0.0004311321243231366
40000000000,3538884.252613041,3523012.579934439,15871.672678601928,0.0044849369308653155
40000000000,2647345.0793669033,2640928.725126649,6416.354240254499,0.002423693945403193
40000000000,3536435.6535357963,3535689.8447828935,745.8087529027835,0.0002108927818768905
40000000000,2565159.219187104,2561637.1840039454,3522.035183158703,0.0013730279028351432
40000000000,3534493.6184963346,3549521.714292399,15028.095796064474,0.0042518384295337375
40000000000,2300307.705131601,2304948.90261893,4641.197487329133,0.0020176420210980465
40000000000,3534171.711004464,3552018.7461672067,17847.035162742715,0.00504984947595269
40000000000,2062507.597465075,2073177.819258315,10670.221793239936,0.005173421812532556
40000000000,3535662.6453490164,3540935.159164326,5272.513815309387,0.0014912378086311797
40000000000,2088066.174004363,2098139.734611028,10073.560606664978,0.004824349310417942
40000000000,3538092.603703221,3526258.0436896207,11834.56001360016,0.0033448983221109766
40000000000,2349147.174603211,2352406.514837759,3259.3402345478535,0.001387456805510017
40000000000,3540184.089114669,3521422.2339258613,18761.855188807473,0.00529968349569625
40000000000,2594708.171585306,2590168.0043938775,4540.167191428598,0.001749779509367584
40000000000,3540799.5575864334,3524828.8378068786,15970.719779554754,0.0045104840078666044
40000000000,2251405.0726024266,2244134.9285176024,7270.144084824249,0.003229158614456083
40000000000,3541202.522984799,3540336.7389613497,865.7840234492905,0.0002444887062600252
40000000000,2026804.1067068262,2025261.7906178082,1542.3160890180152,0.0007609596230412161
40000000000,3541010.0513762226,3556054.410189633,15044.35881341016,0.004248606639103758
40000000000,1672467.9131535864,1678087.6539650506,5619.740811464144,0.00336014865652497
40000000000,3540952.83330477,3558851.972503462,17899.13919869205,0.005054893425955858
40000000000,1507079.4045411765,1515447.5288814604,8368.124340283917,0.005552543757859629
40000000000,3541163.1958059366,3546356.4315281436,5193.235722206999,0.0014665338576764083
40000000000,1727759.6972593812,1732389.3238130305,4629.626553649316,0.0026795546631820117
40000000000,3541046.4631749596,3529080.2502747667,11966.212900192942,0.003379287175312532
40000000000,2078766.0869050983,2075990.4924249784,2775.5944801198784,0.001335212507845089
40000000000,3539909.6101037534,3521164.4347843155,18745.17531943787,0.005295382476980381
40000000000,2263329.998074574,2255727.5310564255,7602.467018148396,0.003358974177259106
40000000000,3537682.161746372,3528302.328053327,9379.833693045191,0.0026514065606207116
40000000000,2166696.9197556507,2161719.049709611,4977.870046039578,0.002297446403625735
40000000000,3535322.4684974723,3543381.9385207104,8059.4700232381,0.002279698696527508
40000000000,1845769.7083343458,1848112.619705976,2342.911371630151,0.0012693411106764962
40000000000,3534090.3088514693,3552651.189564426,18560.880712956656,0.005251954277022617
40000000000,1539525.6924934909,1547283.9500050864,7758.257511595497,0.005039381641646945
40000000000,3534725.0776578835,3547774.810364914,13049.732707030606,0.003691866388567166
40000000000,1573578.1617251036,1580790.5054801684,7212.343755064765,0.00458340356424235
40000000000,3536842.8813852076,3533139.7314877263,3703.149897481315,0.0010470213186374207
40000000000,1906248.0649866736,1907358.703896706,1110.6389100323431,0.0005826308393079509
40000000000,3539241.9783990383,3521974.5266869576,17267.451712080743,0.004878855929452895
40000000000,2201576.3735797643,2195678.8726363396,5897.500943424646,0.002678762823855757
40000000000,3541125.100751472,3531607.5920136073,9517.508737864904,0.002687707569508111
40000000000,2637149.0793379503,2631098.8099681814,6050.26936976891,0.002294246243859606
40000000000,3541128.4596822425,3549131.587294139,8003.127611896489,0.002260050066812498
40000000000,2448047.783913701,2448347.9855278307,300.2016141298227,0.00012262898465563836
40000000000,3540936.428963416,3559559.015644282,18622.586680866312,0.005259226494026029
40000000000,2163599.645041077,2171910.353320494,8310.708279416896,0.0038411488458434803
40000000000,3541049.9402726586,3554094.5308275837,13044.590554925147,0.003683819989819382
40000000000,2038360.1964918317,2049689.5794100645,11329.382918232819,0.005558086808078142
40000000000,3541195.7540529897,3537360.7819982367,3834.972054752987,0.0010829596331588737
40000000000,2206653.5665552276,2213858.190968641,7204.624413413461,0.003264954917531748
40000000000,3540628.5782220378,3523285.663881706,17342.914340331685,0.004898258588038795
40000000000,2491271.458228816,2490196.646142468,1074.8120863479562,0.00043143114043144064
40000000000,3538885.5849039606,3523012.6471877587,15872.937716201879,0.004485292710200079
40000000000,2647345.534737876,2640929.6958581153,6415.83887976082,0.0024234988578459506
40000000000,3536435.300718397,3535689.8447828945,745.4559355024248,0.0002107930365221136
40000000000,2565159.7641043845,2561638.3511917302,3521.412912654225,0.0013727850256858025
40000000000,3534493.881793505,3549521.7142923987,15027.832498893607,0.004251763619199716
40000000000,2300308.513301738,2304949.4513351,4640.938033361919,0.002017528521294115
40000000000,3534172.4940505167,3552018.7461672067,17846.252116689924,0.005049626792900628
40000000000,2062507.550928602,2073178.121632892,10670.570704289945,0.00517359109763537
40000000000,3535660.7247056253,3540935.159164326,5274.434458700474,0.001491781839203369
40000000000,2088067.0977793373,2098140.178694648,10073.080915310886,0.00482411744623706
40000000000,3538093.909807352,3526258.04368962,11835.866117731668,0.0033452662420642553
40000000000,2349147.712580698,2352407.329789546,3259.617208847776,0.0013875743919341988
40000000000,3540183.423503761,3521422.233925862,18761.189577899408,0.0052994964761829315
40000000000,2594708.8839115216,2590169.2178794052,4539.6660321163945,0.001749585882356425
40000000000,3540799.368947551,3524828.5689540906,15970.799993460532,0.004510506902346069
40000000000,2251396.175315081,2244126.858832635,7269.316482446156,0.0032288037805824296
40000000000,3541203.0553287873,3540336.8732743594,866.182054427918,0.00024460106943726117
40000000000,2026798.8660237724,2025255.7551315073,1543.1108922651038,0.0007613537377255493
40000000000,3541009.7510192096,3556054.343079636,15044.59206042625,0.0042486728696796055
40000000000,1672467.170223464,1678087.22372008,5620.053496615961,0.003360337109555966
40000000000,3540951.7416849597,3558852.0396056515,17900.29792069178,0.005055222218920706
40000000000,1507082.501032811,1515449.9366049916,8367.435572180664,0.005552075328620975
40000000000,3541162.9971292843,3546356.431528144,5193.434398859739,0.0014665900448722362
40000000000,1727758.8621854405,1732387.966061517,4629.103876076406,0.002679253440622528
40000000000,3541048.5412947163,3529080.2502747662,11968.291019950062,0.003379872057775883
40000000000,2078761.3466193844,2075984.0140182914,2777.3326010929886,0.0013360516855913575
40000000000,3539909.73849485,3521164.4347843155,18745.303710534703,0.005295418554515207
40000000000,2263320.193595631,2255718.6362625137,7601.557333117351,0.003358586802975107
40000000000,3537681.5201995587,3528302.3953112927,9379.124888265971,0.002651206682883342
40000000000,2166687.3994683684,2161711.500932704,4975.898535664193,0.002296546579301246
40000000000,3535322.5615821043,3543381.871268142,8059.309686037712,0.002279653283583567
40000000000,1845767.1855537384,1848109.5498705076,2342.364316769177,0.0012690464621443887
40000000000,3534090.33120155,3552651.11784188,18560.786640329752,0.005251927625183055
40000000000,1539527.8457118964,1547285.553426066,7757.707714169519,0.00503901747264744
40000000000,3534724.1566323503,3547774.8820916717,13050.725459321402,0.0036921482076143855
40000000000,1573578.9404318505,1580791.6649503899,7212.724518539384,0.00458364326899287
40000000000,3536844.5320800873,3533139.731487726,3704.8005923614837,0.0010474875439839076
40000000000,1906244.9972046812,1907354.6625467846,1109.665342103457,0.0005821210514549133
40000000000,3539241.3272964307,3521974.661187156,17266.666109274607,0.004878634857732161
40000000000,2201567.8790435353,2195670.8805387504,5896.9985047848895,0.00267854494104757
40000000000,3541125.208924038,3531607.592013608,9517.616910429671,0.002687738034917318
40000000000,2637155.5899418886,2631105.201787322,6050.388154566754,0.0022942856226014626
40000000000,3541128.7953330907,3549131.453034505,8002.6577014140785,0.002259917151830486
40000000000,2448052.258320339,2448352.8665060457,300.60818570666015,0.00012279484013667005
40000000000,3540936.75099042,3559559.1330696754,18622.3820792553,0.0052591682339557504
40000000000,2163602.2398308697,2171912.534101878,8310.294271008112,0.0038409528877441598
40000000000,3541049.2956944695,3554094.5811642385,13045.285469769035,0.0036840169058450223
40000000000,2038361.8343268633,2049690.813613748,11328.979286884656,0.005557884324608085
40000000000,3541196.980585046,3537360.7819982367,3836.198586809449,0.00108330561893105
40000000000,2206655.382499231,2213861.038326709,7205.65582747804,0.003265419641247743
40000000000,3540626.5348352417,3523285.663881706,17340.87095353566,0.004897684289185443
40000000000,2491277.0383187006,2490202.043412664,1074.994906036649,0.00043150355801542474
40000000000,3538885.111163243,3523012.6135610933,15872.497602149844,0.004485168945462742
40000000000,2647351.5171224466,2640936.2483025286,6415.268819917925,0.0024232780491844305
40000000000,3536436.5680592614,3535689.844782894,746.723276367411,0.00021115132761371727
40000000000,2565165.106749623,2561644.1871373313,3520.9196122917347,0.0013725898590415371
40000000000,3534494.066212401,3549521.5797963357,15027.513583934866,0.004251673168046509
40000000000,2300311.8656310835,2304953.200899859,4641.335268775467,0.002017698268709374
40000000000,3534171.838864773,3552018.8806591667,17847.041794393677,0.005049851169694795
40000000000,2062509.4668068497,2073179.557912332,10670.091105482308,0.005173353760165573
40000000000,3535661.4735764437,3540935.159164326,5273.685587882064,0.0014915697182251867
40000000000,2088068.6878795738,2098141.9316876996,10073.243808125844,0.004824191783822584
40000000000,3538093.632745341,3526258.043689621,11835.589055719785,0.003345188195750519
40000000000,2349151.7355034775,2352411.4045533133,3259.669049835764,0.0013875940836734165
40000000000,3540183.5406394275,3521422.233925861,18761.30671356665,0.005299529388292107
40000000000,2594714.9250814263,2590175.2853139024,4539.639767523855,0.0017495716865240578
40000000000,3540799.3721039,3524828.5689540915,15970.803149808664,0.004510507789747773
40000000000,2251398.537610817,2244129.0107442737,7269.526866543107,0.0032288938386970463
40000000000,3541203.005753306,3540336.8732743594,866.1324789468199,0.0002445870732459098
40000000000,2026800.292280606,2025257.175241284,1543.1170393219218,0.0007613562348491514
40000000000,3541009.897598653,3556054.343079636,15044.445480982773,0.0042486312989933215
40000000000,1672467.0550436766,1678087.3384501005,5620.2834064238705,0.0033604748084422485
40000000000,3540952.5051348517,3558852.0563811995,17899.551246347837,0.0050550102607677195
40000000000,1507081.915108932,1515449.3852180245,8367.470109092537,0.005552100403572115
40000000000,3541162.5752027496,3546356.406351378,5193.831148628611,0.001466702259026116
40000000000,1727758.5221158837,1732388.321162922,4629.799047038425,0.0026796563222090688
40000000000,3541047.6450524656,3529080.2754729525,11967.369579513092,0.003379612696325575
40000000000,2078762.9140920183,2075985.5837815853,2777.330310432939,0.0013360495762192522
40000000000,3539910.1349593303,3521164.4179740273,18745.716985302977,0.005295534708685012
40000000000,2263323.356695416,2255720.954035497,7602.402659919113,0.003358955598381251
40000000000,3537681.5994224837,3528302.3616823056,9379.237740178127,0.0026512385234751653
40000000000,2166689.3963697413,2161713.4470970305,4975.94927271083,0.002296567879571463
40000000000,3535322.0691650435,3543381.8376418618,8059.768476818223,0.0022797833745092826
40000000000,1845767.6905940324,1848110.3420827321,2342.6514886997174,0.0012692016989124836
40000000000,3534090.6640201267,3552651.1850873395,18560.5210672128,0.005251851984493146
40000000000,1539527.7140724948,1547285.1792940807,7757.465221585939,0.005038860392493492
40000000000,3534724.2195350085,3547774.882091671,13050.66255666269,0.003692130346276208
40000000000,1573578.0773704876,1580791.3470322415,7213.269661753904,0.004583992218427171
40000000000,3536844.063347197,3533139.7314877263,3704.3318594708107,0.001047355154234622
40000000000,1906246.0823065315,1907355.8075806077,1109.7252740762196,0.0005821521598793097
40000000000,3539241.6242114813,3521974.6611871556,17266.96302432567,0.004878718340732848
40000000000,2201570.078277205,2195673.144939256,5896.933337949216,0.0026785126651810895
40000000000,3541125.358847453,3531607.5920136073,9517.766833845526,0.002687780258912754
40000000000,2637150.4712233786,2631100.429199662,6050.042023716494,0.0022941588239786216
40000000000,3541128.2199952975,3549131.4530345057,8003.233039208222,0.0022600799920254938
40000000000,2448048.74150742,2448348.2458248506,299.50431743077934,0.0001223440989358551
40000000000,3540937.334684618,3559559.166619786,18621.831935168244,0.005259012000229832
40000000000,2163600.397851562,2171910.595629391,8310.197777828667,0.0038409115593067127
40000000000,3541048.4283132916,3554094.5308275837,13046.102514292113,0.003684248543448011
40000000000,2038360.9344990815,2049689.8449982551,11328.910499173682,0.005557853031537672
40000000000,3541197.4888552167,3537360.798789746,3836.690065470524,0.0010834442522749087
40000000000,2206652.358541748,2213858.7885618987,7206.4300201507285,0.0032657749609970514
40000000000,3540627.2803767067,3523285.649177055,17341.631199651863,0.004897897978633547
40000000000,2491272.9796125987,2490197.8237277633,1075.1558848354034,0.00043156887809323643
40000000000,3538884.6588632828,3523012.611459427,15872.047403855715,0.004485042303965323
40000000000,2647347.2190871346,2640930.919384616,6416.29970251862,0.0024236713855506666
40000000000,3536436.4931073803,3535689.827968687,746.6651386935264,0.00021113489246839265
40000000000,2565160.7586033233,2561639.4454306825,3521.3131726407446,0.0013727456109058937
40000000000,3534494.287909764,3549521.6134203505,15027.325510586612,0.00425161969054235
40000000000,2300308.4803343173,2304950.1829569065,4641.70262258919,0.002017860935727448
40000000000,3534171.2343385974,3552018.808936066,17847.5745974686,0.005050002791052846
40000000000,2062508.4793356836,2073178.3106170099,10669.831281326246,0.005173230262191653
40000000000,3535661.4977375255,3540935.159164326,5273.661426800303,0.0014915628744931963
40000000000,2088066.5077682736,2098140.435807963,10073.928039689315,0.004824524507342601
40000000000,3538093.5229726033,3526258.0436896207,11835.479282982647,0.003345157273581288
40000000000,2349148.476103855,2352407.3297895463,3258.853685691487,0.0013872489197006442
40000000000,3540183.7922154022,3521422.305637634,18761.486577768344,0.005299579818150527
40000000000,2594710.1116017997,2590170.4313653894,4539.68023641035,0.0017495905288656141
40000000000,3540799.3213268244,3524828.8378068786,15970.48351994576,0.00451041758389211
40000000000,2251402.770354921,2244133.3145770463,7269.455777874682,0.0032288561929452956
40000000000,3541203.038280644,3540336.676276043,866.362004600931,0.00024465188672761747
40000000000,2026803.229656896,2025260.725528236,1542.5041286600754,0.0007610527287945933
40000000000,3541010.3088902733,3556054.3430796354,15044.034189362079,0.004248514654586467
40000000000,1672467.601470102,1678087.5258442834,5619.924374181312,0.003360259038346326
40000000000,3540952.296892056,3558852.0396056515,17899.74271359574,0.0050550646302992
40000000000,1507080.364920707,1515448.2089256267,8367.844004919752,0.005552354207308656
40000000000,3541162.7011359627,3546356.431528144,5193.7303921813145,0.0014666737539382835
40000000000,1727759.2738510242,1732388.989594547,4629.715743522858,0.0026796069415408936
40000000000,3541047.381105671,3529080.283872349,11967.097233321983,0.003379536037042613
40000000000,2078766.1039265802,2075988.8977357268,2777.2061908533797,0.0013359878177768613
40000000000,3539910.3436330785,3521164.401163743,18745.942469335627,0.005295598094186844
40000000000,2263327.544765319,2255725.3415638343,7602.203201484866,0.0033588612567665836
40000000000,3537682.197540559,3528302.3616823046,9379.835858254228,0.002651407145835544
40000000000,2166693.213783063,2161717.16251076,4976.051272302866,0.0022966109094949543
40000000000,3535322.0591703057,3543381.871268142,8059.812097836286,0.0022797957195808687
40000000000,1845768.9697417484,1848111.9265142365,2342.9567724880762,0.0012693662158682255
40000000000,3534090.4622507985,3552651.1514646104,18560.689213811886,0.005251899862798339
40000000000,1539526.5572004698,1547284.2974125636,7757.740212093806,0.005039042799106212
40000000000,3534723.8422396504,3547775.079362576,13051.237122925464,0.0036922932894967032
40000000000,1573577.5683894348,1580790.7859968538,7213.2176074190065,0.004583960620893811
40000000000,3536844.0899452916,3533139.4624568895,3704.627488402184,0.0010474387318722572
40000000000,1906248.2233149754,1907358.1987257255,1109.9754107501358,0.000582282725394431
40000000000,3539241.918179893,3521974.6611871556,17267.256992737297,0.004878800995219122
40000000000,2201573.7112903325,2195676.8746072603,5896.83668307215,0.0026784643424980037
40000000000,3541125.1788563705,3531607.5920136073,9517.586842763238,0.0026877295667466364
40000000000,2637147.811097306,2631097.5316057755,6050.279491530731,0.002294251185341498
40000000000,3541128.5456964714,3549131.7215538225,8003.1758573511615,0.0022600636362318477
40000000000,2448045.917709457,2448346.033139246,300.1154297888279,0.00012259387277736784
40000000000,3540936.72415352,3559558.969786528,18622.24563300796,0.005259129739874046
40000000000,2163599.1710076667,2171910.1110116327,8310.940003965981,0.0038412567888419344
40000000000,3541048.741069632,3554094.5140486993,13045.772979067173,0.003684155156567114
40000000000,2038360.0708513511,2049689.3450675176,11329.274216166465,0.005558033822471133
40000000000,3541197.91198985,3537360.7819982367,3837.1299916133285,0.001083568353697913
40000000000,2206651.0146269836,2213857.48791803,7206.473291046452,0.0032657965592554957
40000000000,3540626.826556285,3523285.697492346,17341.129063938744,0.004897756785287995
40000000000,2491270.828382159,2490195.5994004197,1075.2289817393757,0.0004315985919674713
40000000000,3538884.5122769675,3523012.6135610933,15871.89871587418,0.00448500047424887
40000000000,2647344.557348456,2640928.5633380977,6415.9940103581175,0.0024235583511593556
40000000000,3536436.5158311706,3535689.8111544806,746.7046766900457,0.00021114607129163956
40000000000,2565157.9096896183,2561637.184003946,3520.725685672369,0.0013725181098493751
40000000000,3534494.368887183,3549521.61342035,15027.24453316722,0.0042515966825259
40000000000,2300306.6261876235,2304948.628260906,4642.002073282376,0.0020179927408093957
40000000000,3534171.1698859865,3552018.8089360665,17847.639050079975,0.005050021120130338
40000000000,2062508.1767792765,2073177.7058678528,10669.529088576324,0.0051730845039545
40000000000,3535662.1677992344,3540935.159164325,5272.991365090478,0.0014913730766230532
40000000000,2088065.5015955707,2098139.7346110283,10074.233015457634,0.004824672888738178
40000000000,3538092.858107555,3526258.0436896216,11834.81441793358,0.003344969985966889
40000000000,2349147.4805586254,2352405.6998862918,3258.219327666331,0.0013869794700550385
40000000000,3540183.9124474167,3521422.233925862,18761.678521554917,0.005299633856757601
40000000000,2594707.608907842,2590168.004393878,4539.60451396415,0.0017495630329904298
40000000000,3540799.8893935853,3524828.8378068786,15971.051586706657,0.004510577294850158
40000000000,2251398.811213639,2244129.010744273,7269.800469365902,0.003229014972006245
40000000000,3541202.8164006295,3540336.60464844,866.2117521893233,0.0002446094722893515
40000000000,2026799.4749880445,2025257.8852972446,1541.589690799825,0.000760602965327351
40000000000,3541009.674981805,3556054.4146577,15044.739675894845,0.004248714648307802
40000000000,1672466.3793700663,1678087.281084911,5620.901714844629,0.0033608458646336072
40000000000,3540952.2749258736,3558852.1067078398,17899.831781966146,0.005055089815448264
40000000000,1507081.4107556324,1515449.3852180243,8367.974462391809,0.005552436917257314
40000000000,3541162.8938928316,3546356.3643901064,5193.470497274771,0.0014666002815717815
40000000000,1727758.603782025,1732388.36293969,4629.759157665074,0.0026796331081961533
40000000000,3541047.1054985,3529080.250274767,11966.855223733,0.003379467956004029
40000000000,2078762.3021115384,2075985.5090308879,2776.793080650503,0.0013357915322160345
40000000000,3539910.1174524194,3521164.4347843155,18745.682668103836,0.005295525040504309
40000000000,2263323.2420985745,2255720.9625881715,7602.279510403052,0.0033589013575251172
40000000000,3537682.525203686,3528302.3953112927,9380.129892393481,0.002651490015162796
40000000000,2166690.0185402925,2161713.388122307,4976.630417985376,0.002296881591460024
40000000000,3535321.3463866315,3543381.8376418618,8060.49125523027,0.002279988285497359
40000000000,1845767.5029187978,1848110.3420827321,2342.8391639343463,0.0012693035066602407
40000000000,3534091.306976647,3552651.1514646104,18559.844487963244,0.005251659585400147
40000000000,1539527.1507799227,1547285.152570377,7758.001790454378,0.0050392107645027134
40000000000,3534723.3616822963,3547775.079362577,13051.717680280562,0.0036924297447902123
40000000000,1573577.3612014898,1580791.3470322418,7213.985830751946,0.0045844494262702006
40000000000,3536844.4784923354,3533139.4624568885,3705.016035446897,0.0010475484737814224
40000000000,1906245.6242632319,1907356.178048206,1110.5537849741522,0.0005825869294275147
40000000000,3539241.3647684003,3521974.6611871556,17266.703581244685,0.0048786453936505055
40000000000,2201570.6564977933,2195672.8785584685,5897.777939324733,0.002678895597521625
40000000000,3541123.993345148,3531607.5920136073,9516.401331540663,0.0026873956826772754
40000000000,2637155.348476893,2631105.201787324,6050.146689568646,0.002294194269997386
40000000000,3541128.1814496852,3549131.7215538234,8003.540104138199,0.0022601667304970783
40000000000,2448052.92584695,2448351.8903096295,298.96446267934516,0.00012212336568496074
40000000000,3540938.023473538,3559558.969786527,18620.94631298911,0.005258760867755207
40000000000,2163600.2040351415,2171913.018720364,8312.814685222693,0.003842121418605521
40000000000,3541049.00864528,3554094.5140486993,13045.50540341949,0.0036840793142285224
40000000000,2038362.6673271062,2049690.6615460338,11327.994218927575,0.00555739878899073
40000000000,3541197.220361006,3537360.849164287,3836.3711967188865,0.0010833542889564871
40000000000,2206654.699935303,2213860.862563721,7206.162628417835,0.0032656503206546597
40000000000,3540627.3976576193,3523285.5966604636,17341.80099715572,0.004897945773291076
40000000000,2491276.8524321364,2490202.14154495,1074.7108871862292,0.0004313895848777429
40000000000,3538885.442514567,3523012.647187759,15872.795326808002,0.004485252655008107
40000000000,2647352.0374861783,2640936.167408079,6415.870078099426,0.002423504689686712
40000000000,3536436.3050427684,3535689.844782894,746.4602598743513,0.00021107697000224181
40000000000,2565165.6876458568,2561644.1871373304,3521.50050852634,0.001372816003849695
40000000000,3534492.777666536,3549521.579796335,15028.802129799034,0.00425203928121223
40000000000,2300312.796969679,2304953.2923527514,4640.495383072179,0.0020173323337527587
40000000000,3534171.766598532,3552018.8089360665,17847.042337534484,0.005049851426636061
40000000000,2062508.1330241237,2073179.5579123318,10671.424888208043,0.005174003785653546
40000000000,3535661.589878097,3540935.159164325,5273.569286227692,0.001491536775274218
40000000000,2088068.2713861319,2098141.8382024523,10073.56681632041,0.004824347438426057
40000000000,3538094.8120670468,3526258.043689621,11836.768377425615,0.003345520401843123
40000000000,2349151.1308639036,2352410.997076574,3259.8662126702257,0.0013876783702168219
40000000000,3540183.355277785,3521422.2339258613,18761.121351923794,0.005299477306437897
40000000000,2594715.7084219204,2590175.285313901,4540.4231080194,0.0017498730567214393
40000000000,3540797.140778247,3524828.8378068786,15968.30297136819,0.004509804526067384
40000000000,1715745.500632023,1715753.8424662212,8.341834198217839,4.861929811353134e-06
40000000000,3541204.8821636834,3540336.604648439,868.2775152442046,0.00024519267993149417
40000000000,1493952.058249904,1496038.3808385553,2086.322588651208,0.0013965124095717228
40000000000,3541008.0711364616,3556054.6115196375,15046.540383175947,0.004249225102259331
40000000000,946311.7464031904,950122.0170176212,3810.270614430774,0.004026443324742743
40000000000,3540953.474981571,3558851.909868817,17898.434887245763,0.005054693605467074
40000000000,301018.0620385386,302710.188236034,1692.1261974953813,0.005621344400518871
40000000000,3541162.9560488095,3546356.364390106,5193.408341296483,0.0014665827034097381
40000000000,716119.8020516103,719545.5078576271,3425.7058060168056,0.004783704899937842
40000000000,3541047.249880943,3529080.250274767,11966.999606175814,0.0033795085921483167
40000000000,1340646.4866886865,1343662.8230636416,3016.336374955019,0.0022499118185922242
40000000000,3539910.6088768328,3521164.4347843155,18746.174092517234,0.005295663129319853
40000000000,1683251.5167310392,1683619.6914662777,368.1747352385428,0.0002187282955511943
40000000000,3537681.2892366047,3528302.328053327,9378.96118327789,0.002651160581314484
40000000000,1650651.3863382938,1651372.8986520905,721.512313796673,0.00043710762900531816
40000000000,3535322.964331974,3543381.871268142,8058.906936168205,0.0022795391022191933
40000000000,1251671.6381219833,1255061.0863826575,3389.448260674253,0.002707937255620655
40000000000,3534089.3258428816,3552651.185087339,18561.859244457446,0.005252232621491658
40000000000,600446.1860031411,603494.6763617308,3048.4903585896827,0.005077041756034628
40000000000,3534725.606025545,3547774.9448637348,13049.33883818984,0.003691754408304002
40000000000,381140.439134235,383237.57097422256,2097.131839987531,0.005502254876840648
40000000000,3536843.0698623736,3533139.5969722504,3703.4728901232593,0.0010471125851414633
40000000000,1051661.366158907,1055460.0571342497,3798.6909753426444,0.003612085693721926
40000000000,3539242.6891513015,3521974.661187155,17268.027964146342,0.004879017767579865
40000000000,1554282.0366942335,1555903.672393856,1621.6356996225659,0.0010433342606671215
50000000000,3540818.5996172377,3525048.3921713955,15770.207445842214,0.004453830943936798
50000000000,2249353.035339683,2242141.3694792283,7211.665860454552,0.0032061067103081454
50000000000,3541202.0452064057,3540710.3974462426,491.6477601630613,0.00013883640466902665
50000000000,2020003.1067816454,2018619.0430135885,1384.0637680569198,0.0006851790293838057
50000000000,3541004.069665018,3556274.4429339073,15270.373268889263,0.004312441603698539
50000000000,1665882.1983687708,1671618.2000133474,5736.001644576667,0.003443221645680199
50000000000,3540955.8966413643,3558730.97152236,17775.074880995788,0.005019852096394548
50000000000,1507928.914474502,1516281.8535835568,8352.93910905486,0.0055393454087096505
50000000000,3541166.4675399554,3545999.0713126757,4832.603772720322,0.0013646926279852433
50000000000,1734942.7988130923,1739441.589837856,4498.791024763603,0.002593048616842764
50000000000,3541036.1263545225,3528782.645658819,12253.480695703533,0.0034604223900755356
50000000000,2084928.682068938,2082001.3799582494,2927.302110688528,0.0014040298528502555
50000000000,3539873.3978412324,3521163.212311932,18710.185529300477,0.005285552172772833
50000000000,2264255.4383438677,2256626.7519912613,7628.686352606397,0.003369180978178949
50000000000,3537629.811114792,3528575.5770896142,9054.234025177546,0.002559406865220966
50000000000,2161861.690220224,2157010.0736952918,4851.61652493244,0.0022441845132276784
50000000000,3535281.765027838,3543675.9626948,8394.197666962165,0.0023744069708955904
50000000000,1838175.3703261013,1840668.9591714074,2493.588845306076,0.0013565565536131088
50000000000,3534084.830954463,3552701.867165129,18617.036210665945,0.0052678521034929355
50000000000,1535965.9021571635,1543780.695220287,7814.793063123478,0.005087868846663922
50000000000,3534756.1282492317,3547536.0542428237,12779.925993592013,0.0036155043035237407
50000000000,1578485.832077384,1585619.9417556163,7134.109678232344,0.004519590567907359
50000000000,3536895.908775704,3532825.489429627,4070.419346076902,0.00115084510572602
50000000000,1913732.5806350026,1914684.5922170947,952.0115820921492,0.0004974632253876656
50000000000,3539284.421637506,3521873.5770133985,17410.844624107704,0.004919312084009428
50000000000,2205445.373769151,2199443.9259138256,6001.447855325416,0.0027211954223417554
50000000000,3541133.820118949,3531939.682059364,9194.13805958489,0.0025963825505120426
50000000000,2635411.57724332,2629425.9540438144,5985.6231995057315,0.002271228999368206
50000000000,3541124.305983522,3549465.73330522,8341.427321698051,0.0023555872657741337
50000000000,2442428.582675826,2442902.928903772,474.34622794622555,0.00019421088964924864
50000000000,3540934.983711938,3559614.282211313,18679.298499375116,0.0052752446981654925
50000000000,2158513.371956039,2166952.3017446534,8438.929788614158,0.003909602737817103
50000000000,3541053.6224603583,3553825.9590373593,12772.336577001028,0.0036069311393614775
50000000000,2038987.2247398875,2050301.9717148228,11314.74697493529,0.005549199542620334
50000000000,3541196.096720292,3536993.038910475,4203.057809816673,0.0011869034346076938
50000000000,2212289.8344002506,2219349.7026685127,7059.868268262129,0.0031912040450052747
50000000000,3540603.4509784575,3523120.4879213297,17482.96305712778,0.004937848392001174
50000000000,2496431.2332293536,2495188.9873941108,1242.245835242793,0.0004976086738170787
50000000000,3538838.76280783,3523169.3134745117,15669.449333318044,0.004427850598337346
50000000000,2648153.3021999975,2641708.9219612093,6444.380238788202,0.002433537451715664
50000000000,3536385.543132197,3536012.8110100385,372.7321221586317,0.00010539917597007839
50000000000,2561089.1111620488,2557705.6129528014,3383.4982092473656,0.0013211169398600752
50000000000,3534468.759416806,3549717.531736143,15248.772319336887,0.004314303890424812
50000000000,2294221.4608365376,2299032.0276809726,4810.566844434943,0.0020968188671205592
50000000000,3534185.5661494522,3551911.537937324,17725.971787871793,0.005015574721840229
50000000000,2059850.1185633705,2070582.702918521,10732.58435515035,0.005210371501512801
50000000000,3535707.7167535885,3540620.9528643126,4913.236110724043,0.00138960471405574
50000000000,2091772.878617793,2101758.952104963,9986.073487169808,0.0047739759843183505
50000000000,3538143.9563661236,3526020.840824894,12123.11554122949,0.0034264053952402277
50000000000,2355238.0797441555,2358320.328487691,3082.248743535485,0.0013086782054195995
50000000000,3540213.0969638545,3521485.4192649005,18727.67769895401,0.005289985994067751
50000000000,2598011.829775914,2593355.845486455,4655.984289458953,0.0017921335985065722
50000000000,3540815.4556005397,3525048.392171396,15767.063429143745,0.004452946962882474
50000000000,2249352.5675483407,2242140.8331089593,7211.734439381398,0.0032061378653688586
50000000000,3541204.06605647,3540710.5317568597,493.53429961018264,0.00013936906498579414
50000000000,2020006.1434413386,2018618.693759494,1387.4496818445623,0.0006868541892060113
50000000000,3541006.112184418,3556274.4429339077,15268.330749489833,0.004311862297258483
50000000000,1665881.1564846844,1671618.2220434009,5737.065558716422,0.0034438624486411054
50000000000,3540953.9136858745,3558730.97152236,17777.05783648556,0.005020414913556709
50000000000,1507927.3174046616,1516281.8535835568,8354.536178895272,0.0055404103914467925
50000000000,3541166.7177109993,3545999.0713126757,4832.353601676412,0.0013646218850718308
50000000000,1734942.8165058587,1739441.6803966581,4498.863890799461,0.002593090589498555
50000000000,3541035.8955788896,3528782.5112661375,12253.384312752169,0.003460395396739965
50000000000,2084928.5114270556,2082001.3799582485,2927.1314688071143,0.0014039481223284737
50000000000,3539873.3096725238,3521163.346795541,18709.962876982987,0.0052854894060357935
50000000000,2264254.4665336316,2256626.2038816656,7628.262651965953,0.0033689952983262223
50000000000,3537631.0727194175,3528575.4425736303,9055.630145787261,0.0025598006009219312
50000000000,2161860.7271652585,2157010.073695292,4850.653469966259,0.002243740037928661
50000000000,3535281.7962952666,3543676.0971996044,8394.300904337782,0.002374436151917065
50000000000,1838174.4056011797,1840668.7680752447,2494.362474065041,0.001356978133557057
50000000000,3534083.270525187,3552701.732674294,18618.462149107363,0.005268257911291531
50000000000,1535965.3532586193,1543780.6675227743,7815.314264154993,0.005088209996126835
50000000000,3534756.477918451,3547536.0542428237,12779.576324372552,0.0036154050227239967
50000000000,1578485.850490733,1585620.0066552644,7134.156164531363,0.004519619965116213
50000000000,3536895.0966432937,3532825.6239451338,4069.4726981599815,0.0011505777205612156
50000000000,1913731.3941385925,1914684.3329902908,952.9388516983017,0.0004979480686876843
50000000000,3539286.546590587,3521873.4425139185,17413.10407666862,0.004919947522599648
50000000000,2205444.6347810384,2199443.9259138247,6000.708867213689,0.0027208612597112206
50000000000,3541133.934649425,3531939.6820593644,9194.2525900607,0.0025964148094192144
50000000000,2635402.6821575044,2629416.705653763,5985.976503741462,0.002271370726101322
50000000000,3541122.2854751986,3549465.599047534,8343.313572335523,0.002356121280125715
50000000000,2442420.1853264538,2442895.9185870592,475.73326060548425,0.00019477945009773072
50000000000,3540936.306473018,3559614.416411411,18678.10993839288,0.005274907064622516
50000000000,2158509.560835019,2166948.7367970836,8439.175962064415,0.003909723688599147
50000000000,3541053.4556221403,3553825.82480484,12772.369182699826,0.0036069405172127803
50000000000,2038985.9071587063,2050300.2135159932,11314.30635728687,0.005548987032015916
50000000000,3541196.1184023065,3536993.1732449573,4202.94515734911,0.0011868716153584193
50000000000,2212285.52545008,2219345.40871877,7059.883268689737,0.003191217041142749
50000000000,3540602.593866469,3523120.4879213297,17482.105945139192,0.004937607506536927
50000000000,2496423.671821965,2495181.074226355,1242.5975956097245,0.0004977510867387503
50000000000,3538838.1559599163,3523169.3134745117,15668.842485404573,0.004427679875389602
50000000000,2648143.4688189575,2641699.2052099025,6444.263609054964,0.0024335024461227678
50000000000,3536386.5025195386,3536012.8110100385,373.6915095001459,0.00010567043767243913
50000000000,2561079.61382537,2557697.48760028,3382.12622509012,0.0013205861336104228
50000000000,3534469.4185689758,3549717.498112213,15248.079543237109,0.004314107080154254
50000000000,2294216.2554733423,2299026.979803081,4810.724329738878,0.0020968922690970692
50000000000,3534184.7933904254,3551911.5715603554,17726.77816992998,0.005015803984863019
50000000000,2059849.1028660783,2070580.5844798076,10731.481613729382,0.005209838720126429
50000000000,3535706.629816278,3540620.952864311,4914.323048033286,0.0013899125585226067
50000000000,2091769.2950216024,2101756.3264160464,9987.03139444394,0.004774442104209586
50000000000,3538143.237846788,3526020.840824895,12122.397021892946,0.0034262030129877637
50000000000,2355230.710277157,2358314.345572717,3083.635295560118,0.0013092710120093688
50000000000,3540215.9344337713,3521485.4192649005,18730.5151688708,0.0052907832504478555
50000000000,2597999.7616372914,2593347.3151569,4652.446480391547,0.001790780179848638
50000000000,3540817.3213845235,3525048.392171396,15768.929213127587,0.004453471552427237
50000000000,2249362.4757172866,2242149.1468703505,7213.328846936114,0.003206832569142017
50000000000,3541201.828700899,3540710.464601539,491.3640993600711,0.00013875631018193886
50000000000,2020009.6170520722,2018624.1072179372,1385.5098341349512,0.0006858926920144634
50000000000,3541006.805615093,3556274.4429339073,15267.637318814173,0.004311665624195856
50000000000,1665884.5211332364,1671618.552504619,5734.031371382531,0.003442034125799964
50000000000,3540954.406638806,3558730.9715223596,17776.564883553423,0.005020274999933574
50000000000,1507925.0632415288,1516279.7304573182,8354.667215789435,0.005540505572491598
50000000000,3541166.8376632184,3545999.2055909005,4832.36792768212,0.0013646258844079069
50000000000,1734944.7037091882,1739442.9482318405,4498.244522652356,0.002592730772937852
50000000000,3541035.679406062,3528782.5112661365,12253.168139925227,0.003460334560080019
50000000000,2084934.6449105726,2082007.4368547513,2927.2080558212474,0.001403980725710854
50000000000,3539873.6236751094,3521163.212311932,18710.411363177467,0.00528561563272766
50000000000,2264263.240657102,2256635.5217717723,7627.718885329552,0.0033687420916288626
50000000000,3537630.282870755,3528575.4425736307,9054.840297124349,0.0025595779018989027
50000000000,2161868.4586188835,2157017.09273906,4851.365879823454,0.0022440615480012896
50000000000,3535281.1796938092,3543676.0971996044,8394.917505795136,0.002374610979747365
50000000000,1838178.8662748605,1840671.6345329226,2492.7682580621913,0.0013561075604758101
50000000000,3534084.5782827022,3552701.8251367435,18617.246854041237,0.005267912083498525
50000000000,1535965.5062345965,1543779.0056741529,7813.4994395563845,0.005087027936396239
50000000000,3534756.032118582,3547536.0290242285,12779.996905646287,0.0036155244632220065
50000000000,1578485.4700040102,1585618.9804348457,7133.51043083542,0.004519211970204133
50000000000,3536896.3171193115,3532825.5566873653,4070.7604319462553,0.0011509414093489058
50000000000,1913735.9341435488,1914688.351023889,952.4168803400826,0.000497674137454244
50000000000,3539285.1318262406,3521873.5097636348,17411.622062605806,0.0049195307566592015
50000000000,2205453.007772652,2199451.4643645496,6001.543408102356,0.002721229328827768
50000000000,3541131.7916700365,3531939.6820593644,9192.109610672109,0.0025958112127583395
50000000000,2635403.1763417707,2629415.908379923,5987.267961847596,0.0022718603421274545
50000000000,3541124.249347872,3549465.599047534,8341.349699662067,0.002355565383281368
50000000000,2442419.2617978374,2442895.3142503533,476.0524525158107,0.00019491021052847162
50000000000,3540934.693858309,3559614.47904405,18679.785185740795,0.005275382575719503
50000000000,2158509.9163100487,2166948.4991341913,8438.58282414265,0.003909448254269929
50000000000,3541054.351341803,3553825.8963895817,12771.545047778636,0.0036067068676704003
50000000000,2038985.1288443874,2050300.1465425151,11315.017698127776,0.005549338020204523
50000000000,3541195.836945913,3536993.1732449573,4202.663700955454,0.0011867922290849696
50000000000,2212285.6120945793,2219345.4087187694,7059.796624190174,0.003191177751007475
50000000000,3540603.2549082474,3523120.219032613,17483.03587563429,0.0049378692321422925
50000000000,2496423.0047799265,2495181.074226355,1241.930553571321,0.0004974840206140482
50000000000,3538838.6176762143,3523169.447981839,15669.169694375247,0.004427771759952263
50000000000,2648143.472979455,2641697.90964509,6445.56333436491,0.0024339932485277836
50000000000,3536386.258875798,3536012.8110100385,373.4478657594882,0.00010560154870588307
50000000000,2561079.39458167,2557696.9072187864,3382.4873628835194,0.0013207272566557896
50000000000,3534469.164757604,3549717.498112213,15248.333354609087,0.00431417920027457
50000000000,2294215.943975666,2299026.619240897,4810.675265230704,0.002096871167626115
50000000000,3534185.128534162,3551911.5547488397,17726.426214677747,0.005015703923249192
50000000000,2059848.870586869,2070580.28715512,10731.416568250861,0.005209807729823104
50000000000,3535706.654908802,3540620.969677896,4914.314769093879,0.0013899102071352795
50000000000,2091769.4573900301,2101756.1141264383,9986.656736408127,0.004774262623027687
50000000000,3538143.714884097,3526020.840824895,12122.87405920215,0.0034263373780449367
50000000000,2355231.1756729987,2358313.881381755,3082.705708756577,0.0013088760630368718
50000000000,3540215.8032398857,3521485.4192649005,18730.38397498522,0.005290746388354011
50000000000,2598000.9055290367,2593346.553521425,4654.352007611655,0.001791512850402136
50000000000,3540818.339947685,3525048.392171396,15769.947776289191,0.00445375793453504
50000000000,2249354.041205943,2242141.302432934,7212.738773009274,0.0032065822635650183
50000000000,3541200.9516040115,3540710.4310238874,490.52058012411,0.0001385181430898253
50000000000,2020002.9502578857,2018619.0430135885,1383.9072442972101,0.0006851015955796165
50000000000,3541007.120604828,3556274.4429339073,15267.322329079267,0.004311576285808628
50000000000,1665884.2726983852,1671618.2110283629,5733.938329977682,0.003441978788052244
50000000000,3540954.23856639,3558730.97152236,17776.732955970336,0.0050203227035115604
50000000000,1507927.7839406696,1516281.7756769005,8353.991736230906,0.0055400476237657805
50000000000,3541166.7695094245,3545999.205590901,4832.43608147651,0.0013646451568125302
50000000000,1734943.135783058,1739441.5475731173,4498.411790059414,0.0025928295269626103
50000000000,3541035.677838812,3528782.511266137,12253.166572675109,0.003460334119015017
50000000000,2084928.6787675286,2082001.783750051,2926.8950174776837,0.0014038345998520533
50000000000,3539873.963702804,3521163.212311932,18710.751390872058,0.0052857111814512475
50000000000,2264255.266842762,2256626.751991261,7628.5148515012115,0.003369105490538741
50000000000,3537630.733584167,3528575.4425736303,9055.29101053672,0.0025597049812381943
50000000000,2161860.8415290634,2157010.5416301964,4850.29989886703,0.0022435763698076235
50000000000,3535281.2408574726,3543676.2317044553,8394.990846982691,0.0023746316841673706
50000000000,1838175.1548405113,1840668.9591714079,2493.804330896586,0.0013566739406359566
50000000000,3534084.488362903,3552701.6990515837,18617.210688680876,0.005267901984229286
50000000000,1535966.3764011282,1543780.5567327351,7814.180331606884,0.005087468353256554
50000000000,3534755.8397543263,3547536.0374304275,12780.197676101234,0.003615581458941585
50000000000,1578486.1344652795,1585619.9498680702,7133.815402790671,0.004519403273192063
50000000000,3536895.438439102,3532825.5735018044,4069.864937297534,0.0011506885086469058
50000000000,1913731.6107949587,1914684.483868372,952.8730734132696,0.0004979136405744214
50000000000,3539285.2189292912,3521873.5097636343,17411.70916565694,0.004919555245938712
50000000000,2205445.4057776826,2199444.145784682,6001.259993000422,0.0027211102017210267
50000000000,3541132.62774105,3531939.6652632314,9192.962477818597,0.0025960514457440548
50000000000,2635413.3338003564,2629426.113499033,5987.22030132357,0.002271833501232914
50000000000,3541124.1419134783,3549465.699740793,8341.557827314828,0.00235562422920519
50000000000,2442427.537577761,2442902.9440122354,475.40643447451293,0.00019464505176108103
50000000000,3540935.3037118595,3559614.277743908,18678.9740320486,0.0052751525882068434
50000000000,2158513.327718228,2166952.420576373,8439.092858145013,0.0039096783650930745
50000000000,3541053.5103916507,3553826.093269901,12772.582878250163,0.0036070008094391884
50000000000,2038988.1065473307,2050302.0303269788,11313.92377964803,0.005548793415380033
50000000000,3541196.05645867,3536992.9762151525,4203.080243517645,0.0011869097831654323
50000000000,2212290.2704462674,2219349.9889322296,7059.718485962134,0.0031911357113811444
50000000000,3540603.220375043,3523120.4879213297,17482.732453713194,0.004937783582499626
50000000000,2496431.588909045,2495189.7962736944,1241.7926353504881,0.0004974270638408156
50000000000,3538838.08831791,3523169.1789673693,15668.909350540955,0.004427698854679373
50000000000,2648153.66471872,2641708.6196332453,6445.045085474849,0.0024337881790403673
50000000000,3536387.025615038,3536012.8110100385,374.2146049994044,0.00010581834009933404
50000000000,2561088.651319286,2557705.3420817163,3383.3092375695705,0.001321043391382308
50000000000,3534468.51567951,3549717.6326079355,15249.116928425618,0.00431440168748934
50000000000,2294222.4259244,2299031.6671178127,4809.241193412803,0.0020962401635818023
50000000000,3534185.25734829,3551911.55474884,17726.297400549985,0.005015667292396007
50000000000,2059850.4991837165,2070582.81441531,10732.315231593559,0.005210239886752263
50000000000,3535706.227311648,3540620.975457566,4914.748145917896,0.0013900329467289464
50000000000,2091772.1919758054,2101759.0191438696,9986.827168064192,0.004774337858766077
50000000000,3538143.994764426,3526020.8098236057,12123.184940820094,0.003426424972742601
50000000000,2355237.0592817306,2358320.5525249797,3083.4932432491332,0.0013092071692305557
50000000000,3540215.46310623,3521485.427669228,18730.035437001847,0.005290648445608414
50000000000,2598010.476137688,2593356.18822338,4654.287914307788,0.0017914815806389854
50000000000,3540818.374108339,3525048.4047736796,15769.969334659632,0.004453763980094257
50000000000,2249354.5148459817,2242141.168340354,7213.346505627502,0.0032068517692603097
50000000000,3541202.2187997536,3540710.4352210937,491.78357865987346,0.00013887475164481213
50000000000,2020004.3096897597,2018619.0320993953,1385.2775903644506,0.000685779522211617
50000000000,3541005.970123047,3556274.4429339077,15268.472810860723,0.004311902589175854
50000000000,1665882.3664974724,1671618.215159,5735.848661527503,0.0034431294651297373
50000000000,3540954.9875575807,3558731.034157287,17776.04659970617,0.005020127807941277
50000000000,1507927.4563117046,1516281.921763986,8354.465452281525,0.005540362977882252
50000000000,3541166.6105272337,3545998.9370345185,4832.326507284772,0.0013646142751146354
50000000000,1734943.079575064,1739441.6803966584,4498.600821594475,0.0025929385664319937
50000000000,3541035.4591140165,3528782.7800516663,12252.679062350187,0.0034601966582441016
50000000000,2084927.783674623,2082000.9761666313,2926.807507991558,0.00140379323011042
50000000000,3539874.0372741106,3521163.212311932,18710.82496217871,0.005285731855189693
50000000000,2264255.468157497,2256626.7519912613,7628.7161662355065,0.0033691941008950096
50000000000,3537630.2621727586,3528575.5143095246,9054.74786323402,0.002559551788115
50000000000,2161860.929947984,2157010.5416301964,4850.388317787554,0.002243617177495436
50000000000,3535281.6773916334,3543675.9626948005,8394.285303167067,0.0023744318187852165
50000000000,1838175.5660133502,1840669.0610809748,2493.495067624608,0.0013565053924813723
50000000000,3534084.186837124,3552701.799919713,18617.61308258865,0.005268016294555431
50000000000,1535966.1218716402,1543780.7783128314,7814.656441191211,0.005087779170330085
50000000000,3534755.881794354,3547536.0542428237,12780.172448469792,0.003615574278918003
50000000000,1578485.9908653074,1585619.974205435,7133.983340127626,0.004519510075738373
50000000000,3536895.0014980277,3532825.590316246,4069.4111817819066,0.0011505603587492236
50000000000,1913730.863987841,1914684.4626036729,953.5986158319283,0.0004982929594628658
50000000000,3539284.942456802,3521873.492951201,17411.44950560108,0.004919482265113948
50000000000,2205445.2083195476,2199444.177194808,6001.031124739442,0.0027210066711709263
50000000000,3541132.766812732,3531939.6484670998,9193.118345632218,0.0025960953601597576
50000000000,2635403.0264396975,2629416.0678346762,5986.958605021238,0.0022717430863351974
50000000000,3541123.55683281,3549465.674567477,8342.117734666914,0.0023557827341467085
50000000000,2442419.456355822,2442895.193383031,475.7370272092521,0.00019478105039298573
50000000000,3540935.216894909,3559614.4371065227,18679.220211613923,0.005275222241426368
50000000000,2158509.1899723615,2166948.573403842,8439.383431480266,0.003909820477339884
50000000000,3541054.5473543922,3553825.82480484,12771.277450447902,0.0036066310980692553
50000000000,2038985.7729445263,2050300.1465425154,11314.373597989092,0.005549020374796365
50000000000,3541194.8511217935,3536993.173244958,4201.677876835689,0.0011865141720469477
50000000000,2212285.44591032,2219345.4087187694,7059.962808449287,0.0031912531095390473
50000000000,3540603.904925701,3523120.487921329,17483.417004371993,0.004937975970723243
50000000000,2496422.6335494183,2495181.074226358,1241.5593230603263,0.000497335389599106
50000000000,3538838.0272931927,3523169.178967369,15668.8483258239,0.004427681686750942
50000000000,2648143.360199958,2641699.2052099025,6444.154990055598,0.0024334615288988766
50000000000,3536386.438544436,3536012.8110100385,373.6275343974121,0.00010565234905470225
50000000000,2561079.718155399,2557696.9072187888,3382.8109366102144,0.0013208534324916142
50000000000,3534469.1766949203,3549717.7043330465,15248.527638126165,0.004314234153934553
50000000000,2294214.89128122,2299025.898116739,4811.0068355188705,0.0020970166542821672
50000000000,3534185.4390994576,3551911.43706823,17725.997968772426,0.005015582310046858
50000000000,2059847.7118619564,2070580.5150974751,10732.803235518746,0.005210483849709963
50000000000,3535705.9998274655,3540620.9528643116,4914.953036846127,0.0013900909852476327
50000000000,2091769.3561053837,2101756.091780165,9986.735674781492,0.004774300591808822
50000000000,3538143.5556451506,3526020.807196378,12122.748448772822,0.003426302030461944
50000000000,2355230.5692825755,2358313.932958524,3083.363675948698,0.001309155764264693
50000000000,3540215.9014213677,3521485.452882216,18730.44853915181,0.005290764478977593
50000000000,2598000.466835525,2593346.553521425,4653.913314099889,0.0017913442947793438
50000000000,3540818.2855803994,3525048.42577749,15769.859802909661,0.004453733157425987
50000000000,2249362.66049684,2242149.1468703495,7213.513626490254,0.003206914453224244
50000000000,3541202.320125218,3540710.4310238883,491.88910132972524,0.00013890454621421684
50000000000,2020009.4028177776,2018624.1945321334,1385.2082856441848,0.0006857434840213675
50000000000,3541005.528817845,3556274.4429339073,15268.914116062224,0.004312027753641975
50000000000,1665882.741441151,1671618.546996772,5735.805555621162,0.003443102814462878
50000000000,3540955.3307241863,3558730.899952295,17775.569228108507,0.005019992507070994
50000000000,1507927.018281306,1516279.584370178,8352.56608887203,0.0055391050015086655
50000000000,3541166.901115321,3545999.2055909005,4832.304475579411,0.0013646079415396758
50000000000,1734944.6183009613,1739442.9482318407,4498.3299308794085,0.0025927801287885734
50000000000,3541035.7797997817,3528782.511266137,12253.268533644732,0.003460362813486612
50000000000,2084933.932551326,2082007.4368547515,2926.4956965744495,0.0014036395354711827
50000000000,3539872.9037693483,3521163.212311932,18709.691457416397,0.005285413337155081
50000000000,2264263.0025024563,2256634.4255464305,7628.57695602579,0.0033691214084206255
50000000000,3537631.1463456466,3528575.711605745,9055.434739901684,0.002559745311281505
50000000000,2161868.170405561,2157017.092739058,4851.077666502912,0.0022439285303843767
50000000000,3535281.2928725346,3543675.9626948005,8394.66982226586,0.0023745408432393534
50000000000,1838178.16016343,1840672.0167297462,2493.8565663162153,0.0013567001394981701
50000000000,3534084.128392094,3552701.804396796,18617.676004702225,0.005268034186037538
50000000000,1535964.0009716006,1543779.0647571352,7815.063785534585,0.005088051400026974
50000000000,3534755.3238084973,3547535.9869932374,12780.663184740115,0.0036157136814125167
50000000000,1578484.1183326805,1585618.9682662915,7134.849933610996,0.004520064440779669
50000000000,3536895.251957709,3532825.5566873653,4069.6952703436837,0.001150640598725977
50000000000,1913735.1874703448,1914688.3510238891,953.1635535443202,0.0004980644970029796
50000000000,3539285.0360998935,3521873.5097636343,17411.52633625921,0.004919503842913369
50000000000,2205453.015521338,2199451.4643645496,6001.551156788599,0.0027212328326885332
50000000000,3541132.685256666,3531939.6820593644,9193.003197301645,0.002596062902578112
50000000000,2635402.9249262013,2629415.748925177,5987.1760010244325,0.002271825664453981
50000000000,3541123.927152938,3549465.6326119513,8341.705459013116,0.0023556660627011275
50000000000,2442419.3373149307,2442895.4351176824,476.0978027516976,0.00019492877225378295
50000000000,3540936.4442772144,3559614.311293933,18677.867016718723,0.00527483825554268
50000000000,2158509.5379485274,2166948.5585499112,8439.020601383876,0.003909651754147179
50000000000,3541053.3596780607,3553825.95903736,12772.599359299056,0.0036070056172382257
50000000000,2038988.2123298617,2050300.044504148,11311.832174286246,0.005547767321989918
50000000000,3541195.4876307705,3536993.1732449573,4202.314385813195,0.0011866937028728523
50000000000,2212285.998353301,2219345.1224558526,7059.12410255149,0.0031908731998511485
50000000000,3540603.625844919,3523120.4879213297,17483.137923589442,0.004937897537010322
50000000000,2496423.2414875524,2495181.074226355,1242.1672611972317,0.0004975787921510685
50000000000,3538837.996083354,3523169.1789673693,15668.817115984857,0.004427672906566077
50000000000,2648143.1346392278,2641699.205209903,6443.9294293248095,0.0024333765592329678
50000000000,3536386.9265873167,3536012.811010038,374.11557727865875,0.00010579034054955283
50000000000,2561079.626739864,2557696.9072187888,3382.7195210750215,0.001320817785498168
50000000000,3534468.6348244282,3549717.7043330474,15249.06950861914,0.00431438812566422
50000000000,2294215.876273791,2299025.898116739,4810.021842948161,0.002096586416601946
50000000000,3534185.0519868657,3551911.4370682286,17726.38508136291,0.005015692393186204
50000000000,2059847.85375049,2070580.5150974758,10732.661346985959,0.005210414607780061
50000000000,3535706.2128824377,3540620.9528643116,4914.739981873892,0.0013900306433738496
50000000000,2091769.1922114862,2101756.0917801647,9986.899568678578,0.004774379317691406
50000000000,3538144.083854033,3526020.8408248946,12123.243029138539,0.003426441304202886
50000000000,2355230.255885392,2358313.7266514576,3083.4707660656422,0.0013092014075313779
50000000000,3540215.489624359,3521485.4192649005,18730.07035945868,0.005290658270478916
50000000000,2598000.683003555,2593346.7058485053,4653.977155049797,0.0017913687188370261
50000000000,3540818.3721452444,3525048.324959243,15770.047186001204,0.004453785969385022
50000000000,2249354.6596502163,2242141.905849695,7212.753800521139,0.0032065880627480735
50000000000,3541202.027170788,3540710.464601539,491.5625692489557,0.00013881234831487015
50000000000,2020004.6715987558,2018619.2176407017,1385.4539580540732,0.0006858667098811904
50000000000,3541004.6226647915,3556274.417767904,15269.795103112236,0.004312277652894142
50000000000,1665882.6169143557,1671618.23305846,5735.616144104395,0.0034429893714409696
50000000000,3540955.6253256733,3558731.059320722,17775.433995048515,0.005019953898296495
50000000000,1507930.5559294976,1516281.6569811406,8351.101051643025,0.005538120451770642
50000000000,3541166.6911850534,3545999.0713126757,4832.38012762228,0.0013646293860301508
50000000000,1734942.2534540235,1739441.7709555742,4499.517501550727,0.002593468164483761
50000000000,3541036.8073337027,3528782.511266137,12254.29606756568,0.0034606519881934823
50000000000,2084928.3465280347,2082001.7837500512,2926.5627779834904,0.0014036754706016651
50000000000,3539872.3943353877,3521163.212311932,18709.182023455855,0.005285270184709161
50000000000,2264254.7519736695,2256627.300101055,7627.451872614678,0.0033686367958226
50000000000,3537631.527253395,3528575.711605745,9055.815647650044,0.0025598527087644283
50000000000,2161861.8572053597,2157010.5416301964,4851.315575163346,0.0022440451312807953
50000000000,3535281.370837966,3543675.962694801,8394.591856834944,0.002374518737343155
50000000000,1838175.5240520253,1840669.341364168,2493.8173121428117,0.0013566807301652604
50000000000,3534083.8598858304,3552701.804396796,18617.944510965608,0.0052681105624831056
50000000000,1535965.7870263176,1543780.556732735,7814.769706417341,0.005087854021505911
50000000000,3534755.8868751326,3547536.0542428237,12780.167367691174,0.0036155728363435474
50000000000,1578485.166172708,1585619.876856014,7134.710683305981,0.004519973222558206
50000000000,3536895.2546939584,3532825.489429627,4069.765264331363,0.0011506603875051746
50000000000,1913731.0847106448,1914684.85144406,953.766733415192,0.000498380750062071
50000000000,3539284.9989736034,3521873.577013399,17411.421960204374,0.004919474403800119
50000000000,2205445.7436234937,2199444.4284758396,6001.315147654153,0.0027211347932750043
50000000000,3541133.0524649257,3531939.6820593644,9193.37040556129,0.0025961663313277465
50000000000,2635413.212719805,2629425.954043814,5987.258675991092,0.0022718481667670276
50000000000,3541123.57524758,3549465.666176371,8342.090928790625,0.0023557751520172187
50000000000,2442427.350167586,2442902.928903773,475.57873618695885,0.00019471561197278897
50000000000,3540937.0771375885,3559614.2777439076,18677.200606319122,0.005274649111081448
50000000000,2158513.4570256476,2166952.4205763726,8438.96355072502,0.00390961822510646
50000000000,3541051.373923049,3553825.959037359,12774.58511431003,0.003607568421171298
50000000000,2038989.9409630266,2050302.0617233738,11312.120760347228,0.0055479041524866225
50000000000,3541195.9953260496,3536993.1732449573,4202.822081092279,0.0011868369010468486
50000000000,2212289.800799707,2219349.7026685136,7059.901868806686,0.0031912192816034527
50000000000,3540603.7689532116,3523120.353476874,17483.41547633754,0.0049379757287855335
50000000000,2496430.7464606906,2495189.5149394525,1241.2315212381072,0.0004972024651586513
50000000000,3538838.1203352516,3523169.3134745117,15668.80686073983,0.004427669853193355
50000000000,2648152.6220441866,2641708.9219612093,6443.700082977302,0.0024332812351288203
50000000000,3536387.67466588,3536012.8110100385,374.8636558414437,0.0001060018556582208
50000000000,2561087.8201122554,2557705.6129528014,3382.207159454003,0.001320613503720367
50000000000,3534468.81698721,3549717.632607936,15248.815620725974,0.004314316071325281
50000000000,2294223.188790898,2299032.027680972,4808.838890074287,0.002096064111621434
50000000000,3534184.4290592656,3551911.5087914197,17727.07973215403,0.005015889829176982
50000000000,2059851.3519883691,2070582.8144153098,10731.462426940678,0.0052098237169306534
50000000000,3535706.208764462,3540620.9528643116,4914.744099849835,0.0013900318096755195
50000000000,2091771.5593306012,2101758.952104963,9987.392774361651,0.004774609698564679
50000000000,3538144.4361747815,3526020.840824895,12123.595349886455,0.003426540540836066
50000000000,2355236.1534277727,2358320.3284876905,3084.1750599178486,0.0013094971624943808
50000000000,3540215.4307644432,3521485.4192649005,18730.011499542743,0.005290641732358742
50000000000,2598010.703539128,2593356.4547965694,4654.248742558528,0.001791466346238797
50000000000,3540817.9352455856,3525048.3921713955,15769.543074190151,0.0044536441473646115
50000000000,2249353.8177230894,2242140.833108959,7212.984614130575,0.0032066918762615683
50000000000,3541202.291458236,3540710.397446243,491.89401199296117,0.00013890593406071797
50000000000,2020003.8367641007,2018618.6937594952,1385.1430046055466,0.0006857130562803509
50000000000,3541005.6643835483,3556274.4093792355,15268.744995687157,0.004311979828008912
50000000000,1665882.5425551748,1671618.2000133472,5735.657458172413,0.0034430143252326237
50000000000,3540954.34558506,3558731.0677085333,17776.722123473417,0.0050203194925791195
50000000000,1507929.8845737572,1516281.958285757,8352.073711999925,0.0055387679476627556
50000000000,3541167.2275490873,3545999.0713126757,4831.843763588462,0.0013644777140142793
50000000000,1734944.0651562354,1739441.5898378557,4497.5246816203,0.002592316819859716
50000000000,3541036.9870046545,3528782.511266137,12254.475738517474,0.003460702552244018
50000000000,2084929.6670689068,2082000.976166633,2928.690902273869,0.0014046952990942672
50000000000,3539873.1250246326,3521163.346795541,18709.778229091782,0.005285437519448268
50000000000,2264254.895503168,2256626.2038816656,7628.691621502396,0.00336918411290754
50000000000,3537629.3052272,3528575.44257363,9053.86265357025,0.00255930225368505
50000000000,2161859.4367589196,2157010.0736952918,4849.363063627854,0.0022431444807059545
50000000000,3535282.248654373,3543676.097199605,8393.848545231856,0.0023743078925103616
50000000000,1838175.880038372,1840668.7680752454,2492.8880368734244,0.0013561749253403245
50000000000,3534084.321944596,3552701.8043967965,18617.482452200726,0.005267979130151777
50000000000,1535966.694073821,1543780.778312832,7814.084239010932,0.005087404739412517
50000000000,3534756.0024126666,3547536.0542428237,12780.051830157172,0.0036155400320231662
50000000000,1578486.0208604855,1585619.9417556168,7133.920895131305,0.004519470429799794
50000000000,3536894.528412619,3532825.4894296275,4069.038982991595,0.0011504552794277996
50000000000,1913731.4242727642,1914684.3329902906,952.9087175263558,0.0004979323145558265
50000000000,3539285.6261284696,3521873.5770133985,17412.049115071073,0.004919650730228758
50000000000,2205444.917668251,2199443.423352006,6001.494316244964,0.002721217051564434
50000000000,3541132.7281837906,3531939.682059364,9193.046124426648,0.002596074993535095
50000000000,2635403.215821063,2629415.7489251764,5987.466895886697,0.0022719357933322147
50000000000,3541123.640096155,3549465.5990475346,8341.958951379638,0.0023557378389513456
50000000000,2442419.7163516064,2442895.1933830306,475.47703142417595,0.00019467457957407313
50000000000,3540937.3145098533,3559614.3448439576,18677.030334104318,0.00527460067072372
50000000000,2158509.198989403,2166948.499134192,8439.30014478881,0.0039097818757223846
50000000000,3541052.9733555596,3553825.95903736,12772.985681800172,0.003607115108954804
50000000000,2038987.930196598,2050300.0209568318,11312.090760233812,0.005547894910365216
50000000000,3541196.678362135,3536993.1732449573,4203.505117177498,0.0011870295549700142
50000000000,2212287.0554892854,2219345.122455852,7058.066966566723,0.0031903938275341533
50000000000,3540602.8491776474,3523120.353476874,17482.495700773317,0.004937717232203511
50000000000,2496425.08255228,2495181.074226355,1244.0083259246312,0.0004983159056601008
50000000000,3538836.2883366668,3523169.313474512,15666.974862154573,0.004427154461422799
50000000000,2648143.6612445908,2641698.5574274366,6445.103817154188,0.002433819551211613
50000000000,3536387.256396261,3536012.811010038,374.44538622302935,0.00010588359222983011
50000000000,2561078.3872625437,2557696.326837408,3382.0604251357727,0.001320561073786871
50000000000,3534469.752464965,3549717.632607936,15247.880142970942,0.004314050256714451
50000000000,2294216.4333610656,2299026.258678784,4809.825317718554,0.0020965002463486323
50000000000,3534184.9401703817,3551911.37429929,17726.43412890844,0.0050157064299113496
50000000000,2059849.1407004178,2070580.4358174626,10731.295117044821,0.005209748085433005
50000000000,3535706.3381738123,3540621.087373015,4914.74919920275,0.0013900332010438434
50000000000,2091770.2073436358,2101755.913009986,9985.705666349968,0.0047738062389897674
50000000000,3538143.2041035043,3526020.8408248955,12122.36327860877,0.0034261935086599576
50000000000,2355230.421467843,2358313.7266514576,3083.305183614604,0.0013091310113483526
50000000000,3540215.792852274,3521485.4192649005,18730.373587373644,0.005290743469703296
50000000000,2598000.043104906,2593346.7058485053,4653.337256400846,0.0017911228557331267
50000000000,3540818.194532524,3525048.392171396,15769.80236112792,0.0044537170492058905
50000000000,2249362.698237589,2242149.9514304246,7212.746807164513,0.0032065734942683154
50000000000,3541202.3722339086,3540710.397446242,491.97478766646236,0.00013892874113153502
50000000000,2020009.9083553867,2018624.6311032802,1385.2772521064617,0.0006857774540493717
50000000000,3541005.46833564,3556274.4429339073,15268.974598267116,0.004312044907810862
50000000000,1665882.9326198164,1671618.5525046191,5735.619884802727,0.0034429909644267277
50000000000,3540954.1769321715,3558731.034157287,17776.85722511541,0.005020357885714581
50000000000,1507926.2584790494,1516279.584370178,8353.325891128508,0.005539611664799831
50000000000,3541166.4983475455,3545999.071312676,4832.572965130676,0.0013646839162704588
50000000000,1734945.5364845165,1739443.03879235,4497.502307833638,0.0025923017254748135
50000000000,3541037.490358698,3528782.5112661365,12254.97909256164,0.003460844209057002
50000000000,2084935.2111279254,2082007.63875202,2927.572375905467,0.0014041550837072222
50000000000,3539873.834114294,3521163.346795541,18710.487318753265,0.005285636775649318
50000000000,2264262.736217817,2256634.9736590027,7627.762558814138,0.0033687621302973935
50000000000,3537629.200490333,3528575.4425736303,9053.757916702889,0.002559272722943375
50000000000,2161868.618978654,2157017.5606768485,4851.058301805519,0.002243919107395775
50000000000,3535282.223917164,3543676.097199605,8393.873282440938,0.0023743149063613815
50000000000,1838179.9018948148,1840671.8256312616,2491.92373644677,0.0013556473628495607
50000000000,3534083.8239359637,3552701.804396797,18617.980460833292,0.0052681207884022856
50000000000,1535963.7939403267,1543779.005674153,7815.211733826436,0.005088148408614157
50000000000,3534756.748276017,3547536.054242824,12779.305966807064,0.003615328260718316
50000000000,1578485.4812492635,1585618.9033673622,7133.422118098708,0.004519155990242679
50000000000,3536895.117012183,3532825.4894296275,4069.6275825556368,0.0011506215049977176
50000000000,1913735.2167406806,1914688.221409297,953.0046686164569,0.0004979814659206291
50000000000,3539284.3935433165,3521873.577013399,17410.81652991753,0.004919304185241492
50000000000,2205452.5653563715,2199451.4643645496,6001.100991821848,0.002721029273577757
50000000000,3541132.4726552214,3531939.6820593644,9192.79059585696,0.0025960030207409887
50000000000,2635404.810627451,2629416.386744205,5988.423883246258,0.002272297545749908
50000000000,3541123.501455448,3549465.7333052196,8342.231849771459,0.0023558149966649545
50000000000,2442420.816653102,2442896.1603217833,475.34366868110374,0.0001946198891853848
50000000000,3540935.798226226,3559614.344843958,18678.546617731918,0.005275031144899219
50000000000,2158510.100272111,2166948.9744600113,8438.87418790022,0.0039095829048177155
50000000000,3541054.2234003055,3553825.95903736,12771.735637054313,0.003606760820733839
50000000000,2038987.0584223692,2050300.2721281922,11313.213705823058,0.005548448019369216
50000000000,3541195.190144322,3536993.1060777004,4202.084066621494,0.0011866287626043671
50000000000,2212287.3304505595,2219345.694981737,7058.364531177562,0.003190527936414136
50000000000,3540603.2135766596,3523120.4206990777,17482.792877581902,0.004937800657962198
50000000000,2496423.0023498153,2495181.865542086,1241.13680772949,0.0004971660678343541
50000000000,3538839.330425293,3523169.313474512,15670.016950780991,0.004428010284631314
50000000000,2648145.1574780336,2641699.852992488,6445.304485545494,0.002433893953035298
50000000000,3536386.4032100975,3536012.811010038,373.5922000594437,0.00010564235845956241
50000000000,2561080.816736632,2557697.777791067,3383.038945565,0.0013209418943193364
50000000000,3534467.642620818,3549717.6326079364,15249.98998711817,0.004314649765985765
50000000000,2294217.6882000165,2299026.799521981,4809.111321964301,0.002096187884305523
50000000000,3534185.985033422,3551911.3742992906,17725.389265868813,0.00501540930243409
50000000000,2059848.0749288131,2070580.7331421562,10732.658213343006,0.005210412527008293
50000000000,3535706.407361861,3540621.221881786,4914.814519925043,0.0013900516484320294
50000000000,2091770.6020903455,2101756.3658865658,9985.7637962203,0.00477383312789717
50000000000,3538143.1826184355,3526020.7063108897,12122.476307545789,0.0034262254752998544
50000000000,2355232.1577105727,2358314.9644941594,3082.8067835867405,0.0013089184323058047
50000000000,3540216.0037492327,3521485.284795764,18730.718953468837,0.005290840709615528
50000000000,2598002.195416894,2593347.9244654076,4654.270951486193,0.0017914807615238891
50000000000,3540818.692538157,3525048.257747136,15770.434791021049,0.004453895034008749
50000000000,2249354.137401862,2242141.3694792287,7212.7679226333275,0.003206595085540645
50000000000,3541202.2438154435,3540710.53175686,491.7120585832745,0.0001388545541113977
50000000000,2020003.6637261794,2018618.6937594952,1384.9699666842353,0.0006856274528381123
50000000000,3541005.5785359545,3556274.4429339073,15268.864397952799,0.0043120136524229325
50000000000,1665882.568973782,1671618.1779833804,5735.609009598382,0.003442985187804465
50000000000,3540954.986941943,3558731.0341572864,17776.047215343453,0.005020127982676021
50000000000,1507928.7501543197,1516281.921763986,8353.171609666431,0.0055395001977458
50000000000,3541167.7983817183,3545999.071312676,4831.272930957843,0.0013643162950836983
50000000000,1734943.0990568132,1739441.5898378566,4498.490781043423,0.0025928751112869286
50000000000,3541034.1655168603,3528782.5112661365,12251.654250723775,0.003459908512047775
50000000000,2084928.188629849,2082001.0771145197,2927.1115153294522,0.0014039387693506413
50000000000,3539874.518688528,3521163.2795537114,18711.239134816453,0.005285848138410481
50000000000,2264254.753070125,2256626.203881665,7628.549188459758,0.0033691214198031975
50000000000,3537630.052395445,3528575.5770896142,9054.475305830594,0.0025594748946966665
50000000000,2161860.5534711406,2157009.6057605804,4850.947710560169,0.0022438763234619175
50000000000,3535282.1056123013,3543676.029947196,8393.924334894866,0.0023743294266586005
50000000000,1838175.7236838571,1840668.768075245,2493.0443913878407,0.0013562601003083493
50000000000,3534083.723666097,3552701.7326742937,18618.00900819665,0.00526812901559762
50000000000,1535965.9737045874,1543780.778312832,7814.804608244449,0.005087876126185248
50000000000,3534756.1389442235,3547536.125969778,12779.987025554292,0.0036155215588285178
50000000000,1578486.0009102968,1585619.9763658883,7133.975455591455,0.004519505051978519
50000000000,3536895.077583568,3532825.489429627,4069.588153941091,0.0011506103700202107
50000000000,1913731.3250957865,1914684.0737636487,952.7486678622663,0.0004978487081067031
50000000000,3539285.2592805815,3521873.5770133995,17411.68226718204,0.0049195475898773005
50000000000,2205445.1306716832,2199443.423352006,6001.707319677342,0.0027213133694464126
50000000000,3541132.8024131716,3531939.6820593644,9193.12035380723,0.002596095901159766
50000000000,2635410.630602516,2629422.7649409906,5987.8656615251675,0.002272080711822963
50000000000,3541123.81898274,3549465.867562951,8342.048580211122,0.002355763030790475
50000000000,2442425.1437557023,2442900.9950212897,475.8512655873783,0.00019482736934801805
50000000000,3540935.9347818755,3559614.2106438545,18678.275861978997,0.005274954477008801
50000000000,2158511.8994805412,2166951.588754511,8439.689273969736,0.003909957260833631
50000000000,3541053.7367400853,3553825.95903736,12772.222297274508,0.0036068987501535884
50000000000,2038988.127618835,2050301.5279845998,11313.40036576474,0.005548536655275537
50000000000,3541196.533666235,3536993.139661325,4203.394004909787,0.0011869982264322316
50000000000,2212288.6423564604,2219348.5755056203,7059.933149159886,0.003191235092017589
50000000000,3540601.8204886634,3523120.3870879696,17481.433400693815,0.00493741863305066
50000000000,2496430.2098991694,2495187.4047587016,1242.8051404678263,0.0004978329197987165
50000000000,3538838.963946234,3523169.3807281526,15669.583218081389,0.004427888179632765
50000000000,2648150.22639451,2641706.2498519244,6443.976542585529,0.0024333878336498626
50000000000,3536386.5271774856,3536012.8110100385,373.7161674471572,0.00010567740957474838
50000000000,2561086.220829323,2557703.8718040027,3382.3490253202617,0.0013206697212345315
50000000000,3534468.6799313626,3549717.565360073,15248.885428710375,0.004314335989251573
50000000000,2294220.2561845053,2299030.585428753,4810.329244247638,0.002096716403440552
50000000000,3534185.1258792137,3551911.3742992906,17726.24842007691,0.005015653619918136
50000000000,2059849.7648326654,2070582.2940969726,10732.529264307115,0.005210345651193152
50000000000,3535706.7182746595,3540621.2218817854,4914.503607125953,0.001389963591076387
50000000000,2091770.9912842768,2101758.1535893558,9987.162305078935,0.004774500816146778
50000000000,3538143.528376587,3526020.70631089,12122.822065697052,0.003426322863521421
50000000000,2355235.606556367,2358319.0906418036,3083.4840854364447,0.0013092040884796503
50000000000,3540215.347253513,3521485.2847957644,18730.06245774869,0.005290656251258672
50000000000,2598007.8874324677,2593354.0175568033,4653.869875664357,0.0017913224583254192
50000000000,3540818.312612319,3525048.2577471365,15770.054865182377,0.004453788213026853
50000000000,2249356.057835581,2242143.514962285,7212.542873295955,0.0032064922972826937
50000000000,3541202.056288267,3540710.53175686,491.5245314068161,0.00013880160566776882
50000000000,2020005.1140582387,2018620.0907769368,1385.0232813018374,0.0006856533538765615
50000000000,3541005.185850706,3556274.4429339073,15269.257083201315,0.004312125027157498
50000000000,1665882.5374197587,1671618.2661037685,5735.728684009751,0.0034430570914643654
50000000000,3540955.462728457,3558731.025769475,17775.563041017856,0.005019990572635169
50000000000,1507927.8848415734,1516281.3374156214,8353.452574047958,0.00553968970135836
50000000000,3541166.2545134835,3545999.0461355164,4832.791622032877,0.001364745757382365
50000000000,1734943.353903472,1739441.9464137985,4498.592510326533,0.0025929333659252276
50000000000,3541036.2488421127,3528782.561663374,12253.68717873888,0.003460480581848245
50000000000,2084929.9675932266,2082002.6165712283,2927.351021998329,0.0014040524466045088
50000000000,3539873.8745696987,3521163.2627432616,18710.61182643706,0.005285671888157736
50000000000,2264256.8933571763,2256628.439142355,7628.454214821104,0.0033690762904161997
50000000000,3537630.4088440286,3528575.5770896142,9054.831754414365,0.0025595753959422687
50000000000,2161861.989683996,2157011.535992508,4850.453691488132,0.002243646317218026
50000000000,3535281.3974491875,3543675.9626948,8394.565245612524,0.0023745111921414396
50000000000,1838175.5356156398,1840669.532460766,2493.996845126152,0.0013567783907486644
50000000000,3534084.340211695,3552701.7999197133,18617.45970801823,0.005267972667257575
50000000000,1535965.8740818938,1543780.3905477119,7814.516465818044,0.0050876888592912796
50000000000,3534755.9153405265,3547536.1259697773,12780.210629250854,0.00361558504613738
50000000000,1578485.594882095,1585619.8119564566,7134.21707436163,0.004519659284502067
50000000000,3536895.255209486,3532825.4894296266,4069.7657798593864,0.0011506605330946786
50000000000,1913732.7001339393,1914685.2489142627,952.5487803234719,0.0004977439013592674
50000000000,3539284.9587039645,3521873.5770133995,17411.38169056503,0.004919463081870873
50000000000,2205447.0863339566,2199445.701611604,6001.384722352494,0.0027211646833605976
50000000000,3541132.5480514173,3531939.6820593644,9192.865992052946,0.0025960242570167314
50000000000,2635405.530809241,2629418.0025247457,5987.528284495231,0.002271957091422158
50000000000,3541123.700479954,3549465.867562952,8342.16708299797,0.002355796574366294
50000000000,2442421.037388645,2442896.418150814,475.38076216867194,0.00019463505877632514
50000000000,3540935.1478790836,3559614.210643854,18679.06276477035,0.005275177879481515
50000000000,2158510.9126684344,2166949.6874490017,8438.77478056727,0.003909535379709955
50000000000,3541054.0890443358,3553825.9590373593,12771.869993023574,0.0036067988999485922
50000000000,2038986.6310320597,2050300.5232995262,11313.892267466523,0.005548781975946477
50000000000,3541195.639818144,3536993.1312654186,4202.508552725427,0.0011867484827642123
50000000000,2212286.660761111,2219346.2675078204,7059.60674670944,0.0031910904097214353
50000000000,3540603.345519142,3523120.401792828,17482.94372631423,0.004937843079327145
50000000000,2496425.08237928,2495183.1514306436,1241.9309486364946,0.000497483764845385
50000000000,3538838.215768315,3523169.3576097083,15668.85815860657,0.004427684229470975
50000000000,2648145.898241087,2641701.016977121,6444.881263965741,0.002433733454129724
50000000000,3536386.901971939,3536012.827824212,374.0741477268748,0.00010577862606557155
50000000000,2561081.424842746,2557699.083649953,3382.341192793101,0.0013206691360860506
50000000000,3534468.815681924,3549717.565360073,15248.749678148888,0.004314297415920719
50000000000,2294217.7115811245,2299027.7009276585,4809.989346534014,0.002096570574908113
50000000000,3534184.894473322,3551911.571560356,17726.677087033633,0.0050157752399299215
50000000000,2059849.1332494777,2070581.0862152437,10731.952965765959,0.005210067471706513
50000000000,3535706.750169821,3540620.9528643107,4914.202694489621,0.0013898784717521016
50000000000,2091769.7511018107,2101756.985631274,9987.234529463341,0.004774538174769333
50000000000,3538143.746301592,3526020.70631089,12123.039990701713,0.003426384245516842
50000000000,2355232.169779513,2358315.7897230345,3083.619943521451,0.0013092636824038144
50000000000,3540215.627716278,3521485.356506668,18730.27120961016,0.005290714797983274
50000000000,2598003.0657994086,2593349.143082769,4653.92271663947,0.0017913461219136216
50000000000,3540818.504795722,3525048.52659584,15769.978199881967,0.0044537663194323404
50000000000,2249360.245018139,2242146.7331927973,7213.511825341731,0.0032069170962357616
50000000000,3541201.879647087,3540710.3347620517,491.5448850351386,0.00013880736025253818
50000000000,2020008.3510801385,2018622.8848203595,1385.466259778943,0.0006858715505003268
50000000000,3541005.9753514826,3556274.4429339073,15268.467582424637,0.004311901106269406
50000000000,1665882.865654913,1671618.4540975965,5735.588442683453,0.0034429722286798393
50000000000,3540954.9668401736,3558731.034157287,17776.06731711328,0.005020133688109576
50000000000,1507926.3275518054,1516280.1687187173,8353.84116691188,0.005539953122560545
50000000000,3541166.4986561765,3545999.0377431302,4832.539086953737,0.0013646743491975365
50000000000,1734944.2031031754,1739442.6765509953,4498.473447819939,0.0025928634706371702
50000000000,3541035.767816177,3528782.5784624573,12253.18935371982,0.003460340464529278
50000000000,2084933.0476923387,2082005.9226267138,2927.1250656249467,0.0014039419965378597
50000000000,3539874.1195158674,3521163.2627432616,18710.856772605795,0.005285740718702392
50000000000,2264261.388321,2256632.9182378827,7628.470083117485,0.0033690766103529083
50000000000,3537630.1839229525,3528575.560275108,9054.623647844419,0.002559516732131553
50000000000,2161865.817469427,2157015.2794819395,4850.537987487391,0.0022436813368764907
50000000000,3535281.452338283,3543675.9795078984,8394.527169615496,0.002374500384987238
50000000000,1838177.827689145,1840671.0612387743,2493.233549629338,0.0013563614532135298
50000000000,3534084.0945035266,3552701.7831083587,18617.68860483216,0.005268037801870021
50000000000,1535964.3614202018,1543779.434984644,7815.073564442107,0.005088056572625188
50000000000,3534756.213076361,3547536.0542428237,12779.84116646275,0.003615480218744768
50000000000,1578486.272090943,1585619.2927616113,7133.020670668222,0.00451889940177906
50000000000,3536895.4152517538,3532825.489429627,4069.925822126679,0.0011507057303918003
50000000000,1913735.0982104505,1914687.1844940106,952.0862835601438,0.0004975016053425824
50000000000,3539285.009993376,3521873.5770134,17411.432979976293,0.004919477502041826
50000000000,2205450.4941482334,2199449.4541067267,6001.040041506756,0.002721004192762176
50000000000,3541132.2500728667,3531939.682059364,9192.56801350275,0.002595940327649043
50000000000,2635402.9817859214,2629416.3867442054,5986.595041716006,0.0022716051712361263
50000000000,3541124.9838680504,3549465.5990475346,8340.615179484244,0.002355357469019239
50000000000,2442418.8746916703,2442895.193383031,476.3186913607642,0.0001950192476386322
50000000000,3540935.1925698775,3559614.2822113135,18679.089641436003,0.0052751854031757705
50000000000,2158510.5848496477,2166948.736797084,8438.151947436389,0.003909247425823558
50000000000,3541054.163310917,3553825.95903736,12771.79572644271,0.0036067778512884896
50000000000,2038986.3719664805,2050300.0209568318,11313.648990351241,0.005548663368181271
50000000000,3541195.7104376173,3536993.1060777004,4202.604359916877,0.0011867755141377158
50000000000,2212285.137328775,2219345.122455853,7059.985127077904,0.003191263643167845
50000000000,3540603.188709523,3523120.420699077,17482.76801044587,0.004937793669224475
50000000000,2496423.070728821,2495180.810454497,1242.2602743241005,0.0004976160847453742
50000000000,3538837.959434774,3523169.3807281526,15668.578706621192,0.004427605583026975
50000000000,2648143.349052771,2641698.5574274356,6444.791625335347,0.0024337019473060703
50000000000,3536386.407491049,3536012.8110100385,373.5964810103178,0.00010564356887554388
50000000000,2561078.8994304757,2557696.9072187883,3381.9922116873786,0.0013205341750460928
50000000000,3534468.6988883936,3549717.4981122124,15248.799223818816,0.004314311576338088
50000000000,2294214.7722291164,2299026.2586787837,4811.486449667253,0.0020972258168280786
50000000000,3534186.143278353,3551911.6388064157,17725.495528062806,0.005015439144815509
50000000000,2059848.01441813,2070580.4172346692,10732.402816539165,0.0052102886918920935
50000000000,3535706.3207914033,3540620.9528643116,4914.632072908338,0.001390000081174244
50000000000,2091770.0473928847,2101756.270550358,9986.223157473374,0.004774053997914294
50000000000,3538142.7495991187,3526020.7063108897,12122.043288229033,0.003426103508571692
50000000000,2355230.9402513746,2358314.1392656104,3083.1990142357536,0.001309085644869578
50000000000,3540216.0435455064,3521485.5537342387,18730.489811267704,0.005290775924654933
50000000000,2598000.3901899606,2593346.7058485057,4653.684341454878,0.0017912562134429126
50000000000,3540817.796466817,3525048.52659584,15769.269870976917,0.004453567163696529
50000000000,2249355.3295709807,2242142.44222036,7212.887350620702,0.003206646480347956
50000000000,3541202.2494092933,3540710.2631357224,491.98627357091755,0.00013893198945442488
50000000000,2020004.892516244,2018620.0907769357,1384.8017393082846,0.0006855437550863004
50000000000,3541005.8372481936,3556274.514511277,15268.677263083402,0.0043119604894379625
50000000000,1665882.7204248297,1671618.2661037687,5735.545678938972,0.0034429468585137285
50000000000,3540955.4082829556,3558731.0341572864,17775.625874330755,0.005020008394556522
50000000000,1507928.0139797581,1516281.3374156216,8353.32343586348,0.005539603587453222
50000000000,3541166.3278665356,3545999.071312676,4832.74344614055,0.001364732124585675
50000000000,1734943.2695165514,1739441.9520737485,4498.682557197055,0.00259298539395506
50000000000,3541035.7253375445,3528782.511266137,12253.214071407449,0.0034603474863952204
50000000000,2084929.9448372698,2082002.793230367,2927.151606902946,0.0014039568159837678
50000000000,3539873.9116915767,3521163.279553711,18710.63213786576,0.0052856775706241555
50000000000,2264257.0296389135,2256628.396321238,7628.6333176754415,0.0033691551876917428
50000000000,3537630.832263893,3528575.5770896142,9055.255174278747,0.0025596947798207288
50000000000,2161862.4816523185,2157011.477500583,4851.004151735455,0.002243900429794136
50000000000,3535280.846845892,3543675.979507899,8395.13266200712,0.0023746720630405055
50000000000,1838176.0342837987,1840669.5324607664,2493.498176967725,0.001356506738452423
50000000000,3534083.967712766,3552701.783108358,18617.81539559178,0.005268073867424576
50000000000,1535965.4249882933,1543780.3351527129,7814.910164419562,0.005087946666819746
50000000000,3534755.663386058,3547536.0542428237,12780.390856765676,0.003615636291115783
50000000000,1578485.6528281306,1585619.7470569438,7134.094228813192,0.004519581293647633
50000000000,3536895.1221093223,3532825.489429627,4069.6326796952635,0.001150622944473465
50000000000,1913733.0102629177,1914685.1106711866,952.1004082688596,0.0004975095288438671
50000000000,3539285.2466766685,3521873.577013399,17411.66966326954,0.004919544046250246
50000000000,2205446.8291837713,2199445.433600454,6001.395583317149,0.0027211699252519483
50000000000,3541132.624997942,3531939.682059365,9192.942938576918,0.002596045929960689
50000000000,2635410.1376644634,2629424.040581765,5986.097082698252,0.0022714100538458173
50000000000,3541124.3742682342,3549465.5990475337,8341.22477929946,0.0023555300231506713
50000000000,2442423.2404671134,2442900.995021291,477.7545541776344,0.00019560678356723459
50000000000,3540936.040952162,3559614.2822113135,18678.241259151604,0.0052749445466202215
50000000000,2158510.779894012,2166951.588754511,8440.808860498946,0.0039104779735746375
50000000000,3541053.661191843,3553825.959037359,12772.297845515888,0.003606920162067526
50000000000,2038988.2869563568,2050301.594958039,11313.308001682162,0.005548490922706471
50000000000,3541196.028719907,3536993.106077701,4202.9226422063075,0.0011868652873547939
50000000000,2212288.649205466,2219348.5576141514,7059.908408685587,0.003191223898934311
50000000000,3540603.1171697797,3523120.420699078,17482.6964707016,0.004937773563470336
50000000000,2496429.5903272163,2495187.1409862232,1242.4493409930728,0.0004976905200159161
50000000000,3538838.5791341127,3523169.3807281526,15669.198405960109,0.004427779921454928
50000000000,2648151.1932298723,2641706.3308249037,6444.8624049685895,0.002433721466298901
50000000000,3536386.633175314,3536012.811010038,373.8221652759239,0.00010570737989139773
50000000000,2561086.618000426,2557703.5816126335,3383.036387792323,0.001320937903472252
50000000000,3534467.8806364215,3549717.514924178,15249.634287756402,0.004314548838115493
50000000000,2294220.1806149427,2299030.7657102183,4810.585095275659,0.002096827992327323
50000000000,3534185.3415640085,3551911.487502777,17726.145938768517,0.005015624316670398
50000000000,2059849.828862114,2070582.238348581,10732.409486466786,0.005210287340410392
50000000000,3535706.959552268,3540621.0873730155,4914.127820747439,0.0013898572129885229
50000000000,2091771.3988884964,2101758.2370234225,9986.838134926045,0.004774344911797124
50000000000,3538143.272209177,3526020.7063108897,12122.56589828711,0.0034262507099431043
50000000000,2355235.704817706,2358319.090641804,3083.3858240982518,0.0013091623134750773
50000000000,3540214.912601149,3521485.5537342387,18729.35886691045,0.005290458158414224
50000000000,2598007.059326443,2593353.408247146,4653.651079297066,0.0017912388123008285
50000000000,3540819.7602713546,3525048.5265958407,15771.233675513882,0.0044541193122762165
50000000000,1715017.959486713,1715033.6437850143,15.684298301348463,9.145267671740656e-06
50000000000,3541202.0021758634,3540710.2631357224,491.7390401409939,0.00013886218290819015
50000000000,1485609.2216089016,1487755.9196712647,2146.6980623630807,0.0014449951111896208
50000000000,3541004.5437172996,3556274.4429339073,15269.899216607679,0.004312307151285816
50000000000,932626.6495409786,936429.320981124,3802.67144014535,0.004077378061217695
50000000000,3540955.4417209914,3558731.105727348,17775.664006356616,0.005020019116003675
50000000000,293728.13875253976,295380.5126741933,1652.3739216535469,0.005625521370445342
50000000000,3541166.4452219917,3545999.0713126757,4832.626090683974,0.0013646989390189543
50000000000,730489.9772682118,733953.3625976566,3463.3853294447763,0.004741181175950804
50000000000,3541035.5433197455,3528782.511266137,12253.032053608447,0.0034602962618446764
50000000000,1351028.2568933375,1353993.7512140726,2965.4943207351025,0.0021949905974240668
50000000000,3539874.1983299437,3521163.346795541,18710.85153440293,0.005285739121246289
50000000000,1686493.2078662887,1686826.6199610753,333.41209478653036,0.00019769548625004867
50000000000,3537630.8314166497,3528575.4425736303,9055.388843019493,0.0025597325652527876
50000000000,1645940.1216707618,1646710.0711937752,769.949523013318,0.0004677870797825605
50000000000,3535280.5422309046,3543676.029947196,8395.487716291565,0.0023747726993665046
50000000000,1240225.6138582584,1243652.9305794549,3427.316721196519,0.002763462295004832
50000000000,3534084.0777166276,3552701.799919713,18617.7222030852,0.0052680473338127575
50000000000,586199.3180704142,589194.6819436712,2995.3638732569525,0.0051098044315656295
50000000000,3534756.371515913,3547536.0542428237,12779.682726910803,0.0036154352333567243
50000000000,393091.0986526374,395246.40344253404,2155.304789896647,0.005482965137812047
50000000000,3536896.5219046115,3532825.6239451338,4070.897959477734,0.0011509802263837687
50000000000,1064635.2919213404,1068423.6788485677,3788.386927227257,0.003558389390220551
50000000000,3539282.9610509914,3521873.4425139185,17409.51853707293,0.004918939437355178
50000000000,1561343.5648313642,1562904.5471668777,1560.9823355134577,0.000999768642004205
60000000000,3540838.20576521,3525273.729665998,15564.476099212188,0.004395703840370349
60000000000,2247190.99869243,2240037.8731639935,7153.12552843662,0.00318314087792217
60000000000,3541199.2728296686,3541084.1842165478,115.088613120839,3.249989742285106e-05
60000000000,2013147.9943654712,2011922.1311679727,1225.8631974984892,0.0006089285044763298
60000000000,3541000.1613429165,3556487.8876506584,15487.726307741832,0.004373828184709301
60000000000,1659384.4156901415,1665231.1314380493,5846.715747907758,0.0035234245257607147
60000000000,3540959.36511301,3558604.7934035677,17645.428290557582,0.004983233771165975
60000000000,1508962.7592284211,1517298.8735448678,8336.114316446707,0.00552440029779742
60000000000,3541170.348144871,3545637.976192282,4467.628047410864,0.0012616247195651972
60000000000,1742176.8671403332,1746541.2446187816,4364.377478448441,0.0025051288194477494
60000000000,3541023.716377361,3528489.7456444167,12533.970732944552,0.0035396460845417356
60000000000,2091015.934216069,2087940.8719392181,3075.06227685092,0.0014706068119962818
60000000000,3539837.1047788565,3521168.813492176,18668.29128668038,0.005273771287802421
60000000000,2265063.997537252,2257412.944415314,7651.0531219379045,0.003377852957027574
60000000000,3537579.2749970015,3528852.778316678,8726.4966803235,0.0024667989045505977
60000000000,2156934.1480451412,2152210.613653994,4723.5343911470845,0.0021899298109903298
60000000000,3535240.6484794174,3543967.917844624,8727.26936520636,0.002468649303678986
60000000000,1830586.1543865192,1833229.2347284341,2643.0803419149015,0.0014438437303709816
60000000000,3534078.8464481137,3552745.16118568,18666.31473756628,0.005281804834752527
60000000000,1532567.4187186472,1540434.9610877412,7867.542369093979,0.005133570160112038
60000000000,3534788.1737032924,3547292.0775858276,12503.903882535174,0.003537384213163531
60000000000,1583528.114313563,1590579.6983202132,7051.5840066501405,0.004453084187713902
60000000000,3536945.5710917213,3532513.9851580043,4431.585933716968,0.00125294151256874
60000000000,1921193.6261863923,1921988.1631918263,794.5370054340456,0.00041356425224625454
60000000000,3539329.231905368,3521778.5502793347,17550.681626033504,0.004958759266536287
60000000000,2209211.8916473077,2203109.2023173277,6102.689329979941,0.002762382980579308
60000000000,3541139.4640806564,3532274.7590041696,8864.705076486804,0.002503348192412478
60000000000,2633566.6230038092,2627643.9926621867,5922.630341622513,0.0022489008973189534
60000000000,3541120.4395144703,3549796.0325804516,8675.593065981288,0.002449957072674663
60000000000,2436756.4971204293,2437408.238267954,651.7411475246772,0.0002674625668567436
60000000000,3540932.8348527383,3559663.669586359,18730.83473362075,0.0052898023225000645
60000000000,2153497.804449187,2162061.35739451,8563.552945322823,0.0039765784425831695
60000000000,3541058.6701205615,3553551.156674838,12492.486554276664,0.0035278959537406746
60000000000,2039754.4109832193,2051049.5573414634,11295.146358244121,0.0055375030922470425
60000000000,3541193.23068363,3536626.9933322677,4566.237351362128,0.0012894629165662932
60000000000,2217971.887086207,2224881.9811880314,6910.094101824332,0.0031155012117409014
60000000000,3540578.9926859024,3522961.67076775,17617.321918152273,0.004975830776419898
60000000000,2501521.8669776367,2500114.534815785,1407.332161851693,0.0005625903896463018
60000000000,3538791.9642110523,3523331.8011601935,15460.16305085877,0.004368768553566414
60000000000,2648845.6767478925,2642375.8615645263,6469.815183366183,0.002442503630981427
60000000000,3536336.5721510313,3536336.0821344764,0.4900165549479425,1.3856615312209448e-07
60000000000,2556927.664658005,2553686.488647089,3241.1760109160095,0.0012676056721180357
60000000000,3534444.4111327413,3549908.138197847,15463.727065105923,0.004375150735543754
60000000000,2288141.3447627365,2293119.030394609,4977.68563187262,0.0021754275116202537
60000000000,3534200.4648814755,3551797.933012078,17597.4681306025,0.00497919354192396
60000000000,2057315.166809691,2068105.8523647126,10790.685555021511,0.005245032812233036
60000000000,3535752.1468596235,3540305.3866508203,4553.239791196771,0.0012877712017345044
60000000000,2095582.2273135171,2105478.6855123746,9896.458198857494,0.004722533943010435
60000000000,3538191.9918407304,3525788.537707863,12403.454132867511,0.0035055910367415262
60000000000,2361309.6717491862,2364214.9722136823,2905.3004644960165,0.0012303767266340201
60000000000,3540248.4078406002,3521555.519870194,18692.887970406096,0.0052801063137284075
60000000000,2601208.916275583,2596444.655731955,4764.26054362813,0.0018315562867013424
60000000000,3540837.9445164707,3525273.7296659974,15564.214850473218,0.004395630383078329
60000000000,2247191.3706192956,2240037.873163993,7153.497455302626,0.003183305858517612
60000000000,3541201.5975374184,3541084.184216548,117.4133208701387,3.315635036191922e-05
60000000000,2013148.2063368512,2011922.1311679727,1226.0751688785385,0.0006090337338399539
60000000000,3540999.7631456032,3556487.887650659,15488.124505055603,0.00437394112991889
60000000000,1659383.25658428,1665231.1314380493,5847.874853769317,0.0035241255029936506
60000000000,3540959.41955515,3558604.6591978297,17645.23964267969,0.004983180418626898
60000000000,1508962.4544206795,1517298.5836867436,8336.129266064148,0.005524411320932802
60000000000,3541170.4274472143,3545638.1104726777,4467.683025463484,0.0012616402167020754
60000000000,1742176.8840521493,1746541.1470341557,4364.262982006418,0.0025050630747984258
60000000000,3541023.7954267017,3528489.7456444167,12534.049782285001,0.003539668329389077
60000000000,2091016.0606842027,2087940.8719392186,3075.1887449841015,0.001470667204716671
60000000000,3539836.689582175,3521168.6790073547,18668.01057482045,0.005273692605582867
60000000000,2265063.6869123154,2257413.4931671945,7650.193745120894,0.003377474015112338
60000000000,3537578.447229289,3528852.9128328157,8725.534396473318,0.0024665274640926628
60000000000,2156933.342903661,2152210.1496686456,4723.193235015497,0.0021897724612375546
60000000000,3535242.08948075,3543967.8505924437,8725.761111693922,0.0024682216637038137
60000000000,1830588.0050831772,1833229.418844647,2641.4137614697684,0.0014429318634969145
60000000000,3534078.661288562,3552745.1611856804,18666.499897118192,0.005281857504074963
60000000000,1532566.9549424667,1540435.018345636,7868.063403169392,0.005133911688357369
60000000000,3534786.9136011954,3547292.144835598,12505.231234402396,0.0035377609853325578
60000000000,1583527.4285953387,1590579.7280921403,7052.29949680157,0.004453537949170405
60000000000,3536948.756831694,3532513.850642346,4434.906189348083,0.0012538791184865104
60000000000,1921192.4481305345,1921988.163191826,795.7150612915866,0.0004141776957669584
60000000000,3539325.2577995667,3521778.6847778894,17546.573021677323,0.004957603990480999
60000000000,2209211.387608158,2203108.6967895874,6102.690818570554,0.0027623842846373073
60000000000,3541139.167246992,3532274.75900417,8864.408242821693,0.0025032645779107295
60000000000,2633556.060025295,2627635.0833812947,5920.9766440000385,0.002248281984148524
60000000000,3541121.2594823693,3549796.0325804516,8674.773098082282,0.0024497249493654265
60000000000,2436749.1401940044,2437401.295697944,652.1555039393716,0.0002676334191247317
60000000000,3540933.5602130187,3559663.4011866646,18729.840973645914,0.005289520589739376
60000000000,2153494.139552719,2162058.094350901,8563.954798182007,0.003976771815111947
60000000000,3541058.902393719,3553551.425143094,12492.52274937462,0.003527905943877354
60000000000,2039752.4176206486,2051047.5361934584,11295.118572809733,0.00553749488184717
60000000000,3541193.37082813,3536626.9933322677,4566.377495862078,0.0012895024410356339
60000000000,2217967.6873442046,2224877.9024636415,6910.215119436849,0.003115561673358345
60000000000,3540578.748400103,3522961.5363214416,17617.212078661192,0.004975800096699434
60000000000,2501514.0489373757,2500107.09156143,1406.9573759455234,0.0005624423242968346
60000000000,3538791.0926922224,3523331.935668193,15459.157024029642,0.004368485344035584
60000000000,2648835.9129618383,2642365.4882977307,6470.424664107617,0.0024427427280207057
60000000000,3536338.3103460986,3536335.9476213423,2.3627247563563287,6.681274666068617e-07
60000000000,2556919.094162488,2553677.8321262,3241.2620362876914,0.0012676435651357042
60000000000,3534443.5706942305,3549908.27269331,15464.701999079436,0.004375427613926195
60000000000,2288136.7704052217,2293113.700715404,4976.930310182273,0.002175101757269901
60000000000,3534200.0745731057,3551797.9330120785,17597.85843897285,0.00497930452935619
60000000000,2057312.9571548617,2068103.6585731478,10790.70141828619,0.005245046156326683
60000000000,3535750.7222876213,3540305.3866508203,4554.664363198914,0.0012881746256851664
60000000000,2095580.264107664,2105476.030254771,9895.766147106886,0.0047222081237344934
60000000000,3538195.470008814,3525788.537707863,12406.932300950866,0.0035065706250875846
60000000000,2361301.9477370027,2364208.915108408,2906.9673714051023,0.0012310866783432962
60000000000,3540245.5110835466,3521555.519870194,18689.99121335242,0.0052792923978970206
60000000000,2601202.4835472726,2596435.7846307345,4766.698916538153,0.0018324982183000925
60000000000,3540837.2601410085,3525273.796877137,15563.463263871614,0.004395418970272534
60000000000,2247200.2597544175,2240045.8931962363,7154.366558181122,0.003183680015666685
60000000000,3541201.0726091666,3541084.1170624425,116.95554672414437,3.302708440613094e-05
60000000000,2013156.128821557,2011927.4541052296,1228.6747163273394,0.0006103226166797952
60000000000,3541000.539129716,3556487.887650658,15487.348520942032,0.004373721028788211
60000000000,1659381.7519096439,1665231.3630124044,5849.611102760537,0.003525175021376912
60000000000,3540959.252889895,3558604.6591978297,17645.406307934783,0.004983227721000681
60000000000,1508959.6592725627,1517296.4773904388,8336.818117876071,0.005524878061945721
60000000000,3541170.0319833425,3545638.110472678,4468.0784893357195,0.0012617520336444374
60000000000,1742178.2604895534,1746542.7084021235,4364.447912570089,0.0025051672446788974
60000000000,3541023.7972049923,3528489.8800394903,12533.917165501975,0.0035396308760746735
60000000000,2091022.8618559656,2087946.5956648195,3076.2661911461037,0.0014711776935885093
60000000000,3539836.6211267966,3521168.6790073547,18667.942119441926,0.005273673368998474
60000000000,2265072.508297403,2257421.7244692217,7650.783828181215,0.003377721375432751
60000000000,3537578.916154994,3528852.778316678,8726.13783831615,0.0024666977176019066
60000000000,2156940.687528722,2152217.5734572415,4723.114071480464,0.002189728303049395
60000000000,3535241.937687252,3543967.9850968155,8726.047409563325,0.0024683027536361165
60000000000,1830589.598260481,1833231.996486667,2642.3982261861674,0.0014434683932964048
60000000000,3534077.5917569795,3552745.1023459765,18667.510588997044,0.005282145087175752
60000000000,1532565.065777908,1540433.1860950326,7868.120317124529,0.0051339551532389805
60000000000,3534788.02247736,3547292.136429376,12504.113952015992,0.0035374437936599294
60000000000,1583526.6161198309,1590578.8163322958,7052.200212464901,0.0044534775359476725
60000000000,3536946.855713421,3532513.850642346,4433.0050710751675,0.0012533422898097254
60000000000,1921196.9825610633,1921992.2835006567,795.3009395934641,0.0004139611642181966
60000000000,3539327.3924953938,3521778.6175285876,17548.774966806173,0.004958223136976728
60000000000,2209219.7979279463,2203116.5324915377,6103.265436408576,0.0027626338683606317
60000000000,3541140.0492361,3532274.75900417,8865.290231930092,0.0025035130236779326
60000000000,2633555.993033293,2627634.2879109117,5921.705122381449,0.002248558655311107
60000000000,3541117.403277204,3549796.0325804516,8678.629303247668,0.00245081659682219
60000000000,2436748.8834054316,2437400.936600038,652.053194606211,0.00026759146133061793
60000000000,3540935.0376160177,3559663.4638191955,18728.426203177776,0.005289118835624542
60000000000,2153492.6829530653,2162057.7447394733,8565.06178640807,0.0039772885481379385
60000000000,3541058.8941164636,3553551.228260431,12492.334143967368,0.0035278526896922323
60000000000,2039750.2152400685,2051047.4688274134,11297.253587344894,0.005538547564764082
60000000000,3541193.5993700186,3536627.262006241,4566.337363777682,0.0012894910248877772
60000000000,2217967.4090853715,2224877.31978955,6909.91070417827,0.0031154248145727832
60000000000,3540579.156054451,3522961.5363214416,17617.619733009487,0.004975914661555597
60000000000,2501513.6739867,2500107.09156143,1406.582425269764,0.0005622925190842841
60000000000,3538790.8696148163,3523331.801160194,15459.068454622291,0.004368460591259791
60000000000,2648835.8080726475,2642365.4882977293,6470.319774918258,0.002442703226526603
60000000000,3536337.501821177,3536336.0821344764,1.419686700683087,4.0145678967348653e-07
60000000000,2556918.3394120648,2553677.2550256914,3241.0843863734044,0.0012675744611846526
60000000000,3534444.4058161434,3549908.138197847,15463.732381703798,0.0043751522463494645
60000000000,2288136.106514133,2293113.7007154054,4977.5942012723535,0.0021753925332944823
60000000000,3534199.2518019443,3551797.9666351657,17598.7148332214,0.004979548004897723
60000000000,2057313.8749949457,2068103.5123203907,10789.637325444957,0.005244526591972489
60000000000,3535752.347344714,3540305.353023557,4553.0056788427755,0.001287704915832694
60000000000,2095579.527451442,2105475.904899343,9896.377447900828,0.004722501493387081
60000000000,3538193.7570236106,3525788.537707863,12405.21931574773,0.003506088181610273
60000000000,2361301.890713819,2364208.5495939907,2906.6588801718317,0.0012309560635184822
60000000000,3540247.307962404,3521555.519870194,18691.788092209958,0.0052797972757920265
60000000000,2601201.4580958267,2596435.0198817616,4766.438214065041,0.0018323987168430416
60000000000,3540837.9400483146,3525273.729665998,15564.210382316727,0.00439562912673274
60000000000,2247191.7898339536,2240037.939997412,7153.849836541805,0.0031834620742675498
60000000000,3541200.5873138616,3541084.2177936104,116.36952025117353,3.286160085595274e-05
60000000000,2013149.087592692,2011922.2170214627,1226.870571229374,0.0006094285707853144
60000000000,3541001.537447951,3556487.820541887,15486.283093936276,0.004373418912745645
60000000000,1659381.3643390664,1665231.13915689,5849.774817823665,0.003525274505028347
60000000000,3540957.307759425,3558604.6591978297,17647.351438404527,0.004983779781736781
60000000000,1508961.4251218452,1517298.7962557746,8337.371133929351,0.005525238084370598
60000000000,3541170.4737619506,3545638.1104726787,4467.636710728053,0.0012616271212670183
60000000000,1742176.8161500392,1746541.1990749626,4364.38292492344,0.0025051320190152115
60000000000,3541023.897123401,3528489.880039491,12534.017083909828,0.003539658993573019
60000000000,2091016.6476432432,2087940.871939219,3075.7757040241268,0.0014709474969942455
60000000000,3539836.995815715,3521168.6790073547,18668.316808360163,0.005273778659985518
60000000000,2265064.2026176793,2257414.041919275,7650.16069840407,0.0033774586563872964
60000000000,3537578.7023803177,3528852.778316678,8725.924063639715,0.0024666374370041107
60000000000,2156934.0334592843,2152211.0776395327,4722.955819751602,0.0021896616894569276
60000000000,3535241.3040423775,3543967.985096816,8726.681054438464,0.0024684824327153923
60000000000,1830586.9557661007,1833229.418844646,2642.4630785454065,0.0014435059040609933
60000000000,3534078.5351743256,3552745.0939403046,18666.558765979018,0.005281874350044191
60000000000,1532567.6195264803,1540434.9038298505,7867.284303370165,0.0051334010996532285
60000000000,3534788.8920668564,3547292.1280231546,12503.235956298187,0.0035371945363863906
60000000000,1583528.1654318427,1590579.705763194,7051.540331351338,0.004453056462957398
60000000000,3536946.3248398495,3532513.901085704,4432.423754145391,0.001253178122330168
60000000000,1921192.3126504426,1921988.269106533,795.9564560903236,0.0004143033734047355
60000000000,3539327.4803253626,3521778.6175285876,17548.862796775065,0.004958247829376285
60000000000,2209211.871080121,2203109.1707218383,6102.700358282775,0.002762387998258882
60000000000,3541139.7142931498,3532274.7422083383,8864.972084811423,0.0025034234173335825
60000000000,2633565.3974230275,2627644.6290402785,5920.768382749055,0.0022481949332044653
60000000000,3541118.662177374,3549796.032580451,8677.370403076988,0.002450460216360391
60000000000,2436756.0798938433,2437408.5824044873,652.5025106440298,0.000267775062111451
60000000000,3540935.148672262,3559663.5980190434,18728.449346781243,0.005289125205753574
60000000000,2153497.0081401104,2162061.473931903,8564.465791792609,0.003977003803311246
60000000000,3541058.3616157267,3553551.1566748386,12492.7950591119,0.003527983383310193
60000000000,2039753.1799107306,2051049.616297173,11296.43638644251,0.005538138877634644
60000000000,3541193.694354913,3536627.064972676,4566.629382237326,0.0012895734535834852
60000000000,2217971.6865518424,2224881.981188032,6910.294636189472,0.003115591906825702
60000000000,3540578.922123065,3522961.5363214416,17617.385801623575,0.004975848918814532
60000000000,2501521.912345737,2500114.8183452357,1407.0940005015582,0.0005624951728614251
60000000000,3538791.353394069,3523331.801160194,15459.552233874798,0.004368596701539773
60000000000,2648846.057106625,2642376.207311957,6469.84979466768,0.002442516346810579
60000000000,3536337.1145287463,3536336.0821344755,1.0323942708782852,2.919388727496537e-07
60000000000,2556927.841921495,2553685.642205112,3242.19971638266,0.0012680059496501838
60000000000,3534444.2691564504,3549908.27269331,15464.003536859527,0.004375229133419113
60000000000,2288141.3537533307,2293118.675082183,4977.321328852326,0.0021752682895607935
60000000000,3534199.912795429,3551797.9498236226,17598.037028193474,0.004979355289009116
60000000000,2057315.5861272155,2068105.9986174975,10790.412490281975,0.005244899014542702
60000000000,3535751.467824003,3540305.3666846324,4553.898860629182,0.0012879578505645857
60000000000,2095582.1430125814,2105478.7994720023,9896.65645942092,0.00472262874181282
60000000000,3538193.8041109308,3525788.5156392017,12405.288471729029,0.0035061076805107914
60000000000,2361308.3298317674,2364215.2757221097,2906.945890342351,0.0012310742538859624
60000000000,3540247.2800732786,3521555.5618913374,18691.718181941193,0.00527977757010078
60000000000,2601210.5659168256,2596444.6939695133,4765.871947312262,0.0018321746073764996
60000000000,3540837.0367640103,3525273.750669474,15563.28609453654,0.004395369211557928
60000000000,2247191.24951446,2240037.9399974113,7153.309517048765,0.0031832223975571043
60000000000,3541201.0416252348,3541084.213596477,116.8280287575908,3.299107488796303e-05
60000000000,2013149.4997361565,2011922.1848264032,1227.3149097533897,0.0006096491641153533
60000000000,3541001.4563686573,3556487.8205418875,15486.36417323025,0.0043734419101628145
60000000000,1659382.464425683,1665231.1372271779,5848.672801494831,0.0035246080556353677
60000000000,3540957.806926393,3558604.7218331066,17646.914906713646,0.004983655798494658
60000000000,1508960.9978767778,1517298.6513267127,8337.653449934907,0.005525426741755828
60000000000,3541170.220005669,3545638.1104726787,4467.890467009507,0.001261698870550864
60000000000,1742177.460369171,1746541.1470341557,4363.6866649845615,0.002504731443408691
60000000000,3541023.790969384,3528489.6112495083,12534.179719875567,0.003539705028766337
60000000000,2091017.5368979452,2087940.8719392188,3076.664958726382,0.0014713721451091505
60000000000,3539836.927396003,3521168.947977199,18667.979418803938,0.005273683449744842
60000000000,2265063.7215495035,2257412.944415314,7650.777134189382,0.0033777315231359475
60000000000,3537578.9369597286,3528852.850052655,8726.08690707339,0.0024666833058919037
60000000000,2156933.81357284,2152211.0776395327,4722.735933307093,0.0021895599686872847
60000000000,3535241.083368436,3543967.7160881157,8726.632719679736,0.0024684689145343538
60000000000,1830587.357255947,1833229.5170318813,2642.159775934182,0.0014433399015137869
60000000000,3534078.5067125172,3552745.2284310535,18666.721718536224,0.005281920501505906
60000000000,1532567.445848367,1540435.0183456368,7867.572497269837,0.0051335897278665405
60000000000,3534788.5561362016,3547292.1112107113,12503.555074509699,0.003537285151838631
60000000000,1583528.2359458124,1590579.6983202135,7051.462374401046,0.0044530070347557375
60000000000,3536946.083670283,3532513.9179001604,4432.165770122781,0.0012531052680123216
60000000000,1921192.67781857,1921988.2296481098,795.5518295397051,0.0004140926824908677
60000000000,3539327.930344317,3521778.6007162696,17549.329628047533,0.004958379097226032
60000000000,2209212.145142299,2203109.2023173277,6102.9428249713965,0.002762497408132932
60000000000,3541139.820880721,3532274.775800005,8865.04508071579,0.0025034439556557682
60000000000,2633555.3737954795,2627634.447004973,5920.926790506579,0.002248263639876818
60000000000,3541118.479994271,3549796.032580451,8677.552586180158,0.0024505117903296466
60000000000,2436749.012215983,2437400.996449685,651.9842337020673,0.00026756314681303673
60000000000,3540934.7930794214,3559663.447044214,18728.65396479238,0.00528918352334434
60000000000,2153492.3185215374,2162057.773873756,8565.455352218822,0.003977471978214143
60000000000,3541058.6969526326,3553551.4251430947,12492.728190462105,0.0035279641654099403
60000000000,2039750.7752246044,2051047.4056665108,11296.630441906396,0.0055382405434617294
60000000000,3541193.7733688764,3536626.9933322673,4566.780036609154,0.0012896159681949845
60000000000,2217966.835604711,2224877.319789552,6910.48418484116,0.0031156841815252263
60000000000,3540578.313691767,3522961.5363214416,17616.77737032529,0.004975677928715619
60000000000,2501513.449769097,2500107.09156143,1406.3582076667808,0.0005622029367048157
60000000000,3538792.04066747,3523331.8011601935,15460.239507276565,0.0043687900644086815
60000000000,2648835.538671026,2642365.4882977293,6470.050373296719,0.0024426017692826913
60000000000,3536337.028008563,3536336.0821344764,0.9458740865811706,2.674728339209868e-07
60000000000,2556919.3806546777,2553677.2550256904,3242.125628987327,0.0012679811704337774
60000000000,3534444.1560652964,3549908.2099228157,15464.053857519291,0.004375243510632964
60000000000,2288135.8350509237,2293113.700715404,4977.865664480254,0.0021755114308453934
60000000000,3534199.4941090844,3551797.933012078,17598.438902993686,0.004979469589174952
60000000000,2057314.2818961053,2068103.5903153971,10789.308419291861,0.0052443656830827
60000000000,3535751.7914025504,3540305.3866508203,4553.5952482698485,0.001287871863444222
60000000000,2095579.1214712209,2105475.859315553,9896.737844332354,0.0047226743876815575
60000000000,3538193.4052790254,3525788.504079428,12404.9011995974,0.003505998620959822
60000000000,2361301.6016435656,2364208.4973776503,2906.89573408477,0.0012310565207178312
60000000000,3540247.1980235423,3521555.553487107,18691.64453643514,0.005279756890103707
60000000000,2601201.0553976665,2596435.0198817616,4766.035515904892,0.0018322441881280377
60000000000,3540836.8357142997,3525273.763271562,15563.072442737874,0.004395309121776662
60000000000,2247199.126910225,2240045.8931962373,7153.233713987749,0.0031831775067584027
60000000000,3541201.1561807604,3541084.21779361,116.93838715041056,3.302223793367627e-05
60000000000,2013154.529527402,2011927.3682510655,1227.1612763365265,0.0006095713261637241
60000000000,3541001.4088962777,3556487.887650658,15486.478754380252,0.004373474327198122
60000000000,1659382.6311833896,1665231.3668721372,5848.735688747605,0.003524645599415836
60000000000,3540958.603222491,3558604.7889359742,17646.18571348302,0.004983448746738779
60000000000,1508958.3938544744,1517296.4049258851,8338.011071410729,0.0055256732759292075
60000000000,3541170.24296896,3545637.8419119553,4467.598942995071,0.001261616538167163
60000000000,1742178.800992955,1746542.7084021235,4363.907409168547,0.0025048562218076224
60000000000,3541022.9721357888,3528489.880039491,12533.092096297536,0.003539398697754883
60000000000,2091021.310321137,2087946.5956648192,3074.7146563178394,0.0014704367866273096
60000000000,3539836.661589248,3521168.6790073547,18667.982581893448,0.005273684739315699
60000000000,2265071.9425853095,2257421.724469223,7650.218116086442,0.003377472464452776
60000000000,3537579.3899058825,3528852.778316678,8726.61158920452,0.0024668313067701055
60000000000,2156941.4243231956,2152217.5734572425,4723.850865953136,0.002190069147304445
60000000000,3535240.868585336,3543967.9850968164,8727.116511480417,0.002468605912833505
60000000000,1830589.616363383,1833231.9964866673,2642.3801232844125,0.0014434584899119653
60000000000,3534079.2348446734,3552745.165662761,18665.93081808742,0.005281695620757017
60000000000,1532566.2706694365,1540433.2471649232,7866.976495486684,0.005133204772965759
60000000000,3534787.4571614387,3547292.1448355983,12504.68767415965,0.0035376066667955654
60000000000,1583526.0364845106,1590578.805167959,7052.768683448434,0.004453838156716295
60000000000,3536947.043435666,3532513.850642346,4433.192793319933,0.0012533952979442084
60000000000,1921196.713913427,1921992.2835006574,795.5695872304495,0.00041410105559148877
60000000000,3539327.697024582,3521778.6175285876,17549.079495994374,0.004958308751898677
60000000000,2209219.2681962475,2203116.5324915373,6102.735704710241,0.002762394748481855
60000000000,3541139.5305573745,3532274.75900417,8864.771553204395,0.0025033669181087257
60000000000,2633555.757445486,2627634.4470049734,5921.310440512374,0.0022484089899262156
60000000000,3541119.1681031017,3549796.066144395,8676.89804129349,0.0024503264728991062
60000000000,2436748.7747019497,2437400.8169007483,652.0421987986192,0.0002675869607766084
60000000000,3540934.0688358587,3559663.4302692316,18729.361433372833,0.005289384402328175
60000000000,2153493.096964089,2162057.80300804,8564.706043950748,0.003977122590281314
60000000000,3541060.1677349224,3553551.425143094,12491.257408171427,0.003527547349233999
60000000000,2039750.9190004058,2051047.4214567365,11296.502456330694,0.005538177407399637
60000000000,3541191.6781234816,3536626.9933322677,4564.684791213833,0.0012890250531800392
60000000000,2217967.220236394,2224877.611126571,6910.390890176874,0.003115641578075421
60000000000,3540578.7682117824,3522961.536321442,17617.231890340336,0.004975805664461508
60000000000,2501512.9673098964,2500106.559901183,1406.407408713363,0.0005622227136506913
60000000000,3538792.40711399,3523331.801160194,15460.605953795835,0.004368893163304966
60000000000,2648834.405472339,2642365.4882977293,6468.917174609844,0.0024421750039358573
60000000000,3536336.4798876694,3536336.0821344755,0.39775319397449493,1.1247605996676239e-07
60000000000,2556919.0127113676,2553677.2550256904,3241.7576856771484,0.0012678374518556123
60000000000,3534444.689160789,3549908.2099228157,15463.520762026776,0.004375092022078976
60000000000,2288135.475095368,2293113.7007154035,4978.225620035548,0.0021756690870010915
60000000000,3534199.023786914,3551797.933012078,17598.90922516398,0.004979603329273361
60000000000,2057313.535561197,2068103.590315397,10790.054754199926,0.005244730357182334
60000000000,3535751.1361274933,3540305.3866508203,4554.2505233269185,0.001288057430511054
60000000000,2095579.4483169357,2105475.859315553,9896.410998617532,0.004722517681954665
60000000000,3538194.3323605293,3525788.537707863,12405.794652666431,0.0035062502189894765
60000000000,2361301.8162958296,2364208.7062430186,2906.889947189018,0.0012310539580870064
60000000000,3540247.149004399,3521555.519870194,18691.629134204704,0.005279752612599726
60000000000,2601200.8986653103,2596434.866931989,4766.031733321492,0.0018322428443596829
60000000000,3540837.139799356,3525273.796877137,15563.342922219075,0.0043953851328787695
60000000000,2247191.3806112125,2240038.4078314262,7152.972779786214,0.0031830723637969282
60000000000,3541201.143045808,3541084.184216548,116.95882925996557,3.302801070468665e-05
60000000000,2013149.662195788,2011922.646289075,1227.0159067129716,0.0006095005899236709
60000000000,3541000.97649262,3556487.870873465,15486.89438084513,0.004373592236674551
60000000000,1659382.5354218169,1665231.1545946351,5848.61917281826,0.003524575586383121
60000000000,3540959.6570994486,3558604.6715059546,17645.014406505972,0.004983116475537526
60000000000,1508961.1984100705,1517298.452049248,8337.25363917742,0.005525161049841464
60000000000,3541169.2559133847,3545638.1104726787,4468.854559293948,0.0012619714665802616
60000000000,1742177.161366113,1746541.342203524,4364.180837410968,0.002505015525509951
60000000000,3541024.6549545205,3528489.7456444167,12534.90931010386,0.003539910204399538
60000000000,2091017.3246713548,2087941.2807755526,3076.043895802228,0.0014710752797257142
60000000000,3539835.8448554813,3521168.6790073547,18667.165848126635,0.005273455229641799
60000000000,2265063.831058403,2257414.041919275,7649.7891391278245,0.0033772951712152345
60000000000,3537579.420175746,3528852.778316678,8726.64185906807,0.002466839842322051
60000000000,2156933.7448290456,2152211.077639533,4722.667189512402,0.0021895281673970524
60000000000,3535241.5639423733,3543967.9850968155,8726.421154442243,0.0024684087343414393
60000000000,1830587.3971190061,1833229.418844647,2642.021725640865,0.0014432644569709707
60000000000,3534077.9146063775,3552745.165662761,18667.251056383364,0.005282071167483727
60000000000,1532566.9000239538,1540434.7893140803,7867.889290126506,0.005133798263556085
60000000000,3534787.8505395837,3547292.077585828,12504.227046244312,0.0035374759603565877
60000000000,1583527.3957552705,1590579.6387763955,7052.243021124974,0.004453502377053209
60000000000,3536947.603557964,3532513.9851580043,4433.618399959523,0.0012535154310738335
60000000000,1921192.8387658994,1921988.4290170218,795.5902511223685,0.00041411264661668485
60000000000,3539327.315767402,3521778.5502793347,17548.765488067176,0.004958220566345734
60000000000,2209212.307050832,2203109.7078452636,6102.599205568433,0.002762341666344889
60000000000,3541139.9667728846,3532274.75900417,8865.207768714521,0.002503489794783111
60000000000,2633565.2649957836,2627644.6290402785,5920.635955505073,0.00224814476185558
60000000000,3541119.213384628,3549796.032580451,8676.819195823278,0.002450304175873794
60000000000,2436756.3791481983,2437408.7170666223,652.3379184240475,0.00026770748360658084
60000000000,3540934.3477659915,3559663.463819196,18729.116053204518,0.005289314687526159
60000000000,2153496.4490240705,2162061.590469303,8565.141445232555,0.003977318583048575
60000000000,3541060.2388268765,3553551.290908955,12491.052082078531,0.003527489294058638
60000000000,2039752.7445837723,2051049.4583950464,11296.713811274152,0.005538276068641514
60000000000,3541192.8719801777,3536627.127669194,4565.744310983922,0.0012893238171551023
60000000000,2217973.183794793,2224881.9811880314,6908.797393238172,0.003114914753575927
60000000000,3540578.5419657407,3522961.5363214416,17617.00564429909,0.004975742081552037
60000000000,2501522.7593110786,2500115.0664775884,1407.692833490204,0.0005627343697955736
60000000000,3538789.723215185,3523331.801160194,15457.922054991126,0.004368138053974779
60000000000,2648846.337538671,2642375.861564525,6470.475974146277,0.0024427524852795703
60000000000,3536338.7540470306,3536336.0821344755,2.67191255511716,7.555589950367141e-07
60000000000,2556927.6883975854,2553686.48864709,3241.199750495609,0.001267614944764767
60000000000,3534444.098956745,3549908.138197847,15464.039241102058,0.0043752394459051
60000000000,2288140.9069648455,2293119.0303946077,4978.1234297621995,0.00217561926130045
60000000000,3534199.197698473,3551798.004735388,17598.807036914863,0.004979574170119072
60000000000,2057315.9261255306,2068105.8523647124,10789.926239181776,0.005244661795576558
60000000000,3535751.277961243,3540305.3866508203,4554.108689577319,0.0012880172646655376
60000000000,2095581.6672495133,2105478.776680076,9897.109430562705,0.004722845969325944
60000000000,3538194.8778601075,3525788.5377078634,12406.340152244084,0.0035064038529577578
60000000000,2361307.441241875,2364215.389945722,2907.94870384736,0.0012314994028553908
60000000000,3540246.4175507217,3521555.519870194,18690.89768052753,0.005279547092503977
60000000000,2601210.6398255215,2596444.6557319555,4765.9840935659595,0.0018322176684182877
60000000000,3540837.212586497,3525273.7296659974,15563.482920499519,0.004395424580711172
60000000000,2247190.3315309864,2240037.3384967577,7152.9930342286825,0.0031830828630147346
60000000000,3541200.97146552,3541084.1842165487,116.78724897140637,3.2979559734807756e-05
60000000000,2013148.5409462308,2011921.7877541268,1226.7531921039335,0.0006093704300266529
60000000000,3541001.1218526447,3556487.921205044,15486.799352399074,0.004373565220531873
60000000000,1659382.3318479925,1665231.1160004297,5848.784152437234,0.0035246754410863594
60000000000,3540957.641264723,3558604.688281672,17647.047016948927,0.004983693340834751
60000000000,1508962.1590573953,1517298.8324880397,8336.673430644441,0.005524773024031377
60000000000,3541170.166004192,3545638.110472678,4467.944468486123,0.001261714139404854
60000000000,1742175.89876323,1746541.1470341561,4365.248270926066,0.002505630042307986
60000000000,3541023.6206437848,3528489.7456444167,12533.874999368098,0.0035396191446724506
60000000000,2091016.0078885695,2087940.4631030709,3075.5447854986414,0.001470837513388629
60000000000,3539836.1117873406,3521168.6790073547,18667.432779985946,0.005273530239952366
60000000000,2265063.0936483177,2257412.944415313,7650.149233004544,0.0033774552481372665
60000000000,3537581.0321199666,3528852.912832816,8728.119287150446,0.0024672563562225867
60000000000,2156933.6835434567,2152210.149668646,4723.533874810673,0.0021899300432133596
60000000000,3535240.4619864263,3543967.850592443,8727.388606016524,0.002468683163100217
60000000000,1830585.4988871473,1833229.234728434,2643.7358412866015,0.0014442023291967438
60000000000,3534078.732546627,3552745.165662761,18666.43311613379,0.005281838501284016
60000000000,1532567.906488863,1540435.018345636,7867.11185677303,0.005133287617118843
60000000000,3534788.017956222,3547292.0775858276,12504.059629605617,0.003537428430244407
60000000000,1583527.0929978688,1590579.8174079922,7052.724410123425,0.004453807226481673
60000000000,3536946.443515552,3532513.9851580043,4432.4583575478755,0.0012531878636935843
60000000000,1921192.3859713317,1921987.897366794,795.511395462323,0.00041407169905065077
60000000000,3539327.4864729643,3521778.5502793347,17548.936193629634,0.004958268558278461
60000000000,2209211.7729911823,2203108.6967895874,6103.0762015949,0.0027625582464335615
60000000000,3541139.8344545783,3532274.75900417,8865.075450408272,0.002503452522307329
60000000000,2633555.6502741626,2627634.447004973,5921.203269189689,0.0022483683868891363
60000000000,3541118.972498109,3549796.032580451,8677.06008234201,0.0024503723680937817
60000000000,2436749.1730337357,2437401.0562993344,651.8832655986771,0.000267521693579601
60000000000,3540935.2686959743,3559663.530919121,18728.262223146856,0.0052890721806512836
60000000000,2153493.4052747875,2162057.861276607,8564.456001819577,0.0039770059108803005
60000000000,3541056.4543456915,3553551.2237918936,12494.769446202088,0.0035285428536074677
60000000000,2039751.9519003332,2051047.4688274136,11295.516927080462,0.005537691441627009
60000000000,3541193.8883507852,3536627.127669194,4566.760681591462,0.0012896104606456064
60000000000,2217964.3300323626,2224877.17412106,6912.84408869734,0.0031167516966318725
60000000000,3540578.4289709595,3522961.5363214416,17616.89264951786,0.004975710326133933
60000000000,2501512.968946981,2500106.559901184,1406.4090457968414,0.0005622233677200855
60000000000,3538791.785230059,3523331.8011601935,15459.984069865663,0.004368718197660391
60000000000,2648836.1033295034,2642365.48829773,6470.6150317732245,0.002442814420884654
60000000000,3536338.0094229495,3536336.082134476,1.9272884735837579,5.449955486292013e-07
60000000000,2556917.4058620497,2553677.255025691,3240.150836358778,0.001267209816371202
60000000000,3534445.0163810416,3549908.1381978467,15463.121816805098,0.00437497874351939
60000000000,2288136.264617266,2293113.345404004,4977.080786738079,0.0021751680018806
60000000000,3534198.8410730595,3551798.1392277363,17599.2981546768,0.004979713634146649
60000000000,2057314.53697844,2068103.5123203907,10788.975341950776,0.005244203133759241
60000000000,3535751.6653382117,3540305.252141794,4553.586803582497,0.001287869520991069
60000000000,2095579.455264134,2105476.041650719,9896.58638658491,0.004722601360556624
60000000000,3538194.5241764947,3525788.537707864,12405.986468630843,0.0035063042418557538
60000000000,2361301.162464266,2364208.288512302,2907.1260480359197,0.0012311542865637807
60000000000,3540246.4035569793,3521555.519870194,18690.88368678512,0.005279543160613311
60000000000,2601201.6454260857,2596435.4787311247,4766.166694961023,0.0018322942026973493
60000000000,3540837.1657983917,3525273.7296659974,15563.436132394243,0.004395411424937691
60000000000,2247199.470988842,2240045.3585260375,7154.112462804653,0.0031835680611194727
60000000000,3541201.1305069835,3541084.1842165487,116.94629043480381,3.302446998204277e-05
60000000000,2013154.6926674175,2011927.282396912,1227.410270505352,0.0006096949603405991
60000000000,3541001.5464534494,3556487.95475943,15486.40830598073,0.004373454262252838
60000000000,1659382.74509007,1665231.3630124044,5848.617922334466,0.0035245743874581558
60000000000,3540959.525939226,3558604.7218331066,17645.195893880446,0.004983167913843953
60000000000,1508957.9571188667,1517296.4592743004,8338.502155433642,0.005526000321012777
60000000000,3541168.345287113,3545638.043332472,4469.698045358993,0.0012622099853873499
60000000000,1742177.6925149465,1746542.7084021233,4365.015887176851,0.002505494075564512
60000000000,3541022.419112099,3528489.745644416,12532.673467682675,0.003539281027999028
60000000000,2091022.3895178086,2087947.2089232968,3075.180594511796,0.0014706588556523945
60000000000,3539839.7723412057,3521168.6790073547,18671.09333385108,0.005274558888156187
60000000000,2265074.457281175,2257421.45009177,7653.007189405151,0.0033787000532385343
60000000000,3537577.0003018905,3528852.9128328157,8724.087469074875,0.0024661194564331397
60000000000,2156939.6536798165,2152217.5734572415,4722.080222574994,0.0021892500397583934
60000000000,3535241.216116638,3543967.8505924433,8726.634475805331,0.00246846931859187
60000000000,1830590.4255971112,1833232.1806050285,2641.7550079172943,0.0014431163688926173
60000000000,3534079.060957669,3552745.165662762,18666.104705092963,0.0052817450835507904
60000000000,1532565.437065413,1540433.1860950326,7867.749029619619,0.005133711644107636
60000000000,3534788.9284263095,3547292.2120853732,12503.283659063745,0.003537207995225394
60000000000,1583526.9967980792,1590578.8647111084,7051.867913029157,0.00445326661767571
60000000000,3536945.804112577,3532513.7161268075,4432.08798576938,0.0012530833751017553
60000000000,1921196.5172668032,1921992.4164144965,795.8991476933006,0.0004142726371509299
60000000000,3539328.0338565637,3521778.6847778894,17549.349078674335,0.004958384447782313
60000000000,2209219.8437753995,2203116.785256899,6103.058518500533,0.0027625401499521388
60000000000,3541139.632335128,3532274.6246375763,8865.007697551511,0.002503433532132613
60000000000,2633556.4995507025,2627636.356134292,5920.143416410312,0.0022479652201957
60000000000,3541118.7348493943,3549796.032580451,8677.29773105681,0.002450439643737577
60000000000,2436749.9786791704,2437401.5350965774,651.5564174070023,0.0002673874722921617
60000000000,3540933.3599656452,3559663.51414414,18730.154178494588,0.005289609341497551
60000000000,2153493.691772359,2162058.327425228,8564.635652869008,0.003977088804852816
60000000000,3541060.435749738,3553551.3076882204,12490.871938482393,0.003527438225108332
60000000000,2039749.9795954006,2051047.7688416801,11297.789246279513,0.005538810814706081
60000000000,3541192.206759037,3536626.9933322677,4565.213426769245,0.0012891741425544961
60000000000,2217968.9617168196,2224877.9024636424,6908.94074682286,0.0031149853158788086
60000000000,3540580.934770815,3522961.67076775,17619.26400306495,0.004976376568611179
60000000000,2501514.793425479,2500107.357391592,1407.4360338868573,0.0005626335041415318
60000000000,3538790.297658622,3523331.7339062635,15458.563752358314,0.0043683186773136005
60000000000,2648837.1295896214,2642367.4332829257,6469.696306695696,0.0024424666335366688
60000000000,3536337.156418473,3536336.082134476,1.0742839970625937,3.037843818462733e-07
60000000000,2556919.1916114166,2553678.120676496,3241.0709349205717,0.0012675687779080693
60000000000,3534443.408992934,3549908.1381978467,15464.72920491267,0.004375435511448469
60000000000,2288136.6863092515,2293114.233682632,4977.547373380512,0.0021753715165544855
60000000000,3534200.6285573705,3551798.1392277363,17597.510670365766,0.004979205347928681
60000000000,2057313.1877094728,2068103.8048259069,10790.617116434034,0.005245004591861805
60000000000,3535751.737227884,3540305.252141795,4553.514913911,0.0012878491625888493
60000000000,2095580.4761529008,2105476.5035584834,9896.027405582601,0.0047223323170818435
60000000000,3538193.765363489,3525788.4031941877,12405.362169301137,0.0035061285480578247
60000000000,2361302.5434636706,2364209.123973817,2906.5805101464503,0.0012309225339176319
60000000000,3540247.3033883963,3521555.788805852,18691.5145825441,0.005279720025393231
60000000000,2601202.1717339056,2596436.0905303746,4766.081203531008,0.001832260965841821
60000000000,3540836.592143903,3525273.864088323,15562.728055580053,0.004395212162602834
60000000000,2247190.1627110075,2240036.8038297193,7153.358881288208,0.0031832459041465384
60000000000,3541201.045313899,3541084.0499083605,116.99540553847328,3.303834039394467e-05
60000000000,2013149.001593601,2011922.1311679734,1226.8704256275669,0.0006094285244939053
60000000000,3541001.5368051417,3556487.887650658,15486.350845516194,0.004373438046990714
60000000000,1659382.3634243782,1665231.100562895,5848.737138516735,0.003524647041834897
60000000000,3540957.356621401,3558604.7889359747,17647.432314573787,0.004983802553163774
60000000000,1508960.8041069398,1517298.8506041726,8338.046497232746,0.005525687926776547
60000000000,3541169.5859618587,3545638.043332472,4468.457370613236,0.0012618591858258902
60000000000,1742177.1146299562,1746541.147034156,4364.032404199708,0.002504930392870327
60000000000,3541025.537896587,3528489.6784469415,12535.859449645504,0.0035401776450027975
60000000000,2091016.5225069248,2087940.5653120913,3075.9571948335506,0.0014710343805154529
60000000000,3539837.020906449,3521168.8134921757,18668.207414273173,0.005273747718897179
60000000000,2265063.0793158156,2257412.532851534,7650.546464281622,0.0033776306426717903
60000000000,3537578.028216957,3528852.778316678,8725.249900279101,0.002466447335064686
60000000000,2156932.494376952,2152210.1496686456,4722.344708306249,0.002189379927567153
60000000000,3535241.371031247,3543967.917844624,8726.546813376714,0.002468444413692505
60000000000,1830586.5290805276,1833229.1426703818,2642.6135898542125,0.0014435884607877849
60000000000,3534077.977284559,3552745.093940305,18667.11665574601,0.005282033043902744
60000000000,1532567.5929208025,1540435.018345636,7867.425424833549,0.005133493270492317
60000000000,3534788.6441219375,3547292.2838125294,12503.639690591954,0.003537309001878932
60000000000,1583527.7845738728,1590579.849162134,7052.064588261303,0.004453388602940751
60000000000,3536946.618338664,3532513.716126808,4432.902211856097,0.001253313292564837
60000000000,1921192.5715203402,1921988.1631918265,795.5916714863852,0.0004141134435351225
60000000000,3539327.964944855,3521778.6847778894,17549.280166965444,0.00495836507404277
60000000000,2209211.3232277036,2203108.696789587,6102.626438116655,0.002762355223311363
60000000000,3541139.7832971183,3532274.6246375768,8865.158659541514,0.002503476056312936
60000000000,2633562.9112190036,2627642.71990636,5920.191312643699,0.0022479779341604586
60000000000,3541118.94015823,3549796.166836242,8677.226678012405,0.002450419436525528
60000000000,2436754.600214661,2437406.3230742365,651.7228595754132,0.00026745527002103574
60000000000,3540934.511810971,3559663.379944285,18728.868133313954,0.00528924442709766
60000000000,2153495.8907687753,2162060.891245024,8565.000476248562,0.003977254153566529
60000000000,3541059.5091218837,3553551.3076882204,12491.798566336744,0.003527700829132486
60000000000,2039752.5864750652,2051049.0320592562,11296.44558419101,0.005538144998120879
60000000000,3541192.865640295,3536627.026916488,4565.83872380713,0.001289350480768453
60000000000,2217971.548068418,2224880.83404578,6909.285977361724,0.0031151373350027265
60000000000,3540579.324366159,3522961.6035445714,17617.72082158737,0.004975942976434041
60000000000,2501520.176574972,2500112.873373316,1407.3032016558573,0.0005625791927781717
60000000000,3538791.068051388,3523331.834787176,15459.233264212031,0.004368506918585775
60000000000,2648843.1551631484,2642373.6734510176,6469.48171213083,0.002442380062979742
60000000000,3536337.3498665565,3536336.0148778977,1.3349886587820947,3.775060257846923e-07
60000000000,2556925.4477592674,2553684.1802390893,3241.2675201781094,0.0012676425599418854
60000000000,3534444.0054849107,3549908.1381978467,15464.132712936029,0.004375266007592166
60000000000,2288140.463258863,2293117.697973365,4977.234714502003,0.002175231282529405
60000000000,3534199.3729761527,3551798.1392277367,17598.76625158405,0.004979562382968822
60000000000,2057315.0017027655,2068105.267353591,10790.265650825575,0.005244829130150152
60000000000,3535751.7923830836,3540305.2521417947,4553.4597587110475,0.0012878335432143081
60000000000,2095580.8187299545,2105478.3269113945,9897.508181439945,0.0047230381634426385
60000000000,3538193.9369549737,3525788.4031941877,12405.533760786057,0.0035061768749348027
60000000000,2361306.196720366,2364213.301286352,2907.1045659859665,0.001231142564239938
60000000000,3540246.8716182685,3521555.7888058517,18691.082812416833,0.005279598708853042
60000000000,2601208.139382689,2596442.208529206,4765.9308534828015,0.0018321989622152415
60000000000,3540836.9524259637,3525273.8640883225,15563.08833764121,0.004395313465924586
60000000000,2247192.7574226777,2240038.942499055,7153.814923622645,0.003183445167306168
60000000000,3541200.948160401,3541084.0499083605,116.89825204061344,3.301090611684724e-05
60000000000,2013150.2970265285,2011923.504825129,1226.7922013995703,0.000609389275709604
60000000000,3541001.3234182876,3556487.887650659,15486.564232371282,0.00437349857226865
60000000000,1659382.6872875234,1665231.162313539,5848.475026015658,0.0035244883960888792
60000000000,3540958.0889611663,3558604.7805481167,17646.69158695033,0.004983592333940177
60000000000,1508961.154953912,1517298.2890040455,8337.134050133638,0.005525081956392892
60000000000,3541170.242474065,3545638.034939947,4467.79246588191,0.0012616711877597993
60000000000,1742177.433297311,1746541.5434724216,4364.110175110633,0.0025049745747486537
60000000000,3541024.163846829,3528489.7120456737,12534.451801155228,0.003539781492916528
60000000000,2091017.6512999933,2087942.17510568,3075.4761943132617,0.0014708035546238583
60000000000,3539836.78400197,3521168.796681562,18667.987320408225,0.0052736858955692
60000000000,2265065.74954722,2257414.7964537083,7650.953093511518,0.0033778061829070178
60000000000,3537578.9580996158,3528852.8119456996,8726.14615391614,0.0024667000390017632
60000000000,2156935.3109925315,2152212.0346103143,4723.276382217184,0.0021898090119558244
60000000000,3535241.116935252,3543967.884218531,8726.767283278983,0.002468506954582021
60000000000,1830587.5050217868,1833229.9251649699,2642.420143183088,0.001443482016529791
60000000000,3534079.0765130827,3552745.093940304,18666.017427221406,0.005281720364230878
60000000000,1532567.308783808,1540434.5602825903,7867.251498782309,0.0051333807355094145
60000000000,3534788.0121817198,3547292.2838125294,12504.271630809642,0.0035374884116719163
60000000000,1583527.2807598212,1590579.5792326254,7052.29847280425,0.004453537718289487
60000000000,3536946.624970585,3532513.716126807,4432.908843778074,0.0012533151652563996
60000000000,1921193.4145735106,1921989.3682556027,795.9536820920184,0.00041430169188286215
60000000000,3539327.579803154,3521778.684777889,17548.895025264937,0.004958256795840568
60000000000,2209213.434095026,2203109.9774378985,6103.456657127477,0.00276272838238813
60000000000,3541139.618356815,3532274.6246375763,8864.993719238788,0.0025034295946095414
60000000000,2633557.8656755746,2627637.9682606403,5919.897414934356,0.002247870643774805
60000000000,3541119.3206299455,3549796.166836242,8676.846206296701,0.0024503117293300184
60000000000,2436750.5951287234,2437402.748028859,652.1529001356103,0.00026763219077049604
60000000000,3540934.530785892,3559663.3967192676,18728.865933375433,0.00528924377746647
60000000000,2153493.85435156,2162059.026648408,8565.172296847682,0.003977337701493811
60000000000,3541058.5289330725,3553551.2741296883,12492.745196615811,0.0035279691353703488
60000000000,2039751.3856965126,2051048.0372754675,11296.651578954887,0.005538249248497226
60000000000,3541193.587666932,3536627.035312544,4566.552354387939,0.0012895517404900056
60000000000,2217968.5004723035,2224878.448720789,6909.948248485569,0.0031154402089182674
60000000000,3540578.83053333,3522961.611947466,17617.21858586371,0.004975801819164683
60000000000,2501515.625223709,2500108.653314005,1406.9719097036868,0.000562447779864602
60000000000,3538791.306226906,3523331.82638043,15459.479846476112,0.0043685763043651085
60000000000,2648838.321775904,2642368.4057759275,6469.915999976452,0.0024425484737168562
60000000000,3536337.279530889,3536336.023284968,1.2562459209002554,3.552392833601274e-07
60000000000,2556920.842168733,2553679.5994971967,3241.2426715362817,0.0012676351250620335
60000000000,3534444.179767253,3549908.138197847,15463.958430594299,0.0043752164821606035
60000000000,2288137.2205268783,2293114.8554779254,4977.634951047134,0.0021754092833212854
60000000000,3534199.7684810534,3551798.067504429,17598.29902337538,0.004979429623735975
60000000000,2057314.3278256606,2068104.0790498343,10789.751224173699,0.005244580800434709
60000000000,3535751.4524971475,3540305.252141795,4553.799644647632,0.0012879297953569335
60000000000,2095580.0924578363,2105476.770991539,9896.678533702856,0.00472264389670517
60000000000,3538193.8807812403,3525788.6722217044,12405.20855953591,0.0035060850189466766
60000000000,2361303.366807593,2364209.95943566,2906.5926280668937,0.0012309272365949803
60000000000,3540247.05902029,3521555.5915803476,18691.467439942528,0.005279707073639971
60000000000,2601203.5064460547,2596437.3141292203,4766.192316834349,0.0018323027417974894
60000000000,3540836.967840778,3525273.8640883225,15563.103752455674,0.0043953178002279335
60000000000,2247196.9361614566,2240043.2198472167,7153.716314239893,0.0031833953665224794
60000000000,3541200.9694735804,3541084.1215334465,116.84794013388455,3.2996698335156805e-05
60000000000,2013152.9079609024,2011926.2521479395,1226.655812962912,0.0006093207366972321
60000000000,3541001.2590590725,3556487.8876506584,15486.628591585904,0.004373516827187197
60000000000,1659382.5644453948,1665231.2858188553,5848.721373460488,0.003524637114296347
60000000000,3540957.5490214815,3558604.7889359747,17647.23991449317,0.004983747946758034
60000000000,1508959.468558508,1517297.0571068423,8337.588548334315,0.005525389330900399
60000000000,3541170.4001206164,3545638.009762374,4467.609641757794,0.001261619503429042
60000000000,1742178.0440301767,1746542.3180573403,4364.2740271636285,0.0025050677467314208
60000000000,3541023.450423569,3528489.7456444167,12533.704779152293,0.00353957124391623
60000000000,2091021.0108570037,2087945.4713586979,3075.5394983058795,0.001470831465746665
60000000000,3539836.9598985636,3521168.7630603444,18668.196838219184,0.00527374482206495
60000000000,2265070.1152292644,2257419.255073927,7650.86015533749,0.003377758641508142
60000000000,3537579.0282386085,3528852.828760213,8726.199478395283,0.00246671506381587
60000000000,2156939.101345538,2152215.6595070427,4723.441838495433,0.0021898818726726514
60000000000,3535240.926182434,3543967.9010315775,8726.974849143531,0.002468565801134081
60000000000,1830588.9727787578,1833231.4211177097,2642.4483389519155,0.0014434962617199583
60000000000,3534078.9694745876,3552745.07712896,18666.10765437223,0.005281746054799485
60000000000,1532566.2618536372,1540433.6871006382,7867.425247000996,0.005133497613007188
60000000000,3534788.340911213,3547292.2120853746,12503.871174161788,0.003537374792556458
60000000000,1583526.8454249026,1590579.1028841834,7052.25745928078,0.004453513042520268
60000000000,3536946.172095278,3532513.985158004,4432.186937273946,0.0012531112212681285
60000000000,1921195.3370115862,1921991.3531049222,796.0160933360457,0.00041433376294481666
60000000000,3539327.7081000055,3521778.415780976,17549.29231902957,0.004958368867304023
60000000000,2209218.214823699,2203114.7631353782,6103.451688320842,0.0027627201547439314
60000000000,3541139.7145631304,3532274.6246375763,8865.089925554115,0.0025034566947742696
60000000000,2633555.2821906456,2627635.0833812943,5920.198809351306,0.00224798729283813
60000000000,3541119.38624326,3549796.2384334155,8676.852190155536,0.0024503133737495152
60000000000,2436747.8361506374,2437400.577502185,652.741351547651,0.0002678739842768446
60000000000,3540934.3967643715,3559663.329619336,18728.932854964398,0.005289262877075183
60000000000,2153492.94297447,2162058.218646903,8565.275672432967,0.003977387388417603
60000000000,3541058.519648768,3553551.358026021,12492.838377253152,0.0035279954589658396
60000000000,2039751.3567930283,2051047.4688274134,11296.112034385093,0.0055379848121024184
60000000000,3541193.5290997606,3536626.9933322677,4566.535767492838,0.0012895470778333145
60000000000,2217967.2132654805,2224877.465458054,6910.252192573622,0.0031155790542096245
60000000000,3540578.7456155345,3522961.637156155,17617.108459379524,0.004975770834413899
60000000000,2501513.5903238365,2500106.2940710993,1407.2962527372874,0.0005625778961109319
60000000000,3538791.19138024,3523331.834787176,15459.356593064032,0.004368541616900091
60000000000,2648835.373785235,2642365.9745439277,6469.399241307285,0.0024423561031134953
60000000000,3536337.928675872,3536335.9980637566,1.930612115189433,5.459354151463465e-07
60000000000,2556917.573916584,2553677.255025691,3240.3188908929005,0.001267275458523878
60000000000,3534443.8578367666,3549908.2222575108,15464.364420744125,0.00437533174744187
60000000000,2288136.074226503,2293113.4786457713,4977.404419268481,0.002175309622243982
60000000000,3534199.459888609,3551798.0002582544,17598.540369645227,0.004979498347328675
60000000000,2057313.4364828882,2068103.5671651743,10790.130682286108,0.005244767516189726
60000000000,3535751.7529911026,3540305.2521417947,4553.49915069202,0.0012878446986103998
60000000000,2095578.8764021595,2105475.8593155527,9896.982913393294,0.004722791885736674
60000000000,3538194.297072652,3525788.672221705,12405.624850946944,0.003506202262891786
60000000000,2361301.5798125775,2364208.2885123026,2906.7086997251026,0.0012309773239366636
60000000000,3540246.390322978,3521555.519870194,18690.870452784002,0.005279539442190865
60000000000,2601201.4013565443,2596434.8669319893,4766.534424555022,0.0018324357437564203
60000000000,3540837.9238112024,3525273.8640883225,15564.059722879902,0.0043955865977981365
60000000000,2247193.241849861,2240038.9424990574,7154.299350803718,0.0031836600509328647
60000000000,3541200.418634645,3541084.049908361,116.36872628424317,3.286137821284643e-05
60000000000,2013149.9001192602,2011923.5048251303,1226.3952941298485,0.0006091922385199414
60000000000,3541001.1745682843,3556487.9592274167,15486.784659132361,0.004373561005954904
60000000000,1659382.4129862385,1665231.1623135388,5848.749327300349,0.003524654281935465
60000000000,3540958.198521248,3558604.721833106,17646.523311858065,0.00498354465727031
60000000000,1508961.0393984665,1517298.2165395098,8337.177141043358,0.005525110936175593
60000000000,3541170.042476533,3545638.1104726787,4468.067996145692,0.0012617490667070391
60000000000,1742177.3114433917,1746541.537373357,4364.225929965265,0.002505041192592222
60000000000,3541023.8930593855,3528489.6784469415,12534.214612443931,0.00353971478052202
60000000000,2091018.0930066586,2087942.3028672,3075.790139458608,0.0014709533837825159
60000000000,3539837.1788973846,3521168.8134921757,18668.365405208897,0.0052737921157785745
60000000000,2265065.7807237045,2257414.590671553,7651.19005215168,0.0033779107508776504
60000000000,3537578.7017037948,3528852.778316678,8725.923387116753,0.0024666372462368424
60000000000,2156935.4490837823,2152212.0056111873,4723.443472594954,0.002189886338323832
60000000000,3535241.314517182,3543967.934657671,8726.62014048919,0.0024684651949087697
60000000000,1830587.6022392288,1833229.8791358056,2642.276896576863,0.001443403688162616
60000000000,3534078.913380132,3552745.21161971,18666.298239578027,0.005281800066463385
60000000000,1532566.7543722403,1540434.5745970565,7867.820224816212,0.005133753686337126
60000000000,3534787.2097011637,3547292.0775858276,12504.867884663865,0.0035376578964483258
60000000000,1583527.434175903,1590579.5196889031,7052.085513000144,0.0044534028023772
60000000000,3536946.8301597484,3532513.9851580043,4432.845001744106,0.001253297042507109
60000000000,1921193.713207852,1921989.226493586,795.5132857339922,0.00041407239689833736
60000000000,3539327.848033799,3521778.4157809764,17549.432252822444,0.004958408208092865
60000000000,2209214.725660059,2203110.7189017227,6104.006758336443,0.002762975770276344
60000000000,3541138.969777459,3532274.6246375768,8864.345139882062,0.0025032468975480894
60000000000,2633563.57082086,2627642.08352862,5921.487292239908,0.002248469472257406
60000000000,3541118.9150757533,3549796.166836242,8677.251760488842,0.0024504265370888325
60000000000,2436754.9443333508,2437406.323074235,651.3787408843637,0.0002673140121862227
60000000000,3540934.7751424606,3559663.4011866646,18728.626044203993,0.005289175665047514
60000000000,2153497.062096774,2162060.891245023,8563.82914824877,0.003976708071247848
60000000000,3541058.583660224,3553551.2909089546,12492.707248730585,0.0035279583643085246
60000000000,2039752.7057435096,2051048.9846886082,11296.278945098631,0.005538062978561427
60000000000,3541193.548180503,3536627.060500716,4566.48767978698,0.001289533491365724
60000000000,2217970.835763845,2224880.815837179,6909.980073333718,0.003115451277317628
60000000000,3540578.7629044843,3522961.67076775,17617.092136734165,0.0049757661999537415
60000000000,2501520.031163746,2500112.674000288,1407.3571634581313,0.0005626007970855252
60000000000,3538791.9874948445,3523331.801160194,15460.186334650498,0.004368775104409276
60000000000,2648843.1204399816,2642373.5924098026,6469.528030178975,0.0024423975811388803
60000000000,3536337.1433664374,3536336.014877897,1.1284885401837528,3.191122606340303e-07
60000000000,2556925.7979788873,2553684.4687899933,3241.329188894015,0.0012676665046189887
60000000000,3534443.863934504,3549908.171821712,15464.307887208182,0.00437531574486332
60000000000,2288140.639215558,2293117.6091453168,4976.969929758925,0.0021751153947710037
60000000000,3534200.130457726,3551798.0338813416,17597.90342361573,0.004979317179001
60000000000,2057315.6040106304,2068105.3039167854,10789.699906155001,0.005244552602974983
60000000000,3535750.849566861,3540305.2521417947,4554.4025749336,0.001288100538953848
60000000000,2095581.9592498122,2105478.0473385723,9896.088088760152,0.004722357932639775
60000000000,3538195.3201422254,3525788.672221704,12406.647920521442,0.0035064903991854045
60000000000,2361306.628019187,2364213.301286352,2906.6732671647333,0.0012309596867574263
60000000000,3540247.038958263,3521555.519870194,18691.519088068977,0.005279721692407391
60000000000,2601208.391190567,2596442.8203297188,4765.570860848296,0.001832060390466104
60000000000,3540836.547352577,3525273.7296659974,15562.817686579656,0.004395237531711456
60000000000,1714125.437943009,1714151.9471140832,26.5091710742563,1.5465129031669896e-05
60000000000,3541199.7188240015,3541084.049908361,115.66891564056277,3.266376505840662e-05
60000000000,1477125.2081574386,1479332.945895231,2207.737737792544,0.0014946178736916075
60000000000,3541002.512638383,3556487.9592274167,15485.446589033585,0.004373181474388578
60000000000,918874.748055196,922668.2463167132,3793.4982615171466,0.004128417142321201
60000000000,3540957.908624396,3558604.721833106,17646.813208709937,0.004983626934883683
60000000000,287232.55071337667,288849.47401406104,1616.9233006843715,0.005629317765930594
60000000000,3541170.202449935,3545638.110472679,4467.908022744115,0.0012617038344141219
60000000000,744840.295637637,748340.778200517,3500.4825628799153,0.004699641766673284
60000000000,3541023.684101772,3528489.745644416,12533.938457355835,0.0035396370020425987
60000000000,1361285.5602675155,1364198.6579705405,2913.097703024978,0.0021399607753515766
60000000000,3539837.00724639,3521168.6790073547,18668.328239035327,0.005273781872108644
60000000000,1689573.4983508412,1689873.8421566356,300.3438057943713,0.00017776308996769353
60000000000,3537578.815958582,3528852.9128328157,8725.903125766199,0.002466631439108087
60000000000,1641072.0914805871,1641890.0116040623,817.9201234751381,0.0004984059674899502
60000000000,3535241.1090342486,3543967.8505924437,8726.741558195092,0.0024684996833438185
60000000000,1228667.5757392196,1232132.8527891894,3465.277049969882,0.0028203536240345734
60000000000,3534078.83202053,3552745.2284310535,18666.396410523448,0.005281827966426927
60000000000,571997.6481125163,574939.3837109033,2941.7355983870802,0.005142915548856275
60000000000,3534787.8105834327,3547292.0775858276,12504.267002394889,0.003537487304034525
60000000000,405346.8283397873,407561.6034286344,2214.775088847091,0.0054639013654512346
60000000000,3536948.231947299,3532513.8506423454,4434.381304953713,0.0012537309042016495
60000000000,1077522.6063327512,1081298.5252966476,3775.9189638963435,0.003504259624535707
60000000000,3539326.993951335,3521778.6847778894,17548.309173445683,0.004958092090229448
60000000000,1568255.6007515264,1569756.715823809,1501.1150722824968,0.0009571877642669632
70000000000,3540853.7673167675,3525504.7531637475,15349.01415301999,0.004334834241022994
70000000000,2244906.822420177,2237816.489660799,7090.332759378012,0.0031584084865197678
70000000000,3541202.7968426473,3541457.419511972,254.6226693247445,7.190287705402448e-05
70000000000,2006238.2234625702,2005167.6669878662,1070.5564747040626,0.0005336138361756397
70000000000,3540995.527714377,3556695.9293871704,15700.401672793552,0.004433894804416137
70000000000,1652967.4112617227,1658930.7807633004,5963.36950157769,0.0036076751791650897
70000000000,3540960.8666915493,3558470.300125963,17509.433434413746,0.004944825456592368
70000000000,1510179.877357816,1518497.840567539,8317.96320972289,0.005507928780163493
70000000000,3541173.718673893,3545276.895430196,4103.176756303292,0.0011587053000720504
70000000000,1749456.0737906243,1753685.8330171795,4229.759226555238,0.002417756747324573
70000000000,3541011.3820589934,3528200.6698443573,12810.71221463615,0.0036178116454364797
70000000000,2097023.2981555068,2093800.425568334,3222.87258717278,0.0015368797237529713
70000000000,3539798.9377245666,3521181.140363553,18617.79736101348,0.0052595635200063835
70000000000,2265747.8757896987,2258077.7578923902,7670.117897308432,0.0033852477494368633
70000000000,3537528.15620289,3529132.9181750733,8395.238027816638,0.0023731932742629856
70000000000,2151907.789910654,2147314.6225975705,4593.167313083541,0.0021344628866621865
70000000000,3535201.693127662,3544257.590155512,9055.897027850151,0.0025616351806615656
70000000000,1823003.9642747627,1825795.6839531667,2791.7196784040425,0.0015313843157300317
70000000000,3534072.9458902613,3552782.165222051,18709.21933178976,0.005293953921790587
70000000000,1529333.7267607749,1537252.5731292942,7918.8463685193565,0.00517797144596554
70000000000,3534821.499348438,3547043.734509116,12222.23516067816,0.0034576668618008133
70000000000,1588700.8895570345,1595667.6800266218,6966.790469587315,0.00438521216635676
70000000000,3536999.7517391816,3532204.078041042,4795.673698139377,0.0013558592125377706
70000000000,1928624.6016889536,1929263.372795721,638.7711067674682,0.0003312055162046971
70000000000,3539368.5799243557,3521689.9773101253,17678.602614230476,0.004994846457784938
70000000000,2212865.0430153045,2206664.675058956,6200.367956348695,0.0028019638955929824
70000000000,3541146.9252483146,3532613.023052362,8533.902195952833,0.002409926042635018
70000000000,2631615.325322257,2625764.0519416337,5851.273380623199,0.002223453148459939
70000000000,3541112.6867622677,3550123.2905713716,9010.603809103835,0.0025445685032244674
70000000000,2431044.283820767,2431873.0443711043,828.7605503373779,0.00034090722075817183
70000000000,3540934.9505465007,3559704.473827743,18769.523281242233,0.005300725244428843
70000000000,2148555.4917998104,2157244.5392451747,8689.047445364296,0.004044134525976623
70000000000,3541063.5218133223,3553272.2280168794,12208.706203557085,0.0034477512556185946
70000000000,2040657.185423531,2051930.550485996,11273.36506246496,0.005524379666996941
70000000000,3541190.9049035236,3536262.2827284695,4928.622175054159,0.001391797931094154
70000000000,2223698.485867274,2230458.1274580993,6759.641590825282,0.003039819307242513
70000000000,3540553.878260381,3522809.426538832,17744.451721549034,0.005011772827551945
70000000000,2506549.4907105737,2504978.095741674,1571.3949688998982,0.000626915596409959
70000000000,3538744.0400081566,3523500.303382747,15243.736625409685,0.004307668611537824
70000000000,2649430.5285036787,2642941.1734532923,6489.355050386395,0.0024493395771548665
70000000000,3536288.9027417484,3536659.5913920365,370.68865028815344,0.00010482419861136116
70000000000,2552686.0373042906,2549588.532948697,3097.5043555935845,0.0012134294270143137
70000000000,3534419.7996173026,3550093.378007655,15673.578390352428,0.004434554829069688
70000000000,2282074.9289081884,2287219.1856730594,5144.256764871068,0.0022542015162193784
70000000000,3534214.8830146226,3551677.846611293,17462.963596670423,0.004941115403196657
70000000000,2054906.2472746628,2065751.7214416808,10845.474167017965,0.005277843785526404
70000000000,3535796.1587440334,3539988.5137074,4192.354963366408,0.0011856890994687867
70000000000,2099497.39674113,2109299.9542260272,9802.55748489732,0.004669001971668548
70000000000,3538244.5380632435,3525560.778265615,12683.759797628503,0.0035847606521202495
70000000000,2367363.987057209,2370094.320169575,2730.333112366032,0.0011533220608631533
70000000000,3540278.070615084,3521632.453598804,18645.61701628007,0.005266709745497647
70000000000,2604316.7859720904,2599442.4795609983,4874.30641109217,0.0018716257704696935
70000000000,3540856.179265572,3525504.7531637475,15351.426101824734,0.004335512464956669
70000000000,2244906.56344209,2237817.022529574,7089.5409125159495,0.0031580561204496795
70000000000,3541199.219705981,3541457.419511972,258.1998059907928,7.291309806970719e-05
70000000000,2006236.2246583542,2005168.0044958764,1068.22016247781,0.0005324498428193416
70000000000,3540996.339210084,3556695.9293871704,15699.590177086182,0.0044336646167186956
70000000000,1652972.3861873797,1658930.7807633004,5958.3945759206545,0.0036046546365265265
70000000000,3540962.4162210124,3558470.1659195293,17507.749698516913,0.004944347790395794
70000000000,1510181.4436710493,1518497.840567539,8316.396896489663,0.0055068858986067355
70000000000,3541173.476838072,3545276.895430196,4103.418592124246,0.0011587736717683216
70000000000,1749456.1473952055,1753685.6237636271,4229.476368421689,0.002417594962136677
70000000000,3541011.491532098,3528200.6698443573,12810.82168774074,0.0036178424493612275
70000000000,2097023.981438003,2093799.5979627874,3224.38347521564,0.0015375997145271399
70000000000,3539799.288224559,3521181.2748496775,18618.013374881353,0.005259624023547252
70000000000,2265748.0993440873,2258077.208595676,7670.890748411417,0.0033855885173784623
70000000000,3537527.872527769,3529132.9181750743,8394.954352694564,0.0023731132743544667
70000000000,2151908.616448206,2147314.6225975696,4593.993850636296,0.002134846161924306
70000000000,3535201.3360845516,3544257.5229035458,9056.186818994116,0.00256171741240186
70000000000,1823004.398185683,1825795.6839531672,2791.2857674842235,0.0015311459315524459
70000000000,3534072.5988324983,3552782.165222051,18709.566389552783,0.0052940526450230814
70000000000,1529332.8779094846,1537252.5731292942,7919.695219809655,0.005178529366762487
70000000000,3534821.254164684,3547043.8017590856,12222.54759440152,0.0034577554890508426
70000000000,1588700.9415736296,1595667.7070601396,6966.765486510005,0.004385196297302707
70000000000,3536998.987686564,3532204.078041042,4794.909645522013,0.0013556434882267827
70000000000,1928625.8130724758,1929263.3727957213,637.5597232454456,0.00033057720109519597
70000000000,3539368.9921282534,3521689.9773101253,17679.0148181282,0.004994962338611
70000000000,2212866.522394659,2206664.6750589553,6201.847335703671,0.0028026305576679456
70000000000,3541147.4270795733,3532613.0230523613,8534.404027211946,0.0024100674154225684
70000000000,2631605.427308573,2625754.2117000464,5851.215608526487,0.002223439558152421
70000000000,3541115.8405149905,3550123.424825227,9007.584310236387,0.002543713540002803
70000000000,2431036.966705984,2431865.9331280678,828.9664220837876,0.00034099293159125583
70000000000,3540932.5577769764,3559704.473827744,18771.916050767526,0.005301404571950581
70000000000,2148552.75997553,2157241.3396047647,8688.579629234504,0.004043921932516778
70000000000,3541063.599141158,3553272.3622525954,12208.763111437205,0.003447767251172301
70000000000,2040654.92539706,2051928.7698225225,11273.84442546242,0.005524620691697207
70000000000,3541191.1874118713,3536262.282728469,4928.904683402274,0.001391877597833014
70000000000,2223694.351838512,2230453.6808571885,6759.3290186766535,0.0030396843941651232
70000000000,3540554.12132744,3522809.2920905924,17744.82923684735,0.0050118791095316965
70000000000,2506541.988110737,2504970.5956561533,1571.3924545836635,0.0006269164697967313
70000000000,3538744.404569865,3523500.303382747,15244.10118711833,0.004307771187834983
70000000000,2649422.190715541,2642932.090352298,6490.100363242906,0.0024496285967507865
70000000000,3536288.484869496,3536659.5913920365,371.10652254056185,0.0001049423778994256
70000000000,2552678.5800473513,2549579.926662567,3098.6533847842366,0.0012138830987200738
70000000000,3534418.712676328,3550093.3107601022,15674.598083774094,0.004434844696684224
70000000000,2282070.666517787,2287213.9347580713,5143.268240284175,0.002253772556540631
70000000000,3534215.9831404174,3551677.9138575443,17461.930717126932,0.004940821613740394
70000000000,2054904.3868378038,2065749.6340200882,10845.247182284482,0.0052777381038996785
70000000000,3535797.166966595,3539988.5137074003,4191.346740805078,0.001185403614201345
70000000000,2099493.461970232,2109297.2805927396,9803.81862250762,0.004669611408700174
70000000000,3538244.10043507,3525560.778265615,12683.322169455234,0.0035846374103741642
70000000000,2367358.152702831,2370088.18921406,2730.0365112288855,0.0011531996154075723
70000000000,3540276.5022945683,3521632.319132776,18644.183161792345,0.005266307066611448
70000000000,2604308.5366554805,2599433.573434265,4874.963221215643,0.0018718839003139755
70000000000,3540855.837820307,3525504.68595368,15351.151866626926,0.004335435434184986
70000000000,2244914.630085665,2237825.015584895,7089.61450076988,0.003158077552596886
70000000000,3541200.4987017578,3541457.419511972,256.92081021424383,7.255189597664232e-05
70000000000,2006240.869680778,2005172.8983818097,1067.9712989681866,0.0005323245653639368
70000000000,3540995.126606648,3556695.92938717,15700.802780522034,0.004434008582092624
70000000000,1652970.7494771061,1658930.9144137842,5960.164936678018,0.003605729223317129
70000000000,3540961.9944092743,3558470.4343323912,17508.439923116937,0.0049445433051132776
70000000000,1510177.796741579,1518495.75411641,8317.957374830963,0.0055079325048865944
70000000000,3541173.590759624,3545276.761147647,4103.170388023369,0.0011587035435738666
70000000000,1749457.9607847736,1753687.507062692,4229.546277918387,0.002417632416855043
70000000000,3541011.03647259,3528200.5354472017,12810.501025388483,0.003617752357572367
70000000000,2097030.0645256466,2093806.6326337361,3223.431891910499,0.0015371414775780276
70000000000,3539799.7538976693,3521181.4093360035,18618.344561665785,0.005259716892506461
70000000000,2265756.596929572,2258085.997366918,7670.599562654272,0.0033854473040259682
70000000000,3537527.447157641,3529132.9181750743,8394.52898256667,0.0023729933146699874
70000000000,2151915.645429846,2147321.981813631,4593.663616214879,0.0021346857280259667
70000000000,3535201.3667399,3544257.388399645,9056.02165974537,0.0025616706717039636
70000000000,1823007.00339824,1825798.517816355,2791.514418114908,0.0015312691684186005
70000000000,3534074.882003015,3552782.2156560593,18707.33365304442,0.005293417450861038
70000000000,1529333.0766852365,1537250.8611452926,7917.7844600561075,0.005177279286483206
70000000000,3534820.530333265,3547043.8185715796,12223.288238314446,0.0034579657251119413
70000000000,1588699.4134778976,1595666.8757852549,6967.462307357229,0.004385639126097759
70000000000,3536998.451825509,3532204.078041042,4794.373784466647,0.0013554921919720331
70000000000,1928630.144076149,1929267.594652641,637.4505764921196,0.0003305198658488617
70000000000,3539369.3820528807,3521689.977310125,17679.404742755927,0.004995071956152155
70000000000,2212874.257647592,2206672.8095095675,6201.448138024658,0.002802440363067507
70000000000,3541146.903265893,3532613.0230523613,8533.880213531666,0.0024099198498828515
70000000000,2631605.131779941,2625753.8942733696,5851.237506571226,0.0022234481290183605
70000000000,3541115.6246276707,3550123.357698294,9007.73307062313,0.0025437557045515126
70000000000,2431036.844390022,2431865.5775664723,828.7331764502451,0.00034089700382890936
70000000000,3540931.8632587823,3559704.5364601603,18772.67320137797,0.005301619439833317
70000000000,2148552.668336761,2157240.9967865194,8688.328449758235,0.004043805198633576
70000000000,3541064.6141785257,3553272.165367622,12207.551189096179,0.003447424014861742
70000000000,2040653.3836124875,2051928.574803026,11275.191190538462,0.0055252848333206105
70000000000,3541191.0021638377,3536262.2827284695,4928.719435368199,0.001391825358292313
70000000000,2223694.2315744394,2230453.0879779635,6758.856403524056,0.0030394720225264925
70000000000,3540553.8788119806,3522809.292090592,17744.586721388623,0.005011810956353177
70000000000,2506541.2296314193,2504969.5242170366,1571.7054143827409,0.0006270415167333418
70000000000,3538744.11493005,3523500.4378911974,15243.677038852591,0.0043076516820018534
70000000000,2649421.1024115486,2642930.7927683494,6490.309643199202,0.002449708593810025
70000000000,3536287.759715114,3536659.5913920365,371.83167692273855,0.00010514746032791563
70000000000,2552677.5780606456,2549579.3529110383,3098.225149607286,0.0012137158159868787
70000000000,3534420.160413113,3550093.3780076546,15673.21759454161,0.0044344522957648815
70000000000,2282069.5237063947,2287213.58469761,5144.060991215054,0.0022541210676440705
70000000000,3534215.7180512394,3551677.8466112935,17462.128560054116,0.00494087796363565
70000000000,2054904.1524833874,2065749.562040036,10845.409556648694,0.005277817723781339
70000000000,3535797.517232671,3539988.5137074003,4190.996474729385,0.0011853044339511592
70000000000,2099493.8301859326,2109297.1178499563,9803.287664023694,0.004669357691399125
70000000000,3538243.7493614093,3525560.7110089073,12683.038352502044,0.003584557551975075
70000000000,2367357.855569111,2370087.8192431703,2729.9636740591377,0.0011531689928656165
70000000000,3540276.796450454,3521632.453598804,18644.34285164997,0.005266351735644831
70000000000,2604308.277854481,2599432.6521121934,4875.625742287375,0.0018721384805888204
70000000000,3540855.6869283044,3525504.719558708,15350.967369596474,0.0043353835137272855
70000000000,2244908.059529132,2237817.089138185,7090.97039094707,0.003158690780607913
70000000000,3541200.0114834043,3541457.453088454,257.4416050496511,7.269897329007664e-05
70000000000,2006236.5718295143,2005167.9201188572,1068.65171065717,0.0005326648540170176
70000000000,3540996.498172522,3556695.9964953284,15699.498322806321,0.004433638477448001
70000000000,1652970.370363607,1658930.7896727652,5960.419309158111,0.0036058839384077927
70000000000,3540961.1256883307,3558470.300125963,17509.17443763232,0.004944751951838695
70000000000,1510180.1628322466,1518497.9075702182,8317.744737971574,0.005507783072962747
70000000000,3541173.725601972,3545276.7611476462,4103.035545674153,0.00115866542101847
70000000000,1749456.0476210706,1753685.888813582,4229.841192511376,0.0024178036357433274
70000000000,3541011.1288366667,3528200.5354472017,12810.593389465008,0.003617778347303215
70000000000,2097023.8791969859,2093800.0117654675,3223.867431518389,0.0015373537056492202
70000000000,3539799.633590553,3521181.4093360035,18618.22425454948,0.00525968308428359
70000000000,2265748.2833649847,2258077.208595678,7671.074769306462,0.003385669461001968
70000000000,3537527.0618276107,3529132.9181750743,8394.14365253644,0.0023728846467678277
70000000000,2151908.273928573,2147314.62259757,4593.651331002824,0.0021346873315452935
70000000000,3535201.5978090935,3544257.388399645,9055.790590551682,0.0025616051418860864
70000000000,1823005.341789743,1825795.6839531672,2790.3421634242404,0.001530627529969172
70000000000,3534074.0864075874,3552782.1988447234,18708.112437136006,0.00529363900691537
70000000000,1529334.077487016,1537252.632163279,7918.554676262895,0.005177779526939314
70000000000,3534821.2794363494,3547043.8185715796,12222.53913523024,0.0034577530712328417
70000000000,1588700.764345601,1595667.700301759,6966.935956157977,0.004385304087788814
70000000000,3536997.8247655933,3532204.0948555134,4793.7299100798555,0.001355310392478839
70000000000,1928625.488990453,1929263.474670962,637.985680508893,0.0003307981171828488
70000000000,3539369.6182404687,3521689.9773101253,17679.64093034342,0.00499513835436394
70000000000,2212866.7163844923,2206665.119910428,6201.596474064514,0.002802516946975024
70000000000,3541146.422972491,3532613.039847897,8533.383124594111,0.002409779801601952
70000000000,2631614.991811312,2625763.9725847337,5851.019226578064,0.0022233568530292008
70000000000,3541114.280268101,3550123.290571371,9009.010303270072,0.002544117356920769
70000000000,2431044.3936000066,2431873.1851146696,828.7915146630257,0.00034091994241031186
70000000000,3540933.721520952,3559704.73775956,18771.016238607932,0.005301148712420729
70000000000,2148555.4339903737,2157244.5392451747,8689.10525480099,0.004044161540976987
70000000000,3541063.358628565,3553272.0937811905,12208.735152625479,0.0034477595897504237
70000000000,2040655.5845582061,2051930.7370372477,11275.1524790416,0.005525259903906139
70000000000,3541190.980837141,3536262.3543701842,4928.626466956921,0.0013917991132440387
70000000000,2223698.7931751376,2230457.8310176693,6759.0378425316885,0.003039547380821621
70000000000,3540553.99142989,3522809.292090592,17744.699339298066,0.005011842604928525
70000000000,2506549.1132453023,2504978.381435945,1570.7318093571812,0.0006266511200825859
70000000000,3538744.4265550156,3523500.4378911974,15243.988663818222,0.0043077393635511324
70000000000,2649431.5211345223,2642941.519447973,6490.00168654928,0.0024495827254935707
70000000000,3536288.3605686678,3536659.591392036,371.23082336829975,0.00010497753167069283
70000000000,2552686.6203533486,2549588.8389250804,3097.7814282681793,0.001213537691453633
70000000000,3534419.551772849,3550093.2435125504,15673.6917397012,0.004434587210179772
70000000000,2282075.483547871,2287219.8857961977,5144.402248326689,0.0022542647188553326
70000000000,3534215.0486368435,3551677.863422856,17462.81478601275,0.004941073065926819
70000000000,2054907.1792049771,2065751.7214416813,10844.542236704146,0.005277387877392978
70000000000,3535797.1186512094,3539988.4970250814,4191.378373872023,0.0011854125769158656
70000000000,2099497.092544434,2109300.0704710316,9802.977926597465,0.0046692029064527
70000000000,3538243.8676778506,3525560.72769172,12683.139986130875,0.003584586156424209
70000000000,2367364.227579171,2370094.637701358,2730.4101221873425,0.0011533544734598853
70000000000,3540278.059249066,3521632.4199822783,18645.639266787563,0.005266716047366777
70000000000,2604317.925838406,2599442.6331151193,4875.292723286897,0.0018720036731757308
70000000000,3540855.010600976,3525504.7132577645,15350.297343211714,0.00433519511452867
70000000000,2244906.9819666687,2237817.0225295746,7089.959437094163,0.0031582419646104657
70000000000,3541200.096333886,3541457.4593840446,257.36305015860125,7.26767884212594e-05
70000000000,2006237.0197683757,2005167.9464866742,1069.0732817014214,0.0005328748653161869
70000000000,3540997.5102906493,3556695.9964953284,15698.486204679124,0.004433351381653633
70000000000,1652970.202370966,1658930.7874453915,5960.585074425442,0.003605984588152754
70000000000,3540960.2485194607,3558470.3627615627,17510.11424210202,0.004945018586250245
70000000000,1510178.9754359105,1518497.764006645,8318.78857073444,0.005508478601573191
70000000000,3541173.816443982,3545276.761147646,4102.944703663699,0.0011586397382164772
70000000000,1749455.336330523,1753686.0422712064,4230.705940683372,0.0024182989144251404
70000000000,3541011.1453800346,3528200.535447202,12810.60993283242,0.003617783002334362
70000000000,2097025.7575810794,2093800.8393713878,3224.918209691532,0.0015378534088257825
70000000000,3539799.8795262952,3521181.4093360035,18618.47019029176,0.005259752196156165
70000000000,2265748.1801066287,2258078.307189303,7669.872917325702,0.0033851391715405675
70000000000,3537527.1869114926,3529132.720878813,8394.466032679658,0.0023729756943602774
70000000000,2151908.4581946093,2147315.5424968936,4592.915697715711,0.0021343452971828727
70000000000,3535201.6338683655,3544257.657407488,9056.02353912266,0.0025616710097560065
70000000000,1823004.6389115416,1825795.7784068622,2791.139495320618,0.001531065492508631
70000000000,3534073.995736551,3552782.097976704,18708.102240153123,0.005293636257396498
70000000000,1529334.4443376136,1537252.3960273622,7917.951689748559,0.005177384004568071
70000000000,3534821.666556139,3547043.7681341,12222.101577960886,0.00345762890773171
70000000000,1588700.9850277198,1595667.6800266216,6966.694998901803,0.004385151809281624
70000000000,3536997.8477696097,3532204.0948555134,4793.752914096229,0.0013553168874895173
70000000000,1928625.8982430038,1929263.440889874,637.5426468702499,0.00033056833232979877
70000000000,3539370.225096311,3521689.9941223236,17680.230973987374,0.004995304206557333
70000000000,2212866.5798880905,2206664.9928099923,6201.587078098208,0.00280251287378195
70000000000,3541146.680536522,3532613.006256828,8533.67427969398,0.002409861846897863
70000000000,2631605.265893901,2625753.8942733696,5851.37162053166,0.002223498978500513
70000000000,3541113.8323198073,3550123.340916563,9009.508596755564,0.002544258395346013
70000000000,2431036.87796664,2431865.5183062106,828.6403395705856,0.00034085881093818464
70000000000,3540933.68623537,3559704.5700100623,18770.883774692193,0.00530111135592853
70000000000,2148551.808194959,2157240.939650152,8689.131455192808,0.004044180560157272
70000000000,3541063.122349258,3553272.093781189,12208.971431931015,0.0034478265453317253
70000000000,2040653.7841708353,2051928.638398175,11274.854227339616,0.005525118623647788
70000000000,3541192.21992961,3536262.2827284695,4929.937201140448,0.0013921687654782104
70000000000,2223693.7474675723,2230453.0879779635,6759.340510391165,0.003039690388161122
70000000000,3540552.95238611,3522809.2920905924,17743.66029551765,0.005011550606398794
70000000000,2506541.340122418,2504969.5242170366,1571.8159053814597,0.0006270855701524927
70000000000,3538744.7495970144,3523500.4378911974,15244.311705817003,0.004307830257481271
70000000000,2649420.7563681607,2642929.4951848835,6491.261183277238,0.0024500680640003334
70000000000,3536288.519527182,3536659.5913920365,371.0718648545444,0.00010493257628881436
70000000000,2552676.6583207566,2549579.35291104,3097.305409716442,0.0012133559491839293
70000000000,3534419.5041636126,3550093.315237328,15673.811073715333,0.004434621033312907
70000000000,2282070.5326692495,2287213.5846976093,5143.052028359845,0.002253677944977545
70000000000,3534215.2483210512,3551677.981103794,17462.73278274294,0.0049410495840734965
70000000000,2054904.2310261992,2065749.4948522921,10845.263826092938,0.005277746603634622
70000000000,3535796.957170348,3539988.5137074,4191.556537051685,0.0011854630194619922
70000000000,2099494.34807259,2109297.071352021,9802.723279430997,0.004669087720302864
70000000000,3538243.8100894876,3525560.744637256,12683.06545223156,0.003584565149542588
70000000000,2367357.3446827694,2370087.766390191,2730.421707421541,0.0011533627204841875
70000000000,3540277.9674962764,3521632.419982278,18645.54751399858,0.005266690267031466
70000000000,2604307.881702758,2599432.8056658534,4875.076036904473,0.0018719276899461798
70000000000,3540855.3236104827,3525504.719558708,15350.604051774833,0.004335281351208209
70000000000,2244915.0001843073,2237825.015584895,7089.984599412419,0.0031582418928245977
70000000000,3541199.9014091133,3541457.453088454,257.55167934065685,7.273005944628315e-05
70000000000,2006241.4552972477,2005172.9827594787,1068.4725377690047,0.0005325742496985231
70000000000,3540996.430562607,3556695.92938717,15699.498824562877,0.004433638703800806
70000000000,1652970.3979168031,1658930.9210967864,5960.5231799832545,0.0036059467171917605
70000000000,3540962.148170576,3558470.2956583467,17508.147487770766,0.004944460503995018
70000000000,1510177.5769824637,1518495.6823346084,8318.105352144688,0.00550803129309162
70000000000,3541173.2135367803,3545276.7611476467,4103.5476108663715,0.0011588101918256393
70000000000,1749457.4749731254,1753687.5070626922,4230.032089566812,0.00241791078095899
70000000000,3541010.735007185,3528200.80424168,12809.930765504949,0.0036175916211897497
70000000000,2097029.1323927464,2093806.632633736,3222.499759010505,0.0015366976591944515
70000000000,3539800.3744834256,3521181.140363553,18619.234119872563,0.005259967272191084
70000000000,2265755.750594338,2258087.0959668932,7668.654627444688,0.0033845901639808695
70000000000,3537526.179670309,3529132.9181750743,8393.26149523491,0.0023726358672537503
70000000000,2151914.8014231417,2147321.9818136324,4592.819609509315,0.0021342943533228693
70000000000,3535201.9175318154,3544257.3883996457,9055.470867830329,0.0025615144704811145
70000000000,1823007.2323292666,1825798.5178163557,2791.2854870890733,0.0015311433973427698
70000000000,3534073.366561935,3552782.304189814,18708.93762787897,0.005293873580807875
70000000000,1529332.6214663559,1537250.806041789,7918.184575433144,0.005177542454983419
70000000000,3534822.151036021,3547043.8017590865,12221.650723065715,0.003457500887133366
70000000000,1588700.730638139,1595666.8690269713,6966.138388832333,0.004384802155931671
70000000000,3536997.4724135413,3532204.078041042,4793.394372499082,0.001355215662404252
70000000000,1928628.3692686113,1929267.5946526409,639.2253840295598,0.00033144041341254954
70000000000,3539370.037497745,3521689.977310125,17680.06018762011,0.0049952562180018666
70000000000,2212874.212694652,2206672.809509567,6201.403185084928,0.002802420105720054
70000000000,3541146.261551694,3532613.023052362,8533.23849933222,0.002409739070080952
70000000000,2631605.437936587,2625754.2117000464,5851.2262365403585,0.002223443587777445
70000000000,3541114.2701663948,3550123.324134832,9009.053968437016,0.002544129695089926
70000000000,2431036.9155261004,2431865.6960869976,828.7805608971976,0.0003409164853088384
70000000000,3540932.7173581016,3559704.5700100623,18771.852651960682,0.005301386428479332
70000000000,2148552.3180171335,2157240.9396501523,8688.621633018833,0.0040439423141613
70000000000,3541065.1837516394,3553272.0937811895,12206.910029550083,0.003447242396316826
70000000000,2040651.7980834197,2051928.622499388,11276.824415968265,0.005526089471295132
70000000000,3541190.1445375546,3536262.2827284695,4927.861809085123,0.0013915835094838306
70000000000,2223693.794396527,2230453.0879779635,6759.293581436388,0.0030396692199569438
70000000000,3540553.175787701,3522809.2920905924,17743.883697108366,0.005011613388114334
70000000000,2506541.7393726525,2504969.524217036,1572.2151556164026,0.0006272447535662834
70000000000,3538744.857602039,3523500.4378911974,15244.419710841496,0.004307860646718559
70000000000,2649421.1885921895,2642929.495184884,6491.693407305516,0.0024502308033382105
70000000000,3536288.352502787,3536659.591392036,371.2388892490417,0.00010497981279900423
70000000000,2552678.847577396,2549579.352911038,3099.4946663579904,0.0012142125396226583
70000000000,3534420.1516039153,3550093.315237328,15673.163633412682,0.004434437039495777
70000000000,2282070.1113621187,2287213.5846976093,5143.473335490562,0.0022538629772511825
70000000000,3534215.152854171,3551677.981103794,17462.828249623068,0.004941076729728915
70000000000,2054905.1909972862,2065749.4948522921,10844.303855005885,0.005277276977310534
70000000000,3535796.0245080288,3539988.5137074,4192.489199371077,0.0011857271093443295
70000000000,2099494.978439458,2109297.0713520204,9802.092912562191,0.004668786071518984
70000000000,3538244.12604826,3525560.7110089078,12683.415039352141,0.0035846636318782785
70000000000,2367357.5010824306,2370087.977802115,2730.476719684433,0.0011533858821221438
70000000000,3540278.198265221,3521632.453598804,18645.74466641713,0.005266745612125558
70000000000,2604307.4424877064,2599432.9592195214,4874.483268185053,0.001871700394761692
70000000000,3540855.3728432315,3525504.7531637475,15350.61967948405,0.004335285704470282
70000000000,2244907.503104391,2237817.5553985466,7089.947705844417,0.0031582360057329836
70000000000,3541199.7969117644,3541457.486664941,257.68975317664444,7.27690522859999e-05
70000000000,2006237.1552456494,2005168.3420040628,1068.8132415865548,0.0005327452134918149
70000000000,3540997.9360496467,3556695.9461642094,15698.010114562698,0.004433216397769345
70000000000,1652970.389062837,1658930.7985823113,5960.409519474255,0.0036058779751363544
70000000000,3540960.9224254633,3558470.2788825436,17509.356457080226,0.0049448036396534945
70000000000,1510177.0960611291,1518497.6742794109,8320.578218281735,0.005509670514791686
70000000000,3541171.5377517943,3545276.7611476467,4105.223395852372,0.0011592839691857123
70000000000,1749454.113190285,1753685.9376441329,4231.8244538479485,0.00241893995500736
70000000000,3541011.345610985,3528200.80424168,12810.541369304992,0.00361776343506592
70000000000,2097025.684706407,2093800.425568335,3225.2591380719095,0.0015380160393807768
70000000000,3539799.449622698,3521181.140363553,18618.309259145055,0.005259707371594047
70000000000,2265749.6797521496,2258078.856486413,7670.823265736457,0.0033855563720417555
70000000000,3537528.232658906,3529132.9181750743,8395.314483831637,0.0023732148358068315
70000000000,2151909.3317812844,2147315.0825471366,4594.2492341478355,0.0021349641298989384
70000000000,3535201.6866896497,3544257.388399645,9055.701709995512,0.002561579935903244
70000000000,1823005.538930551,1825796.038184087,2790.499253536109,0.001530713535392289
70000000000,3534073.6965101133,3552782.3041898143,18708.607679700945,0.005293779724564215
70000000000,1529334.4153669535,1537252.632163279,7918.21679632552,0.0051775574503275645
70000000000,3534821.8757537706,3547043.7345091156,12221.85875534499,0.0034575600086606297
70000000000,1588700.9468350234,1595667.6259596238,6966.679124600487,0.004385141922700656
70000000000,3536998.6879016617,3532204.078041042,4794.60986061953,0.001355558846266904
70000000000,1928626.6734481608,1929263.645172396,636.9717242352199,0.0003302721739798342
70000000000,3539369.2491598674,3521689.9773101253,17679.27184974216,0.004995034596613126
70000000000,2212866.6724189427,2206665.183460651,6201.488958291709,0.002802468416008407
70000000000,3541146.7738973675,3532613.0230523613,8533.750845006201,0.002409883404977874
70000000000,2631614.9850075785,2625764.0519416337,5850.933065944817,0.002223324118185156
70000000000,3541114.2738392013,3550123.357698294,9009.083859092556,0.0025441381334822323
70000000000,2431044.1222304115,2431873.0443711043,828.9221406928264,0.0003409737129461536
70000000000,3540932.0360622173,3559704.603559963,18772.567497745622,0.0053015893291818526
70000000000,2148556.0657880865,2157244.653518162,8688.587730075698,0.004043919480820595
70000000000,3541064.0724942144,3553272.2280168794,12208.155522665009,0.003447595206619904
70000000000,2040653.871666613,2051930.6734421481,11276.801775535103,0.005526072761337658
70000000000,3541192.1371621364,3536262.2827284695,4929.854433666915,0.0013921454252458702
70000000000,2223696.71060375,2230458.127458099,6761.416854348965,0.0030406200729204617
70000000000,3540554.017682667,3522809.2920905924,17744.72559207445,0.005011849982644405
70000000000,2506549.630091346,2504978.6314628506,1570.998628495261,0.000626757439643439
70000000000,3538743.7979572066,3523500.4378911974,15243.36006600922,0.004307562495710676
70000000000,2649432.5553752305,2642941.1734532923,6491.381921938155,0.0024501027243619723
70000000000,3536289.501210768,3536659.456879251,369.95566848339513,0.00010461690660697557
70000000000,2552685.498596815,2549589.106701987,3096.3918948280625,0.001212993882924519
70000000000,3534419.293667804,3550093.5125027644,15674.218834960368,0.004434736666088822
70000000000,2282076.641402615,2287219.1856730594,5142.544270444661,0.0022534494140757427
70000000000,3534215.1079712566,3551677.78384218,17462.675870923325,0.004941033677191034
70000000000,2054906.4532097394,2065752.009361914,10845.556152174482,0.005277883153870023
70000000000,3535797.8503504735,3539988.5137074,4190.663356926292,0.0011852101093706212
70000000000,2099496.704478138,2109300.233214049,9803.528735911008,0.00466946612252379
70000000000,3538243.3475215165,3525560.7782656145,12682.569255901966,0.0035844253801214396
70000000000,2367365.2263259557,2370094.7429947434,2729.5166687876917,0.0011529765827572702
70000000000,3540277.5384766646,3521632.319132776,18645.219343888573,0.0052665982091085915
70000000000,2604318.135901075,2599443.093777529,4875.0421235458925,0.0018719072974773736
70000000000,3540854.7638120474,3525504.7531637475,15350.01064829994,0.004335114448968327
70000000000,2244906.466058351,2237816.489660799,7089.976397552062,0.0031582502454994372
70000000000,3541199.6671771463,3541457.419511972,257.75233482569456,7.278672739488898e-05
70000000000,2006236.5193695228,2005167.666987866,1068.8523816568777,0.0005327648915456756
70000000000,3540997.310214441,3556695.9964953284,15698.686280887574,0.004433408134934977
70000000000,1652970.2809363457,1658930.7718539159,5960.4909175701905,0.0036059274545418903
70000000000,3540962.2527233507,3558470.295658347,17508.04293499654,0.0049444308313456664
70000000000,1510179.539406325,1518497.979352004,8318.439945678925,0.005508245694382161
70000000000,3541171.912015017,3545276.761147647,4104.849132630043,0.0011591781575761677
70000000000,1749455.7044339802,1753685.7283903437,4230.023956363555,0.0024179085790183748
70000000000,3541010.2934915647,3528200.669844357,12809.62364720786,0.003617505340425629
70000000000,2097024.0448914743,2093799.5979627883,3224.4469286859967,0.0015376299268198754
70000000000,3539801.5238928166,3521181.2748496775,18620.249043139163,0.0052602522817895075
70000000000,2265748.1645799694,2258077.208595675,7670.9559842944145,0.0033856172121037456
70000000000,3537526.0582163474,3529132.9181750743,8393.140041273087,0.0023726016156909906
70000000000,2151906.486283413,2147314.162648195,4592.323635218199,0.00213407211906762
70000000000,3535202.9133195453,3544257.388399645,9054.475080099888,0.002561232071286613
70000000000,1823005.2090549036,1825795.5068379191,2790.2977830155287,0.0015306032967739552
70000000000,3534073.800667258,3552782.1696991296,18708.36903187167,0.005293712040857607
70000000000,1529333.6885697355,1537252.868299254,7919.179729518481,0.005178189553206443
70000000000,3534820.235720919,3547043.8690090617,12223.633288142737,0.0034580636278522814
70000000000,1588699.4900013048,1595667.7881607693,6968.298159464495,0.00438616503833508
70000000000,3536998.504143149,3532204.078041042,4794.426102106925,0.0013555069634581009
70000000000,1928626.4856829701,1929263.100419209,636.6147362389602,0.00033008710653142383
70000000000,3539370.689637769,3521689.9773101253,17680.712327643763,0.004995439550710996
70000000000,2212866.240727679,2206664.1666574553,6202.074070223607,0.0028027333763219766
70000000000,3541146.1008403497,3532613.0230523613,8533.077787988354,0.0024096937954532203
70000000000,2631605.054396954,2625753.8942733696,5851.160123584326,0.0022234187891560916
70000000000,3541114.2690069457,3550123.424825226,9009.155818280298,0.0025441584580118016
70000000000,2431036.518984231,2431865.4590459513,828.9400617200881,0.0003409821511305174
70000000000,3540933.07789922,3559704.5364601607,18771.45856094081,0.005301274592875847
70000000000,2148552.33231206,2157241.111059259,8688.778747199103,0.0040440154128566635
70000000000,3541065.0767942686,3553272.2280168794,12207.151222610846,0.0034473106135801375
70000000000,2040652.9635531032,2051928.6383981744,11275.674845071277,0.005525522980369246
70000000000,3541190.0920642773,3536262.2827284695,4927.809335807804,0.0013915687121261598
70000000000,2223695.526450957,2230453.384417549,6757.857966591604,0.0030390212536773055
70000000000,3540553.97117432,3522809.2920905924,17744.679083727766,0.005011836912584124
70000000000,2506540.280942978,2504970.059936543,1570.2210064348765,0.0006264495401782046
70000000000,3538743.0995134152,3523500.437891197,15242.661622218322,0.0043073659753131615
70000000000,2649421.828352388,2642930.792768353,6491.035584034864,0.002449981922309247
70000000000,3536290.0598557116,3536659.5913920365,369.531536324881,0.0001044969530412216
70000000000,2552676.2366554085,2549579.9266625666,3096.3099928419106,0.0012129661993088427
70000000000,3534419.355220688,3550093.3780076555,15674.022786967456,0.004434681120624628
70000000000,2282069.7451932067,2287213.934758072,5144.1895648650825,0.0022541771896763658
70000000000,3534214.567986725,3551677.783842179,17463.215855454095,0.004941187219824648
70000000000,2054905.1160704629,2065749.5620400365,10844.445969573688,0.005277346328433507
70000000000,3535798.3695047,3539988.5137074,4190.144202699885,0.0011850631073419627
70000000000,2099493.945118747,2109297.2573437695,9803.312225022353,0.004669369134316736
70000000000,3538243.4923538687,3525560.778265615,12682.714088253677,0.0035844661668030975
70000000000,2367357.051087886,2370087.9778021146,2730.926714228466,0.0011535761844515624
70000000000,3540278.3085502833,3521632.319132776,18645.989417507313,0.005266814581349312
70000000000,2604307.668797194,2599432.6521121943,4875.0166849996895,0.0018719050530812392
70000000000,3540855.1145486734,3525504.7531637475,15350.361384925898,0.004335213073772575
70000000000,2244915.4813420177,2237825.0155848954,7090.465757122263,0.0031584555481276116
70000000000,3541199.7323024934,3541457.4195119725,257.6872094790451,7.276833529847143e-05
70000000000,2006241.596879785,2005172.729626507,1068.8672532779165,0.0005327709558710558
70000000000,3540997.1342528425,3556695.9964953284,15698.862242485862,0.004433458047911794
70000000000,1652970.3068964782,1658930.9144137842,5960.607517305994,0.003605997937432577
70000000000,3540960.3122477042,3558470.2956583467,17509.983410642482,0.00494498154923618
70000000000,1510176.8076081874,1518495.6823346084,8318.874726420967,0.00550854355894683
70000000000,3541175.075518535,3545276.7611476462,4101.685629111249,0.001158283773504375
70000000000,1749459.2503778934,1753687.4547483095,4228.204370416002,0.002416863593423331
70000000000,3541009.5704145897,3528200.6698443573,12808.900570232421,0.0036173018783263906
70000000000,2097029.6442710229,2093806.4257308787,3223.218540144153,0.0015370400456425689
70000000000,3539801.0073161465,3521181.2748496775,18619.732466469053,0.00526010711562185
70000000000,2265757.1681368286,2258085.997366915,7671.170769913588,0.0033856985548992987
70000000000,3537527.407224808,3529132.9181750743,8394.489049733616,0.002372982053111243
70000000000,2151914.635729631,2147321.521861191,4593.113868440036,0.0021344312605052237
70000000000,3535199.9937944724,3544257.5229035453,9057.529109072872,0.0025620980778943317
70000000000,1823005.6892135325,1825798.3406988455,2792.651485312963,0.001531894004410786
70000000000,3534074.295453788,3552782.035208433,18707.739754645154,0.005293533239725797
70000000000,1529332.8541027498,1537250.8611452924,7918.007042542566,0.0051774255822078785
70000000000,3534822.330587675,3547043.869009062,12221.538421387319,0.003457468941403754
70000000000,1588699.3734044584,1595666.9230932605,6967.549688802101,0.004385694238596687
70000000000,3536997.7295058845,3532204.2125568674,4793.5169490170665,0.001355250219424573
70000000000,1928629.2658882516,1929267.4584630926,638.1925748409703,0.0003309047446954735
70000000000,3539369.8444943028,3521689.84281265,17680.00168165285,0.004995239960343543
70000000000,2212874.1819387716,2206672.809509567,6201.372429204639,0.00280240624605752
70000000000,3541146.3060515933,3532613.157416708,8533.148634885438,0.002409713662579496
70000000000,2631606.4052511966,2625754.5291267526,5851.876124443952,0.002223689725320215
70000000000,3541114.514641087,3550123.2905713716,9008.775930284522,0.002544051002314907
70000000000,2431037.5850604987,2431866.4072102793,828.8221497805789,0.00034093349887881426
70000000000,3540932.5014469177,3559704.5364601607,18772.03501324309,0.00530143825265586
70000000000,2148553.0452434146,2157241.5681503005,8688.522906885948,0.0040438949953416695
70000000000,3541065.9192892355,3553272.160899031,12206.241609795485,0.003447052917965878
70000000000,2040653.0304896273,2051928.8291836116,11275.798693984281,0.005525583489947238
70000000000,3541189.366975004,3536262.2827284695,4927.0842465343885,0.0013913642383782654
70000000000,2223696.3783737146,2230453.829077026,6757.450703311246,0.0030388369424126428
70000000000,3540554.2718221107,3522809.3593146876,17744.9125074232,0.005011902415576011
70000000000,2506540.9410120742,2504970.595656154,1570.345355920028,0.0006264989852054698
70000000000,3538744.0302469716,3523500.437891197,15243.592355774716,0.0043076278548213765
70000000000,2649422.9224831252,2642931.7659562686,6491.15652685659,0.002450026559282905
70000000000,3536288.0339562604,3536659.5913920365,371.557435776107,0.00010506990160539132
70000000000,2552677.8380343,2549581.074165954,3096.7638683463447,0.0012131432420516568
70000000000,3534420.036512497,3550093.378007654,15673.34149515722,0.004434487506646921
70000000000,2282070.4609345947,2287214.8099095225,5144.348974927794,0.0022542463359439776
70000000000,3534214.935267476,3551677.78384218,17462.848574704025,0.004941082784876638
70000000000,2054904.363596386,2065749.849960245,10845.486363858916,0.005277854559069461
70000000000,3535797.1719475174,3539988.5137074003,4191.341759882867,0.0011854022038187998
70000000000,2099492.836839843,2109297.629327318,9804.79248747509,0.004670076656338235
70000000000,3538244.408393077,3525560.7782656145,12683.630127462558,0.0035847241353298524
70000000000,2367357.10144414,2370088.82345002,2731.722005879972,0.001153912100634738
70000000000,3540278.347681233,3521632.319132776,18646.028548457194,0.005266825576206383
70000000000,2604308.9504905497,2599433.8805416804,4875.069948869292,0.0018719245840440781
70000000000,3540855.358659331,3525504.7531637475,15350.605495583732,0.0043352817160529
70000000000,2244906.9922904656,2237817.0225295736,7089.969760891981,0.003158246548850617
70000000000,3541199.7424089597,3541457.285206104,257.5427971445024,7.272755446697979e-05
70000000000,2006236.2151398542,2005167.6669878657,1068.5481519885361,0.0005326133303370998
70000000000,3540997.183265511,3556696.063603488,15698.88033797685,0.004433463096827241
70000000000,1652970.498311071,1658930.7718539156,5960.27354284469,0.00360579547483432
70000000000,3540960.9726134306,3558470.228555131,17509.25594170019,0.004944775183098774
70000000000,1510180.6231128862,1518497.9255156647,8317.302402778529,0.005507488492094636
70000000000,3541174.667506259,3545276.8282889123,4102.160782653373,0.0011584180866012373
70000000000,1749455.9089404636,1753685.7545470411,4229.845606577583,0.0024178063505123355
70000000000,3541009.6266395845,3528200.6698443573,12808.956795227248,0.0036173176991283525
70000000000,2097023.1789020207,2093800.0117654675,3223.1671365532093,0.0015370202718697776
70000000000,3539801.476154058,3521181.2076065904,18620.26854746742,0.005260257862737
70000000000,2265748.4165651216,2258077.6205681926,7670.795996929053,0.003385546224305871
70000000000,3537526.042480177,3529132.850916977,8393.19156319974,0.0023726161906401774
70000000000,2151906.2810944,2147314.162648195,4592.118446205277,0.002133976970349216
70000000000,3535201.7631936334,3544257.5901555116,9055.826961878221,0.002561615310379728
70000000000,1823003.9029812468,1825795.418280348,2791.5152991011273,0.0015312722559375912
70000000000,3534074.5326670436,3552782.0352084334,18707.502541389782,0.005293465762667964
70000000000,1529333.7600991179,1537252.632163279,7918.872064161114,0.005177988134943077
70000000000,3534821.2199978596,3547043.869009062,12222.649011202622,0.0034577842132593128
70000000000,1588700.4518787125,1595667.7881607693,6967.336282056756,0.00438555693354122
70000000000,3536997.498375635,3532204.212556868,4793.285818767268,0.0013551849615298238
70000000000,1928625.254736907,1929263.1004192096,637.8456823024899,0.0003307255677254426
70000000000,3539369.8723821146,3521689.9773101253,17679.89507198939,0.004995209799898711
70000000000,2212865.976789927,2206664.6750589553,6201.301730971783,0.0028023846884607274
70000000000,3541146.4279420604,3532613.157416708,8533.270525352564,0.0024097480008223437
70000000000,2631612.8486561123,2625760.8776670615,5851.970989050809,0.0022237203287859154
70000000000,3541114.1123395357,3550123.2905713716,9009.178231835831,0.0025441649000923234
70000000000,2431042.404156715,2431871.148037561,828.743880846072,0.00034090062741359226
70000000000,3540933.708260899,3559704.553235111,18770.844974211883,0.005301100365256777
70000000000,2148554.890441029,2157243.853607418,8688.963166389149,0.004044096432000202
70000000000,3541062.48164113,3553272.1776784924,12209.69603736233,0.0034480317985532017
70000000000,2040655.4992360144,2051930.1169849618,11274.617748947348,0.005524998096527497
70000000000,3541191.6697283206,3536262.2491436442,4929.420584676322,0.0013920230940378626
70000000000,2223696.4591249437,2230456.867586634,6760.408461690415,0.003040166940928049
70000000000,3540554.640135237,3522809.3257026337,17745.314432603307,0.005012015414603373
70000000000,2506547.3927292414,2504976.0533056417,1571.339423599653,0.0006268939610548149
70000000000,3538743.6590787503,3523500.4715183377,15243.187560412567,0.004307513917066506
70000000000,2649429.1060937988,2642938.091684261,6491.014409537893,0.002449967200333191
70000000000,3536288.361598177,3536659.5913920365,371.2297938596457,0.00010497724051323504
70000000000,2552684.40546806,2549586.811689493,3097.5937785673887,0.001213465233670127
70000000000,3534419.8699691067,3550093.243512551,15673.37354344409,0.00443449678308341
70000000000,2282074.101334433,2287218.2230041823,5144.121669749264,0.002254143135291383
70000000000,3534215.8986837696,3551677.9183346825,17462.019650912844,0.004940846895464461
70000000000,2054906.1755985129,2065751.145601225,10844.970002712216,0.005277598622989931
70000000000,3535797.0396503867,3539988.5137074003,4191.474057013635,0.0011854396646669742
70000000000,2099496.623090082,2109299.2164496635,9802.59335958166,0.004669020779444743
70000000000,3538243.299379695,3525560.778265615,12682.521114080213,0.0035844118227549926
70000000000,2367362.5196889075,2370093.051694574,2730.5320056662895,0.001153406790450119
70000000000,3540278.2304693316,3521632.319132776,18645.91133655561,0.005266792642476504
70000000000,2604315.024219876,2599440.0226960317,4875.001523844432,0.0018718939446677504
70000000000,3540855.3257780545,3525504.7531637475,15350.57261430705,0.0043352724700589035
70000000000,2244908.766471382,2237819.154006651,7089.6124647310935,0.0031580848944141138
70000000000,3541199.7851880123,3541457.285206105,257.50001809280366,7.271547320483423e-05
70000000000,2006237.5920811635,2005169.017020964,1068.5750601994805,0.0005326263770638441
70000000000,3540996.740048022,3556696.063603488,15699.323555465788,0.0044335888191901806
70000000000,1652970.1587431845,1658930.8074919384,5960.648748753825,0.003606023204487812
70000000000,3540961.0955160246,3558470.2285551303,17509.133039105684,0.004944740302647713
70000000000,1510179.5615699666,1518497.333315913,8317.771745946491,0.005507803149778709
70000000000,3541173.701004802,3545276.8031109357,4103.102106133942,0.0011586842252244486
70000000000,1749456.491066404,1753686.186133625,4229.695067221066,0.0024177194967808548
70000000000,3541011.158940518,3528200.6950438423,12810.463896675501,0.003617741747108313
70000000000,2097024.9473605114,2093801.5635271799,3223.3838333315216,0.001537122311009575
70000000000,3539799.644841383,3521181.20760659,18618.437234793324,0.005259743234882325
70000000000,2265749.7993469294,2258079.8005912867,7669.998755642679,0.0033851922916879208
70000000000,3537527.1428113333,3529132.884546021,8394.258265312295,0.0023729169915686454
70000000000,2151909.5510683437,2147316.1174343624,4593.433633981273,0.0021345849000487973
70000000000,3535201.6396848923,3544257.5565295275,9055.91684463527,0.002561640824946682
70000000000,1823005.0202868169,1825796.215299759,2791.1950129421894,0.0015310956261124532
70000000000,3534074.0549992505,3552782.2324673953,18708.1774681448,0.0052936574551063756
70000000000,1529333.8689286935,1537252.1598915015,7918.290962808067,0.005177607796232795
70000000000,3534821.684008155,3547043.6717365384,12221.987728383392,0.003457596682649295
70000000000,1588699.9046268344,1595667.4637589345,6967.559132100083,0.0043856987161692285
70000000000,3536997.8828595765,3532204.212556867,4793.670302709565,0.0013552935176862472
70000000000,1928626.4822228896,1929264.3351820044,637.8529591148254,0.0003307291302874007
70000000000,3539370.093641461,3521689.9773101257,17680.116331335157,0.00499527200139307
70000000000,2212868.338973014,2206666.979792401,6201.359180612955,0.002802407658600687
70000000000,3541146.3117393213,3532613.1574167074,8533.154322613962,0.0024097152648919194
70000000000,2631607.3812585413,2625756.1373944557,5851.243864085525,0.002223448644260613
70000000000,3541114.479874583,3550123.2905713725,9008.81069678953,0.0025440608452479622
70000000000,2431038.484808087,2431867.608198012,829.123389925342,0.0003410572868782846
70000000000,3540933.3923291415,3559704.5364601607,18771.144131019246,0.005301185323531894
70000000000,2148553.3442890197,2157242.0252414695,8688.680952449795,0.004043967991553394
70000000000,3541063.7580477386,3553272.1776784933,12208.419630754739,0.003447670097159022
70000000000,2040653.8621209748,2051929.210754445,11275.348633470247,0.005525360690887133
70000000000,3541191.307447781,3536262.274332262,4929.033115518745,0.0013919138187061728
70000000000,2223695.005791005,2230454.459011489,6759.453220483847,0.0030397393540394255
70000000000,3540553.9640675834,3522809.321501128,17744.642566455528,0.005011826608644457
70000000000,2506543.33330363,2504971.8345081536,1571.4987954762764,0.0006269585586637504
70000000000,3538744.368171505,3523500.433687805,15243.934483699966,0.00430772412407303
70000000000,2649423.85491572,2642932.9216172644,6490.933298455551,0.0024499414415750523
70000000000,3536288.2371046455,3536659.5913920365,371.3542873910628,0.00010501244878588038
70000000000,2552679.987374959,2549582.07823178,3097.9091431791894,0.0012135908764517385
70000000000,3534420.091042239,3550093.2771363263,15673.186094087083,0.004434443470319152
70000000000,2282071.802386372,2287215.3350005927,5143.532614220865,0.0022538872829690336
70000000000,3534214.9867070066,3551677.846611293,17462.85990428645,0.004941085918646226
70000000000,2054905.6182134314,2065750.0299103775,10844.411696946016,0.0052773283604014495
70000000000,3535797.2454143385,3539988.5137074,4191.268293061294,0.0011853814011810353
70000000000,2099494.9502255595,2109297.6293273186,9802.679101759102,0.004669065339121654
70000000000,3538243.790834259,3525560.7782656155,12683.012568643317,0.0035845502227682493
70000000000,2367359.387057471,2370089.669098258,2730.2820407869294,0.0011533027286493058
70000000000,3540277.979436643,3521632.390842022,18645.588594621047,0.005266701853052816
70000000000,2604310.3231360265,2599435.1089716298,4875.214164396748,0.0018719789731225932
70000000000,3540854.958605319,3525504.753163748,15350.20544157084,0.004335169223541712
70000000000,2244912.9260150883,2237823.416970277,7089.50904481113,0.0031580329743103276
70000000000,3541199.7857135227,3541457.356829953,257.57111643021926,7.273555066544228e-05
70000000000,2006240.756360886,2005171.7170956095,1069.0392652763985,0.0005328569175394112
70000000000,3540997.229276248,3556695.92938717,15698.700110922102,0.004433412141960583
70000000000,1652970.4483415606,1658930.8787718727,5960.430430312175,0.003605890496283419
70000000000,3540960.921620632,3558470.362761562,17509.44114093017,0.004944827556277131
70000000000,1510178.2289936943,1518496.3283708026,8318.099377108272,0.005508024958518326
70000000000,3541173.6225617435,3545276.7947182776,4103.172156534158,0.001158704032581677
70000000000,1749457.35007967,1753687.0362343192,4229.686154649127,0.0024177132151615515
70000000000,3541011.068173932,3528200.703443672,12810.36473025987,0.0036177138347285825
70000000000,2097028.442155139,2093804.8739609404,3223.568194198655,0.001537207664616012
70000000000,3539799.9608426765,3521181.2076065904,18618.753236086108,0.005259832036286528
70000000000,2265754.199644776,2258084.212143646,7669.987501129974,0.0033851807501151143
70000000000,3537526.8941038973,3529132.8845460215,8394.009557875805,0.0023728468529430414
70000000000,2151913.3277792563,2147319.7970412434,4593.530738012865,0.002134626278258764
70000000000,3535201.4640939245,3544257.5229035453,9056.058809620794,0.0025616811097191232
70000000000,1823006.6882842674,1825797.632230222,2790.943945954554,0.0015309565038300905
70000000000,3534073.9438092904,3552782.2660900652,18708.322280774824,0.005293698597774552
70000000000,1529332.8809868474,1537251.2448655837,7918.363878736272,0.005177658819201424
70000000000,3534821.2600393514,3547043.600009195,12222.339969843626,0.0034576967463717137
70000000000,1588700.0767476142,1595667.0312259903,6966.954478376079,0.004385317644497648
70000000000,3536997.827070014,3532204.212556867,4793.614513147157,0.00135527776592334
70000000000,1928628.7313883796,1929266.3689481828,637.6375598032027,0.0003306170593778206
70000000000,3539370.664381187,3521689.9773101253,17680.687071061693,0.004995432450461622
70000000000,2212873.0714040063,2206670.7758922162,6202.295511790086,0.002802824794580243
70000000000,3541145.5115046636,3532613.1574167074,8532.35408795625,0.0024094898275814646
70000000000,2631605.0071529425,2625753.2594201053,5851.747732837219,0.002223642118377049
70000000000,3541114.5741649354,3550123.3621674892,9008.788002553862,0.0025440543687232464
70000000000,2431034.8235295424,2431865.4590459513,830.6355164088309,0.0003416798099185011
70000000000,3540933.5752225714,3559704.5364601603,18770.961237588897,0.00530113339853008
70000000000,2148553.3753578826,2157240.775849143,8687.400491260458,0.004043371968738456
70000000000,3541063.795032528,3553272.1608990314,12208.365866503213,0.0034476548780706354
70000000000,2040653.2247854024,2051928.7019933218,11275.47720791935,0.005525425423079952
70000000000,3541191.238905724,3536262.2827284695,4928.956177254673,0.0013918921189858661
70000000000,2223694.0721975975,2230453.2361977496,6759.164000152145,0.0030396105672361234
70000000000,3540553.9265443385,3522809.325702634,17744.60084170429,0.005011814876951592
70000000000,2506541.290140157,2504969.524217036,1571.7659231210127,0.0006270656419280949
70000000000,3538744.0413831556,3523500.437891197,15243.603491958696,0.004307630988196753
70000000000,2649421.172080108,2642930.3061744957,6490.8659056122415,0.0024499184855974205
70000000000,3536288.8239877974,3536659.5913920365,370.7674042391591,0.00010484647117173325
70000000000,2552677.5399648105,2549579.7832246744,3097.756740136072,0.0012135323367865633
70000000000,3534419.5279269516,3550093.277136326,15673.74920937419,0.004434603500102133
70000000000,2282070.749355003,2287214.0222731987,5143.272918195929,0.002253774524584572
70000000000,3534215.373917164,3551677.8466112935,17462.472694129683,0.004940975816868532
70000000000,2054904.8826473164,2065749.4540699588,10844.57142264233,0.005277407978451713
70000000000,3535797.058863739,3539988.5137074,4191.454843660817,0.0011854342242729788
70000000000,2099494.1759709124,2109297.0713520213,9802.895381108858,0.004669170075966275
70000000000,3538244.1999314344,3525560.7782656145,12683.421665819827,0.0035846654298382265
70000000000,2367357.6095283823,2370087.9778021146,2730.3682737322524,0.001153340020427327
70000000000,3540277.9203735106,3521632.319132776,18645.60124073457,0.005266705512986223
70000000000,2604308.6304585356,2599432.6521121943,4875.97834634129,0.0018722736196910676
70000000000,3540855.171470746,3525504.753163748,15350.418306997977,0.004335229079878451
70000000000,2244908.3113689744,2237819.154006649,7089.157362325583,0.003157882808141292
70000000000,3541198.0083988262,3541457.553817933,259.5454191067256,7.329311111413412e-05
70000000000,2006237.1057359783,2005169.0170209638,1068.0887150145136,0.000532384089577832
70000000000,3540998.171367203,3556695.7325306484,15697.561163445469,0.004433089316559725
70000000000,1652971.276290583,1658930.8253114363,5959.549020853359,0.003605355462816708
70000000000,3540960.6449001986,3558470.362761562,17509.717861363664,0.004944906091114485
70000000000,1510179.2163498965,1518497.4768794926,8318.260529596126,0.005508128068204623
70000000000,3541173.8484725985,3545276.8282889123,4102.979816313833,0.0011586496432767785
70000000000,1749456.520141608,1753686.146898397,4229.62675678893,0.002417680409940435
70000000000,3541011.3394557564,3528200.6698443578,12810.669611398596,0.0036177996575880948
70000000000,2097025.4699535088,2093801.666978055,3223.802975453902,0.0015373218025460482
70000000000,3539799.2611449347,3521181.2076065904,18618.053538344335,0.005259635410038025
70000000000,2265749.7333133775,2258079.6804324524,7670.052880925126,0.003385216278811441
70000000000,3537527.1718847738,3529132.850916977,8394.320967796724,0.002372934697014434
70000000000,2151910.0183639205,2147316.0024468456,4594.015917074867,0.0021348550254753026
70000000000,3535201.6502950387,3544257.5565295275,9055.906234488823,0.0025616378159738187
70000000000,1823005.610792839,1825796.126741905,2790.51594906603,0.001530722633295908
70000000000,3534073.9413174377,3552782.1315993774,18708.190281939693,0.0052936612511750745
70000000000,1529333.7326076631,1537252.2189254612,7918.48631779803,0.005177735996378134
70000000000,3534821.70510937,3547043.734509116,12222.029399746098,0.003457608450825086
70000000000,1588700.5192974736,1595667.5718926766,6967.052595203044,0.004385378182090535
70000000000,3536996.764002518,3532204.2125568674,4792.5514456504025,0.0013549776167245005
70000000000,1928626.3685599284,1929264.1899262404,637.8213663119823,0.000330712768792139
70000000000,3539371.5916197696,3521689.9773101253,17681.614309644327,0.004995693120075153
70000000000,2212869.793672588,2206666.70866691,6203.0850056782365,0.0028031857199258387
70000000000,3541146.1826634076,3532613.1574167074,8533.025246700272,0.002409678902406202
70000000000,2631613.636516458,2625760.877667061,5852.758849396836,0.0022240190460269464
70000000000,3541114.798896343,3550123.2905713725,9008.491675029509,0.0025439705252812417
70000000000,2431042.6788957566,2431871.1480375594,828.4691418027505,0.0003407875760449681
70000000000,3540933.031605313,3559704.608027352,18771.576422038954,0.005301307947506902
70000000000,2148556.8672445365,2157243.39651574,8686.529271203559,0.004042959906545917
70000000000,3541063.860106482,3553272.2280168794,12208.367910397239,0.003447655391910985
70000000000,2040655.01668075,2051930.2282764083,11275.211595658213,0.005525290410918173
70000000000,3541191.490413707,3536262.215558826,4929.274854881223,0.0013919820117678388
70000000000,2223697.5277851135,2230456.9416966937,6759.413911580108,0.003039718229265083
70000000000,3540553.677348939,3522809.3593146876,17744.31803425122,0.005011735353081171
70000000000,2506548.0273213834,2504976.220718375,1571.8066030084155,0.0006270801859273061
70000000000,3538744.8751000552,3523500.437891197,15244.437208858319,0.004307865570113272
70000000000,2649428.4773715115,2642938.578279191,6489.899092320353,0.002449546816511521
70000000000,3536288.2960993554,3536659.5913920365,371.2952926810831,0.00010499576436984344
70000000000,2552684.453473031,2549586.811689492,3097.641783539206,0.0012134840165319838
70000000000,3534418.9098365037,3550093.2771363263,15674.367299822625,0.004434779153144497
70000000000,2282075.3193054413,2287218.135488855,5142.816183413845,0.0022535698712078797
70000000000,3534215.5478340196,3551677.9474806692,17462.399646649603,0.004940954905071258
70000000000,2054905.2257670243,2065751.181591253,10845.955824228702,0.0052780808030600465
70000000000,3535797.8994948626,3539988.379198033,4190.479703170247,0.0011851581516491411
70000000000,2099495.613066535,2109299.489246074,9803.876179539133,0.004669634039015464
70000000000,3538244.3423656146,3525560.7782656145,12683.564100000076,0.0035847055411441834
70000000000,2367362.596246513,2370092.6288697408,2730.0326232276857,0.0011531958085154303
70000000000,3540277.2619948057,3521632.319132776,18644.942862029653,0.005266520524306045
70000000000,2604315.1810465814,2599440.0226960285,4875.158350552898,0.0018719540499678483
70000000000,3540855.6812190493,3525504.7531637475,15350.928055301774,0.004335372417668472
70000000000,1713067.5469962228,1713106.1947915764,38.647795353550464,2.2560578782382174e-05
70000000000,3541198.8666772163,3541457.5538179325,258.6871407162398,7.305072390892624e-05
70000000000,1468502.6127874483,1470770.34157068,2267.7287832316943,0.0015442456577773392
70000000000,3540998.3252015333,3556695.732530649,15697.407329115551,0.004433045680195894
70000000000,905059.8311941696,908842.3473137481,3782.516119578504,0.0041792995216545096
70000000000,3540960.9362048223,3558470.362761562,17509.426556739956,0.004944823417201106
70000000000,281585.58004228486,283174.08946889185,1588.5094266069937,0.005641302464311035
70000000000,3541173.735328977,3545276.7611476462,4103.025818669237,0.0011586626710050599
70000000000,759168.1040248926,762703.9477575781,3535.843732685549,0.004657524089776053
70000000000,3541011.609044485,3528200.6698443578,12810.939200127032,0.003617875515405036
70000000000,1371415.9079215128,1374275.889741023,2859.981819510227,0.002085422666450436
70000000000,3539799.706936688,3521181.2748496775,18618.432087010704,0.00525974168835754
70000000000,1692490.8806311926,1692758.4892885275,267.6086573349312,0.00015811527281915397
70000000000,3537526.1973864236,3529132.9181750743,8393.27921134932,0.0023726408634232583
70000000000,1636046.3453755863,1636915.7084871815,869.3631115951575,0.0005313804917889281
70000000000,3535202.604564566,3544257.5229035458,9054.918338979594,0.0025613576792708026
70000000000,1216999.9720991035,1220501.1490584076,3501.176959304139,0.002876891569081342
70000000000,3534074.0751686026,3552782.097976704,18708.022808101494,0.005293613662359065
70000000000,557852.3592790087,560738.3748793394,2886.015600330662,0.005173439804145791
70000000000,3534821.3839035816,3547043.8690090626,12222.485105480999,0.003457737684042026
70000000000,417876.62876380153,420150.7542120015,2274.1254481999786,0.005442097718954734
70000000000,3536998.20245053,3532204.078041042,4794.124409487937,0.0013554217828458139
70000000000,1090320.0700331647,1094081.7663525885,3761.6963194238488,0.0034500844502563617
70000000000,3539368.422804506,3521689.977310125,17678.445494381245,0.004994802287458193
70000000000,1575019.7030672445,1576461.900353307,1442.1972860624082,0.0009156693616300967
80000000000,3540873.4166904488,3525741.2893918175,15132.12729863124,0.004273557825395181
80000000000,2242503.127280665,2235478.9648308917,7024.162449773401,0.003132286579368626
80000000000,3541200.0888327966,3541830.80915518,630.7203223835677,0.00017810920212403398
80000000000,1999269.0748740134,1998358.2646479285,910.8102260848973,0.0004555716074097196
80000000000,3540989.650633364,3556897.3934572395,15907.74282387551,0.004492456740456767
80000000000,1646647.5149240824,1652719.7577078647,6072.242783782305,0.003687639721766599
80000000000,3540965.5846904158,3558329.1865895465,17363.601899130736,0.0049036347526797055
80000000000,1511585.3485276953,1519879.9030081981,8294.554480502848,0.005487321300502057
80000000000,3541176.956959512,3544913.0366778467,3736.0797183346003,0.0010550389782109147
80000000000,1756777.8471581948,1760871.567120296,4093.719962101197,0.0023302433877586144
80000000000,3540998.359386781,3527916.916477488,13081.442909293342,0.003694280985647998
80000000000,2102948.7304021167,2099579.067420333,3369.6629817835055,0.0016023514663332631
80000000000,3539761.4326175908,3521200.2929520723,18561.13966551842,0.005243613169657252
80000000000,2266307.1938240468,2258621.5228029722,7685.671021074522,0.003391275040744202
80000000000,3537475.7108788374,3529416.7836008817,8058.927277955692,0.0022781576289476664
80000000000,2146785.525312183,2142323.0819187653,4462.443393417634,0.002078662884951542
80000000000,3535162.7926147613,3544542.9153467556,9380.122731994372,0.002653377873174667
80000000000,1815431.0159583057,1818369.1073255723,2938.0913672666065,0.001618398794247594
80000000000,3534070.3933340623,3552813.305927709,18742.912593646906,0.005303491585509913
80000000000,1526268.7612468929,1534235.6309037176,7966.86965682474,0.00521983405485949
80000000000,3534855.0326872626,3546791.409353198,11936.376665935386,0.00337676554075292
80000000000,1594001.4717905298,1600881.5659018306,6880.094111300772,0.004316240752006593
80000000000,3537049.882513162,3531896.0477723232,5153.834740838967,0.0014570998182182942
80000000000,1936028.9433307648,1936507.5558339544,478.61250318959355,0.000247213506202125
80000000000,3539410.356246751,3521608.214647872,17802.141598878894,0.005029691334733105
80000000000,2216406.8162259483,2210111.5072104256,6295.309015522711,0.002840321988470615
80000000000,3541153.6056561517,3532954.529693069,8199.075963082723,0.0023153686273271645
80000000000,2629561.5790021205,2623784.89814276,5776.680859360378,0.0021968228108780563
80000000000,3541108.1169642364,3550446.8559857286,9338.73902149219,0.0026372363432659654
80000000000,2425292.0144111705,2426298.7751803966,1006.7607692261226,0.00041510909335614626
80000000000,3540933.3990698606,3559739.013560375,18805.61449051462,0.005310920136327477
80000000000,2143693.2027227785,2152503.3997997562,8810.197076977696,0.004109821809290416
80000000000,3541068.618991439,3552987.9662460764,11919.347254637163,0.003366031144020025
80000000000,2041695.3173139289,2052947.3000575223,11251.982743593398,0.005511097884280109
80000000000,3541188.0057913917,3535898.8210953563,5289.18469603546,0.0014936187198717856
80000000000,2229467.940216006,2236074.9293368403,6606.989120834507,0.002963482453214545
80000000000,3540528.994344569,3522663.3632584736,17865.631086095236,0.00504603439616869
80000000000,2511512.4296655455,2509778.7027087617,1733.7269567837939,0.0006903119157625159
80000000000,3538696.5393239516,3523674.2494309396,15022.289893012028,0.004245147818151695
80000000000,2649910.3606252363,2643402.3532369495,6508.007388286758,0.0024559349195310966
80000000000,3536239.00920667,3536983.393378273,744.3841716032475,0.0002105016571745372
80000000000,2548366.441829813,2545414.070925254,2952.3709045592695,0.001158534681707458
80000000000,3534396.1768698157,3550272.9740860187,15876.797216203064,0.004492081934703796
80000000000,2276024.7999867075,2281334.526106727,5309.726120019332,0.00233289466795368
80000000000,3534232.6577282213,3551552.226175227,17319.568447005935,0.004900517346851417
80000000000,2052623.7833789708,2063522.6378758827,10898.854496911867,0.005309718510116103
80000000000,3535843.993158043,3539670.198966146,3826.2058081030846,0.0010821195209706367
80000000000,2103513.8262848356,2113221.306306858,9707.4800220225,0.0046148876706779566
80000000000,3538290.7063977187,3525337.6435081456,12953.062889573164,0.0036608249475240224
80000000000,2373403.8772886926,2375956.3320725416,2552.4547838489525,0.001075440555344842
80000000000,3540309.43932356,3521716.354986339,18593.084337220993,0.005251824637332701
80000000000,2607328.4135681214,2602349.328671091,4979.084897030611,0.0019096500736617017
80000000000,3540872.4382090936,3525741.2893918185,15131.148817275185,0.004273282667287567
80000000000,2242500.474329451,2235479.4958059313,7020.9785235198215,0.003130870474227758
80000000000,3541196.386029736,3541830.674851555,634.2888218187727,0.0001791170984814866
80000000000,1999267.4745511792,1998358.5961854418,908.878365737386,0.0004546056879865074
80000000000,3540993.735401353,3556897.259242033,15903.523840680253,0.004491260089416022
80000000000,1646650.1149178122,1652719.7577078647,6069.642790052574,0.003686054939701336
80000000000,3540963.9337817454,3558329.4550040043,17365.521222258918,0.0049041790729883435
80000000000,1511583.6052269612,1519880.186992936,8296.581765974872,0.005488668795616606
80000000000,3541176.95479894,3544913.036677846,3736.081878906116,0.0010550395889827092
80000000000,1756777.541920033,1760871.6788024807,4094.1368824476376,0.0023304811137174696
80000000000,3540998.115499569,3527916.7820780105,13081.333421558607,0.003694250320071993
80000000000,2102949.0036147973,2099579.067420333,3369.9361944640987,0.0016024811769907183
80000000000,3539761.930939177,3521200.4274394508,18561.5034997263,0.0052437152164076534
80000000000,2266307.1264271946,2258620.9730582195,7686.153368975036,0.0033914879759003196
80000000000,3537476.029406405,3529416.649084602,8059.380321803037,0.0022782854936137663
80000000000,2146784.858200033,2142323.0819187644,4461.7762812688015,0.0020783527814751627
80000000000,3535162.6349149323,3544542.982598536,9380.347683603875,0.00265344162414457
80000000000,1815429.477228899,1818369.1073255716,2939.6300966725685,0.0016192477502126204
80000000000,3534070.209663153,3552813.3059277087,18743.096264555585,0.005303543832634289
80000000000,1526269.0887599695,1534235.6916252887,7966.602865319233,0.00521965813498311
80000000000,3534854.75438082,3546791.4766033664,11936.722222546581,0.0033768635635603272
80000000000,1594001.2139306662,1600881.590138769,6880.376208102796,0.004316418424259789
80000000000,3537050.3049185807,3531895.9132564384,5154.3916621422395,0.0014572570978067807
80000000000,1936026.9290461522,1936507.6952736406,480.766227488406,0.00024832620883288614
80000000000,3539412.4065601556,3521608.349144508,17804.057415647432,0.005030229702152917
80000000000,2216406.759746526,2210110.9960271814,6295.763719344512,0.0028405272144470953
80000000000,3541154.057574242,3532954.529693069,8199.527881172951,0.002315495950715509
80000000000,2629553.0478379987,2623775.3993717185,5777.648466280196,0.0021971979120294
80000000000,3541108.5064563337,3550446.8559857276,9338.349529393949,0.0026371260616182145
80000000000,2425284.9809611742,2426291.5006256145,1006.519664440304,0.0004150108842225239
80000000000,3540933.0999801494,3559739.1477598078,18806.047779658344,0.005311042950730634
80000000000,2143689.590060623,2152499.814528467,8810.224467844237,0.004109841512826065
80000000000,3541068.3871037466,3552987.832008724,11919.444904977456,0.003366058940964542
80000000000,2041693.6646552018,2052945.24900831,11251.584353108192,0.005510907217811415
80000000000,3541188.4972146754,3535898.955437219,5289.541777456645,0.0014937193492007381
80000000000,2229463.2823514594,2236070.4058050127,6607.1234535533,0.0029635488980041132
80000000000,3540528.375490726,3522663.363258473,17865.012232252862,0.005045860486791531
80000000000,2511504.68802815,2509771.146611509,1733.541416640859,0.0006902401675395276
80000000000,3538696.658239986,3523674.2494309396,15022.408809046261,0.004245181279968156
80000000000,2649899.9507901473,2643392.6156303617,6507.33515978558,0.002455690886686202
80000000000,3536239.069802797,3536983.2588657406,744.1890629436821,0.0002104464795094249
80000000000,2548357.83877182,2545406.0862137023,2951.7525581177324,0.0011582959477701642
80000000000,3534397.4729261273,3550273.1085809176,15875.635654790327,0.004491751642648978
80000000000,2276019.660752283,2281329.35392039,5309.6931681069545,0.0023328854577433504
80000000000,3534231.6940458706,3551552.226175227,17320.532129356638,0.0049007913540407054
80000000000,2052623.2049515627,2063520.652866974,10897.447915411321,0.005309034745940367
80000000000,3535841.877817644,3539670.1317112693,3828.253893625457,0.0010826994039643799
80000000000,2103510.939087007,2113218.5313950493,9707.592308042105,0.004614947385182375
80000000000,3538292.86469031,3525337.710764653,12955.153925656807,0.003661413687640215
80000000000,2373396.378138458,2375949.9136865623,2553.535548104439,0.0010758993194837816
80000000000,3540309.074627763,3521716.220521852,18592.854105911218,0.0052517601469205385
80000000000,2607319.8563264273,2602340.0803406728,4979.775985754561,0.0019099213982786123
80000000000,3540873.816663558,3525741.35660081,15132.460062748287,0.004273651320624319
80000000000,2242509.789254248,2235487.194966195,7022.594288052991,0.0031315779853912573
80000000000,3541197.2571620177,3541830.7420033566,633.4848413388245,0.00017889001807442695
80000000000,1999273.2500293115,1998363.5692691335,909.6807601780165,0.0004550057177850399
80000000000,3540992.3372080806,3556897.39345724,15905.056249159388,0.004491694625269886
80000000000,1646648.7248745936,1652719.7969154336,6071.072040840052,0.003686926026862479
80000000000,3540964.204634311,3558329.186589546,17364.981955234893,0.004904026404025239
80000000000,1511581.5141594973,1519877.5554071588,8296.041247661458,0.005488318803815489
80000000000,3541176.64974402,3544913.0366778467,3736.3869338268414,0.0010551258249420945
80000000000,1756779.3331272427,1760873.2423657896,4093.909238546854,0.0023303491573180603
80000000000,3540998.5077432697,3527916.916477488,13081.591265781783,0.0036943227276644273
80000000000,2102955.3399725053,2099585.7664897847,3369.573482720647,0.0016023038714482172
80000000000,3539761.6359858275,3521200.2929520723,18561.343033755198,0.005243670320921438
80000000000,2266315.053435022,2258630.318746008,7684.7346890140325,0.003390850127993629
80000000000,3537476.3112645717,3529416.6490846025,8059.662179969251,0.0022783649898387858
80000000000,2146792.7024316266,2142329.9193557417,4462.783075884916,0.0020788141634867753
80000000000,3535161.7311781067,3544542.9825985353,9381.25142042851,0.0026536979447619705
80000000000,1815433.217887796,1818371.658784018,2938.440896221902,0.0016185893632819461
80000000000,3534070.81650228,3552813.389984365,18742.57348208502,0.0053033949955294925
80000000000,1526267.447947105,1534233.809258003,7966.3613108980935,0.005219505481567592
80000000000,3534854.307568356,3546791.4597908235,11937.152222467586,0.003376985636129149
80000000000,1594000.3969694455,1600880.8327407825,6880.435771337012,0.004316458003660647
80000000000,3537049.7493630806,3531895.9805143652,5153.76884871535,0.0014570812439501008
80000000000,1936032.272574238,1936511.948203945,479.6756297070533,0.00024776220753244696
80000000000,3539412.1245415807,3521608.2146478714,17803.909893709235,0.005030188423173571
80000000000,2216416.068226782,2210119.1749826004,6296.89324418176,0.0028410249025218066
80000000000,3541154.2795769456,3532954.529693069,8199.749883876648,0.0023155584977382726
80000000000,2629552.3781596944,2623774.9244338614,5777.45372583298,0.002197124413196272
80000000000,3541108.129606404,3550446.788859764,9338.659253360238,0.0026372138075315523
80000000000,2425284.9296549833,2426291.26596293,1006.3363079465926,0.0004149352909597109
80000000000,3540933.0893354975,3559738.9419932705,18805.852657773066,0.005310987862044643
80000000000,2143689.5653860387,2152499.5904492694,8810.025063230656,0.0041097485407800335
80000000000,3541068.847316672,3552988.172070803,11919.324754131027,0.003366024572824438
80000000000,2041693.724145279,2052945.052455019,11251.32830973994,0.005510781649902029
80000000000,3541188.242217778,3535898.6867536195,5289.555464158766,0.0014937233217644536
80000000000,2229463.091709358,2236070.4058050113,6607.314095653128,0.0029636346617369722
80000000000,3540528.157860164,3522663.363258473,17864.794601690955,0.0050457993285634925
80000000000,2511504.0975419367,2509770.0671707257,1734.0303712110035,0.0006904350157772534
80000000000,3538697.219783778,3523674.383940133,15022.835843645036,0.004245301281968103
80000000000,2649899.546325919,2643391.3172848467,6508.22904107254,0.0024560285879878683
80000000000,3536239.249757206,3536983.25886574,744.0091085340828,0.00021039558015910987
80000000000,2548357.413970664,2545405.5158779845,2951.8980926796794,0.0011583532500177233
80000000000,3534396.1533205532,3550273.041333468,15876.888012914918,0.004492107654089267
80000000000,2276019.984545246,2281329.009108493,5309.024563246872,0.0023325913653203826
80000000000,3534231.9341000654,3551552.2934216177,17320.35932155233,0.004900742125732243
80000000000,2052622.5961254041,2063520.298401096,10897.702275691787,0.0053091602403006945
80000000000,3535843.2373006227,3539670.1653387058,3826.928038083017,0.0010823240119108384
80000000000,2103511.6795124114,2113218.317940457,9706.638428045437,0.00461449229048037
80000000000,3538292.457703534,3525337.6771363937,12954.780567140318,0.0036613085893833627
80000000000,2373396.6479815347,2375949.6462542275,2552.9982726927847,0.0010756728231094423
80000000000,3540308.2214312474,3521716.28775407,18591.93367717741,0.005251501427087954
80000000000,2607320.4105821797,2602339.6179248346,4980.792657345068,0.0019103109219449264
80000000000,3540872.5617879797,3525741.3229963086,15131.238791671116,0.004273307928379814
80000000000,2242502.300292186,2235479.3630621526,7022.937230033334,0.0031317413717338364
80000000000,3541197.837914289,3541830.742003356,632.9040890671313,0.00017872598991529432
80000000000,1999268.1260288628,1998358.6790698466,909.4469590161461,0.0004548899405616877
80000000000,3540993.027602111,3556897.259242033,15904.23163992213,0.004491460874378551
80000000000,1646650.1265113258,1652719.7589327986,6069.632421472808,0.0036860486169774456
80000000000,3540964.2659440814,3558329.320796777,17365.05485269567,0.004904046906010177
80000000000,1511583.8028452247,1519879.9692775796,8296.166432354832,0.005488393310869777
80000000000,3541177.201310604,3544913.0366778467,3735.8353672428057,0.0010549699026245166
80000000000,1756777.4855045495,1760871.5149970483,4094.029492498841,0.0023304200596144533
80000000000,3540998.0620103423,3527916.916477488,13081.145532854367,0.0036941973149309678
80000000000,2102948.8886716613,2099579.067420333,3369.8212513281032,0.0016024266065052435
80000000000,3539761.6522041424,3521200.2929520723,18561.359252070077,0.005243674878649604
80000000000,2266307.246428234,2258621.5228029722,7685.723625261802,0.003391298173438189
80000000000,3537475.527378847,3529416.649084602,8058.878294244874,0.002278143900041688
80000000000,2146785.579849077,2142323.537746558,4462.042102518957,0.002078475905745858
80000000000,3535162.6559598623,3544543.1171021285,9380.46114226617,0.0026534737026744247
80000000000,1815431.5460301547,1818368.9372294568,2937.391199302161,0.0016180126459328203
80000000000,3534069.970420688,3552813.2723050457,18743.301884357817,0.005303602373816797
80000000000,1526268.7749459362,1534235.5094605845,7966.734514648328,0.005219745463855491
80000000000,3534855.5637601907,3546791.42616574,11935.86240554927,0.003376619550715825
80000000000,1594001.5543584016,1600881.5477241362,6879.993365734583,0.004316177325500686
80000000000,3537048.862873193,3531895.96369988,5152.8991733128205,0.001456835733144792
80000000000,1936027.8114540651,1936507.7366698054,479.9252157402225,0.0002478916949957304
80000000000,3539412.8640726223,3521608.2818961656,17804.582176456694,0.005030377314041252
80000000000,2216409.067183955,2210111.315516686,6297.75166726904,0.0028414211801030976
80000000000,3541152.7395360507,3532954.4961026018,8198.243433448952,0.002315134092330357
80000000000,2629563.033489654,2623785.096034105,5777.937455548905,0.002197299468376345
80000000000,3541109.695283184,3550446.8895487133,9337.194265529513,0.0026367989328223325
80000000000,2425292.4017698006,2426298.6761817704,1006.2744119698182,0.00041490849154333427
80000000000,3540932.8486190303,3559739.0090929917,18806.160473961383,0.005311075153909179
80000000000,2143693.8584863204,2152503.3157698717,8809.457283551339,0.004109475449900187
80000000000,3541068.5725100515,3552988.100483456,11919.52797340462,0.0033660822232978054
80000000000,2041695.6198317965,2052947.231694904,11251.61186310742,0.005510915414529016
80000000000,3541188.1248981426,3535898.7583965925,5289.36650155019,0.0014936700098931715
80000000000,2229467.838849049,2236075.2309060628,6607.392057013698,0.0029636633199538456
80000000000,3540528.424787084,3522663.3632584736,17865.06152861053,0.005045874339982139
80000000000,2511512.381266776,2509778.990536638,1733.3907301379368,0.0006901780548912268
80000000000,3538696.996095526,3523674.114921928,15022.881173598114,0.004245314360108773
80000000000,2649910.0963888145,2643402.050260092,6508.046128722373,0.0024559497839535247
80000000000,3536239.4089914393,3536983.527890897,744.1188994576223,0.00021042661805238192
80000000000,2548366.293407651,2545413.8047426483,2952.488665002864,0.0011585809593544828
80000000000,3534396.1299831774,3550272.906838571,15876.776855393779,0.00449207623353451
80000000000,2276025.1252520946,2281334.526106727,5309.400854632258,0.0023327514251602053
80000000000,3534231.8141921856,3551552.2766100205,17320.462417834904,0.004900771462777921
80000000000,2052624.6850446442,2063522.7087690583,10898.023724414175,0.005309311441013458
80000000000,3535843.105489962,3539670.178999853,3827.073509891052,0.001082365194300875
80000000000,2103514.504514112,2113221.3774584946,9706.872944382485,0.004614597581120394
80000000000,3538293.3261523535,3525337.697103171,12955.629049182404,0.0036615474905441897
80000000000,2373403.601770024,2375956.535990326,2552.9342203023843,0.0010756426839491063
80000000000,3540308.3060376886,3521716.270946011,18592.03509167768,0.005251529947256452
80000000000,2607330.3892919812,2602349.4828101513,4980.906481829938,0.001910347266417011
80000000000,3540872.621494141,3525741.32614673,15131.29534741072,0.004273323828583749
80000000000,2242502.7718151873,2235479.3298762096,7023.441938977689,0.0031319657782597006
80000000000,3541198.3576106755,3541830.73046164,632.3728509643115,0.00017857594720872608
80000000000,1999268.5815790566,1998358.6661191578,909.9154598987661,0.0004551241730513763
80000000000,3540993.0082202535,3556897.276018934,15904.267798680346,0.004491471110436907
80000000000,1646649.462873602,1652719.759239035,6070.296365432907,0.003686453311586734
80000000000,3540963.8075606176,3558329.3834327487,17365.575872131158,0.004904194681417646
80000000000,1511583.0262136923,1519879.8272852097,8296.801071517402,0.005488815981415026
80000000000,3541177.0341913593,3544913.0366778467,3736.002486487385,0.001055017145546499
80000000000,1756779.9066751183,1760871.6788024805,4091.772127362201,0.002329131903100081
80000000000,3540998.314186075,3527916.916477488,13081.397708586883,0.0036942682678440474
80000000000,2102949.5542284325,2099579.904801391,3369.6494270414114,0.001602344393029308
80000000000,3539761.812648725,3521200.2929520723,18561.51969665289,0.005243719967351056
80000000000,2266306.882526021,2258621.5228029722,7685.35972304875,0.003391138147399819
80000000000,3537475.43380826,3529416.720820655,8058.712987605017,0.0022780972301846996
80000000000,2146785.455199748,2142323.5377465584,4461.9174531893805,0.0020784179631840394
80000000000,3535162.521903201,3544542.848094984,9380.326191782951,0.0026534356295260025
80000000000,1815430.8842958088,1818369.368132366,2938.4838365572505,0.0016186150968215266
80000000000,3534069.779611974,3552813.3731730347,18743.593561060727,0.0053036851929728155
80000000000,1526268.8646488432,1534235.6309037178,7966.766254874645,0.005219765953037115
80000000000,3534855.3293937887,3546791.4429782815,11936.113584492821,0.0033766908323628084
80000000000,1594001.336214019,1600881.5659018308,6880.229687811807,0.004316326173322624
80000000000,3537049.2148223743,3531895.9973288514,5153.217493522912,0.0014569255841642846
80000000000,1936028.406889098,1936507.6952736406,479.28838454256766,0.00024756268184758246
80000000000,3539412.423896089,3521608.2566780495,17804.167218039744,0.005030260700289174
80000000000,2216409.06307017,2210111.4433125095,6297.619757660665,0.0028413616703665706
80000000000,3541152.737707199,3532954.4961026018,8198.241604597308,0.00231513357706944
80000000000,2629552.7772753416,2623775.082746473,5777.694528868422,0.002197215655376609
80000000000,3541109.359611706,3550446.8559857276,9337.49637402175,0.002636884497417961
80000000000,2425284.8859866345,2426291.148631596,1006.2626449614763,0.0004149049255102733
80000000000,3540932.507342937,3559738.9084434086,18806.401100471616,0.0053111436214816924
80000000000,2143689.9967819215,2152499.702488865,8809.705706943292,0.004109598738702099
80000000000,3541069.885801297,3552988.1004834566,11918.21468215948,0.0033657101007659286
80000000000,2041692.73515971,2052945.052455019,11252.317295308923,0.0055112687142067525
80000000000,3541187.6360226767,3535898.6867536195,5288.9492690572515,0.0014935523933427013
80000000000,2229463.6313956073,2236070.4058050117,6606.77440940449,0.0029633918743356036
80000000000,3540527.7207691707,3522663.6321588466,17864.088610324077,0.00504560054862193
80000000000,2511503.940944026,2509770.0671707275,1733.873773298692,0.000690372706581126
80000000000,3538697.486216989,3523674.1149219275,15023.371295061428,0.004245452275470437
80000000000,2649899.124226854,2643392.6156303617,6506.508596492466,0.002455379730121173
80000000000,3536239.159999186,3536983.2588657415,744.0988665553741,0.00021042096783848336
80000000000,2548357.275723753,2545405.5158779845,2951.759845768567,0.0011582990634349906
80000000000,3534396.5486734877,3550273.113058136,15876.56438464811,0.004492015586255262
80000000000,2276019.6255473476,2281328.3194848998,5308.6939375521615,0.002332446468371512
80000000000,3534231.678131083,3551552.2934216177,17320.615290534683,0.004900814906309113
80000000000,2052622.8681012846,2063520.3740142167,10897.505912932102,0.005309063872513758
80000000000,3535843.450633809,3539670.1653387058,3826.714704896789,0.001082263612154786
80000000000,2103510.9604579927,2113218.3653748077,9707.404916814994,0.0046148582533182625
80000000000,3538293.005188551,3525337.6771363937,12955.32805215707,0.0036614627542601434
80000000000,2373396.2699184897,2375949.5927677643,2553.322849274613,0.001075809750624704
80000000000,3540308.4658519793,3521716.28775407,18592.178097909316,0.005251570103916097
80000000000,2607320.543355957,2602339.4637862355,4981.079569721594,0.0019104208657483685
80000000000,3540872.6101082475,3525741.35660081,15131.25350743765,0.0042733120260361685
80000000000,2242510.633861108,2235487.1949661956,7023.4388949126005,0.0031319534404257382
80000000000,3541198.205702605,3541830.7084274525,632.5027248472907,0.00017861262999307223
80000000000,1999273.1837347674,1998363.5692691328,909.6144656345714,0.00045497257355063135
80000000000,3540993.292500125,3556897.2927958346,15904.000295709819,0.004491395205236543
80000000000,1646649.7811976871,1652719.7956898944,6070.014492207207,0.0036862814191079506
80000000000,3540962.9147578054,3558329.2492255196,17366.334467714187,0.004904410152203474
80000000000,1511581.6379285783,1519877.8393919289,8296.20146335056,0.005488424346513895
80000000000,3541178.3958604443,3544913.036677846,3734.6408174019307,0.0010546322155832758
80000000000,1756780.3266604117,1760873.2423657896,4092.9157053779345,0.002329782297345308
80000000000,3540997.474505877,3527916.9164774874,13080.5580283897,0.0036940320128906632
80000000000,2102953.561848044,2099585.7664897847,3367.795358259231,0.001601459689532879
80000000000,3539762.0391137614,3521200.292952072,18561.746161689516,0.005243783609345887
80000000000,2266314.9276149543,2258629.2192503503,7685.708364604041,0.0033912799456748046
80000000000,3537475.67797864,3529416.9181173034,8058.759861336555,0.002278110323557457
80000000000,2146792.402239225,2142329.919355741,4462.482883484103,0.0020786746211834376
80000000000,3535161.965500286,3544542.8480949844,9380.882594698574,0.0026535934382205936
80000000000,1815433.2680311124,1818371.9989808467,2938.7309497343376,0.0016187490895335816
80000000000,3534070.51821393,3552813.310404787,18742.792190856766,0.005303457328952539
80000000000,1526267.4252717088,1534233.7525792574,7966.327307548607,0.005219483280350053
80000000000,3534854.8494183496,3546791.4766033664,11936.62718501687,0.003376836586933975
80000000000,1594001.185583301,1600880.838799914,6879.653216613224,0.0043159649307887545
80000000000,3537049.6932263765,3531895.9805143652,5153.7127120113,0.001457065396022259
80000000000,1936032.6456921026,1936512.0179244343,479.3722323316615,0.00024760544890517234
80000000000,3539412.298390098,3521608.2146478714,17804.083742226474,0.005030237294006314
80000000000,2216416.4239677438,2210119.174982601,6297.248985142913,0.002841184949292976
80000000000,3541152.8978209454,3532954.529693069,8198.368127876427,0.0023151692017933786
80000000000,2629552.6701242956,2623775.082746473,5777.587377822492,0.00219717499613704
80000000000,3541109.362718997,3550446.8224227447,9337.459703747649,0.002636874139514854
80000000000,2425284.77141323,2426291.2659629295,1006.4945496995933,0.00041500056470197605
80000000000,3540933.4835405867,3559739.0426428504,18805.559102263767,0.005310904367359098
80000000000,2143689.7659271676,2152499.6464690664,8809.880541898776,0.0041096807392222694
80000000000,3541067.5899715214,3552987.966246077,11920.376274555456,0.0033663227181301345
80000000000,2041692.772790747,2052945.1485979888,11252.37580724177,0.005511297271166383
80000000000,3541188.1110858913,3535898.686753619,5289.424332272261,0.0014936863466002885
80000000000,2229461.8086055056,2236070.104236658,6608.295631152578,0.0029640766240736664
80000000000,3540528.416420016,3522663.632158847,17864.784261168912,0.005045796039460342
80000000000,2511503.298512187,2509769.527450491,1733.7710616956465,0.000690331986711995
80000000000,3538697.46420573,3523674.1149219275,15023.349283802323,0.004245446081719324
80000000000,2649899.5339552145,2643392.6156303613,6506.918324853294,0.0024555339708072364
80000000000,3536239.4053886537,3536983.258865742,743.8534770882688,0.00021035156046130733
80000000000,2548356.1669545304,2545405.5158779845,2950.651076545939,0.001157864475463875
80000000000,3534396.3126297244,3550273.113058136,15876.800428411458,0.004492082671000332
80000000000,2276020.169351338,2281328.3194848998,5308.150133561809,0.002332206983506048
80000000000,3534232.3085737755,3551552.2934216172,17319.984847841784,0.004900635650300868
80000000000,2052622.283230595,2063520.3740142172,10898.090783622116,0.005309350323562577
80000000000,3535842.5759974853,3539670.1317112697,3827.5557137844153,0.00108250173233593
80000000000,2103511.469727324,2113218.365374808,9706.895647484343,0.004614615031665427
80000000000,3538293.462354596,3525337.710764653,12955.751589942724,0.0036615819823269205
80000000000,2373396.378585243,2375949.699740691,2553.3211554479785,0.0010758089876963522
80000000000,3540308.341735601,3521716.28775407,18592.053981530946,0.005251535229955811
80000000000,2607320.5498839826,2602339.463786236,4981.086097746622,0.0019104233646945574
80000000000,3540872.879628491,3525741.35660081,15131.52302768128,0.004273387817658363
80000000000,2242503.425714914,2235480.026781169,7023.398933744989,0.0031319456876664153
80000000000,3541198.1154766055,3541830.742003356,632.6265267506242,0.0001786475950006202
80000000000,1999268.9123670855,1998359.0934920376,909.8188750478439,0.000455075787664122
80000000000,3540994.373440639,3556897.2927958346,15902.919355195481,0.004491088569492209
80000000000,1646649.7600964806,1652719.7613827249,6070.001286244253,0.0036862734464483808
80000000000,3540964.1501911813,3558329.349880941,17365.199689759873,0.00490408796960633
80000000000,1511581.5811746751,1519879.7917871173,8298.210612442112,0.00548975372271567
80000000000,3541176.291216328,3544913.036677847,3736.745461519342,0.0010552271771354935
80000000000,1756775.031570002,1760871.790484787,4096.758914784994,0.002331976969825092
80000000000,3540997.3952929033,3527916.7820780105,13080.6132148928,0.0036940476805436347
80000000000,2102947.3316666926,2099579.9048013925,3367.4268653001636,0.00160128920710121
80000000000,3539763.27891533,3521200.2929520723,18562.985963257495,0.005244132022564415
80000000000,2266306.8637377447,2258622.072547923,7684.791189821903,0.0033908873122096236
80000000000,3537474.170404022,3529416.9181173034,8057.252286718693,0.0022776851218106442
80000000000,2146785.6371241766,2142323.5377465575,4462.099377619103,0.002078502529761895
80000000000,3535162.525958186,3544542.848094984,9380.322136797942,0.00265343447943895
80000000000,1815430.7192511419,1818369.6176147528,2938.8983636109624,0.0016188435793480715
80000000000,3534069.5763742574,3552813.310404787,18743.73403052939,0.005303725245205651
80000000000,1526269.3124405297,1534235.4527817592,7966.140341229504,0.005219354327770317
80000000000,3534855.1051584315,3546791.4093531985,11936.304194767028,0.0033767449696448155
80000000000,1594002.2775105378,1600881.5174279946,6879.239917456871,0.004315702690337839
80000000000,3537049.7475210736,3531896.0477723223,5153.699748751242,0.0014570617086636089
80000000000,1936028.6059578334,1936507.8347133682,479.2287555348594,0.00024753185674018753
80000000000,3539412.0211291583,3521608.2146478714,17803.806481286883,0.0050301593527410345
80000000000,2216409.746795983,2210112.0183938663,6297.728402116802,0.0028414098120714036
80000000000,3541152.6010840316,3532954.529693069,8198.071390962694,0.002315085599093659
80000000000,2629562.6890092986,2623784.8981427597,5777.790866538882,0.0021972440096933742
80000000000,3541109.490480422,3550446.923111702,9337.432631279808,0.0026368663991841153
80000000000,2425292.3363316753,2426298.7751803976,1006.4388487222604,0.0004149763035348259
80000000000,3540932.4086844474,3559739.0090929917,18806.6004085443,0.0053112000563522365
80000000000,2143692.981651305,2152503.2877599113,8810.306108606048,0.00410987309470939
80000000000,3541067.78156277,3552987.9662460773,11920.18468330754,0.003366268430492126
80000000000,2041694.906544208,2052947.215671087,11252.309126878856,0.005511258852050828
80000000000,3541188.3375969906,3535898.821095356,5289.516501634847,0.0014937122788629344
80000000000,2229466.085101886,2236074.929336841,6608.844234955031,0.002964317008057563
80000000000,3540528.742206774,3522663.3632584736,17865.37894830061,0.0050459635407917374
80000000000,2511512.8020020686,2509778.702708761,1734.0992933074012,0.0006904600653140421
80000000000,3538699.116473352,3523674.24943094,15024.86704241205,0.004245873002445529
80000000000,2649908.3853380904,2643402.3532369495,6506.032101140823,0.002455191333081029
80000000000,3536237.999338872,3536983.25886574,745.2595268683508,0.00021074925584977118
80000000000,2548368.1972299204,2545414.070925254,2954.1263046665117,0.0011592227166692987
80000000000,3534397.245717609,3550273.1130581363,15875.867340527475,0.004491817483097915
80000000000,2276024.8800111595,2281334.181293844,5309.301282684319,0.002332707928332614
80000000000,3534231.438228977,3551552.2934216177,17320.855192640796,0.004900883118543129
80000000000,2052624.2800426162,2063522.642595828,10898.36255321186,0.005309477559617287
80000000000,3535842.6188186565,3539670.1989661464,3827.5801474899054,0.0010825086295183353
80000000000,2103514.889352254,2113221.401175707,9706.51182345301,0.004614425061874406
80000000000,3538294.165429579,3525337.643508145,12956.521921433974,0.0036617989674300982
80000000000,2373402.339092796,2375956.7599656195,2554.4208728233352,0.001076269636525146
80000000000,3540308.253569335,3521716.220521852,18592.033047483303,0.005251529447679827
80000000000,2607330.9315084135,2602349.328671091,4981.6028373227455,0.0019106139451353608
80000000000,3540872.201656818,3525741.289391818,15130.912264999934,0.004273216146552816
80000000000,2242502.429955282,2235478.9648308903,7023.465124391485,0.00313197659479528
80000000000,3541198.667846657,3541830.8091551797,632.1413085227832,0.00017851054623466739
80000000000,1999268.2371899616,1998358.2646479288,909.9725420328323,0.0004551528029634628
80000000000,3540992.6850999575,3556897.276018934,15904.590918976348,0.004491562771620745
80000000000,1646649.623459348,1652719.7577078647,6070.134248516755,0.0036863544994862794
80000000000,3540964.887886051,3558329.3666568454,17364.478770794347,0.004903883353997589
80000000000,1511585.1642158122,1519880.0935209028,8294.929305090569,0.00548756993747941
80000000000,3541174.6700231233,3544913.0366778467,3738.366654723417,0.001055685472498595
80000000000,1756775.639168166,1760871.5671202953,4095.927952129161,0.002331503158860163
80000000000,3541000.7817202127,3527916.7820780105,13083.999642202165,0.003695000495268453
80000000000,2102950.159600258,2099579.0674203327,3371.092179925181,0.0016030299931435272
80000000000,3539759.7667914336,3521200.4274394508,18559.33935198281,0.0052431070396637865
80000000000,2266306.0649462775,2258620.9730582195,7685.091888057999,0.0033910211894703523
80000000000,3537476.784468804,3529416.649084602,8060.1353842020035,0.0022784984539233753
80000000000,2146786.0601264946,2142323.081918766,4462.9782077288255,0.002078911490354029
80000000000,3535162.8858791906,3544542.982598536,9380.096719345544,0.002653370444913099
80000000000,1815430.1337203982,1818368.9372294578,2938.803509059595,0.0016187918523953575
80000000000,3534068.5918051177,3552813.310404787,18744.71859966917,0.005304005316460147
80000000000,1526268.8232407037,1534235.6309037178,7966.807663014159,0.0052197932249565026
80000000000,3534856.46443435,3546791.4093531985,11934.944918848574,0.0033763591362000077
80000000000,1594001.8358686692,1600881.6143757205,6879.778507051291,0.004316041771245564
80000000000,3537048.2510552406,3531896.0477723232,5152.203282917384,0.0014566392418820634
80000000000,1936026.799766123,1936507.276954706,480.47718858299777,0.00024817693052649924
80000000000,3539413.111854907,3521608.2146478714,17804.897207035683,0.005030465968326776
80000000000,2216408.4504717384,2210110.9960271823,6297.454444556031,0.002841287869668466
80000000000,3541152.4873125344,3532954.5296930694,8197.957619464956,0.0023150535450922032
80000000000,2629553.11917229,2623774.766121257,5778.353051032871,0.0021974658009007004
80000000000,3541109.6447866275,3550446.8559857276,9337.21119910013,0.0026368037524188976
80000000000,2425284.7474954873,2426291.26596293,1006.5184674425982,0.00041501043062345443
80000000000,3540934.162181915,3559739.0761927096,18804.914010794833,0.005310721168339174
80000000000,2143690.0657816143,2152499.5904492694,8809.524667655118,0.004109514154250215
80000000000,3541065.5939543513,3552987.9662460764,11922.372291725129,0.0033668882926315043
80000000000,2041694.7677345774,2052945.1806456447,11250.412911067251,0.005510330480765486
80000000000,3541190.5468823197,3535898.8210953563,5291.725786963478,0.001494335229043898
80000000000,2229461.966687857,2236070.1042366577,6608.137548800558,0.0029640055078480514
80000000000,3540528.0938355746,3522663.3632584736,17864.730577101,0.005045781336463716
80000000000,2511505.1406674446,2509770.0671707257,1735.073496718891,0.0006908500678034793
80000000000,3538696.9624694395,3523674.24943094,15022.713038499467,0.004245266887169688
80000000000,2649900.9612945914,2643391.9664575444,6508.9948370470665,0.0024563162669548
80000000000,3536238.9967107046,3536983.393378273,744.3966675684787,0.0002105051916063627
80000000000,2548357.78137035,2545404.9455423756,2952.8358279746026,0.0011587210593273715
80000000000,3534397.123418845,3550272.9068385707,15875.78341972595,0.004491793894504193
80000000000,2276019.4635154703,2281329.0091084945,5309.5455930242315,0.0023328208207952974
80000000000,3534230.929001523,3551552.3651451566,17321.436143633444,0.0049010482030179695
80000000000,2052623.1382228478,2063520.2984010961,10897.160178248305,0.005308894738311787
80000000000,3535842.715203517,3539670.198966146,3827.4837626288645,0.001082481340635244
80000000000,2103510.025699582,2113218.365374808,9708.339675226249,0.0046153046843679605
80000000000,3538293.898284741,3525337.643508145,12956.254776596092,0.003661723742868532
80000000000,2373395.684872889,2375949.4857948422,2553.8009219532833,0.0010760114456389333
80000000000,3540308.702538501,3521716.2205218524,18592.48201664863,0.005251655598088748
80000000000,2607320.2484177602,2602340.0803406714,4980.1680770888925,0.0019100714920275265
80000000000,3540872.909427345,3525741.289391818,15131.620035526808,0.004273415178285516
80000000000,2242511.04164103,2235487.46045522,7023.581185809802,0.003132016322501614
80000000000,3541198.239463502,3541830.8091551806,632.5696916785091,0.00017863153907315412
80000000000,1999273.4898786123,1998363.2377289953,910.2521496170666,0.00045529146173609963
80000000000,3540993.2383744176,3556897.259242033,15904.020867615473,0.004491401083532318
80000000000,1646649.9128243208,1652719.7969154331,6069.884091112297,0.003686201932687246
80000000000,3540963.5223350422,3558329.3834327487,17365.86109770648,0.004904275626723992
80000000000,1511581.3554594489,1519877.8393919289,8296.483932479983,0.005488612242083554
80000000000,3541176.828512938,3544913.0366778467,3736.2081649084575,0.0010550752887642212
80000000000,1756780.0816167113,1760873.2982077752,4093.216591063887,0.002329953893430431
80000000000,3540997.6074975324,3527916.7820780105,13080.82541952189,0.0036941073870892203
80000000000,2102954.7182846796,2099585.7664897842,3368.9517948953435,0.0016020087192573037
80000000000,3539762.8805355183,3521200.427439451,18562.453096067067,0.005243982075222739
80000000000,2266315.988661248,2258629.7689980804,7686.219663167372,0.0033915039657412276
80000000000,3537476.167885322,3529416.6490846016,8059.5188007205725,0.0022783245506749223
80000000000,2146791.2225499772,2142330.3751864024,4460.847363574896,0.0020779139194896943
80000000000,3535161.79385419,3544542.982598536,9381.188744346146,0.002653680168374517
80000000000,1815433.5605189467,1818371.658784019,2938.098265072331,0.0016184003253925014
80000000000,3534071.0198845705,3552813.310404787,18742.29052021634,0.005303314623492908
80000000000,1526268.0000349607,1534233.6878150532,7965.68778009247,0.005219062300926186
80000000000,3534854.612521912,3546791.5438535414,11936.9313316294,0.003376922855424907
80000000000,1594000.611675414,1600880.838799914,6880.227124500088,0.004316326527170184
80000000000,3537049.338463992,3531895.7787406784,5153.559723313432,0.0014570222889657032
80000000000,1936031.9741474683,1936512.0179244338,480.04377696546726,0.0002479524012907145
80000000000,3539411.5958497296,3521608.3491445086,17803.246705221012,0.005030001802021805
80000000000,2216416.4657178037,2210118.1526104305,6298.313107373193,0.002841665005106987
80000000000,3541152.223566121,3532954.664055026,8197.55951109482,0.0023149412941190816
80000000000,2629554.3795635435,2623776.0326222978,5778.34694124572,0.002197462424110361
80000000000,3541109.6164937657,3550446.7217338104,9337.10524004465,0.002636773850929189
80000000000,2425285.5091500054,2426292.20461381,1006.6954638045281,0.00041508327988870337
80000000000,3540932.4762203796,3559739.0761927096,18806.599972330034,0.005311199831860209
80000000000,2143690.2285527037,2152500.0386076947,8809.810054990929,0.0041096469712131895
80000000000,3541069.060815361,3552988.0333647635,11918.97254940262,0.0033659249070556612
80000000000,2041693.362687499,2052945.4370268788,11252.07433937979,0.005511148023015848
80000000000,3541186.950921082,3535898.753924472,5288.196996610146,0.0014933402471831252
80000000000,2229464.759132857,2236070.858157646,6606.099024788942,0.002963087439587232
80000000000,3540529.374281211,3522663.3632584736,17866.01102273725,0.00504614116536298
80000000000,2511503.022213802,2509771.4164717705,1731.6057420317084,0.00068946990177434
80000000000,3538696.0975859766,3523674.2494309396,15021.848155037034,0.004245023517358447
80000000000,2649900.231647928,2643392.9402168146,6507.291431113146,0.002455674124405194
80000000000,3536241.4097731826,3536983.3933782736,741.9836050909944,0.00020982266737795647
80000000000,2548358.129885379,2545406.0862137033,2952.0436716759577,0.0011584100511841072
80000000000,3534396.0644193115,3550272.9068385717,15876.842419260181,0.004492094867095403
80000000000,2276021.372810485,2281329.6987323523,5308.325921867508,0.00233228298524836
80000000000,3534231.7562162997,3551552.365145156,17320.60892885644,0.004900812998013364
80000000000,2052622.635667949,2063520.5819737986,10897.94630584959,0.005309279025028028
80000000000,3535842.448008753,3539670.198966146,3827.7509573930874,0.0010825569899328307
80000000000,2103511.572116872,2113218.744849665,9707.17273279326,0.004614746532164039
80000000000,3538293.6845240463,3525337.778021203,12955.906502843369,0.003661625534225866
80000000000,2373397.0445512403,2375950.3415783667,2553.2970271264203,0.00107579851967381
80000000000,3540308.666647929,3521716.0860575666,18592.58059036266,0.0052516834945826
80000000000,2607321.9501743307,2602341.9300046754,4980.020169655327,0.0019100135176334295
80000000000,3540872.969000971,3525741.423809847,15131.545191124082,0.004273393969113025
80000000000,2242502.3416661685,2235478.9648308908,7023.37683527777,0.0031319373473025825
80000000000,3541198.1436997377,3541830.6748515554,632.5311518176459,0.0001786206606210395
80000000000,1999267.9540038994,1998358.2646479292,909.6893559701275,0.00045501122255689057
80000000000,3540992.9074047506,3556897.2592420336,15904.351837283,0.004491494971375006
80000000000,1646649.8288593038,1652719.7577078647,6069.9288485608995,0.0036862293015666645
80000000000,3540963.4116186714,3558329.3834327487,17365.971814077348,0.004904307047369034
80000000000,1511583.6504317252,1519880.0935209028,8296.4430891776,0.005488576888753753
80000000000,3541178.392428097,3544912.9695354863,3734.5771073894575,0.0010546142254157244
80000000000,1756777.5395223815,1760871.5112792489,4093.971756867366,0.002330387123448995
80000000000,3540998.1801687144,3527916.916477488,13081.263691226486,0.003694230560322744
80000000000,2102948.668855195,2099578.8580751847,3369.810780010186,0.001602421794653051
80000000000,3539761.0361832194,3521200.3601957364,18560.675987483002,0.005243482765575675
80000000000,2266305.3522592126,2258621.110494389,7684.2417648234405,0.003390647141685143
80000000000,3537475.1042544367,3529416.6490846025,8058.455169834197,0.0022780245605523797
80000000000,2146784.9963314855,2142322.8540049405,4462.14232654497,0.0020785231563338028
80000000000,3535163.0628881757,3544542.982598536,9379.919710360467,0.002653320241102885
80000000000,1815430.6517811888,1818368.9372294573,2938.2854482685216,0.0016185060252153706
80000000000,3534069.9343041093,3552813.310404787,18743.37610067753,0.005303623428258013
80000000000,1526268.3912419982,1534235.7523468635,7967.361104865326,0.005220157313473484
80000000000,3534854.7126521072,3546791.5438535414,11936.831201434135,0.0033768944332306797
80000000000,1594001.137355999,1600881.61437572,6880.477019720944,0.0043164818760002424
80000000000,3537048.9187522554,3531895.7787406784,5153.140011576936,0.0014569038002999347
80000000000,1936027.8404172356,1936507.555833954,479.71541671827435,0.0002477833255821829
80000000000,3539412.413420641,3521608.349144508,17804.064276132733,0.005030231630714692
80000000000,2216408.577031898,2210109.973661281,6298.603370616678,0.0028418060802902364
80000000000,3541152.52855999,3532954.6640550257,8197.864504964557,0.002315027223156134
80000000000,2629560.3980735424,2623782.3651345633,5778.0329389791,0.002197337982125141
80000000000,3541109.59943693,3550446.721733811,9337.12229688093,0.0026367786804355397
80000000000,2425290.391983311,2426296.8978737947,1006.5058904835023,0.00041500427899704813
80000000000,3540932.392583021,3559739.0594177805,18806.666834759526,0.0053112188400300225
80000000000,2143692.412523971,2152502.2794016437,8809.866877672728,0.004109669291267417
80000000000,3541068.2108255792,3552988.0501444363,11919.839318857063,0.003366170491270492
80000000000,2041695.0271638422,2052946.7029089013,11251.675745059038,0.00551094830293482
80000000000,3541189.8532458832,3535898.7539244723,5291.099321410991,0.0014941586135409054
80000000000,2229465.933476001,2236073.8926930516,6607.959217050578,0.00296392024557558
80000000000,3540526.9936942803,3522663.396870977,17863.596823303495,0.0050454626825664
80000000000,2511511.256095554,2509776.712484719,1734.5436108349822,0.0006906374027291992
80000000000,3538697.682950905,3523674.2830582205,15023.399892684538,0.004245460120842136
80000000000,2649906.90892542,2643399.5942456876,6507.314679732546,0.002455676709930677
80000000000,3536238.833757958,3536983.3261219957,744.492364037782,0.00021053226295991172
80000000000,2548364.0513608623,2545412.0747453533,2951.9766155090183,0.0011583810460411342
80000000000,3534396.5831388347,3550273.041333468,15876.45819463348,0.004491985497715109
80000000000,2276023.80736562,2281333.14685559,5309.339489969891,0.0023327258145490037
80000000000,3534231.761853584,3551552.2306523747,17320.468798790593,0.004900773340825447
80000000000,2052624.1884354784,2063522.1416236572,10897.953188178828,0.005309278361610514
80000000000,3535843.0126994466,3539670.198966146,3827.18626669934,0.0010823971123586358
80000000000,2103512.8957454865,2113220.7434100625,9707.847664576024,0.0046150644877009685
80000000000,3538293.536409783,3525337.778021203,12955.758388580289,0.0036615838271366733
80000000000,2373401.1026956784,2375954.620501079,2553.51780540077,0.0010758897021243133
80000000000,3540308.4931878904,3521716.086057566,18592.40713032428,0.005251634756151616
80000000000,2607327.654930799,2602348.095558866,4979.559371932875,0.0019098326067749387
80000000000,3540872.7017775313,3525741.423809848,15131.277967683505,0.004273318823375815
80000000000,2242504.4869774785,2235481.088732237,7023.398245241493,0.0031319438984525115
80000000000,3541198.3492726637,3541830.6748515554,632.3255788916722,0.0001785625984552792
80000000000,1999269.5051569461,1998359.5907990288,909.9143579173833,0.0004551234116112592
80000000000,3540992.5410385514,3556897.259242033,15904.718203481752,0.004491598900351537
80000000000,1646649.6886466832,1652719.7675078826,6070.078861199319,0.003686320717181855
80000000000,3540964.170512505,3558329.3750447966,17365.20453229174,0.004904089309036519
80000000000,1511583.3639119423,1519879.5433004668,8296.179388524499,0.005488403475845474
80000000000,3541177.2592307194,3544913.003106664,3735.7438759445213,0.0010549440489618612
80000000000,1756778.5152583397,1760871.9649886326,4093.449730292894,0.00233008867921574
80000000000,3540998.224930528,3527916.891277573,13081.333652955014,0.003694250271252723
80000000000,2102950.210456375,2099580.6113422452,3369.5991141297854,0.001602319968097831
80000000000,3539761.8791039847,3521200.3601957364,18561.518908248283,0.0052437196461776504
80000000000,2266308.88867337,2258623.3352441094,7685.553429260384,0.003391220617662264
80000000000,3537475.45072651,3529416.649084602,8058.801641908009,0.002278122280750508
80000000000,2146786.9017546987,2142324.734295426,4462.1674592727795,0.0020785330186361677
80000000000,3535162.4096106756,3544542.9825985353,9380.572987859603,0.0026535055256181788
80000000000,1815430.953660728,1818369.6176147526,2938.663954024669,0.0016187142496931631
80000000000,3534069.983317539,3552813.2386823813,18743.255364842247,0.005303589191306105
80000000000,1526268.7044802269,1534235.2665743548,7966.562094127992,0.0052196327361904585
80000000000,3534854.8574633733,3546791.6155811236,11936.758117750287,0.0033768736197321986
80000000000,1594001.5991239233,1600881.4204804832,6879.821356559871,0.004316069293996366
80000000000,3537049.1784252254,3531895.7787406784,5153.399684546981,0.0014569771084837987
80000000000,1936029.048615022,1936508.8200762956,479.77146127354354,0.00024781211915015316
80000000000,3539411.9590463312,3521608.349144508,17803.609901823103,0.005030103900824293
80000000000,2216410.7257440463,2210112.29100252,6298.4347415263765,0.0028417272432265457
80000000000,3541152.8797511607,3532954.664055026,8198.215696134605,0.002315126167811964
80000000000,2629555.639390083,2623777.636829635,5778.0025604479015,0.0021973304059039003
80000000000,3541109.38010238,3550446.721733811,9337.341631430667,0.00263684078325779
80000000000,2425287.2199488557,2426293.3935513813,1006.1736025256105,0.00041486781204694946
80000000000,3540932.4385175104,3559739.076192709,18806.637675198726,0.005311210536135657
80000000000,2143690.9390884396,2152500.4867662424,8809.547677802853,0.004109523213989481
80000000000,3541069.044720151,3552988.0165850916,11918.971864940599,0.0033659247290623077
80000000000,2041693.5779224208,2052945.5652174877,11251.987295066938,0.005511104808644544
80000000000,3541188.1194961453,3535898.77071719,5289.348778955173,0.0014936650074686693
80000000000,2229464.6844436564,2236071.4235986094,6606.739154953044,0.002963374661663097
80000000000,3540528.5550068123,3522663.3905686317,17865.164438180625,0.005045903220556359
80000000000,2511506.208464303,2509772.360982892,1733.8474814109504,0.000690361614702572
80000000000,3538696.833381987,3523674.2725496944,15022.560832292773,0.00424522403009457
80000000000,2649902.2469022665,2643394.3704262306,6507.876476035919,0.0024558930366747004
80000000000,3536239.2848973996,3536983.3429360627,744.0580386631191,0.00021040941483820068
80000000000,2548359.4151377636,2545407.440761472,2951.9743762915023,0.0011583822747906693
80000000000,3534396.693953967,3550273.0413334677,15876.347379500512,0.004491954003538712
80000000000,2276021.1180220745,2281330.366805717,5309.248783642426,0.0023326887178693276
80000000000,3534231.509191403,3551552.1589288353,17320.649737432133,0.0049008248872171156
80000000000,2052623.305099941,2063521.0073328519,10897.702232910786,0.0053091583856786535
80000000000,3535843.122017868,3539670.1989661464,3827.0769482785836,0.0010823661616792862
80000000000,2103511.68719097,2113219.1243245946,9707.437133624684,0.004614871974677734
80000000000,3538293.618446327,3525337.778021203,12955.840425123926,0.003661606927582473
80000000000,2373398.032743099,2375951.197362232,2553.1646191328764,0.0010757422833885173
80000000000,3540308.4790681023,3521716.157765883,18592.321302219294,0.005251610533981846
80000000000,2607323.114761838,2602341.930004676,4981.184757162351,0.0019104593247229159
80000000000,3540872.8679275187,3525741.4238098473,15131.444117671344,0.004273365546311697
80000000000,2242508.933390804,2235485.3365444015,7023.596846402623,0.0031320262505186705
80000000000,3541198.598762704,3541830.7464742074,632.1477115033194,0.0001785123578565156
80000000000,1999272.3478771283,1998362.2431096302,910.1047674980946,0.0004552180039225091
80000000000,3540993.2423303477,3556897.39345724,15904.151126892306,0.004491437864599169
80000000000,1646650.0329915849,1652719.7871116672,6069.754120082362,0.0036861227331074185
80000000000,3540963.6748810387,3558329.2492255196,17365.574344480876,0.00490419443375518
80000000000,1511581.8278565318,1519878.2653690767,8296.437512544915,0.005488579817282874
80000000000,3541177.173377542,3544913.0031066644,3735.8297291225754,0.0010549683187863136
80000000000,1756779.369263166,1760872.851472736,4093.4822095700074,0.0023301060344799633
80000000000,3540998.1777953277,3527916.8828776022,13081.294917725492,0.003694239381357174
80000000000,2102953.6077298666,2099583.9870447866,3369.6206850800663,0.0016023276370407257
80000000000,3539761.82394892,3521200.3601957364,18561.463753183372,0.005243704146307902
80000000000,2266313.4874368752,2258627.7074451162,7685.779991758987,0.003391313705877181
80000000000,3537475.832622614,3529416.657491865,8059.175130749121,0.002278227615416445
80000000000,2146790.4764980157,2142328.437907412,4462.038590603508,0.0020784695290256157
80000000000,3535162.3708395255,3544542.974192063,9380.603352537379,0.0026535141440503867
80000000000,1815432.8943088676,1818370.9890231413,2938.0947142736986,0.0016183989634010827
80000000000,3534070.145008333,3552813.238682382,18743.09367404878,0.005303543196651686
80000000000,1526267.7120311537,1534234.2950299252,7966.582998771453,0.0052196498268115375
80000000000,3534855.082966278,3546791.5438535414,11936.460887263529,0.003376789318686025
80000000000,1594000.604791457,1600881.0326925803,6880.427901123185,0.004316452503494094
80000000000,3537049.092056974,3531896.0477723232,5153.04428465059,0.0014568766648511043
80000000000,1936030.8440162763,1936510.9023978426,480.05838156631216,0.0002479600896080953
80000000000,3539411.780430789,3521608.0801514313,17803.700279357843,0.005030129689287218
80000000000,2216414.2981532835,2210117.1302390452,6297.167914238293,0.0028411510968346905
80000000000,3541152.307582175,3532954.6640550257,8197.643527149223,0.0023149649648214095
80000000000,2629553.3216876634,2623774.766121257,5778.555566406343,0.0021975426467859683
80000000000,3541109.1786048566,3550446.793328895,9337.614724038169,0.0026369180539406716
80000000000,2425285.790061014,2426291.26596293,1005.4759019161575,0.00041458037895437564
80000000000,3540932.5977006177,3559739.0761927096,18806.478492091876,0.005311165342233364
80000000000,2143689.22002813,2152499.709948268,8810.489920137916,0.004109966051899213
80000000000,3541069.067037032,3552988.033364763,11918.966327731032,0.0033659231441379805
80000000000,2041693.3001078037,2052945.0524550192,11251.752347215544,0.005510990483546887
80000000000,3541188.2223209688,3535898.7539244723,5289.468396496493,0.0014936987430252057
80000000000,2229463.2763160137,2236070.255020829,6606.978704815265,0.0029634839806523747
80000000000,3540528.4345769933,3522663.396870977,17865.037706016563,0.005045867597487887
80000000000,2511504.3684433796,2509770.3370308825,1734.0314124971628,0.0006904353559105727
80000000000,3538696.5367241837,3523674.249430939,15022.287293244619,0.004245147086602385
80000000000,2649899.687529318,2643391.8041643593,6507.883364958689,0.0024558980083606227
80000000000,3536239.780305103,3536983.359750132,743.5794450291432,0.00021027404566015826
80000000000,2548356.696278809,2545405.0881262673,2951.6081525417976,0.0011582398009084948
80000000000,3534396.3729087505,3550273.0413334677,15876.66842471715,0.004492045246088489
80000000000,2276019.8495121025,2281329.0091084936,5309.159596391022,0.0023326508323418694
80000000000,3534231.6639991966,3551552.158928835,17320.494929638226,0.0049007808701592125
80000000000,2052622.8035907878,2063520.440187447,10897.636596659198,0.005309127706072079
80000000000,3535843.099616457,3539670.1989661455,3827.0993496887386,0.0010823725040581907
80000000000,2103511.2562039867,2113218.175637407,9706.919433420524,0.004614626807815475
80000000000,3538293.4821335305,3525337.778021203,12955.704112327658,0.0036615685436346534
80000000000,2373396.4778736006,2375949.485794842,2553.007921241224,0.0010756769654973713
80000000000,3540309.076245701,3521716.086057566,18592.990188134834,0.005251798582470562
80000000000,2607320.8390328567,2602339.463786236,4981.375246620737,0.001910534051677544
80000000000,3540871.9111152817,3525741.423809847,15130.487305434886,0.004273096481671143
80000000000,2242504.872391265,2235481.0887322375,7023.783659027424,0.0031321152277086054
80000000000,3541199.5531288283,3541830.674851555,631.121722726617,0.00017822258058543725
80000000000,1999270.0712166335,1998359.590799027,910.4804176066536,0.00045540641592888497
80000000000,3540992.349501999,3556897.4650327526,15905.115530753508,0.004491711351195205
80000000000,1646650.0623861786,1652719.7675078826,6069.705121703912,0.0036860929109055725
80000000000,3540964.0913471263,3558329.2492255196,17365.157878393307,0.00490407624319819
80000000000,1511583.4256738962,1519879.401308094,8295.975634197704,0.0054882684563038135
80000000000,3541176.9553668676,3544912.969535486,3736.014168618247,0.00105502046797071
80000000000,1756778.2019639984,1760872.0138497618,4093.8118857634254,0.0023302952422717504
80000000000,3540998.2974806554,3527916.9164774884,13081.381003167015,0.003694263567557809
80000000000,2102950.09907352,2099580.5328376796,3369.5662358403206,0.0016023044185997678
80000000000,3539762.170510824,3521200.3601957364,18561.810315087438,0.005243801538341425
80000000000,2266308.9375468283,2258623.446911169,7685.49063565908,0.0033911928370976016
80000000000,3537475.428521522,3529416.649084602,8058.779436919838,0.002278116017978387
80000000000,2146786.827161074,2142324.677316878,4462.149844196159,0.0020785248855364636
80000000000,3535161.9913569023,3544542.9825985353,9380.99124163296,0.0026536241520384338
80000000000,1815431.1299506277,1818369.6176147521,2938.4876641244628,0.0016186169861504896
80000000000,3534069.741295517,3552813.373173034,18743.631877516862,0.005303696092495852
80000000000,1526269.0323060062,1534235.2362135795,7966.203907573363,0.005219396933932022
80000000000,3534855.167026791,3546791.409353199,11936.242326408159,0.003376727408169279
80000000000,1594001.2725808714,1600881.3720068082,6880.099425936816,0.00431624462557495
80000000000,3537049.1975999083,3531896.0477723223,5153.149827586021,0.0014569064606403356
80000000000,1936028.251454387,1936508.6713526023,480.41989821521565,0.00024814715273618226
80000000000,3539412.772371817,3521608.0801514317,17804.692220385186,0.005030408535383676
80000000000,2216411.150530726,2210113.040761334,6298.109769392293,0.002841580077723482
80000000000,3541152.62599864,3532954.664055027,8197.9619436129,0.0023150546755383054
80000000000,2629560.8895436563,2623781.7318828045,5779.157660851721,0.0021977652937539153
80000000000,3541110.3364561643,3550446.72173381,9336.385277645662,0.0026365699993943803
80000000000,2425290.0547185848,2426296.897873797,1006.8431552122347,0.0004151433983136761
80000000000,3540931.540281067,3559739.1477598073,18807.60747874016,0.005311485767173933
80000000000,2143694.178512586,2152502.279401643,8808.100889057387,0.004108842099468189
80000000000,3541068.5584797747,3552987.966246077,11919.407766302116,0.003366048290073002
80000000000,2041694.9829245354,2052946.590742161,11251.607817625627,0.005510915152227469
80000000000,3541188.2009742726,3535898.8210953563,5289.379878916312,0.0014936737554533438
80000000000,2229466.7860321375,2236073.723060492,6606.9370283544995,0.002963460621951271
80000000000,3540528.8802025486,3522663.3632584736,17865.516944075003,0.005046002320154197
80000000000,2511509.9938591504,2509776.54382173,1733.4500374202617,0.0006902023251584466
80000000000,3538697.0151525284,3523674.316685513,15022.698467015289,0.004245262706213283
80000000000,2649907.9028543173,2643399.756539233,6508.146315084305,0.0024559896244220904
80000000000,3536238.6765534617,3536983.3261219957,744.6495685339905,0.00021057672760362185
80000000000,2548364.6640337985,2545412.0747453533,2952.5892884451896,0.0011586211856240171
80000000000,3534396.904160445,3550273.0077097435,15876.103549298365,0.004491884748600285
80000000000,2276023.9067183346,2281333.1468555904,5309.240137255751,0.002332682060844797
80000000000,3534230.7196909157,3551552.1925520315,17321.47286111582,0.004901058882378415
80000000000,2052624.419480758,2063522.1061770692,10897.686696311226,0.0053091479341690565
80000000000,3535842.4437679583,3539670.198966146,3827.7551981876604,0.0010825581906043942
80000000000,2103512.363553598,2113220.4524874245,9708.088933826424,0.004615180353599599
80000000000,3538294.7494880566,3525337.778021203,12956.971466853749,0.0036619254144184704
80000000000,2373401.155183244,2375954.62050108,2553.4653178360313,0.0010758675634161326
80000000000,3540308.891732242,3521716.086057566,18592.805674675852,0.005251746738284906
80000000000,2607327.4092438687,2602347.479002927,4979.9302409417,0.0019099750277951826
80000000000,3540873.417633322,3525741.2893918175,15132.128241504543,0.004273558090539898
80000000000,1711845.0262286176,1711897.3869283965,52.360699778888375,3.0587289723442276e-05
80000000000,3541196.9567842893,3541830.6748515554,633.718067266047,0.00017895589400978063
80000000000,1459741.3190513628,1462069.02965518,2327.7106038171332,0.0015946048614489002
80000000000,3540993.0765826926,3556897.4650327526,15904.38845006004,0.004491505096476747
80000000000,891183.9117784555,894951.3109403136,3767.399161858135,0.004227409305829899
80000000000,3540963.9657756905,3558329.249225519,17365.283449828625,0.004904111879609188
80000000000,276848.1187348602,278409.53685516096,1561.4181203007465,0.00563998096658959
80000000000,3541177.109531708,3544913.0366778467,3735.9271461386234,0.00105499584759054
80000000000,773469.0606365382,777037.7127326082,3568.65209607,0.004613826560991493
80000000000,3540997.6623033355,3527916.7820780105,13080.880225325003,0.003694122807416992
80000000000,1381419.6120926428,1384226.1948751153,2806.582782472484,0.0020316656560427234
80000000000,3539762.024592166,3521200.427439451,18561.597152714618,0.00524374153509746
80000000000,1695245.6993090126,1695482.8365292773,237.1372202646453,0.00013988368786973073
80000000000,3537475.688088199,3529416.6490846016,8059.039003597572,0.002278189227062368
80000000000,1630864.6268722478,1631785.172633243,920.5457609952427,0.0005644525890298514
80000000000,3535162.665472698,3544542.982598536,9380.31712583825,0.002653432957259402
80000000000,1205225.5764032179,1208759.1477176943,3533.5713144764304,0.002931875479295542
80000000000,3534070.2590306373,3552813.3731730343,18743.114142396953,0.005303548817260361
80000000000,543772.1921512147,546602.0813929745,2829.8892417597817,0.0052041816087808205
80000000000,3534853.9532390204,3546791.409353198,11937.456114177592,0.0033770719447232572
80000000000,430651.1032495229,432985.7704268134,2334.667177290481,0.005421249730173697
80000000000,3537051.435128259,3531895.913256438,5155.5218718210235,0.0014575761665829652
80000000000,1103027.0211218053,1106772.079973083,3745.0588512776885,0.003395255763969293
80000000000,3539411.199744131,3521608.3491445086,17802.850599622354,0.005029890452092525
80000000000,1581633.4266759732,1583016.1417030548,1382.7150270815473,0.0008742322991918038
90000000000,3540888.330083489,3525983.0647933776,14905.265290111303,0.0042094705906073745
90000000000,2239977.883969972,2233025.198853838,6952.685116134118,0.0031039079295781665
90000000000,3541197.8881174694,3542203.508714564,1005.6205970947631,0.00028397752084658546
90000000000,1992247.0789336332,1991496.0588620799,751.0200715532992,0.00037697135033837716
90000000000,3540988.009542093,3557092.7541785296,16104.744636436459,0.004548093524473431
90000000000,1640423.7585621073,1646601.3805951576,6177.622033050284,0.0037658696424058137
90000000000,3540966.482614991,3558182.065174508,17215.58255951712,0.004861831549109573
90000000000,1513170.881441177,1521442.519191823,8271.637750645867,0.005466426728201231
90000000000,3541180.1571506187,3544547.704458717,3367.547308098059,0.0009509675189210729
90000000000,1764138.5144211855,1768093.6309969025,3955.1165757169947,0.0022419535333452374
90000000000,3540985.017775964,3527637.4172489713,13347.600526992697,0.0037694597576626043
90000000000,2108790.391190335,2105275.615083488,3514.7761068469845,0.0016667261580526368
90000000000,3539723.1106405547,3521226.3174175327,18496.793223022018,0.00522549155537615
90000000000,2266741.0695204167,2259043.357998925,7697.711521491874,0.003395937729720717
90000000000,3537424.8958049384,3529703.52447228,7721.371332658455,0.002182766153371989
90000000000,2141567.3283360205,2137237.7008837457,4329.627452274784,0.0020217097053114217
90000000000,3535123.432374027,3544825.9982069214,9702.565832894295,0.0027446186868724117
90000000000,1807869.198649001,1810953.3356664898,3084.1370174887124,0.0017059514149549376
90000000000,3534067.140367645,3552836.6195668248,18769.479199179914,0.005311013756582833
90000000000,1523374.6114289733,1531385.8976608748,8011.286231901497,0.005258907541058898
90000000000,3534888.152327193,3546535.889385354,11647.737058160827,0.0032950793791007337
90000000000,1599426.371903641,1606217.88842722,6791.5165235791355,0.004246220171733105
90000000000,3537101.0819330215,3531589.873733545,5511.208199476358,0.0015581144196378151
90000000000,1943397.4488824173,1943717.7063833938,320.2575009765569,0.000164792591016689
90000000000,3539455.59675755,3521532.864140524,17922.73261702573,0.005063697545307396
90000000000,2219837.4937780285,2213447.1526391157,6390.3411389128305,0.0028787427714074953
90000000000,3541159.436240225,3533298.464908571,7860.9713316541165,0.0022198863036792236
90000000000,2627408.846827344,2621708.2029816257,5700.643845718354,0.0021696828236694153
90000000000,3541104.4700008766,3550766.532755422,9662.06275454536,0.0027285449600256977
90000000000,2419504.2842552997,2420686.555087451,1182.2708321511745,0.0004886417601509089
90000000000,3540931.593871802,3559766.118246502,18834.524374699686,0.005319087329248638
90000000000,2138912.9762644037,2147840.01110837,8927.034843966365,0.004173631626452315
90000000000,3541073.7320489874,3552699.108922476,11625.376873488538,0.0032830089834818815
90000000000,2042872.525383949,2054096.6098309273,11224.08444697829,0.005494265700630915
90000000000,3541185.4400666365,3535537.7497620643,5647.690304572228,0.001594858670961313
90000000000,2235277.0203670226,2241729.316187919,6452.295820896514,0.0028865754723488703
90000000000,3540502.4701648545,3522523.9633885208,17978.506776333787,0.005077953462209183
90000000000,2516409.5437409678,2514514.3881897894,1895.1555511783808,0.0007531188855534967
90000000000,3538649.4004205014,3523853.679259674,14795.721160827205,0.00418117747383197
90000000000,2650281.39410255,2643760.6486179214,6520.745484628715,0.0024603974125686373
90000000000,3536190.798180822,3537306.905079489,1116.1068986672908,0.0003156240605686399
90000000000,2543968.2694751592,2541163.526001696,2804.743473463226,0.0011025072549516771
90000000000,3534374.2759513804,3550447.677266659,16073.40131527884,0.004547736051794405
90000000000,2269994.4279478076,2275466.897193244,5472.469245436601,0.0024107853209067113
90000000000,3534248.6192353754,3551419.8917437377,17171.272508362308,0.004858535535645838
90000000000,2050472.4033177316,2061418.4402519583,10946.036934226751,0.005338300050522848
90000000000,3535888.5195511323,3539351.0234200214,3462.5038688890636,0.0009792457679996696
90000000000,2107631.329889989,2117240.014166707,9608.68427671818,0.004558996699493796
90000000000,3538343.1632092874,3525119.651706921,13223.511502366513,0.0037372043615952586
90000000000,2379422.170005383,2381798.314504208,2376.1444988250732,0.0009986224927960967
90000000000,3540338.453229631,3521806.8535301695,18531.599699461367,0.005234414716072171
90000000000,2610247.678997316,2605163.9785457198,5083.700451596174,0.0019475931316789812
90000000000,3540888.3289080774,3525983.1992092323,14905.129698845092,0.004209432298996412
90000000000,2239978.8797493856,2233024.6698677517,6954.209881633986,0.003104587255042351
90000000000,3541196.6219782704,3542203.508714564,1006.886736293789,0.0002843351679611897
90000000000,1992248.4820622746,1991496.05886208,752.4232001944911,0.0003776753788340803
90000000000,3540989.813349987,3557092.7541785296,16102.94082854269,0.004547581799821206
90000000000,1640425.451575568,1646601.380595158,6175.929019590141,0.0037648336982691838
90000000000,3540967.6204743767,3558181.9309664536,17214.31049207691,0.004861470743912293
90000000000,1513171.730667997,1521442.5191918223,8270.788523825351,0.005465862437288709
90000000000,3541180.037950494,3544547.7044587163,3367.6665082224645,0.0009510012120625042
90000000000,1764138.2693373892,1768093.512249844,3955.2429124547634,0.002242025458662236
90000000000,3540984.6671369756,3527637.4172489713,13347.24988800427,0.0037693611079078868
90000000000,2108789.797521421,2105275.191585117,3514.6059363042004,0.0016666459314413954
90000000000,3539723.634433503,3521226.451906145,18497.182527357712,0.005225600763692955
90000000000,2266741.484741078,2259043.3579989243,7698.126742153894,0.003396120287194207
90000000000,3537423.6897165887,3529703.3899560096,7720.2997605791315,0.0021824639731515077
90000000000,2141566.619219167,2137237.7008837443,4328.9183354228735,0.0020213792541280986
90000000000,3535123.789300759,3544826.065458498,9702.276157739107,0.0027445364677479087
90000000000,1807870.1143065076,1810953.33566649,3083.221359982388,0.0017054440667963033
90000000000,3534067.763505882,3552836.686812115,18768.923306232784,0.005310855524630221
90000000000,1523374.1749584621,1531385.9288202378,8011.753861775622,0.005259216017623561
90000000000,3534888.835445576,3546535.8893853533,11647.053939777426,0.0032948854920099076
90000000000,1599426.4786307632,1606217.8884272196,6791.409796456341,0.0042461531600191645
90000000000,3537100.909777336,3531589.7392175193,5511.170559816528,0.0015581038540863857
90000000000,1943396.5779629352,1943717.8490492762,321.27108634100296,0.00016531421840711418
90000000000,3539453.617879339,3521532.864140524,17920.753738814965,0.005063141284939954
90000000000,2219838.2551121614,2213446.638766927,6391.616345234215,0.0028793162432058667
90000000000,3541159.491412018,3533298.464908571,7861.026503446978,0.0022199018492421634
90000000000,2627399.6521894336,2621698.7294475646,5700.922741868999,0.0021697965656341522
90000000000,3541103.606740242,3550766.5327554215,9662.926015179604,0.0027287894081344877
90000000000,2419496.7902346356,2420680.0516790613,1183.261444425676,0.000489052702694814
90000000000,3540932.468010841,3559766.118246501,18833.65023565991,0.0053188391492368465
90000000000,2138908.820890346,2147836.7159316526,8927.895041306503,0.004174041901229881
90000000000,3541073.7402638597,3552699.108922477,11625.368658617139,0.003283006655984206
90000000000,2042869.6121907246,2054094.7993247008,11225.187133976258,0.005494813309175731
90000000000,3541184.807680841,3535537.749762064,5647.057918777224,0.0015946803754858367
90000000000,2235272.5031042635,2241724.4086459125,6451.905541649088,0.002886406705530946
90000000000,3540502.981408234,3522523.828936676,17979.15247155819,0.005078135102828522
90000000000,2516401.07877129,2514506.23324779,1894.8455234998837,0.0007529982161766916
90000000000,3538648.8601560066,3523853.8137693894,14795.046386617236,0.004180987425230141
90000000000,2650272.024373524,2643750.90653539,6521.117838134058,0.0024605466073527042
90000000000,3536191.3871734454,3537306.770567235,1115.3833937896416,0.0003154194079639993
90000000000,2543959.575109888,2541155.5900428523,2803.985067035537,0.0011022129024650155
90000000000,3534373.1586683975,3550447.778137602,16074.619469204452,0.004548082148535977
90000000000,2269989.432127335,2275461.4641035344,5472.031976199243,0.0024105979960757323
90000000000,3534249.363886336,3551419.9253669837,17170.561480647884,0.0048583333298719954
90000000000,2050468.9734300496,2061416.449058479,10947.475628429325,0.005339010621612213
90000000000,3535888.1595950765,3539350.956164955,3462.796569878701,0.0009793286477350726
90000000000,2107628.1163400393,2117237.231601336,9609.115261296742,0.004559208138665024
90000000000,3538344.7732619536,3525119.718963208,13225.054298745468,0.0037376386831160786
90000000000,2379414.812226212,2381791.8205023427,2377.0082761305384,0.000998988601700171
90000000000,3540336.9085396267,3521806.8535301695,18530.055009457283,0.005233980688324052
90000000000,2610240.5002454305,2605155.005671211,5085.494574219454,0.0019482858279692178
90000000000,3540889.088979107,3525983.064793377,14906.024185729679,0.004209684011883952
90000000000,2239987.0774494978,2233033.1336687976,6953.9437807002105,0.003104457097412426
90000000000,3541196.44396958,3542203.643015854,1007.1990462741815,0.0002844233756049806
90000000000,1992253.888860146,1991500.94144237,752.9474177761003,0.00037793748175685274
90000000000,3540990.205942744,3557092.6199644106,16102.414021666627,0.004547432521739936
90000000000,1640425.9886861038,1646601.3176175451,6175.328931441298,0.003764466653193794
90000000000,3540966.672186124,3558182.19938256,17215.527196435723,0.004861815653804839
90000000000,1513169.4469915414,1521440.4813750726,8271.034383531194,0.005466033166328813
90000000000,3541180.241668791,3544547.5701717786,3367.3285029875115,0.0009509057074713171
90000000000,1764140.365634634,1768095.412217608,3955.046582974028,0.0022419115054664227
90000000000,3540984.497195695,3527637.2828473123,13347.214348382782,0.003769351252159729
90000000000,2108796.1790510807,2105282.391082957,3513.7879681237973,0.0016662530039792357
90000000000,3539723.5941628357,3521226.451906145,18497.142256690655,0.005225589446360523
90000000000,2266749.2716011843,2259051.0593572813,7698.212243902963,0.003396146340642742
90000000000,3537423.2994763954,3529703.5244722804,7719.775004114956,0.0021823158696494217
90000000000,2141573.476601667,2137244.4752167095,4329.001384957228,0.002021411561291214
90000000000,3535124.598878208,3544825.930955355,9701.332077146973,0.002744268781990166
90000000000,1807872.404929298,1810955.9446681982,3083.539738900261,0.0017056180129154921
90000000000,3534067.4352167505,3552836.73724608,18769.302029329352,0.005310963181487282
90000000000,1523371.6834651474,1531384.0592595988,8012.375794451451,0.00525963287976185
90000000000,3534889.175984873,3546535.906197934,11646.730213060975,0.003294793594148824
90000000000,1599425.350202891,1606217.241552763,6791.891349871876,0.004246457234787674
90000000000,3537099.2129038693,3531589.7392175193,5509.473686350044,0.0015576248656669442
90000000000,1943400.9616566922,1943722.3430459271,321.3813892349135,0.00016537060317236096
90000000000,3539454.788744217,3521532.931388334,17921.85735588288,0.00506345141429013
90000000000,2219845.754789606,2213454.603807887,6391.15098171914,0.0028790968777580154
90000000000,3541159.301071549,3533298.4649085714,7860.836162977386,0.002219848217672306
90000000000,2627399.233767703,2621698.255771555,5700.977996148169,0.0021698179412090865
90000000000,3541103.8091950933,3550766.5327554215,9662.72356032813,0.002728732079313005
90000000000,2419495.4084922257,2420679.471018477,1184.0625262511894,0.0004893840765703582
90000000000,3540932.480908145,3559766.1808787645,18833.699970619287,0.005318853175587521
90000000000,2138907.7104972037,2147836.496253436,8928.785756232217,0.004174460502625735
90000000000,3541073.2538494375,3552699.180510687,11625.926661249716,0.00328316468703701
90000000000,2042869.8413882584,2054094.601036818,11224.759648559615,0.005494603435396396
90000000000,3541185.056214295,3535537.4810739914,5647.5751403034665,0.0015948263224461385
90000000000,2235272.160016608,2241724.4086459125,6452.24862930458,0.002886560636650456
90000000000,3540502.1373396316,3522524.0978405634,17978.039499068167,0.00507782195905608
90000000000,2516400.6999562266,2514505.1459239842,1895.5540322423913,0.0007532798859400114
90000000000,3538649.2011960936,3523853.679259674,14795.52193641942,0.0041811214096662665
90000000000,2650271.1310173175,2643750.90653539,6520.224481927697,0.0024602103556947705
90000000000,3536190.6091700704,3537306.770567235,1116.1613971646875,0.00031563948907908164
90000000000,2543959.5435769637,2541155.0231894664,2804.520387497265,0.00110242334418335
90000000000,3534373.797237333,3550447.7781376024,16073.980900269467,0.004547900652962571
90000000000,2269988.6034045825,2275461.1245359764,5472.521131393965,0.0024108143640836563
90000000000,3534248.6087012873,3551419.9589902298,17171.350288942456,0.00485855755779793
90000000000,2050469.5631671175,2061416.3093255963,10946.746158478782,0.0053386533285432625
90000000000,3535889.4235113403,3539350.8889099075,3461.465398567263,0.0009789518234226426
90000000000,2107628.4004305126,2117237.110620325,9608.710189812351,0.004559015331094247
90000000000,3538342.5650877412,3525119.752591368,13222.81249637343,0.0037370074415181845
90000000000,2379415.8172928263,2381791.333452982,2375.5161601556465,0.0009983610863183987
90000000000,3540338.7187008685,3521806.8535301695,18531.86517069908,0.005234489308271432
90000000000,2610237.9338135477,2605154.232148687,5083.701664860826,0.001947600867723793
90000000000,3540890.664716385,3525983.132001282,14907.532715102658,0.004210108169577359
90000000000,2239979.825114844,2233025.198853838,6954.626261006109,0.0031047718300987576
90000000000,3541196.4141318644,3542203.609440523,1007.19530865876,0.00028442232253465024
90000000000,1992246.7369364062,1991496.1402380974,750.5966983088292,0.0003767589046038873
90000000000,3540988.96925024,3557092.7541785296,16103.784928289708,0.004547821263532341
90000000000,1640423.5312278685,1646601.3766584932,6177.845430624671,0.003766006347153842
90000000000,3540966.8058409337,3558182.065174508,17215.259333574213,0.004861739823479032
90000000000,1513170.9439721587,1521442.3041983496,8271.360226190882,0.005466243096419824
90000000000,3541180.160142149,3544547.570171779,3367.4100296301767,0.0009509287518133512
90000000000,1764138.1845109775,1768093.8130707173,3955.6285597397946,0.0022422441702526284
90000000000,3540984.92080483,3527637.2828473113,13347.637957518455,0.003769470431544417
90000000000,2108790.079048499,2105275.615083488,3514.4639650108293,0.0016665783853633172
90000000000,3539723.4280987354,3521226.451906145,18496.976192590315,0.005225542777087941
90000000000,2266741.173447274,2259043.357998925,7697.815448349342,0.0033959834225989094
90000000000,3537424.321775962,3529703.524472279,7720.7973036831245,0.002182604234429785
90000000000,2141567.4196407814,2137238.1525046094,4329.267136171926,0.00202154137033804
90000000000,3535123.533574618,3544825.930955356,9702.397380738053,0.002744570957306055
90000000000,1807869.295639794,1810953.3356664893,3084.0400266952347,0.0017058976742031628
90000000000,3534067.2150489017,3552836.7204347583,18769.50538585661,0.005311021054136032
90000000000,1523374.2325671222,1531385.9288202375,8011.696253115311,0.005259178002252512
90000000000,3534889.400371701,3546535.9061979344,11646.50582623342,0.0032947299072521945
90000000000,1599426.107938436,1606217.883081097,6791.77514266083,0.004246382567441655
90000000000,3537100.674345889,3531589.789661014,5510.884684875142,0.0015580231359669347
90000000000,1943397.3114454064,1943717.9995172452,320.6880718388129,0.0001650141584276971
90000000000,3539453.5364441937,3521532.864140524,17920.67230366962,0.005063118393601824
90000000000,2219837.7552107135,2213447.02417105,6390.731039663311,0.0028789180761801597
90000000000,3541158.606714306,3533298.4984984333,7860.108215872664,0.002219643085449294
90000000000,2627408.987982894,2621708.1240353994,5700.863947494421,0.002169766478522657
90000000000,3541104.622424155,3550766.532755421,9661.910331266,0.00272850179858614
90000000000,2419502.4558498994,2420686.907113979,1184.4512640796602,0.0004895433196258516
90000000000,3540931.902851988,3559766.046679478,18834.143827490043,0.005318979394187269
90000000000,2138912.3984885076,2147840.01110837,8927.612619862426,0.004173902879880096
90000000000,3541073.819458261,3552699.1089224764,11625.289464215282,0.003282984218045418
90000000000,2042871.7678350648,2054096.540864995,11224.773029930191,0.005494604804209349
90000000000,3541185.153741029,3535537.821406366,5647.332334663253,0.0015947577123148215
90000000000,2235277.8067015237,2241729.3161879187,6451.509486394934,0.0028862226731070496
90000000000,3540502.4844262484,3522523.828936676,17978.655489572324,0.005077995445182079
90000000000,2516409.9273953508,2514514.1344560934,1895.7929392573424,0.0007533720633583783
90000000000,3538649.3197636157,3523853.679259674,14795.64050394157,0.0041811547760064365
90000000000,2650281.615063223,2643760.3455017996,6521.269561423454,0.002460594951253091
90000000000,3536190.7056060163,3537307.039591832,1116.333985815756,0.00031568828684663483
90000000000,2543968.0280095404,2541163.2614443344,2804.766565205995,0.0011025164366552632
90000000000,3534373.828949196,3550447.6436430113,16073.81469381554,0.004547853586442621
90000000000,2269993.5172691434,2275467.236761898,5473.719492754433,0.0024113370593848433
90000000000,3534248.6381319393,3551419.9421786065,17171.30404666718,0.0048585444332924005
90000000000,2050471.05766659,2061418.405318741,10947.347652151017,0.0053389427815718395
90000000000,3535889.5951958015,3539350.918859419,3461.3236636174843,0.0009789116912248535
90000000000,2107630.9637969825,2117240.135147902,9609.171350919642,0.004559228591711487
90000000000,3538342.853123262,3525119.7394553665,13223.113667895552,0.0037370922538565287
90000000000,2379422.417599841,2381798.2485494055,2375.8309495644644,0.00099849061351662
90000000000,3540338.394346937,3521806.819914463,18531.574432474095,0.00523440766624584
90000000000,2610247.964929078,2605164.1332506663,5083.831678411458,0.0019476431920327497
90000000000,3540889.762384389,3525983.1141491784,14906.648235210683,0.004209859452154404
90000000000,2239978.9542815285,2233025.2649771124,6953.689304416068,0.0031043547490143533
90000000000,3541196.363245156,3542203.6104897526,1007.2472445964813,0.00028443699283409375
90000000000,1992246.780553201,1991496.1376950962,750.6428581047803,0.0003767820660733326
90000000000,3540989.1155762207,3557092.7541785305,16103.63860230986,0.004547779752124241
90000000000,1640424.3944131215,1646601.376658493,6176.982245371444,0.0037654781691912856
90000000000,3540966.8380592484,3558181.8593947543,17215.02133550588,0.00486167256650762
90000000000,1513171.7909836362,1521442.4444155258,8270.653431889601,0.005465772942088267
90000000000,3541180.186573018,3544547.83874573,3367.6521727121435,0.000950997123919637
90000000000,1764138.8291367372,1768093.512249844,3954.6831131067593,0.002241707425623607
90000000000,3540984.7304581814,3527637.282847311,13347.44761087047,0.0037694168788870754
90000000000,2108788.6671810993,2105275.61508349,3513.0520976092666,0.0016659099853307262
90000000000,3539723.6000166205,3521226.451906145,18497.14811047539,0.005225591091459383
90000000000,2266741.2696726248,2259043.3579989243,7697.911673700437,0.0033960257293997264
90000000000,3537423.979985789,3529703.3271758533,7720.652809935622,0.002182563598148797
90000000000,2141566.815490822,2137238.1525046076,4328.662986214273,0.0020212598341099127
90000000000,3535123.6968820747,3544826.19996168,9702.503079605289,0.00274460073014213
90000000000,1807869.113138241,1810953.4226254395,3084.3094871984795,0.001706046895089929
90000000000,3534066.8136221,3552836.6195668243,18769.805944724474,0.005311106703579018
90000000000,1523373.719126954,1531385.6795453527,8011.960418398725,0.005259353182875166
90000000000,3534889.089550972,3546535.8893853533,11646.799834381323,0.003294813370187178
90000000000,1599426.2447269324,1606217.8670427338,6791.622315801447,0.004246286653224807
90000000000,3537100.9566329215,3531589.7728465134,5511.183786408044,0.0015581075728339727
90000000000,1943397.8248515779,1943718.0630481786,320.2381966006942,0.00016478262582451516
90000000000,3539453.8699568333,3521532.880952472,17920.989004361443,0.005063207393794909
90000000000,2219837.7685967977,2213447.02417105,6390.744425747544,0.002878924089028027
90000000000,3541158.5840975023,3533298.4984984333,7860.085599069018,0.0022196367127885167
90000000000,2627398.9757698188,2621697.939987586,5701.035782232881,0.0021698401479213858
90000000000,3541104.0738973673,3550766.5327554215,9662.458858054131,0.002728657123996797
90000000000,2419495.439355419,2420679.4710184773,1184.0316630583256,0.0004893713142826858
90000000000,3540933.2148453775,3559766.1808787645,18832.966033386998,0.005318644800876139
90000000000,2138906.995665149,2147836.496253436,8929.500588287134,0.004174796102113955
90000000000,3541073.628261288,3552699.108922477,11625.480661188718,0.0032830383893759857
90000000000,2042870.775931477,2054094.6656977753,11223.889766298234,0.00549417510815413
90000000000,3541184.1991838515,3535537.749762064,5646.4494217876345,0.00159450881518363
90000000000,2235272.1516921255,2241724.4086459125,6452.256953787059,0.002886564371547612
90000000000,3540502.721474867,3522523.828936676,17978.89253819082,0.005078062058571545
90000000000,2516400.5302982624,2514506.2332477877,1894.2970504746772,0.0007527804209491846
90000000000,3538649.362295592,3523853.679259674,14795.683035918046,0.0041811667450204195
90000000000,2650271.4177829386,2643749.6075930833,6521.810189855285,0.002460808408563319
90000000000,3536190.441993297,3537306.770567235,1116.3285739379935,0.00031568677995428776
90000000000,2543958.6984974816,2541155.0231894664,2803.6753080151975,0.0011020915196740852
90000000000,3534374.124116319,3550447.715367515,16073.591251195874,0.004547789986781512
90000000000,2269988.590689142,2275461.1245359746,5472.533846832812,0.002410819979131003
90000000000,3534248.50231461,3551420.0598599655,17171.55754535552,0.0048586163463349335
90000000000,2050469.2798142498,2061416.2441107417,10946.964296491817,0.00533876045072155
90000000000,3535889.6806813083,3539350.922537429,3461.241856120527,0.0009788885312320044
90000000000,2107628.0512785725,2117237.110620325,9609.059341752436,0.004559181747426066
90000000000,3538342.9040182605,3525119.752591368,13223.151426892728,0.0037371028714814707
90000000000,2379415.9710050337,2381791.279336393,2375.308331359178,0.0009982736773662484
90000000000,3540338.129543892,3521806.819914463,18531.30962942913,0.005234333261782697
90000000000,2610238.2988155163,2605154.386853177,5083.911962339189,0.0019476811617721592
90000000000,3540889.743978403,3525983.0983973243,14906.645581078716,0.004209858724471382
90000000000,2239986.9577764617,2233033.133668798,6953.824107663706,0.0031044038374966553
90000000000,3541196.6133656306,3542203.6094405237,1006.9960748930462,0.00028436604482572775
90000000000,1992251.5875352095,1991501.0228190399,750.5647161696106,0.0003767419340336431
90000000000,3540988.506775315,3557092.6870714696,16104.180296154693,0.004547933512165038
90000000000,1640424.2757086693,1646601.3176175451,6177.041908875806,0.0037655148124452753
90000000000,3540966.8879766925,3558182.0607068385,17215.172730145976,0.004861715253141698
90000000000,1513169.3244740905,1521440.271049312,8270.946575221606,0.0054659755794984905
90000000000,3541180.0878319503,3544547.5701717786,3367.482339828275,0.0009509491910336535
90000000000,1764140.784878727,1768095.412217608,3954.627338880906,0.002241673324928407
90000000000,3540985.341443387,3527637.551650802,13347.789792584721,0.0037695128630902087
90000000000,2108796.4447376286,2105281.5440803953,3514.9006572333165,0.001666780435828472
90000000000,3539724.6061190977,3521226.182929121,18498.42318997672,0.005225949826152753
90000000000,2266749.5818043207,2259052.1595545085,7697.422249812167,0.003395797361826382
90000000000,3537422.9008897142,3529703.5244722804,7719.376417433843,0.0021822034384105745
90000000000,2141573.0173707306,2137244.4752167077,4328.542154022958,0.0020211975584830777
90000000000,3535124.078564358,3544825.930955355,9701.852390997112,0.002744416369944534
90000000000,1807871.5711707443,1810955.9446681985,3084.3734974542167,0.0017060799819186457
90000000000,3534067.278898409,3552836.758534476,18769.47963606706,0.005311013672019743
90000000000,1523372.383773498,1531384.001090018,8011.617316520074,0.0052591325678851735
90000000000,3534888.87206929,3546535.9566356787,11647.084566388745,0.0032948941219673065
90000000000,1599426.0496277642,1606217.2468987803,6791.197271016194,0.004246021422870232
90000000000,3537100.9454851206,3531589.739217519,5511.20626760181,0.0015581139335693844
90000000000,1943401.7993491143,1943722.2717123234,320.47236320911907,0.00016490278197563258
90000000000,3539454.2895712974,3521532.931388334,17921.35818296345,0.005063311097353967
90000000000,2219845.665024628,2213454.6038078875,6391.061216740403,0.002879056556695124
90000000000,3541158.82419523,3533298.464908571,7860.3592866589315,0.0022197138498709643
90000000000,2627399.2139868787,2621698.097879566,5701.116107312962,0.0021698705232776378
90000000000,3541104.334179282,3550766.5327554215,9662.198576139286,0.0027285834203974913
90000000000,2419495.737843238,2420679.587150582,1183.849307344295,0.0004892958846042812
90000000000,3540931.70835457,3559766.0466794786,18834.338324908633,0.005319034614666639
90000000000,2138907.8870273484,2147836.4962534355,8928.609226087108,0.00417437762525439
90000000000,3541073.5759321325,3552699.2431615037,11625.667229371145,0.0032830911247899923
90000000000,2042868.680373784,2054094.5363758593,11225.856002075365,0.005495143231635118
90000000000,3541184.34705143,3535537.749762064,5646.597289366182,0.0015945505051347653
90000000000,2235271.863165537,2241724.408645913,6452.5454803761095,0.002886693823112046
90000000000,3540503.4048153027,3522523.828936676,17979.575878626667,0.005078254085047153
90000000000,2516399.6762423418,2514506.233247788,1893.4429945535958,0.0007524412804650384
90000000000,3538649.0590848895,3523853.679259675,14795.37982521439,0.0041810814178449614
90000000000,2650271.519799516,2643749.6075930833,6521.912206432782,0.0024608468067174273
90000000000,3536190.5862404834,3537306.770567235,1116.1843267516233,0.0003156459753879667
90000000000,2543958.967705319,2541155.0231894683,2803.9445158508606,0.0011021972254450516
90000000000,3534374.4249355765,3550447.715367515,16073.2904319386,0.0045477044872605935
90000000000,2269988.6301019564,2275461.1245359746,5472.494434018154,0.002410802574712613
90000000000,3534248.772140959,3551420.059859966,17171.287719007116,0.004858539629230792
90000000000,2050469.3277533362,2061416.2441107414,10946.91635740525,0.00533873694633589
90000000000,3535888.671201745,3539350.956164955,3462.2849632101133,0.0009791838163370071
90000000000,2107628.563233473,2117237.110620325,9608.547386852093,0.004558937734318276
90000000000,3538343.1070353426,3525119.718963208,13223.388072134461,0.00373716953730185
90000000000,2379415.1059548324,2381791.6040359465,2376.498081114143,0.0009987740580307367
90000000000,3540338.4118519593,3521806.8535301695,18531.55832178984,0.005234403089758851
90000000000,2610238.1535932724,2605154.077444204,5084.076149068307,0.0019477441711858866
90000000000,3540889.8669973505,3525983.064793377,14906.80220397329,0.004209902810847419
90000000000,2239979.482439153,2233025.727840122,6953.754599031061,0.0031043831666971323
90000000000,3541196.735998318,3542203.6430158545,1006.9070175364614,0.0002843408860345622
90000000000,1992247.3847119277,1991496.3843662143,751.000345713459,0.0003769613911788626
90000000000,3540989.7784500257,3557092.687071469,16102.908621443436,0.004547572749134581
90000000000,1640424.1439541825,1646601.3727219035,6177.228767720982,0.0037656290237419927
90000000000,3540966.022451514,3558182.060706838,17216.03825532412,0.004861960873435593
90000000000,1513169.307899204,1521442.2340897615,8272.926190557424,0.00546728389703005
90000000000,3541180.8992927815,3544547.570171779,3366.6708789975382,0.0009507198233419549
90000000000,1764138.4725459302,1768093.7497440854,3955.2771981551778,0.002242044635219076
90000000000,3540984.0584262027,3527637.551650802,13346.506775400601,0.0037691518954006483
90000000000,2108789.194823855,2105276.038582047,3513.1562418080866,0.0016659589542811256
90000000000,3539723.588012501,3521226.182929121,18497.405083380174,0.005225663706065302
90000000000,2266742.901195547,2259044.4581905934,7698.443004953675,0.0033962576880215613
90000000000,3537423.671250241,3529703.52447228,7720.1467779609375,0.0021824207376416366
90000000000,2141567.0854960904,2137238.1525046076,4328.932991482783,0.0020213856576339717
90000000000,3535124.237693272,3544825.9309553546,9701.693262082525,0.0027443712327386385
90000000000,1807869.9891863335,1810953.6617897802,3083.6726034467574,0.001705693784338233
90000000000,3534066.4556817547,3552836.758534476,18770.30285272142,0.0053112478466680255
90000000000,1523374.0978892257,1531385.7460131424,8011.648123916704,0.005259146873389521
90000000000,3534890.421774287,3546535.8893853533,11645.467611066531,0.003294435250194052
90000000000,1599426.4722119241,1606217.8456582618,6791.373446337646,0.004246130450089105
90000000000,3537099.902893919,3531589.8737335457,5510.0291603733785,0.0015577816040381796
90000000000,1943396.2691084133,1943718.277047175,322.00793876172975,0.00016569340174222923
90000000000,3539453.812755223,3521532.864140524,17920.948614698835,0.005063196064352257
90000000000,2219838.6571938763,2213447.6665115003,6390.990682376083,0.002879033871071967
90000000000,3541158.8747801436,3533298.464908571,7860.409871572629,0.0022197281030099645
90000000000,2627409.1564943306,2621708.2029816257,5700.953512704931,0.002169800428156966
90000000000,3541104.3753632936,3550766.532755422,9662.15739212837,0.0027285717583902334
90000000000,2419502.7058647815,2420687.0196173145,1184.3137525329366,0.0004894864344074531
90000000000,3540931.3498800267,3559766.0466794786,18834.69679945195,0.005319136390512091
90000000000,2138911.469868698,2147840.01110837,8928.541239671875,0.004174338847329653
90000000000,3541074.140434704,3552699.243161504,11625.102726800367,0.0032829311857823073
90000000000,2042871.026983417,2054096.6055259148,11225.578542497708,0.005495001101011175
90000000000,3541184.68460596,3535537.6154179634,5647.069187996443,0.0015946836132396786
90000000000,2235277.5586346653,2241729.3161879196,6451.757553254254,0.0028863339715158535
90000000000,3540504.9277959457,3522523.963388521,17980.964407424442,0.005078644084423871
90000000000,2516408.677778357,2514514.388189788,1894.2895885691978,0.0007527750183414543
90000000000,3538647.4558101557,3523853.6792596746,14793.776550481096,0.0041806302366151175
90000000000,2650282.824643768,2643760.6486179214,6522.176025846507,0.0024609358537888014
90000000000,3536190.9167261766,3537306.770567235,1115.8538410584442,0.00031555248778578597
90000000000,2543967.685112145,2541163.526001695,2804.15911044972,0.00110227780284328
90000000000,3534373.8385594203,3550447.7153675156,16073.876808095258,0.004547871148414461
90000000000,2269993.1413902855,2275466.557624654,5473.416234368458,0.0024112038642619847
90000000000,3534247.7020379105,3551420.0598599655,17172.357822054997,0.004858843881302691
90000000000,2050471.5127951363,2061418.479836762,10946.967041625641,0.005338755975547834
90000000000,3535889.612301346,3539350.888909907,3461.2766085611656,0.0009788983786483034
90000000000,2107630.8697894807,2117240.0141667076,9609.144377226941,0.0045592159969581126
90000000000,3538343.5401017494,3525119.7862195387,13223.753882210702,0.0037372724644567546
90000000000,2379422.914644497,2381798.314504209,2375.3998597119935,0.00099830923081906
90000000000,3540337.8004029305,3521806.8535301695,18530.946872761007,0.005234231284554817
90000000000,2610248.22356259,2605163.9785457198,5084.245016870089,0.0019478013512181885
90000000000,3540890.175014346,3525983.0647933767,14907.110220969189,0.004209989433210476
90000000000,2239978.336366546,2233024.6698677517,6953.66649879422,0.0031043454241944666
90000000000,3541196.483074047,3542203.6430158545,1007.1599418073893,0.0002844123297369516
90000000000,1992246.414273376,1991495.7333581198,750.6809152562637,0.0003768012379784137
90000000000,3540988.9709736193,3557092.6870714696,16103.716097850353,0.004547801823122461
90000000000,1640424.273799007,1646601.3805951576,6177.106796150561,0.003765554372007184
90000000000,3540965.773897272,3558182.060706838,17216.286809565965,0.0048620314086281905
90000000000,1513172.328218363,1521442.5145241143,8270.186305751326,0.0054654622950241205
90000000000,3541181.4168390012,3544547.570171779,3366.153332777787,0.0009505735336718639
90000000000,1764138.8672309075,1768093.5122498437,3954.645018936135,0.0022416857835820883
90000000000,3540984.168590894,3527637.417248971,13346.75134192314,0.003769220845523964
90000000000,2108788.913620905,2105275.1915851175,3513.722035787534,0.0016662274792379683
90000000000,3539724.7528469902,3521226.4519061456,18498.300940844696,0.005225915073189396
90000000000,2266740.9535261537,2259042.807903388,7698.145622765645,0.0033961294124899323
90000000000,3537424.2316594613,3529703.3899560096,7720.841703451704,0.0021826168414721737
90000000000,2141565.259884848,2137237.700883745,4327.559001102578,0.002020745798489125
90000000000,3535123.117364461,3544825.930955355,9702.813590893988,0.0027446890161290116
90000000000,1807868.6208674877,1810953.1726050505,3084.5517375627533,0.0017061813574056404
90000000000,3534066.597906785,3552836.89302504,18770.295118255075,0.00531124544437636
90000000000,1523373.384555074,1531386.178095163,8012.793540089158,0.0052599012306030445
90000000000,3534889.169918521,3546535.754884724,11646.584966203198,0.0032947525102948708
90000000000,1599427.0485960746,1606217.8884272198,6790.839831145247,0.004245795290948736
90000000000,3537101.8270782437,3531589.8737335457,5511.953344698064,0.0015583247568677176
90000000000,1943397.8504197872,1943717.7063833938,319.8559636066202,0.0001645859408239693
90000000000,3539453.2987285443,3521532.864140524,17920.4345880202,0.005063051571963853
90000000000,2219837.0848873192,2213446.638766927,6390.4461203920655,0.0028787905940928318
90000000000,3541158.8695471175,3533298.464908571,7860.404638546519,0.0022197266285180236
90000000000,2627398.7666031434,2621698.097879567,5700.6687235762365,0.002169700616456633
90000000000,3541104.5155458027,3550766.5327554215,9662.017209618818,0.002728532063146286
90000000000,2419495.421127474,2420679.5871505826,1184.1660231086425,0.0004894268502301304
90000000000,3540933.0706638037,3559766.0466794786,18832.97601567488,0.0053186478365557874
90000000000,2138907.9087121626,2147836.496253436,8928.58754127333,0.0041743674446691045
90000000000,3541072.0573861944,3552699.2431615037,11627.185775309335,0.0032835213706133453
90000000000,2042870.770537811,2054094.536375859,11223.765838047955,0.005494114458886285
90000000000,3541184.853565984,3535537.6154179643,5647.238148019649,0.0015947312500031912
90000000000,2235271.9210014227,2241724.562006384,6452.64100496145,0.002886736483528414
90000000000,3540502.987939015,3522523.963388521,17979.024550493807,0.005078098962701255
90000000000,2516400.7433488555,2514505.6895858333,1895.0537630221806,0.0007530810694723532
90000000000,3538648.8391387556,3523853.6792596746,14795.159879080951,0.004181019522321924
90000000000,2650271.025263752,2643750.257064177,6520.768199574668,0.002460415609352907
90000000000,3536191.9660892324,3537306.905079489,1114.938990256749,0.00031529368341668096
90000000000,2543957.712122307,2541154.45633619,2803.2557861171663,0.0011019270378431483
90000000000,3534372.673607143,3550447.7781376024,16075.10453045927,0.004548220013837191
90000000000,2269989.6647294387,2275461.4641035344,5471.79937409563,0.0024104952807121336
90000000000,3534249.355954966,3551419.862597647,17170.50664268108,0.004858317824618108
90000000000,2050467.6522530857,2061416.3093255966,10948.657072510803,0.005339590244440213
90000000000,3535889.8352197446,3539350.8889099075,3461.053690162953,0.0009788352724365518
90000000000,2107627.8272070102,2117236.917050723,9609.089843712747,0.004559196704309289
90000000000,3538342.974430859,3525119.7862195377,13223.188211321365,0.003737113193061311
90000000000,2379415.627641625,2381790.9546368876,2375.326995262876,0.0009982816653251953
90000000000,3540337.499441062,3521806.8535301695,18530.645910892636,0.005234146720141285
90000000000,2610238.5040515154,2605154.0774442037,5084.426607311703,0.0019478781725960463
90000000000,3540889.5026269043,3525983.0647933767,14906.437833527569,0.004209800340414132
90000000000,2239986.862004336,2233033.6626580385,6953.199346297421,0.0031041250572673945
90000000000,3541196.8156230035,3542203.6430158545,1006.8273928510025,0.00028431839439397867
90000000000,1992251.7818596389,1991500.6159357987,751.1659238401335,0.0003770436702227308
90000000000,3540988.894504807,3557092.687071469,16103.792566662189,0.004547823516660376
90000000000,1640424.2056131873,1646601.3176175451,6177.112004357856,0.0037655577034410217
90000000000,3540966.473478738,3558181.993602811,17215.520124072675,0.004861813929336557
90000000000,1513169.9448090238,1521440.306103605,8270.361294581322,0.0054655865476003224
90000000000,3541179.5501336264,3544547.6373152384,3368.087181611918,0.0009511201377757937
90000000000,1764140.8046883882,1768095.412217608,3954.6075292197056,0.002241662070686151
90000000000,3540985.8350844784,3527637.4172489713,13348.417835507076,0.0037696897014524826
90000000000,2108797.0905598127,2105281.755830966,3515.334728846792,0.0016669857638667324
90000000000,3539724.9801667063,3521226.4519061456,18498.528260560706,0.005225978957181443
90000000000,2266750.3243354103,2259051.609455795,7698.714879615232,0.003396366506254906
90000000000,3537421.711279932,3529703.38995601,7718.321323921904,0.0021819059060191083
90000000000,2141570.7401059223,2137244.9268404343,4325.813265488017,0.002019925461474162
90000000000,3535125.301132921,3544826.065458498,9700.764325576834,0.0027441076338844276
90000000000,1807871.4609848857,1810955.7816045617,3084.3206196760293,0.0017060508372623816
90000000000,3534066.4763788623,3552836.7585344766,18770.282155614346,0.005311241959106294
90000000000,1523370.6177366402,1531384.0592595993,8013.441522959154,0.005260336145162881
90000000000,3534889.279288895,3546535.889385354,11646.610096458811,0.003294759517560259
90000000000,1599425.6317676688,1606217.2041306694,6791.572363000596,0.004246257048847354
90000000000,3537100.455347073,3531589.739217519,5510.71612955397,0.0015579755789020245
90000000000,1943401.6241090565,1943722.2717123234,320.64760326687247,0.00016499296866332087
90000000000,3539454.1696519484,3521532.864140524,17921.305511424318,0.005063296387642337
90000000000,2219845.4509649007,2213454.860745477,6390.5902194236405,0.0028788446585981207
90000000000,3541158.6355931186,3533298.733627712,7859.901965406723,0.002219584823567286
90000000000,2627400.2889237776,2621699.36101568,5700.9279080978595,0.002169798006086482
90000000000,3541104.1032464895,3550766.3985053357,9662.295258846134,0.0027286109013253033
90000000000,2419496.7477388377,2420680.516207632,1183.768468794413,0.0004892622690651328
90000000000,3540933.174217025,3559766.080229301,18832.906012276188,0.005318627911254084
90000000000,2138908.511106446,2147837.155288173,8928.644181726966,0.0041743927500238085
90000000000,3541073.396768234,3552699.142482231,11625.745713996701,0.003283113454978639
90000000000,2042871.2689954839,2054094.7626892093,11223.493693725439,0.005493979901750848
90000000000,3541184.6849563126,3535537.749762064,5646.935194248799,0.0015946457744037332
90000000000,2235272.6635004035,2241725.0220878837,6452.35858748015,0.0028866091787548877
90000000000,3540503.382950197,3522523.8961625737,17979.48678762326,0.005078228953037035
90000000000,2516402.0827234806,2514507.048740918,1895.0339825628325,0.0007530728080275046
90000000000,3538646.974665405,3523853.6792596746,14793.295405730605,0.004180494836484608
90000000000,2650273.6152465553,2643751.2312710416,6522.383975513745,0.0024610228687300902
90000000000,3536191.268415994,3537306.9050794886,1115.6366634946316,0.0003154910407304895
90000000000,2543959.7906293585,2541155.5900428514,2804.200586507097,0.0011022975272000492
90000000000,3534373.8202404706,3550447.778137603,16073.957897132263,0.004547894114957718
90000000000,2269989.3610363402,2275462.143238846,5472.782202505972,0.002410928569289607
90000000000,3534249.1277946774,3551419.8625976467,17170.734802969266,0.004858382695190355
90000000000,2050468.5082408607,2061416.5887913613,10948.080550500657,0.005339306849385969
90000000000,3535889.803322244,3539351.0234200214,3461.2200977774337,0.000978882343710301
90000000000,2107628.9717206513,2117237.3041899465,9608.332469295245,0.004558834879485965
90000000000,3538342.5910394387,3525119.651706921,13222.939332517795,0.0037370432603117064
90000000000,2379416.3038796275,2381792.2534351987,2375.949555571191,0.0009985430257400591
90000000000,3540338.2982602366,3521806.7190674194,18531.57919281721,0.005234409152911699
90000000000,2610239.0245316615,2605155.315080273,5083.709451388568,0.001947603036967354
90000000000,3540889.45826062,3525983.3336252673,14906.124635352753,0.004209711941325342
90000000000,2239978.277443933,2233024.6698677517,6953.607576181181,0.0031043192008611926
90000000000,3541196.721836088,3542203.3744133627,1006.652577274479,0.0002842690356813998
90000000000,1992246.5971561947,1991495.7333581191,750.8637980755884,0.0003768930006693944
90000000000,3540989.0130877807,3557092.8883926524,16103.875304871704,0.004547846730207432
90000000000,1640424.6193456857,1646601.3805951576,6176.7612494719215,0.0037653429341578883
90000000000,3540967.7707395433,3558181.9264987833,17214.155759240035,0.004861426839715291
90000000000,1513171.9666225358,1521442.47946982,8270.512847284088,0.00546567940043472
90000000000,3541179.3989764135,3544547.6373152384,3368.238338824827,0.0009511628639312723
90000000000,1764138.415461997,1768093.512249844,3955.09678784688,0.00224194244237412
90000000000,3540984.299437513,3527637.4844498653,13346.814987647813,0.0037692386802641174
90000000000,2108789.925143857,2105274.979836003,3514.9453078540973,0.0016668067624679662
90000000000,3539724.7642164766,3521226.384661814,18498.379554662388,0.005225937265423808
90000000000,2266741.2053246787,2259043.0829511313,7698.122373547405,0.003396118778563765
90000000000,3537423.124378573,3529703.3899560096,7719.734422563575,0.002182304505605254
90000000000,2141565.746320615,2137237.475073386,4328.271247229073,0.002021077921453216
90000000000,3535124.879693361,3544826.0654584975,9701.185765136499,0.0027442271759231278
90000000000,1807870.1773287677,1810953.17260505,3082.9952762823086,0.0017053189520707796
90000000000,3534066.2817676333,3552836.758534476,18770.476766842883,0.005311297318808196
90000000000,1523373.0411952,1531385.9288202373,8012.887625037227,0.005259964177093825
90000000000,3534890.0670605903,3546535.889385354,11645.822324763518,0.003294535927236772
90000000000,1599426.3748708277,1606217.8884272196,6791.513556391932,0.004246218308698596
90000000000,3537100.7445522207,3531589.7392175184,5511.00533470232,0.0015580572148504032
90000000000,1943396.7494808703,1943717.706383394,320.9569025237579,0.00016515253645942008
90000000000,3539453.573218471,3521532.7296450534,17920.843573417515,0.005063166729750847
90000000000,2219837.128228288,2213446.6387669253,6390.489461362828,0.00287881006227842
90000000000,3541158.5351700666,3533298.7336277114,7859.801542355213,0.002219556527699413
90000000000,2627406.552365112,2621705.6767032924,5700.875661819708,0.0021697729484186417
90000000000,3541104.741066506,3550766.26425529,9661.523188783787,0.002728392379004847
90000000000,2419501.0657433462,2420685.1614984185,1184.0957550723106,0.0004893966660471462
90000000000,3540932.190955101,3559766.2144285836,18834.02347348258,0.005318944972059024
90000000000,2138910.7556288433,2147839.1323939436,8928.376765100285,0.004174263344837559
90000000000,3541073.8346996917,3552699.1424822314,11625.307782539632,0.003282989377013524
90000000000,2042871.737843851,2054096.055908057,11224.318064205814,0.005494382175971812
90000000000,3541185.0234448034,3535537.7497620643,5647.27368273912,0.001594741208197461
90000000000,2235276.6562968604,2241728.050960881,6451.394664020743,0.0028861727902212532
90000000000,3540501.8281474826,3522523.8961625737,17977.93198490888,0.005077792035575809
90000000000,2516406.6684304727,2514512.4174099597,1894.2510205130093,0.0007527602927926142
90000000000,3538649.27441137,3523853.7465145094,14795.527896860614,0.004181123007541274
90000000000,2650278.3542366163,2643757.7259903396,6520.628246276639,0.00246035599840034
90000000000,3536190.9734584824,3537306.8378233514,1115.8643648689613,0.0003155554587532976
90000000000,2543966.3318943633,2541161.6837236304,2804.648170732893,0.0011024706324019677
90000000000,3534373.076983522,3550447.643643012,16074.566659489647,0.0045480673119004155
90000000000,2269992.411057899,2275465.4540271815,5473.0429692827165,0.002411040205518608
90000000000,3534248.724384076,3551419.9970906302,17171.27270655427,0.0048585354471753425
90000000000,2050470.159676411,2061417.8463872555,10947.686710844515,0.005339110476288127
90000000000,3535889.5035653156,3539351.0234200214,3461.5198547057807,0.0009789672022317026
90000000000,2107630.5313784615,2117239.343115929,9608.811737467535,0.004559058902597624
90000000000,3538343.0508951857,3525119.6517069214,13223.399188264273,0.003737172738216779
90000000000,2379420.3195471396,2381796.582768486,2376.2632213463075,0.0009986731649827077
90000000000,3540338.0349836918,3521806.7190674194,18531.315916272346,0.005234335177363285
90000000000,2610245.9279807215,2605161.50326756,5084.424713161308,0.0019478719068799024
90000000000,3540889.663542448,3525983.333625267,14906.329917181283,0.004209769671915841
90000000000,2239980.5397782894,2233026.7858132822,6953.753965007141,0.003104381418284739
90000000000,3541196.6713894363,3542203.374413363,1006.7030239268206,0.0002842832853821211
90000000000,1992247.8374524277,1991497.0353750044,750.8020774233155,0.00037686178562171166
90000000000,3540989.040136937,3557092.8883926524,16103.848255715333,0.004547839056596619
90000000000,1640424.4822721859,1646601.3648489504,6176.882576764561,0.0037654172097022313
90000000000,3540966.9625960155,3558181.943274791,17214.980678775348,0.0048616609137054475
90000000000,1513170.6652013122,1521441.8835468213,8271.218345509144,0.005466150339630554
90000000000,3541180.7319653835,3544547.6373152374,3366.9053498539142,0.0009507860808858674
90000000000,1764138.9689185,1768093.9872388209,3955.0183203208726,0.0022418972597977836
90000000000,3540984.671498722,3527637.4676496377,13347.20384908421,0.003769348101536685
90000000000,2108791.610709206,2105276.7267676047,3514.883941601496,0.0016667763299852128
90000000000,3539722.8980000084,3521226.351039667,18496.54696034128,0.0052254222981104196
90000000000,2266742.6796438484,2259045.2575491006,7697.42209474789,0.0033958076335145865
90000000000,3537424.3551235427,3529703.4572141273,7720.89790941542,0.0021826326542453436
90000000000,2141568.457705739,2137239.196878582,4329.260827157181,0.002021537444474278
90000000000,3535124.005594641,3544826.031832708,9702.026238067076,0.0027444656036712646
90000000000,1807869.602573941,1810953.865617116,3084.263043174986,0.0017060207433012807
90000000000,3534066.4069788465,3552836.6868121144,18770.27983326791,0.005311241406273965
90000000000,1523373.471958196,1531385.4302705089,8011.95831231284,0.005259352653695614
90000000000,3534889.899128472,3546535.96111309,11646.061984618194,0.003294603882143411
90000000000,1599426.3769627886,1606217.7173517265,6791.340388937853,0.004246110034670171
90000000000,3537100.5664749625,3531589.7392175184,5510.827257444151,0.0015580069477459566
90000000000,1943398.4925671446,1943718.9998763117,320.5073091671802,0.00016492104444508653
90000000000,3539453.9961444885,3521532.729645053,17921.26649943553,0.0050632856138141885
90000000000,2219839.296600756,2213448.9682997074,6390.328301048372,0.002878734650221705
90000000000,3541158.6737264134,3533298.7336277124,7859.940098701045,0.002219595568257865
90000000000,2627401.677454803,2621699.697824138,5701.979630664922,0.0021701971493709713
90000000000,3541104.461414819,3550766.26425529,9661.802840470802,0.0027284715674867465
90000000000,2419497.7390714665,2420681.6929932283,1183.9539217618294,0.0004893387179672244
90000000000,3540932.077319641,3559766.1808787645,18834.103559123352,0.005318967759861719
90000000000,2138908.893150007,2147837.374966476,8928.481816469226,0.0041743160940904325
90000000000,3541074.054316622,3552699.1928218654,11625.13850524323,0.003282941369461622
90000000000,2042870.2114479917,2054094.9890025437,11224.77755455207,0.005494611205180734
90000000000,3541185.0365453027,3535537.7329690447,5647.303576258011,0.0015947496439687287
90000000000,2235273.5514176306,2241725.6738702217,6452.12245259108,0.0028865023918433095
90000000000,3540502.416891177,3522523.9024650045,17978.51442617271,0.005077955699281565
90000000000,2516403.0299150655,2514508.00014987,1895.029765195679,0.0007530708486150729
90000000000,3538649.3316741227,3523853.7318025106,14795.599871612154,0.004181143279493141
90000000000,2650273.8413832844,2643752.5606579254,6521.280725358985,0.0024606063809448713
90000000000,3536190.449235957,3537306.8462303663,1116.3969944091514,0.00031570612794635096
90000000000,2543961.7780009755,2541157.1134618665,2804.664539108984,0.0011024790401186243
90000000000,3534374.0179535747,3550447.6436430123,16073.625689437613,0.004547799867186763
90000000000,2269989.889759028,2275462.7799284356,5472.890169407707,0.0024109755704633047
90000000000,3534248.483169296,3551419.9253669837,17171.442197687924,0.004858583735541321
90000000000,2050469.7420716872,2061416.763457462,10947.021385774715,0.005338787089203481
90000000000,3535889.6405162397,3539351.0234200214,3461.3829037817195,0.000978928432640889
90000000000,2107628.7459737556,2117237.6913292473,9608.945355491713,0.0045591261619713
90000000000,3538343.0645520636,3525119.6517069214,13223.412845142186,0.0037371765834741644
90000000000,2379417.4459988363,2381793.1193011687,2375.673302332405,0.0009984264452323288
90000000000,3540338.2912544087,3521806.7907749177,18531.500479490962,0.005234386929991626
90000000000,2610240.7071764353,2605156.552716802,5084.154459633399,0.0019477722670002567
90000000000,3540889.7183286347,3525983.0647933767,14906.653535258025,0.004209861001345797
90000000000,2239984.7995328144,2233031.0177138047,6953.781819009688,0.0031043879496235926
90000000000,3541196.7939109495,3542203.4460347234,1006.6521237739362,0.0002842689018313989
90000000000,1992250.6106844966,1991499.639417131,750.9712673656177,0.00037694618505229084
90000000000,3540989.121978852,3557092.8883926524,16103.766413800418,0.004547815838756648
90000000000,1640424.5403710667,1646601.3333601444,6176.792989077745,0.003765362463841552
90000000000,3540966.920016392,3558181.9264987838,17215.00648239162,0.004861668259332941
90000000000,1513169.5192802981,1521440.7618094215,8271.242529123323,0.00546617046122984
90000000000,3541180.20734439,3544547.670886975,3367.4635425847955,0.0009509438507536818
90000000000,1764139.7292832898,1768094.9372227027,3955.2079394129105,0.0022420037788161923
90000000000,3540984.796048346,3527637.4508494125,13347.3451989335,0.0037693878871857393
90000000000,2108794.561861027,2105280.1677028327,3514.3941581943072,0.0016665417398899342
90000000000,3539723.524206011,3521226.351039667,18497.173166343942,0.005225598281858188
90000000000,2266747.2772189816,2259049.6841118634,7697.593107118271,0.00339587618985133
90000000000,3537424.0158194476,3529703.440399595,7720.57541985251,0.002182541698514486
90000000000,2141571.680511889,2137242.7816294446,4328.898882444482,0.002021365393387051
90000000000,3535123.9832709897,3544826.0150198145,9702.031748824753,0.0027444671798604442
90000000000,1807870.9920719636,1810955.1497342659,3084.1576623022556,0.0017059611420434189
90000000000,3534066.8266108097,3552836.7204347593,18769.89382394962,0.0053111315503759325
90000000000,1523372.6201368852,1531384.526649543,8011.906512657879,0.005259321591284709
90000000000,3534889.6156995217,3546535.8893853533,11646.273685831577,0.003294664035365327
90000000000,1599426.2550433613,1606217.3752034514,6791.120160090039,0.004245972665933215
90000000000,3537100.6612117626,3531589.7392175193,5510.921994243283,0.0015580336897608438
90000000000,1943399.795458641,1943721.1303760875,321.3349174465984,0.00016534678978432412
90000000000,3539453.673409208,3521532.998636193,17920.674773015082,0.005063118895338968
90000000000,2219842.562278939,2213452.8052461324,6389.757032806519,0.002878473068939923
90000000000,3541158.4614544837,3533298.4649085714,7859.996545912232,0.0022196116416331856
90000000000,2627398.3624543403,2621698.097879567,5700.264574773144,0.002169547129293457
90000000000,3541104.8260214506,3550766.3358493755,9661.509827924892,0.002728388540471399
90000000000,2419494.6259082058,2420679.5871505826,1184.9612423768267,0.0004897556827314827
90000000000,3540932.0222732807,3559766.180878765,18834.158605484292,0.005318983388275483
90000000000,2138906.9586154134,2147836.1740490603,8929.215433646925,0.0041746628565027
90000000000,3541073.8493418163,3552699.176041987,11625.326700170524,0.003282994705781507
90000000000,2042869.9732886818,2054094.601036818,11224.627748136176,0.00549453851439521
90000000000,3541185.4116120418,3535537.749762064,5647.661849977914,0.0015948506484462638
90000000000,2235272.1931341984,2241724.255285455,6452.062151256483,0.0028864771686752345
90000000000,3540502.3239454506,3522523.8961625737,17978.427782876883,0.005077931360553989
90000000000,2516400.847898208,2514505.961416798,1894.8864814098924,0.0007530145616476693
90000000000,3538648.9448050847,3523853.7465145094,14795.198290575296,0.00418103025232141
90000000000,2650271.2361648693,2643749.9323286153,6521.303836253937,0.0024606175199224996
90000000000,3536191.1990336883,3537306.8378233514,1115.6387896630913,0.0003154916481800969
90000000000,2543958.7918350217,2541154.7397628147,2804.0520722069778,0.0011022395807694448
90000000000,3534373.4262902024,3550447.7108903066,16074.284600104205,0.004547987057772873
90000000000,2269988.8124626847,2275461.464103535,5472.651640850119,0.002410871635491852
90000000000,3534248.8335744785,3551419.8581204917,17171.024546013214,0.004858465081149008
90000000000,2050468.6999665694,2061416.2569257652,10947.556959195761,0.005339050998132402
90000000000,3535889.4872758104,3539351.023420022,3461.5361442114227,0.0009789718136463386
90000000000,2107628.2006954895,2117236.9170507235,9608.716355233919,0.004559018688430516
90000000000,3538342.6415591366,3525119.651706921,13222.989852215629,0.0037370574847406654
90000000000,2379415.774582177,2381791.3875695737,2375.612987396773,0.0009984017979429965
90000000000,3540338.391994092,3521806.9879931207,18531.404000971466,0.005234359529834003
90000000000,2610237.943822064,2605154.0774442013,5083.866377862636,0.0019476639629330266
90000000000,3540889.0794190993,3525983.0647933776,14906.014625721611,0.004209681323360465
90000000000,2239980.845596104,2233026.78581328,6954.059782824013,0.003104517521431483
90000000000,3541197.4731026017,3542203.643015854,1006.1699132523499,0.00028413267571062605
90000000000,1992247.8878862408,1991497.0353750049,750.8525112359785,0.0003768870911102468
90000000000,3540988.0821806514,3557092.5573252235,16104.47514457209,0.004548017324772935
90000000000,1640423.4443961033,1646601.3648489504,6177.9204528471455,0.0037660522799474205
90000000000,3540967.190602643,3558182.1278108642,17214.937208221294,0.00486164832419457
90000000000,1513170.9922295422,1521442.0237639972,8271.031534455018,0.0054660257016084365
90000000000,3541180.301454022,3544547.570171778,3367.268717756029,0.0009508888085629009
90000000000,1764138.9652122213,1768093.9872388204,3955.022026599152,0.002241899365407063
90000000000,3540984.6859700577,3527637.4844498658,13347.201520191971,0.0037693474284358525
90000000000,2108791.527451764,2105276.673830236,3514.8536215280183,0.001666762017853572
90000000000,3539724.0165233775,3521226.3846618137,18497.631861563772,0.0052257271400869415
90000000000,2266742.73892185,2259045.2833348666,7697.455586983357,0.0033958223202005546
90000000000,3537423.943133515,3529703.3899560096,7720.553177505266,0.002182535455636188
90000000000,2141567.7483860482,2137239.281557597,4328.466828451026,0.0020211673582183395
90000000000,3535123.7613181127,3544826.048645603,9702.287327490281,0.002744539649121837
90000000000,1807869.324427312,1810953.8248516324,3084.500424320344,0.001706152310149649
90000000000,3534066.4604307855,3552836.7036234364,18770.243192650843,0.0053112309581079134
90000000000,1523373.3012671254,1531385.508168893,8012.206901767524,0.0052595164265404
90000000000,3534889.4763533007,3546535.889385354,11646.413032053038,0.0032947035854902686
90000000000,1599426.430947308,1606217.7601205152,6791.329173207283,0.004246102879008268
90000000000,3537100.9890444754,3531589.7392175193,5511.249826956075,0.0015581262293686737
90000000000,1943398.4627218274,1943718.847711624,320.384989796672,0.00016485810601494288
90000000000,3539454.605766985,3521532.9986361926,17921.607130792458,0.005063380980106939
90000000000,2219839.9171293722,2213448.6942568594,6391.222872512881,0.002879136834685724
90000000000,3541158.3710710397,3533298.464908571,7859.9061624687165,0.0022195861745916354
90000000000,2627407.5103379474,2621706.308272698,5701.202065249439,0.0021698963875292146
90000000000,3541103.4806145923,3550766.5327554215,9663.052140829153,0.002728825122939372
90000000000,2419503.2559118024,2420685.161498417,1181.9055866147391,0.0004884910089403173
90000000000,3540932.8955027075,3559765.9840472094,18833.088544501923,0.005318679879085419
90000000000,2138910.5275989952,2147839.1323939427,8928.60479494743,0.00417437040013549
90000000000,3541073.9085580735,3552699.2431615037,11625.334603430238,0.003282996882763195
90000000000,2042871.602891924,2054096.1528994504,11224.550007526297,0.005494496076814927
90000000000,3541185.25205165,3535537.6825899985,5647.569461651612,0.0015948246306457957
90000000000,2235276.036074152,2241728.0893010804,6452.053226928227,0.002886468213679802
90000000000,3540501.958045365,3522523.8961625737,17978.06188279111,0.005077828538390758
90000000000,2516407.647436883,2514512.4853678616,1895.1620690212585,0.0007531220432236401
90000000000,3538649.064559751,3523853.7465145094,14795.318045241758,0.004181063952743917
90000000000,2650278.869499656,2643758.050726618,6520.818773037754,0.002460427409387607
90000000000,3536190.4932195107,3537306.8378233504,1116.344603839796,0.000315691308480224
90000000000,2543966.086272261,2541161.5420099813,2804.5442622797564,0.0011024298937842081
90000000000,3534374.1218577977,3550447.7108903066,16073.589032508899,0.0045477893619422565
90000000000,2269992.3851743424,2275465.538919271,5473.153744928539,0.0024110890330181368
90000000000,3534248.2736005234,3551419.9926134753,17171.719012951944,0.004858662347299732
90000000000,2050470.935967394,2061417.916253692,10946.980286298087,0.005338763936750656
90000000000,3535889.581604019,3539350.8889099075,3461.3073058887385,0.0009789070687887694
90000000000,2107629.7585522984,2117239.4334570775,9609.674904779065,0.004559470118404391
90000000000,3538343.667114751,3525119.651706921,13224.015407830011,0.0037373462421792358
90000000000,2379420.498218145,2381796.5827684873,2376.084550342057,0.0009985979998581225
90000000000,3540338.8516754033,3521806.9879931207,18531.863682282623,0.005234488691248507
90000000000,2610245.3369772905,2605161.50326756,5083.833709730301,0.001947645931097599
90000000000,3540888.423403105,3525983.1992092314,14905.22419387335,0.004209458873473375
90000000000,1710457.029224947,1710524.735932919,67.70670797186904,3.958398651063963e-05
90000000000,3541197.617293111,3542203.6430158555,1006.025722744409,0.00028409194613471315
90000000000,1450842.447064334,1453229.9539899405,2387.5069256064016,0.0016456004099117273
90000000000,3540989.4910582993,3557092.5573252225,16103.066266923212,0.00454761763839928
90000000000,877249.9202625534,881001.6548504583,3751.7345879048808,0.00427669983347735
90000000000,3540967.1865333673,3558182.1278108642,17214.941277496982,0.004861649478980498
90000000000,273061.7018353521,274605.04008628,1543.33825092786,0.005651976240367995
90000000000,3541180.1514855847,3544547.570171779,3367.4186861943454,0.0009509311986800944
90000000000,787738.335309305,791338.4674245453,3600.132115240325,0.004570213170883369
90000000000,3540984.677044473,3527637.4172489713,13347.259795501828,0.003769363895311257
90000000000,1391294.5745669862,1394045.838249174,2751.2636821877677,0.001977484662472752
90000000000,3539723.375459541,3521226.4519061456,18496.92355339555,0.005225527983805855
90000000000,1697837.8373659218,1698045.803722227,207.96635630517267,0.00012248893959615018
90000000000,3537424.1821799427,3529703.3899560096,7720.792223933153,0.0021826028845585614
90000000000,1625526.6621987089,1626499.7212960762,973.0590973673388,0.0005986115884750646
90000000000,3535123.8870348483,3544826.065458498,9702.178423649631,0.0027445087452896925
90000000000,1193343.7802189484,1196909.6200649387,3565.8398459902965,0.0029881077901424643
90000000000,3534067.4729925925,3552836.6868121144,18769.213819521945,0.005310938164864314
90000000000,529767.6568220733,532541.1827966385,2773.5259745651856,0.005235362972520417
90000000000,3534889.5243706433,3546535.8893853533,11646.365014709998,0.0032946899569042494
90000000000,443644.77183162124,446039.73339699284,2394.961565371603,0.005398376623449931
90000000000,3537101.3577668765,3531589.7392175193,5511.618549357168,0.0015582303111712041
90000000000,1115640.444894994,1119367.7571366148,3727.31224162085,0.0033409619189376655
90000000000,3539452.387671145,3521532.8641405245,17919.523530620616,0.005062795474531339
90000000000,1588096.3404973755,1589421.2325660603,1324.8920686847996,0.0008342642917178797
100000000000,3540906.934726897,3526230.476736184,14676.457990712952,0.004144830197816232
100000000000,2237338.5308226016,2230455.284017772,6883.246804829687,0.003076533439174681
100000000000,3541193.7879451094,3542576.147638304,1382.3596931947395,0.0003903654462234042
100000000000,1985173.8990364452,1984582.8845506008,591.014485844411,0.00029771421341539644
100000000000,3540986.591305769,3557281.268818897,16294.677513128147,0.0046017337521516415
100000000000,1634298.807722252,1640579.2992216782,6280.491499426076,0.0038429272968627417
100000000000,3540970.5767004536,3558027.9183793673,17057.341678913683,0.004817137366560117
100000000000,1514941.673523883,1523184.8052584867,8243.13173460355,0.005441220529255972
100000000000,3541182.979819553,3544180.7363129905,2997.7564934375696,0.0008465409752958672
100000000000,1771533.9961434994,1775349.8481546924,3815.8520111930557,0.0021539818143484052
100000000000,3540970.6280893255,3527362.9609864503,13607.667102875188,0.0038429200725163194
100000000000,2114545.7303462517,2110887.5012738607,3658.2290723910555,0.0017300307200223233
100000000000,3539685.0182812037,3521259.3252561768,18425.693025026936,0.005205461200605376
100000000000,2267050.2724888735,2259343.686085699,7706.586403174326,0.003399389284258649
100000000000,3537372.037552302,3529993.1296460787,7378.9079062230885,0.0020859858188195983
100000000000,2136252.8614177518,2132059.6988996705,4193.162518081255,0.0019628587017074413
100000000000,3535085.4135836,3545105.479640418,10020.066056818236,0.002834462222133597
100000000000,1800323.112952436,1803551.9211700174,3228.8082175813615,0.0017934604040528504
100000000000,3534065.323535091,3552854.2767668874,18788.953231796622,0.00531652686402588
100000000000,1520651.0258728517,1528705.9314361338,8054.905563282082,0.005297011231527349
100000000000,3534924.181648128,3546275.319761463,11351.138113334775,0.0032111404743177274
100000000000,1604973.2431087538,1611673.1173214174,6699.874212663621,0.004174446048512494
100000000000,3537151.423844807,3531286.354777315,5865.069067491684,0.0016581334426210347
100000000000,1950729.970975641,1950892.8422175196,162.87124187871814,8.34924588754124e-05
100000000000,3539494.7743417025,3521464.1765795154,18030.59776218701,0.005094116226104743
100000000000,2223153.8183278264,2216671.088967327,6482.729360499419,0.0029160057693963285
100000000000,3541162.161649076,3533645.81698574,7516.344663335942,0.002122564378648978
100000000000,2625155.215527896,2619533.204968772,5622.010559123941,0.0021415916765109844
100000000000,3541099.6197918123,3551082.044520196,9982.424728383776,0.0028190183276941136
100000000000,2413677.5338249607,2415039.577825474,1362.044000513386,0.0005643023897873182
100000000000,3540932.27059342,3559785.62645394,18853.35586051969,0.005324404540886652
100000000000,2134213.575922105,2143257.1939707864,9043.618048681412,0.004237447531357793
100000000000,3541078.5861849575,3552405.7444039327,11327.158218975179,0.0031987875849936133
100000000000,2044185.1059912296,2055379.0027168954,11193.896725665778,0.005475970200965648
100000000000,3541181.9669714402,3535178.4584592567,6003.508512183558,0.0016953403039375572
100000000000,2241123.0335333766,2247419.1924957116,6296.158962334972,0.0028093767580481227
100000000000,3540475.802133239,3522391.0858713477,18084.716261891183,0.005107990358525998
100000000000,2521238.221125082,2519184.1726166345,2054.048508447595,0.000814698306267542
100000000000,3538600.6029798347,3524038.7779410766,14561.825038758107,0.004115136652182696
100000000000,2650545.6907749735,2644015.478139302,6530.212635671254,0.0024637238506769275
100000000000,3536143.1184188426,3537630.458074258,1487.3396554156207,0.00042061070652611834
100000000000,2539493.22512574,2536838.863002122,2654.3621236179024,0.001045233000567062
100000000000,3534351.185705067,3550616.4085279983,16265.22282293113,0.0046020392338817296
100000000000,2263983.564372052,2269619.356257111,5635.791885058861,0.0024893254411155713
100000000000,3534267.480455356,3551282.496425924,17015.015970567707,0.004814297747598744
100000000000,2048447.6206672105,2059441.23459809,10993.613930879394,0.005366802558172616
100000000000,3535935.109235979,3539029.8814924257,3094.7722564465366,0.0008752344601468758
100000000000,2111846.4556431267,2121354.776878755,9508.321235628333,0.004502373366312153
100000000000,3538394.0416620946,3524906.652521409,13487.389140685555,0.003811726162174438
100000000000,2385419.587478067,2387618.767548782,2199.180070715025,0.0009219258876967891
100000000000,3540368.189795219,3521904.167784854,18464.022010365035,0.005215282993329863
100000000000,2613069.129720637,2607885.529510635,5183.600210002158,0.001983721039388015
100000000000,3540906.1601150716,3526230.476736184,14675.683378887363,0.004144612343640995
100000000000,2237335.3146390496,2230455.284017771,6880.030621278565,0.0030751003554371215
100000000000,3541193.326825035,3542576.013339279,1382.6865142444149,0.0003904577882744698
100000000000,1985173.566674941,1984582.8845506003,590.6821243406739,0.00029754684137268397
100000000000,3540986.0738261435,3557281.3314575893,16295.25763144577,0.004601898254244826
100000000000,1634299.9397153587,1640579.2992216782,6279.35950631951,0.0038422319879747213
100000000000,3540970.766637718,3558027.8557426124,17057.08910489455,0.004817065779136856
100000000000,1514942.2335921756,1523184.8789803903,8242.645388214616,0.005440897484698118
100000000000,3541182.9489271482,3544180.73631299,2997.7873858418316,0.0008465497064335673
100000000000,1771534.309477954,1775349.722336414,3815.4128584600985,0.002153733539365911
100000000000,3540971.053655952,3527362.960986451,13608.092669501435,0.0038430397942540266
100000000000,2114545.5197661933,2110887.5012738598,3658.018492333591,0.0017299313058713726
100000000000,3539684.526445833,3521259.325256177,18425.20118965581,0.005205322974970427
100000000000,2267049.463921098,2259343.686085698,7705.777835399844,0.0033990338358440134
100000000000,3537372.795851689,3529993.129646078,7379.666205610614,0.002086199739610374
100000000000,2136253.580471919,2132059.251570528,4194.328901391011,0.001963404035800115
100000000000,3535085.06583558,3545105.5468918015,10020.481056221295,0.0028345798954212084
100000000000,1800321.9941393123,1803551.7651560982,3229.771016785875,0.0017939963113820345
100000000000,3534065.5380394314,3552854.2767668874,18788.73872745596,0.00531646584513519
100000000000,1520652.1003531162,1528705.9793039698,8053.878950853599,0.005296332375421951
100000000000,3534923.9641806833,3546275.2525109393,11351.288330256008,0.0032111831669587223
100000000000,1604972.1291606983,1611673.1173214177,6700.988160719397,0.004175143006516631
100000000000,3537153.9251503726,3531286.4892933886,5867.435856983997,0.001658801392629403
100000000000,1950730.4398827043,1950892.696351472,162.2564687677659,8.317728859427766e-05
100000000000,3539493.620536835,3521464.1765795154,18029.443957319483,0.005093791906477559
100000000000,2223151.5832718657,2216671.088967327,6480.4943045387045,0.0029150033462860886
100000000000,3541164.0661441158,3533645.81698574,7518.2491583758965,0.0021231010531975515
100000000000,2625145.0070341295,2619524.387669765,5620.619364364538,0.0021410700549127663
100000000000,3541100.5454530744,3551081.9102718765,9981.364818802103,0.00281871827435643
100000000000,2413669.4152147393,2415033.1421181597,1363.7269034204073,0.0005650015262338978
100000000000,3540931.5260452298,3559785.76065314,18854.23460791027,0.005324653828866342
100000000000,2134209.9741824917,2143253.9637915664,9043.989609074779,0.004237628779960639
100000000000,3541078.683442638,3552405.7444039322,11327.060961294454,0.0031987600315851444
100000000000,2044184.2148327702,2055376.9133845724,11192.698551802197,0.005475386450294963
100000000000,3541181.9539516703,3535178.324112747,6003.629838923458,0.0016953745718216757
100000000000,2241118.383698576,2247414.8259622296,6296.442263653502,0.002809508997584643
100000000000,3540475.90329359,3522391.085871348,18084.817422241904,0.005108018785106879
100000000000,2521230.3138298867,2519175.4119106913,2054.9019191954285,0.0008150393511943461
100000000000,3538600.96439288,3524038.9124512854,14562.051941594575,0.004115200354073547
100000000000,2650536.361301013,2644005.732820995,6530.628480017651,0.002463889413240156
100000000000,3536141.6919638603,3537630.4580742586,1488.766110398341,0.0004210142692476578
100000000000,2539485.705083518,2536830.976712971,2654.728370546829,0.0010453803166651497
100000000000,3534352.661277924,3550616.391716213,16263.730438288767,0.004601615061358436
100000000000,2263978.76053756,2269614.6756319264,5635.915094366297,0.002489385144685767
100000000000,3534265.8202492907,3551282.4459909797,17016.625741689,0.0048147554844894845
100000000000,2048446.4965281845,2059439.2881541944,10992.791626009857,0.0053664040748152425
100000000000,3535936.3535382985,3539029.8814924248,3093.5279541262425,0.0008748822503636548
100000000000,2111842.7203394216,2121351.765213976,9509.0448745545,0.004502723987431307
100000000000,3538393.105875228,3524906.7197775105,13486.386097717565,0.0038114436961016185
100000000000,2385413.607695218,2387611.9793897895,2198.3716945713386,0.0009215893157813419
100000000000,3540366.2808592166,3521904.167784854,18462.113074362744,0.005214746613698441
100000000000,2613060.642039029,2607876.524927222,5184.117111806758,0.001983925297562737
100000000000,3540908.055458623,3526230.476736184,14677.578722438775,0.004145145395631493
100000000000,2237344.454535134,2230463.187576963,6881.266958171036,0.0030756403843952567
100000000000,3541192.850192858,3542576.013339279,1383.1631464213133,0.00039059243733251763
100000000000,1985177.8606706322,1984587.6756995441,590.1849710880779,0.00029729576517073476
100000000000,3540984.282339234,3557281.5998837072,16297.317544473335,0.00460248231706554
100000000000,1634297.0693985017,1640579.1455460102,6282.076147508575,0.0038439010049872236
100000000000,3540971.3480964866,3558027.5873247944,17056.239228307735,0.004816824975857719
100000000000,1514941.0911071242,1523182.5934182876,8241.502311163349,0.005440147052279393
100000000000,3541182.9710921813,3544180.8706022035,2997.899510022253,0.0008465813640512431
100000000000,1771536.1895430614,1775351.4838037603,3815.2942606988363,0.0021536643074070807
100000000000,3540971.1692957645,3527362.826582431,13608.342713333666,0.003843110283227785
100000000000,2114552.021092071,2110893.9246821664,3658.0964099047706,0.001729962835350595
100000000000,3539684.5729622133,3521259.325256177,18425.247706036083,0.005205336047956603
100000000000,2267058.1449152334,2259351.39099497,7706.753920263145,0.003399451371615043
100000000000,3537372.1695005153,3529993.1296460787,7379.039854436647,0.0020860230422060973
100000000000,2136260.1157523077,2132065.961527659,4194.154224648606,0.0019633162617800353
100000000000,3535085.5580241927,3545105.5468918015,10019.98886760883,0.0028344402711455554
100000000000,1800325.6840509875,1803554.105379087,3228.4213280994445,0.00179324294304075
100000000000,3534065.5440520314,3552854.3776348005,18788.833582769148,0.005316492676371404
100000000000,1520649.2089217294,1528704.0645914578,8054.85566972848,0.005296984749980611
100000000000,3534924.015598366,3546275.2861361997,11351.270537833683,0.003211178086924797
100000000000,1604972.093238491,1611672.5352523322,6700.442013841122,0.00417480281561847
100000000000,3537152.4752604184,3531286.422035336,5866.053225082345,0.001658411184168832
100000000000,1950735.0339694954,1950897.2911521492,162.25718265376054,8.31774586646901e-05
100000000000,3539494.426941659,3521464.1093322234,18030.317609435413,0.005094037575590907
100000000000,2223159.900188424,2216679.0942471726,6480.805941251572,0.002915132618531978
100000000000,3541164.694345804,3533645.8169857403,7518.877360063605,0.002123278076297619
100000000000,2625144.868986908,2619523.7578635723,5621.111123335548,0.0021412574939168364
100000000000,3541098.0319910063,3551081.9102718765,9983.87828087015,0.0028194300724446895
100000000000,2413670.3452597563,2415032.682425465,1362.3371657086536,0.0005644255307623795
100000000000,3540933.142234791,3559785.8232853594,18852.681050568353,0.005324212656178493
100000000000,2134208.7381495126,2143253.748446504,9045.01029699156,0.004238109485407753
100000000000,3541078.0086799487,3552405.815993058,11327.807313109282,0.0031989714107800997
100000000000,2044182.6421664157,2055376.9743292194,11194.332162803737,0.005476189813910187
100000000000,3541181.8163617356,3535178.3241127464,6003.492248989176,0.0016953357834524451
100000000000,2241118.1904723644,2247414.82596223,6296.635489865672,0.0028095954584789295
100000000000,3540476.0705418647,3522391.085871348,18084.98467051657,0.005108065782732063
100000000000,2521229.613809041,2519175.4119106913,2054.2018983499147,0.0008147619269180537
100000000000,3538601.0089446986,3524038.7779410766,14562.231003622059,0.0041152509047537094
100000000000,2650535.5768325506,2644005.7328209947,6529.8440115558915,0.002463594176449124
100000000000,3536142.462139844,3537630.4580742577,1487.995934413746,0.0004207963763748668
100000000000,2539484.9228233765,2536830.4134074175,2654.509415959008,0.0010452944186050723
100000000000,3534351.1821853924,3550616.391716213,16265.209530820604,0.004602035477629971
100000000000,2263978.9279314885,2269614.3413020275,5635.413370538969,0.002489163349098762
100000000000,3534267.3746754853,3551282.44599098,17015.07131549483,0.004814313551208657
100000000000,2048445.6697231212,2059439.012551492,10993.342828370864,0.005366675324055229
100000000000,3535935.971777616,3539029.915120042,3093.9433424258605,0.0008749998210149848
100000000000,2111843.8991705617,2121351.5677279322,9507.668557370547,0.004502069760508689
100000000000,3538392.1014335193,3524906.6861494547,13485.415284064598,0.003811170412290151
100000000000,2385413.2821908877,2387611.6509310137,2198.368740126025,0.0009215882029913611
100000000000,3540367.572635357,3521904.167784854,18463.404850502964,0.00521510958161875
100000000000,2613060.010988332,2607876.0591735723,5183.951814759523,0.00198386251864105
100000000000,3540907.360539931,3526230.476736184,14676.883803746663,0.004144949954722531
100000000000,2237337.042696241,2230455.2181549636,6881.824541277252,0.003075899790665373
100000000000,3541194.081554202,3542576.013339279,1381.9317850773223,0.0003902445766177276
100000000000,1985173.8432244535,1984582.8845506005,590.9586738529615,0.00029768610737540574
100000000000,3540985.3418336203,3557281.4656706476,16296.123837027233,0.0046021438283019404
100000000000,1634297.1402806803,1640579.2992216782,6282.158940997906,0.0038439514982685366
100000000000,3540970.018330372,3558027.7215337045,17057.70320333261,0.004817240223732707
100000000000,1514941.2025988933,1523184.6670184636,8243.464419570286,0.005441441823239449
100000000000,3541183.3142540697,3544180.8706022035,2997.556348133832,0.0008464843760185995
100000000000,1771534.6008905317,1775349.7894339196,3815.1885433879215,0.002153606563185425
100000000000,3540970.6831956846,3527362.826582431,13607.856613253709,0.003842973532040875
100000000000,2114545.389926077,2110887.929499761,3657.4604263156652,0.0017296674943655514
100000000000,3539684.4309252165,3521259.3252561768,18425.105669039767,0.005205296129808877
100000000000,2267049.9622076456,2259343.686085698,7706.276121947449,0.0033992528838857625
100000000000,3537372.5724266735,3529993.1296460787,7379.442780594807,0.0020861367100871806
100000000000,2136253.5663756803,2132059.698899671,4193.867476009298,0.001963188051278257
100000000000,3535085.5956284716,3545105.6813945947,10020.085766123142,0.0028344676515086645
100000000000,1800323.0729484882,1803551.9211700172,3228.8482215290423,0.0017934826643314524
100000000000,3534065.1392553765,3552854.243144248,18789.103888871614,0.005316569771215495
100000000000,1520651.5733986574,1528705.8516564106,8054.278257753234,0.0052965968001150434
100000000000,3534924.5715322755,3546275.2861361997,11350.714603924192,0.0032110203129466
100000000000,1604972.6349921534,1611673.0896035077,6700.454611354275,0.004174809255478074
100000000000,3537151.7843186776,3531286.388406321,5865.395912356675,0.001658225677043277
100000000000,1950730.4408083912,1950892.9356629786,162.49485458736308,8.329949191751194e-05
100000000000,3539494.7980378135,3521464.1429558634,18030.655081950128,0.005094132386335408
100000000000,2223152.5954321944,2216671.153525847,6481.441906347405,0.00291542826149879
100000000000,3541163.948137804,3533645.800191111,7518.147946693003,0.002123072542474793
100000000000,2625154.6129629514,2619533.9135027253,5620.699460226111,0.0021410927312514203
100000000000,3541099.0447181812,3551081.910271876,9982.865553694777,0.002819143273776818
100000000000,2413677.192879963,2415040.0303368187,1362.8374568554573,0.0005646312029113305
100000000000,3540931.79402371,3559785.689086166,18853.895062456373,0.005324557534340953
100000000000,2134212.5010418473,2143257.1670526005,9044.666010753252,0.004237940695379661
100000000000,3541078.921178716,3552405.7444039327,11326.82322521694,0.003198692680209056
100000000000,2044184.1997613008,2055378.9330782748,11194.733316974016,0.005476381882944415
100000000000,3541181.7909254706,3535178.395758265,6003.395167205483,0.0016953083805495693
100000000000,2241122.4671192532,2247419.1924957116,6296.725376458373,0.002809630204882202
100000000000,3540475.944337613,3522391.085871348,18084.85846626479,0.005108030318688773
100000000000,2521237.8142909785,2519183.3695265874,2054.4447643910535,0.0008148556049516509
100000000000,3538601.031890057,3524038.777941076,14562.253948980942,0.0041152573623715
100000000000,2650545.932360056,2644015.174922503,6530.757437552791,0.00246392916939107
100000000000,3536142.63739744,3537630.4580742586,1487.82067681849,0.0004207467937191325
100000000000,2539494.0463938015,2536838.600100578,2655.4462932236493,0.0010456595860086797
100000000000,3534351.5726393326,3550616.5262104995,16264.953571166843,0.004601962548683501
100000000000,2263984.075983061,2269619.0219263313,5634.945943270344,0.002488951226754346
100000000000,3534266.558948949,3551282.4459909797,17015.887042030692,0.004814545467416873
100000000000,2048447.6236616122,2059441.355174249,10993.731512636878,0.005366859950749201
100000000000,3535936.19080627,3539029.905662275,3093.714856004808,0.0008749351484477366
100000000000,2111846.4863154595,2121354.7768787555,9508.290563296061,0.004502358776979658
100000000000,3538392.26066287,3524906.712421372,13485.548241497949,0.003811207816448144
100000000000,2385420.778584861,2387618.6272690753,2197.8486842140555,0.0009213672924899724
100000000000,3540367.697387078,3521904.167784854,18463.529602224007,0.005215144634793379
100000000000,2613069.5096308826,2607885.9952656133,5183.514365269337,0.00198368789891148
100000000000,3540906.382045596,3526230.4788363976,14675.903209198266,0.004144674166934608
100000000000,2237336.219373075,2230455.284017771,6880.935355303809,0.0030755034919302026
100000000000,3541194.5617375593,3542576.0280282306,1381.4662906713784,0.00039011307246375465
100000000000,1985174.0212878496,1984582.88954136,591.1317464895546,0.00029777326327596584
100000000000,3540985.274049433,3557281.448894015,16296.1748445821,0.004602158321304163
100000000000,1634297.6034497684,1640579.296660284,6281.693210515659,0.003843665435998868
100000000000,3540969.916753764,3558027.7841704604,17057.867416696623,0.004817286737170214
100000000000,1514941.7749675335,1523184.805258487,8243.03029095335,0.00544115320282194
100000000000,3541183.1322065494,3544180.8706022045,2997.738395655062,0.0008465358282069809
100000000000,1771535.4425938763,1775349.7223364136,3814.279742537299,0.0021530925381613836
100000000000,3540971.2134952643,3527362.8265824295,13608.38691283483,0.003843122717567111
100000000000,2114546.9971706113,2110887.929499764,3659.0676708472893,0.001730426268956584
100000000000,3539684.6226616628,3521259.325256177,18425.29740548553,0.005205350015513711
100000000000,2267049.572914513,2259343.6860856963,7705.886828816496,0.003399081749637185
100000000000,3537372.3126053344,3529993.2013821458,7379.111223188695,0.002086043133456273
100000000000,2136253.5496814423,2132059.6988996705,4193.85078177182,0.001963180251893417
100000000000,3535085.741909611,3545105.4123890456,10019.670479434542,0.0028343500585142913
100000000000,1800322.7545237723,1803552.0043706,3229.2498468277045,0.0017937060667113087
100000000000,3534064.6497275536,3552854.3440121636,18789.694284609985,0.0053167375662068065
100000000000,1520651.2497265975,1528705.8516564104,8054.601929812925,0.005296810778448436
100000000000,3534924.248156071,3546275.319761463,11351.0716053918,0.0032111215993703064
100000000000,1604972.4162183297,1611673.0988428078,6700.682624478126,0.004174951891239612
100000000000,3537152.4659549408,3531286.405220827,5866.060734113678,0.0016584133114346802
100000000000,1950730.724510205,1950892.915150559,162.19064035406336,8.314353094263518e-05
100000000000,3539495.0497598005,3521464.126144042,18030.923615758773,0.005094207891880622
100000000000,2223152.649862778,2216671.2826428954,6481.367219882552,0.0029153945952755914
100000000000,3541164.327494706,3533645.81698574,7518.5105089661665,0.0021231747000810164
100000000000,2625144.4920484214,2619523.757863573,5620.73418484861,0.002141114213664752
100000000000,3541099.7174520693,3551081.8934908393,9982.176038770005,0.002818948020461985
100000000000,2413670.434382865,2415032.6824254654,1362.2480426002294,0.0005643885856142299
100000000000,3540931.7769772345,3559785.8400602583,18854.063083023764,0.00532460501092139
100000000000,2134209.887768327,2143253.667692113,9043.77992378641,0.004237530701932598
100000000000,3541078.526789318,3552405.7444039327,11327.21761461487,0.003198804411966886
100000000000,2044183.5818029454,2055376.9743292197,11193.392526274314,0.005475727633230415
100000000000,3541182.188447798,3535178.3241127464,6003.864335051738,0.0016954406792843958
100000000000,2241118.225507972,2247414.2021726477,6295.976664675865,0.0028093014429208967
100000000000,3540475.07182351,3522391.0858713486,18083.985952161252,0.0051077851376728255
100000000000,2521229.634306195,2519175.4119106894,2054.222395505756,0.0008147700501192338
100000000000,3538601.392252939,3524038.7779410756,14562.614311863203,0.00411535878094242
100000000000,2650535.2744030897,2644004.4334472544,6530.840955835301,0.002463970586962315
100000000000,3536142.699480316,3537630.4580742586,1487.7585939425044,0.0004207292296663114
100000000000,2539484.466982718,2536829.286796634,2655.180186084006,0.0010455587425737443
100000000000,3534351.6265690136,3550616.3289462687,16264.702377255075,0.004601891406329625
100000000000,2263978.9753974085,2269613.672642423,5634.697245014366,0.002488846984113568
100000000000,3534265.9955115416,3551282.580484164,17016.58497262234,0.00481474371035828
100000000000,2048446.0519533306,2059438.9482381032,10992.896284772549,0.005366456331271251
100000000000,3535936.389778162,3539029.915120042,3093.525341880042,0.0008748815026262744
100000000000,2111843.153804759,2121351.6170994416,9508.463294682559,0.004502447673517719
100000000000,3538392.215059134,3524906.686149454,13485.528909679968,0.0038112024021210987
100000000000,2385413.4270646456,2387611.6509310137,2198.2238663681783,0.0009215274138341662
100000000000,3540367.5897936374,3521904.167784854,18463.422008783557,0.005215114402812551
100000000000,2613059.7440112983,2607875.90392237,5183.840088928118,0.0019838199646252347
100000000000,3540906.502620659,3526230.476736184,14676.025884474628,0.004144708670961168
100000000000,2237343.9428654397,2230463.1875769626,6880.755288477056,0.0030754123926358175
100000000000,3541194.386188877,3542576.0469140275,1381.660725150723,0.00039016799827182075
100000000000,1985178.6331294302,1984587.675699544,590.9574298863299,0.00029768476248142277
100000000000,3540984.0360279772,3557281.4321173825,16297.396089405287,0.004602504818882646
100000000000,1634297.6072442788,1640579.140423768,6281.533179489197,0.0038435675067046066
100000000000,3540971.8067012867,3558027.918379367,17056.111678080168,0.004816788330763179
100000000000,1514941.2416234065,1523182.731658289,8241.490034882445,0.005440138408306113
100000000000,3541183.254455992,3544180.6020238544,2997.3475678623654,0.0008464254325417078
100000000000,1771535.4105438453,1775351.7354439648,3816.3249001195654,0.0021542470319280767
100000000000,3540969.858652049,3527363.095390643,13606.763261406217,0.003842665655049078
100000000000,2114551.840164985,2110893.924682168,3657.9154828172177,0.0017298774205184839
100000000000,3539685.0100270133,3521259.325256177,18425.68477083603,0.00520545888084415
100000000000,2267058.296435176,2259352.4916994716,7705.804735704325,0.0033990324588570476
100000000000,3537372.305465298,3529993.129646079,7379.175819218624,0.002086061398687856
100000000000,2136260.4194079284,2132066.8561918465,4193.56321608182,0.0019630393270330215
100000000000,3535085.707564674,3545105.4123890446,10019.704824370798,0.0028343598014978224
100000000000,1800325.2947313958,1803554.417411117,3229.122679721331,0.0017936329002160181
100000000000,3534064.674570752,3552854.281243962,18789.606673209928,0.0053167127382840315
100000000000,1520649.324260723,1528703.877369583,8054.553108859807,0.005296785380005741
100000000000,3534925.056270695,3546275.319761463,11350.26349076815,0.0032108922565794213
100000000000,1604972.5198956581,1611672.5260132595,6700.006117601413,0.004174530114719342
100000000000,3537151.5611394136,3531286.4220353356,5865.139104078058,0.0016581531785391564
100000000000,1950733.9553729314,1950897.3640858298,163.40871289838105,8.376781080182787e-05
100000000000,3539495.506042785,3521464.1093322234,18031.39671056159,0.005094340896824867
100000000000,2223160.821908995,2216679.094247173,6481.727661821991,0.002915546009063001
100000000000,3541164.6019656896,3533645.8169857403,7518.78497994924,0.0021232520441934796
100000000000,2625144.264983751,2619523.7578635723,5620.507120178547,0.0021410279027896917
100000000000,3541099.2571044103,3551081.8767098025,9982.619605392218,0.002819073649337663
100000000000,2413670.606717942,2415032.6824254654,1362.075707523618,0.0005643171457333772
100000000000,3540932.200574395,3559785.856835156,18853.656260761432,0.005324489482657441
100000000000,2134208.951200428,2143253.694610243,9044.743409815244,0.0042379840102947045
100000000000,3541078.7550994745,3552405.7444039327,11326.989304458257,0.0031987397309778455
100000000000,2044183.0273600824,2055376.9743292194,11193.946969137061,0.0054760003479694536
100000000000,3541182.2783118766,3535178.3241127473,6003.95419912925,0.0016954660131167849
100000000000,2241118.1533926595,2247414.5140674096,6296.36067475006,0.0028094728808556904
100000000000,3540475.071334222,3522391.0858713477,18083.985462874174,0.005107785000180571
100000000000,2521230.36065004,2519175.4119106904,2054.948739349842,0.0008150579064183654
100000000000,3538601.6080819448,3524038.7779410766,14562.830140868202,0.00411541952267461
100000000000,2650534.7184659033,2644004.4334472516,6530.285018651746,0.002463761358474638
100000000000,3536141.611701658,3537630.4580742586,1488.8463726006448,0.0004210369764813191
100000000000,2539485.7510794387,2536829.286796634,2656.4642828046344,0.0010460638661490707
100000000000,3534351.7874239287,3550616.328946268,16264.541522339452,0.004601845685031295
100000000000,2263978.793520098,2269613.672642424,5634.879122325685,0.0024889275193096735
100000000000,3534266.388470757,3551282.5132375723,17016.124766815454,0.004814612962487575
100000000000,2048444.6081207336,2059438.9482381034,10994.340117369778,0.005367164957150641
100000000000,3535936.2334926897,3539029.9487476638,3093.715254974086,0.0008749352507180845
100000000000,2111843.274153574,2121351.5183564243,9508.244202850387,0.004502343672572619
100000000000,3538392.8785215593,3524906.71977751,13486.158744049259,0.003811379687629305
100000000000,2385413.086282669,2387611.541444766,2198.4551620967686,0.000921624508031333
100000000000,3540367.0724744373,3521904.167784854,18462.90468958346,0.0052149690446305465
100000000000,2613060.1391384043,2607876.214424781,5183.924713623244,0.0019838520499312054
100000000000,3540906.2974460763,3526230.476736184,14675.820709892083,0.004144650967035531
100000000000,2237336.9506366304,2230455.8109203377,6881.1397162927315,0.003075593827892001
100000000000,3541194.936988094,3542576.0133392797,1381.076351185795,0.0003900029158972104
100000000000,1985174.2015795845,1984583.2039593183,590.9976202661637,0.0002977056722759708
100000000000,3540984.7889768537,3557281.465670647,16296.676693793386,0.004602300677632172
100000000000,1634297.5606108224,1640579.2889761277,6281.7283653053455,0.0038436870473927253
100000000000,3540971.134690723,3558027.7841704604,17056.649479737505,0.004816941124606845
100000000000,1514940.1035449903,1523184.6670184634,8244.56347347307,0.0054421712476820875
100000000000,3541182.0525563876,3544180.73631299,2998.6837566024624,0.0008468030482752802
100000000000,1771532.4626524982,1775349.8481546924,3817.3855021942873,0.0021548493085351388
100000000000,3540972.4263285846,3527363.095390643,13609.330937941559,0.0038433880017677046
100000000000,2114545.04679838,2110887.9294997626,3657.1172986174934,0.0017295055048151906
100000000000,3539683.0825444097,3521259.3252561768,18423.75728823291,0.005204917180040161
100000000000,2267049.9530491233,2259344.7867846405,7705.166264482774,0.0033987633374022155
100000000000,3537372.1697724154,3529993.1296460787,7379.0401263367385,0.002086023118910749
100000000000,2136254.22541881,2132060.1462290045,4194.079189805314,0.001963286550777013
100000000000,3535086.5604603835,3545105.4123890446,10018.851928661112,0.002834117851800588
100000000000,1800323.0417113514,1803552.233198261,3229.19148690952,0.0017936733642201872
100000000000,3534063.383642785,3552854.281243962,18790.897601176985,0.0053170799618788974
100000000000,1520651.2576493027,1528705.6644343631,8054.406785060419,0.005296682421130086
100000000000,3534924.717349243,3546275.3197614625,11350.602412219625,0.0032109884424161585
100000000000,1604973.698622689,1611673.0434070658,6699.34478437691,0.004174114996479983
100000000000,3537152.2078502774,3531286.3547773147,5865.853072962724,0.0016583547238776379
100000000000,1950731.106257432,1950893.1339497415,162.02769230958074,8.305998289043455e-05
100000000000,3539495.190126217,3521464.1765795154,18031.01354670152,0.0050942330977029925
100000000000,2223153.172816572,2216671.605435571,6481.567381000612,0.0029154839442704444
100000000000,3541164.2275245637,3533645.81698574,7518.4105388238095,0.0021231465291513814
100000000000,2625154.8323004744,2619533.8347767233,5620.99752375111,0.002141206093670795
100000000000,3541099.5271368288,3551081.910271876,9982.383135047276,0.0028190066555736078
100000000000,2413677.3503083554,2415040.037519539,1362.6872111833654,0.0005645689184634713
100000000000,3540930.45845264,3559785.82328536,18855.364832719788,0.005324974622901642
100000000000,2134212.668407339,2143257.193970786,9044.525563446805,0.004237874555489496
100000000000,3541079.2067643153,3552405.7444039327,11326.537639617454,0.0031986117729253375
100000000000,2044183.1602488253,2055379.055500057,11195.895251231734,0.005476953077858703
100000000000,3541181.8857032615,3535178.3241127473,6003.561590514146,0.001695355331719107
100000000000,2241121.152927125,2247419.504391389,6298.351464264095,0.002810357421345931
100000000000,3540478.16921692,3522391.085871348,18087.083345572,0.005108655520836747
100000000000,2521238.2235047226,2519184.172616633,2054.050888089463,0.0008146992493371643
100000000000,3538600.7703219936,3524038.9124512854,14561.85787070822,0.0041151457358053894
100000000000,2650547.5851025283,2644015.478139303,6532.106963225175,0.0024644367827761525
100000000000,3536141.8741143662,3537630.3235623497,1488.4494479834102,0.0004209246973033839
100000000000,2539493.77140386,2536839.426309303,2654.3450945569202,0.001045226070032678
100000000000,3534352.8370850785,3550616.328946268,16263.491861189716,0.004601547330119668
100000000000,2263984.448824544,2269619.35625711,5634.907432565931,0.0024889338067191954
100000000000,3534265.5135087343,3551282.5132375723,17016.999728837982,0.00481486171986663
100000000000,2048449.4251213984,2059441.153059547,10991.727938148659,0.005365877137775686
100000000000,3535935.922465534,3539030.016002922,3094.093537387904,0.0008750423099382574
100000000000,2111846.4305157745,2121354.480649216,9508.050133441575,0.004502245047770558
100000000000,3538392.195163895,3524906.652521409,13485.542642485816,0.003811206304636668
100000000000,2385420.2123951544,2387618.7675487823,2198.55515362788,0.0009216636725905634
100000000000,3540367.4295679284,3521904.167784854,18463.261783074588,0.005215069382029614
100000000000,2613069.3925766684,2607886.150517287,5183.242059381213,0.0019835837785655494
100000000000,3540906.874324941,3526230.4767361847,14676.397588756401,0.004144813210190509
100000000000,2237335.9705780456,2230454.7571154013,6881.213462644257,0.003075628136826676
100000000000,3541194.326708015,3542576.013339279,1381.686631264165,0.00039017532046839584
100000000000,1985173.6428413116,1984582.5651420546,591.0776992570609,0.00029774609459909586
100000000000,3540985.2267448464,3557281.4740589634,16296.247314116918,0.00460217884870921
100000000000,1634297.732241933,1640579.3094673003,6281.577225367306,0.003843594163684132
100000000000,3540971.959516946,3558027.775782404,17055.816265457775,0.0048167046959006424
100000000000,1514940.8960473507,1523184.93485851,8244.03881115932,0.005441822075480921
100000000000,3541180.891625644,3544180.7363129905,2999.844687346369,0.0008471311630649953
100000000000,1771531.6151451757,1775349.5965182614,3817.9813730856404,0.0021551866985861042
100000000000,3540970.439318251,3527362.9609864503,13607.47833180055,0.003842866966836476
100000000000,2114544.6148053296,2110887.0730481464,3657.5417571831495,0.0017297065909956562
100000000000,3539687.0249980963,3521259.325256177,18427.69974191906,0.005206025168829431
100000000000,2267050.7786477925,2259343.135736525,7707.642911267467,0.0033998545528233716
100000000000,3537371.008993875,3529993.1296460787,7377.879347796086,0.0020856956561914487
100000000000,2136252.8190045985,2132058.8042415758,4194.014763022773,0.0019632576845361412
100000000000,3535085.4392440743,3545105.546891802,10020.10764772771,0.0028344739667368157
100000000000,1800322.6420620678,1803551.7651560986,3229.1230940308888,0.0017936357731591324
100000000000,3534065.4064124133,3552854.415734511,18789.009322097525,0.005316542610673151
100000000000,1520652.015938784,1528706.1069515373,8054.091012753313,0.005296472124019163
100000000000,3534924.2268843395,3546275.1852604225,11350.958376083057,0.003211089587085074
100000000000,1604972.3961050701,1611673.080364212,6700.684259141795,0.004174952962059001
100000000000,3537152.36920506,3531286.354777315,5866.0144277447835,0.0016584002653702793
100000000000,1950731.2064609341,1950892.5504854664,161.34402453224175,8.270951118117199e-05
100000000000,3539494.663607628,3521464.1765795154,18030.487028112635,0.005094085100197629
100000000000,2223151.9984762906,2216670.5724992794,6481.425977011211,0.002915421879139828
100000000000,3541163.8840526533,3533645.81698574,7518.067066913471,0.002123049741010429
100000000000,2625144.942766768,2619523.7578635723,5621.1849031955935,0.002141285538798156
100000000000,3541099.2189189997,3551081.9102718765,9982.691352876835,0.0028190939410967075
100000000000,2413670.427683738,2415032.6824254654,1362.2547417273745,0.0005643913626744198
100000000000,3540930.798724764,3559785.8232853594,18855.024560595397,0.005324878014387029
100000000000,2134209.0124428347,2143253.7484465046,9044.73600366991,0.004237980418477019
100000000000,3541078.098498588,3552405.744403933,11327.645905345213,0.003198925748107086
100000000000,2044181.557202616,2055376.9743292194,11195.417126603425,0.0054767234774996815
100000000000,3541181.7974666134,3535178.324112747,6003.473353866488,0.0016953304566744965
100000000000,2241116.3772861757,2247414.358120022,6297.980833846144,0.0028101980324076376
100000000000,3540477.1237515607,3522391.085871348,18086.037880212534,0.005108361739970291
100000000000,2521228.453110811,2519175.4119106894,2053.041200121399,0.0008143019318968338
100000000000,3538602.1167629394,3524038.9124512863,14563.20431165304,0.004115524670791539
100000000000,2650536.0677580186,2644005.083134064,6530.984623954631,0.002464024052869776
100000000000,3536140.930285355,3537630.3235623497,1489.3932769945823,0.000421191718983438
100000000000,2539484.703767282,2536830.4134074175,2654.290359864477,0.0010452082487155299
100000000000,3534352.281888693,3550616.5262104995,16264.244321806356,0.0046017609521128554
100000000000,2263978.7327748146,2269614.0069721946,5635.2741973800585,0.0024891020908457307
100000000000,3534265.843220325,3551282.315974955,17016.472754629795,0.004814712166395739
100000000000,2048445.8842776546,2059439.1503528436,10993.266075188993,0.0053666372929668865
100000000000,3535937.6871024477,3539030.016002922,3092.3289004741237,0.0008745428155460956
100000000000,2111842.1067089895,2121351.3208704065,9509.214161416981,0.0045028054565290215
100000000000,3538391.777997907,3524906.652521409,13485.125476497691,0.003811088856906582
100000000000,2385414.1662053023,2387611.760417267,2197.594211964868,0.0009212631680899184
100000000000,3540367.9695642116,3521904.167784854,18463.801779357716,0.005215221112067187
100000000000,2613059.854804642,2607876.214424782,5183.640379860066,0.0019837434532274066
100000000000,3540906.733140437,3526230.476736184,14676.256404252723,0.004144773503038959
100000000000,2237344.3368910467,2230462.660671637,6881.676219409797,0.0030758234688954447
100000000000,3541194.494280867,3542576.013339279,1381.5190584124066,0.0003901279810085553
100000000000,1985178.8449460212,1984587.3562884037,591.4886576174758,0.0002979523276320018
100000000000,3540984.857579566,3557281.4656706476,16296.608091081493,0.004602281214560463
100000000000,1634297.5499885646,1640579.1455460107,6281.595557446126,0.0038436058094133956
100000000000,3540970.546589412,3558027.851274914,17057.304685502313,0.00481712696027126
100000000000,1514939.6712102722,1523182.7316582894,8243.060448017204,0.005441180665255068
100000000000,3541182.830839899,3544180.6691684127,2997.8383285137825,0.0008465641204418565
100000000000,1771536.2934927722,1775351.7354439648,3815.4419511926826,0.002153747549631136
100000000000,3540969.6482164757,3527362.96098645,13606.687230025884,0.00384264441150444
100000000000,2114552.4686851148,2110893.710567875,3658.7581172399223,0.0017302753993685652
100000000000,3539687.0145958527,3521259.325256177,18427.689339675475,0.005206022245381905
100000000000,2267058.239741117,2259351.9413471217,7706.298393995501,0.003399250296664416
100000000000,3537370.7109674737,3529993.129646079,7377.581321394537,0.0020856115810877966
100000000000,2136260.4565517493,2132065.9615276596,4194.4950240897015,0.001963475479418019
100000000000,3535086.0091321105,3545105.5468918015,10019.537759691011,0.0028343123006930406
100000000000,1800325.683745522,1803554.261395034,3228.5776495118625,0.0017933297728636001
100000000000,3534065.712351396,3552854.41573451,18788.703383113723,0.005316455581866538
100000000000,1520648.9933536293,1528704.064591458,8055.071237828815,0.00529712726147552
100000000000,3534923.660942142,3546275.1852604225,11351.52431828063,0.0032112502014414583
100000000000,1604972.0581903444,1611672.4890570045,6700.430866660085,0.004174795961379557
100000000000,3537152.1395337237,3531286.354777315,5865.784756408539,0.0016583354419077323
100000000000,1950734.6300189865,1950897.509953221,162.87993423454463,8.349671540560047e-05
100000000000,3539495.0309994565,3521464.176579515,18030.85441994155,0.005094188369251681
100000000000,2223160.5751495296,2216678.31954061,6482.255608919542,0.0029157838085913097
100000000000,3541164.610648862,3533645.8169857403,7518.79366312176,0.002123254491054021
100000000000,2625145.855231703,2619525.6472825017,5620.207949201111,0.002140912642244427
100000000000,3541099.552828683,3551081.7760235956,9982.223194912542,0.0028189614683209324
100000000000,2413671.2831109324,2415034.0615038234,1362.778392890934,0.0005646081147945201
100000000000,3540932.0285210265,3559785.8232853594,18853.79476433294,0.0053245288563779
100000000000,2134209.847329876,2143253.9637915664,9044.116461690515,0.004237688469578411
100000000000,3541078.709400988,3552405.6772835734,11326.967882585246,0.0031987337227252217
100000000000,2044183.3526806615,2055377.235495819,11193.882815157529,0.005475968092822159
100000000000,3541182.2606252716,3535178.458459256,6003.802166015375,0.0016954230887159351
100000000000,2241118.3579125945,2247414.8259622296,6296.468049635179,0.0028095205357649153
100000000000,3540473.881280302,3522391.018644487,18082.86263581505,0.005107469576721166
100000000000,2521231.711132807,2519176.506997445,2055.204135362059,0.0008151587679494326
100000000000,3538603.486571437,3524038.9124512854,14564.57412015181,0.004115910181918536
100000000000,2650535.9454797017,2644006.3825080455,6529.562971656211,0.0024634878024544092
100000000000,3536140.6526123993,3537630.3235623497,1489.6709499503486,0.00042127027635335216
100000000000,2539486.4214017456,2536831.2583657894,2655.1630359562114,0.001045551184514944
100000000000,3534351.590499544,3550616.5262104995,16264.935710955411,0.004601957472107785
100000000000,2263979.1381342933,2269614.50846697,5635.370332676917,0.002489144108156814
100000000000,3534267.277900802,3551282.3159749554,17015.038074153475,0.004814304277592625
100000000000,2048444.8399567583,2059439.425955543,10994.58599878475,0.005367284382925752
100000000000,3535935.1141346567,3539029.881492425,3094.767357768491,0.000875233073536155
100000000000,2111844.247822194,2121351.7158424635,9507.468020269647,0.0045019740589648475
100000000000,3538393.3033567825,3524906.9215460727,13486.381810709834,0.0038114422718117996
100000000000,2385413.6603548583,2387612.1983623346,2198.538007476367,0.000921659016218306
100000000000,3540367.05707776,3521904.167784854,18462.88929290604,0.005214964718416914
100000000000,2613061.0432045977,2607878.0774398614,5182.965764736291,0.0019834843805945006
100000000000,3540906.645768681,3526230.476736184,14676.169032496866,0.004144748930343764
100000000000,2237335.877977729,2230454.2302132286,6881.647764500231,0.0030758223797494265
100000000000,3541194.5485887155,3542576.1476383046,1381.599049589131,0.0003901505637807289
100000000000,1985173.4555086112,1984582.245733682,591.2097749290988,0.00029781265374497363
100000000000,3540985.1176221427,3557281.3314575893,16296.21383544663,0.004602169535914326
100000000000,1634297.9864954345,1640579.2992216782,6281.312726243632,0.0038434317230685634
100000000000,3540971.3092382797,3558027.8512749136,17056.54203663394,0.0048169105443283235
100000000000,1514942.140326529,1523184.9434985113,8242.80317198229,0.00544100197133974
100000000000,3541182.200470454,3544180.73631299,2998.5358425360173,0.0008467612432191868
100000000000,1771533.7832885978,1775349.7223364147,3815.939047816908,0.0021540312038154674
100000000000,3540971.1844869866,3527362.893784419,13608.290702567436,0.003843095578463171
100000000000,2114545.0724692643,2110887.0730481474,3657.999421116896,0.0017299226527459448
100000000000,3539684.8511797837,3521259.392501066,18425.458678717725,0.005205395240928436
100000000000,2267048.9145176173,2259343.135736525,7705.77878109226,0.003399035076723034
100000000000,3537371.7271108907,3529993.1296460787,7378.597464811988,0.0020858982414150677
100000000000,2136253.1227862267,2132059.2515705284,4193.871215698309,0.0019631902095143183
100000000000,3535086.7990147774,3545105.4796404187,10018.680625641253,0.0028340692026100865
100000000000,1800323.7680465023,1803551.7651560982,3227.997109595919,0.001793009216946882
100000000000,3534064.137420003,3552854.4157345104,18790.278314507566,0.005316903594235605
100000000000,1520650.1268543827,1528705.9793039698,8055.852449587081,0.005297637048340251
100000000000,3534924.4767625914,3546275.1852604225,11350.708497831132,0.00321101867167089
100000000000,1604972.8758004955,1611673.0803642124,6700.204563716892,0.004174652833540941
100000000000,3537152.6142469984,3531286.354777315,5866.259469683282,0.0016584694270908953
100000000000,1950730.1968836086,1950892.8422175196,162.64533391105942,8.337664233162212e-05
100000000000,3539494.913384712,3521464.1765795154,18030.736805196386,0.005094155309282289
100000000000,2223151.8347041663,2216670.0560314273,6481.778672738932,0.002915580740620651
100000000000,3541164.2560606566,3533645.81698574,7518.439074916765,0.0021231545704351483
100000000000,2625152.054274452,2619531.9453532216,5620.108921230305,0.002140869863930076
100000000000,3541099.3600030793,3551081.7760235956,9982.416020516306,0.0028190160754223022
100000000000,2413676.158848249,2415038.6584376204,1362.499589371495,0.0005644914643485764
100000000000,3540931.834056503,3559785.8232853594,18853.989228856284,0.005324584067820671
100000000000,2134211.5656877835,2143256.117243695,9044.551555911545,0.004237888924098673
100000000000,3541078.07407927,3552405.6772835744,11327.603204304352,0.003198913711398382
100000000000,2044184.294082254,2055378.541328545,11194.247246291023,0.00547614384803633
100000000000,3541182.6244432884,3535178.458459256,6004.16598403221,0.001695525653658184
100000000000,2241121.0687949234,2247417.964407038,6296.895612114575,0.0028097079179664705
100000000000,3540475.264079664,3522391.018644487,18084.245435176883,0.0051078581507553135
100000000000,2521235.6977995364,2519181.9824375967,2053.715361939743,0.0008145669854397858
100000000000,3538601.554777675,3524038.8451961586,14562.709581516217,0.0041153855148947874
100000000000,2650543.128452768,2644012.7981740884,6530.3302786797285,0.0024637706168892837
100000000000,3536142.259728787,3537630.458074258,1488.1983454711735,0.0004208536411047316
100000000000,2539491.616911962,2536836.750601157,2654.8663108050823,0.0010454322011243403
100000000000,3534351.221391505,3550616.3244690704,16265.10307756532,0.0046020053069772745
100000000000,2263982.487186117,2269618.1025170097,5635.615330892615,0.002489248641625788
100000000000,3534266.860239524,3551282.4504681416,17015.590228617657,0.004814461075376883
100000000000,2048446.9187602303,2059440.6661676066,10993.7474073763,0.005366869556976357
100000000000,3535936.02708413,3539029.881492425,3093.8544082953595,0.0008749746558188361
100000000000,2111845.7974686283,2121353.796021289,9507.998552660923,0.004502221972862659
100000000000,3538392.45933208,3524906.9215460727,13485.537786007393,0.003811204647591006
100000000000,2385418.611847025,2387616.5778177925,2197.965970767662,0.0009214172975139912
100000000000,3540367.545751085,3521904.167784854,18463.3779662312,0.005215102027581776
100000000000,2613067.198026476,2607884.2874976783,5182.910528797656,0.0019834585703391245
100000000000,3540906.3346288633,3526230.4767361837,14675.857892679516,0.00414466142443662
100000000000,2237337.7882665177,2230456.337823103,6881.450443414506,0.003075731558955267
100000000000,3541194.9077173797,3542576.147638304,1381.2399209244177,0.0003900491096703716
100000000000,1985174.9986768956,1984583.5233682094,591.475308686262,0.00029794618060396483
100000000000,3540984.7907269783,3557281.3314575898,16296.540730611421,0.0046022622783606125
100000000000,1634297.789099008,1640579.258239911,6281.46914090286,0.0038435278948555926
100000000000,3540970.523194226,3558027.842886857,17057.319692631252,0.0048171312302380444
100000000000,1514941.5278940946,1523184.3905384212,8242.86264432664,0.005441043428114987
100000000000,3541183.4152180194,3544180.7447060635,2997.329488044139,0.000846420288529337
100000000000,1771534.4354446963,1775350.2020192747,3815.7665745783597,0.002153933052743913
100000000000,3540970.493269891,3527362.9105849224,13607.582684968598,0.0038428963785018004
100000000000,2114546.9840256665,2110888.799334206,3658.1846914603375,0.0017300087059290115
100000000000,3539684.740697151,3521259.3420673944,18425.398629756644,0.005205378438908011
100000000000,2267051.474556871,2259345.4661226654,7706.008434205782,0.0033991325387580954
100000000000,3537372.0956995203,3529993.1296460787,7378.9660534416325,0.002086002222500834
100000000000,2136254.9390797066,2132060.9290557955,4194.010023911018,0.001963253517727518
100000000000,3535085.9711354286,3545105.5132661085,10019.542130679823,0.002834313567616479
100000000000,1800323.1837006768,1803552.3502089914,3229.1665083146654,0.0017936593482493026
100000000000,3534064.8849616367,3552854.3440121636,18789.459050526842,0.0053166706504119005
100000000000,1520651.285930113,1528705.4687137827,8054.182783669792,0.005296535016404775
100000000000,3534924.078327479,3546275.2569883624,11351.178660883568,0.003211152038731844
100000000000,1604972.093195821,1611672.9325359839,6700.839340162929,0.004175050375374575
100000000000,3537152.319381449,3531286.354777315,5865.96460413374,0.0016583862029327413
100000000000,1950730.9262847959,1950893.581259913,162.65497511718422,8.338155351182324e-05
100000000000,3539495.0447416664,3521464.1765795154,18030.86816215096,0.005094192232007196
100000000000,2223154.1362671666,2216672.397331101,6481.738936065696,0.002915559848202426
100000000000,3541164.056131375,3533645.816985741,7518.23914563423,0.002123098231672356
100000000000,2625146.937135198,2619527.242764804,5619.694370394107,0.0021407161217904375
100000000000,3541099.697741067,3551081.7760235947,9982.078282527626,0.0028189204299713384
100000000000,2413672.7912836745,2415035.2260392043,1362.4347555297427,0.0005644653908557144
100000000000,3540931.7608025195,3559785.8232853594,18854.062482839916,0.005324604865744946
100000000000,2134210.1477185665,2143254.3944817735,9044.246763207018,0.0042377489268688754
100000000000,3541078.2719371277,3552405.6940636635,11327.422126535792,0.0031988623963229105
100000000000,2044183.2638331072,2055377.4966624002,11194.232829293003,0.005476139555267845
100000000000,3541181.8567068763,3535178.4374676053,6003.4192392709665,0.0016953151468063403
100000000000,2241119.1008856036,2247415.4887389126,6296.3878533090465,0.0028094838203025253
100000000000,3540475.9809198044,3522391.008140295,18084.97277950961,0.005108062553445481
100000000000,2521231.5934422286,2519177.5849738843,2054.008468344342,0.0008146845667358989
100000000000,3538601.2113187197,3524038.8599082143,14562.351410505362,0.0041152846960899716
100000000000,2650538.1187465815,2644007.5296120364,6530.5891345450655,0.0024638729352186527
100000000000,3536142.1339204083,3537630.458074259,1488.3241538507864,0.00042088923394058503
100000000000,2539487.128589796,2536832.2441508654,2654.884438930545,0.0010454411873332984
100000000000,3534352.421475786,3550616.3244690695,16263.9029932837,0.0046016641958111885
100000000000,2263979.7025418365,2269615.386083168,5635.68354133144,0.0024892818319016256
100000000000,3534265.723174927,3551282.378744387,17016.655569460243,0.004814764056329562
100000000000,2048446.657178327,2059439.5637568904,10992.906578563387,0.005366459770890877
100000000000,3535936.0965810386,3539030.1505134944,3094.053932455834,0.0008750310661574262
100000000000,2111843.4900406846,2121352.110814604,9508.620773919392,0.004502521526221722
100000000000,3538392.517610239,3524906.6525214096,13485.865088829305,0.0038112970852474544
100000000000,2385415.355812432,2387613.950143473,2198.594331041444,0.000921681972778548
100000000000,3540367.6905966983,3521904.2394915423,18463.451105155982,0.005215122472785907
100000000000,2613062.2003047257,2607879.319450496,5182.880854229443,0.001983451007643459
100000000000,3540905.9013366373,3526230.476736184,14675.424600453116,0.004144539563989365
100000000000,2237341.757231615,2230460.5530523057,6881.2041793093085,0.003075616032761932
100000000000,3541194.863576797,3542576.2192585506,1381.3556817537174,0.00039008180429768105
100000000000,1985177.0449397422,1984586.0786455711,590.9662941710558,0.0002976894658728002
100000000000,3540985.0863897456,3557281.3314575893,16296.245067843702,0.00460217839676324
100000000000,1634297.6220153798,1640579.1762798438,6281.55426446395,0.0038435803735170806
100000000000,3540970.4220838114,3558027.8512749146,17057.429191103205,0.00481716229108323
100000000000,1514940.291926354,1523183.2846183104,8242.99269195646,0.0054411337106064495
100000000000,3541182.9866955443,3544180.73631299,2997.7496174457483,0.0008465390319304281
100000000000,1771535.6061012875,1775351.2321640577,3815.6260627701413,0.002153852313003966
100000000000,3540970.8305763127,3527362.9105849224,13607.919991390314,0.003842991270610255
100000000000,2114550.0657611242,2110892.2117691427,3657.8539919815958,0.0017298497922606363
100000000000,3539684.4410389108,3521259.3420673944,18425.09897151636,0.005205294222811716
100000000000,2267055.961784975,2259349.8087336416,7706.153051333502,0.0033991896015068074
100000000000,3537372.8160133804,3529993.1464606095,7379.669552770909,0.0020862006739475647
100000000000,2136258.714214119,2132064.50769998,4194.206514139194,0.0019633420269895294
100000000000,3535085.33211327,3545105.496453263,10020.164339992683,0.0028344900896642967
100000000000,1800324.364012657,1803553.6373320534,3229.273319396423,0.001793717501105662
100000000000,3534064.6825665953,3552854.3440121636,18789.661445568316,0.005316728224657854
100000000000,1520649.7323585998,1528704.5113575428,8054.778998943046,0.0052969325069026265
100000000000,3534924.451521949,3546275.185260423,11350.733738474082,0.003211025834961498
100000000000,1604973.3836644788,1611672.63688238,6699.253217901103,0.004174058763893862
100000000000,3537152.1589062735,3531286.3547773147,5865.804128958844,0.0016583409097030801
100000000000,1950733.1179195489,1950895.7595472946,162.64162774570286,8.337461759974613e-05
100000000000,3539495.0491165137,3521464.1765795154,18030.872536998242,0.005094193461719601
100000000000,2223157.5437024673,2216676.2536586025,6481.290043864865,0.0029153534630167793
100000000000,3541164.9458678053,3533645.81698574,7519.128882065415,0.0021233489535243217
100000000000,2625143.2637904976,2619524.3876697645,5618.876120733097,0.0021404074201344303
100000000000,3541099.2366730385,3551081.8476167405,9982.61094370205,0.0028190712195575156
100000000000,2413671.556818173,2415033.1421181597,1361.5852999868803,0.0005641137445319167
100000000000,3540932.1195578263,3559785.8232853594,18853.70372753311,0.005324503009644665
100000000000,2134209.100525239,2143253.647942634,9044.547417394817,0.0042378918800266155
100000000000,3541078.3903560634,3552405.6772835744,11327.286927510984,0.0031988241091641012
100000000000,2044182.6259889612,2055376.8437459134,11194.21775695216,0.005476133890697009
100000000000,3541181.623148601,3535178.458459256,6003.16468934482,0.0016952433758557616
100000000000,2241118.5900564534,2247414.2021726468,6295.612116193399,0.0028091383223209144
100000000000,3540476.213592241,3522391.018644487,18085.194947754033,0.005108124968704257
100000000000,2521229.522771736,2519175.4119106894,2054.1108610467054,0.0008147258480411971
100000000000,3538601.1131470567,3524038.8451961586,14562.267950898036,0.004115261224780172
100000000000,2650535.535715019,2644005.0831340635,6530.452580955345,0.0024638238170965193
100000000000,3536141.94662237,3537630.441260265,1488.4946378953755,0.00042093746811186315
100000000000,2539484.5130485957,2536829.850101972,2654.66294662375,0.0010453550446885322
100000000000,3534351.9336323175,3550616.4085279983,16264.474895680789,0.004601826643495996
100000000000,2263978.201660571,2269613.9651809693,5635.763520398177,0.0024893188089286753
100000000000,3534266.796426541,3551282.311497793,17015.515071251895,0.004814439896969888
100000000000,2048445.707871794,2059439.098677337,10993.390805542935,0.005366698645366772
100000000000,3535935.552879402,3539030.1505134944,3094.597634092439,0.0008751849652837789
100000000000,2111843.5527106775,2121351.320870406,9507.768159728497,0.004502117662799741
100000000000,3538391.906938615,3524906.652521409,13485.254417205695,0.0038111251585110644
100000000000,2385413.323453113,2387612.198362334,2198.8749092211947,0.0009218003805051754
100000000000,3540367.4990645126,3521904.167784854,18463.331279658712,0.005215088909424619
100000000000,2613059.5511070807,2607876.835429692,5182.715677388478,0.0019833898064790393
100000000000,3540905.039654366,3526230.476736184,14674.562918181997,0.00414429722171098
100000000000,2237336.990264905,2230456.337823102,6880.652441803366,0.0030753759812412896
100000000000,3541195.3273423794,3542576.1476383046,1380.8202959252521,0.0003899305653273692
100000000000,1985174.9032395736,1984583.5233682105,591.3798713630531,0.00029789811990771706
100000000000,3540985.167832711,3557281.5372450133,16296.369412302505,0.004602213406693491
100000000000,1634298.186157603,1640579.258239911,6281.072082307888,0.0038432840074768184
100000000000,3540969.953485878,3558027.7170660067,17057.76358012855,0.004817257362869227
100000000000,1514941.1061543778,1523184.2522984028,8243.146144025028,0.005441232078618522
100000000000,3541183.57313944,3544180.736312991,2997.1631735512055,0.0008463732849901559
100000000000,1771534.989655546,1775350.1627009388,3815.1730453928467,0.0021535973422318134
100000000000,3540970.8336322578,3527362.8937844187,13607.939847839065,0.0038429968749220987
100000000000,2114546.421543877,2110888.7859521317,3657.6355917453766,0.0017297494888170182
100000000000,3539684.899522576,3521259.392501066,18425.507021510042,0.005205408827208102
100000000000,2267051.502634712,2259345.337134409,7706.165500302799,0.003399201778762803
100000000000,3537372.1377984276,3529993.1296460787,7379.008152348921,0.0020860140988562858
100000000000,2136255.112916705,2132061.040888242,4194.072028463241,0.0019632823828502977
100000000000,3535085.4841547147,3545105.462827574,10019.978672859259,0.0028344374464978933
100000000000,1800323.3600809572,1803552.3892125855,3229.02913162834,0.0017935828658486865
100000000000,3534064.6297849626,3552854.360823482,18789.73103851918,0.0053167479961062514
100000000000,1520650.7440930305,1528705.5484934908,8054.804400460329,0.005296945687068004
100000000000,3534924.0202243472,3546275.1852604225,11351.165036075283,0.00321114823717056
100000000000,1604972.4734802113,1611672.9694929516,6700.496012740303,0.004174835471296896
100000000000,3537151.9278519563,3531286.354777315,5865.573074641172,0.0016582756958939053
100000000000,1950732.7499247238,1950893.4256821312,160.6757574074436,8.236687337803903e-05
100000000000,3539496.929387009,3521464.1765795154,18032.75280749332,0.00509472198090488
100000000000,2223155.0608731024,2216672.121904012,6482.938969090581,0.0029160984238969494
100000000000,3541164.3286255794,3533645.81698574,7518.511639839504,0.0021231750187536876
100000000000,2625152.3447914766,2619531.3155456223,5621.029245854355,0.0021412202065175193
100000000000,3541100.720450868,3551081.776023595,9981.05557272723,0.002818630804564181
100000000000,2413676.5705950605,2415038.6584376195,1362.0878425589763,0.0005643207789944993
100000000000,3540931.2306559673,3559785.8948523267,18854.66419635946,0.005324775593810835
100000000000,2134213.113492169,2143256.1172436946,9043.003751525655,0.004237160616415094
100000000000,3541078.918748895,3552405.744403933,11326.825655038003,0.003198693368584935
100000000000,2044184.2134452285,2055378.4107452924,11194.197300063912,0.005476119630724194
100000000000,3541181.3742264435,3535178.3912859852,6002.982940458227,0.0016951921706550696
100000000000,2241122.4655257575,2247418.2568090227,6295.791283265222,0.0028092134098473983
100000000000,3540475.9211329245,3522391.018644487,18084.90248843748,0.005108042786137762
100000000000,2521236.2050309577,2519182.2562098834,2053.9488210743293,0.0008146594186517758
100000000000,3538601.8674941743,3524038.8451961586,14563.022298015654,0.00411547352410355
100000000000,2650543.132002804,2644012.879385126,6530.252617678139,0.0024637413135562706
100000000000,3536141.4137396775,3537630.4580742586,1489.0443345811218,0.0004210929825361169
100000000000,2539492.125335245,2536836.89142784,2655.2339074048214,0.0010455767438358554
100000000000,3534351.7632281375,3550616.391716212,16264.628488074522,0.004601870322386658
100000000000,2263981.8864594973,2269618.0189343686,5636.132474871352,0.0024894777244376964
100000000000,3534265.97229312,3551282.4459909797,17016.473697859794,0.004814712257441983
100000000000,2048447.5146471825,2059440.7350682728,10993.220421090256,0.005366610734463309
100000000000,3535937.304450454,3539030.016002922,3092.711552467663,0.0008746511281676482
100000000000,2111845.254924988,2121353.8881902792,9508.63326529134,0.004502523678340762
100000000000,3538391.284874495,3524906.652521409,13484.632353086025,0.0038109500243030123
100000000000,2385418.9254749822,2387617.4537099274,2198.5282349451445,0.0009216528851456881
100000000000,3540367.246434595,3521904.167784854,18463.07864974113,0.0052150179245768315
100000000000,2613065.9220313705,2607883.666491374,5182.2555399965495,0.001983208879769829
100000000000,3540905.910523905,3526230.3423226164,14675.56820128858,0.0041445801080654005
100000000000,1708905.3221320147,1708991.0008117917,85.67867977707647,5.0136586660157705e-05
100000000000,3541195.1269833324,3542576.147638304,1381.0206549717113,0.00038998716688853376
100000000000,1441807.2768631715,1444253.2678282573,2445.9909650858026,0.001696475669346985
100000000000,3540985.5718120476,3557281.537245014,16295.965432966594,0.004602098794948597
100000000000,863260.9695501812,866992.4428919347,3731.4733417534735,0.004322532204482533
100000000000,3540970.306112855,3558027.649961551,17057.34384869598,0.004817138347432485
100000000000,270274.58960050007,271802.6922119734,1528.102611473354,0.005653889304695948
100000000000,3541183.5556072914,3544180.7363129905,2997.1807056991383,0.0008463782401093693
100000000000,801972.6590630678,805601.8491992552,3629.190136187477,0.004525329006137695
100000000000,3540971.0977383466,3527362.9609864503,13608.136751896236,0.0038430521956499134
100000000000,1401040.2859506195,1403735.7534617595,2695.467511140043,0.0019239043574761606
100000000000,3539684.627519109,3521259.325256177,18425.302262931596,0.005205351380652662
100000000000,1700265.3880940266,1700447.1091973733,181.72110334667377,0.00010687808186837265
100000000000,3537372.5987489154,3529993.1969042146,7379.401844700798,0.0020861251221629064
100000000000,1620033.3085500945,1621059.052613308,1025.7440632134676,0.0006331623293174713
100000000000,3535084.6259585544,3545105.479640418,10020.853681863751,0.0028346856559753647
100000000000,1181358.0351898973,1184953.7134077123,3595.6782178150024,0.003043682025861885
100000000000,3534064.844661602,3552854.3440121636,18789.49935056176,0.005316682114348956
100000000000,515853.1498078571,518567.95823336666,2714.8084255095455,0.005262754383724799
100000000000,3534924.5696924045,3546275.185260423,11350.615568018518,0.003210992298205165
100000000000,456833.12245936017,459289.4566818941,2456.3342225339147,0.005376874183969508
100000000000,3537153.844849172,3531286.4892933886,5867.355555783492,0.0016587787280803676
100000000000,1128160.5672487682,1131866.304689054,3705.7374402857386,0.0032847606518661403
100000000000,3539492.729911846,3521464.1765795154,18028.55333233066,0.005093541563166221
100000000000,1594408.2285311415,1595676.5320893899,1268.303558248328,0.0007954697771578616
110000000000,3540920.296599243,3526483.2084072516,14437.088191991206,0.004077213544133377
110000000000,2234574.897227246,2227769.827380933,6805.069846312981,0.003045353214500439
110000000000,3541194.4162287074,3542947.572728891,1753.1565001835115,0.0004950749081013699
110000000000,1978052.9153979062,1977620.5112908082,432.404107098002,0.00021860087954776446
110000000000,3540979.909909363,3557464.12300387,16484.21309450688,0.00465526874308892
110000000000,1628272.458744572,1634657.9191632092,6385.460418637143,0.003921616670689407
110000000000,3540973.9866647655,3557867.2782996027,16893.291634837165,0.004770803654151923
110000000000,1516893.4112108557,1525105.2810844241,8211.869873568416,0.005413610351839629
110000000000,3541185.6087764325,3543812.1627336675,2626.553957235068,0.0007417159808639931
110000000000,1778962.248241083,1782636.6024800565,3674.354238973465,0.002065448124380614
110000000000,3540956.7571873805,3527093.3269398473,13863.430247533135,0.003915165080565684
110000000000,2120213.749902184,2116413.4531969554,3800.296705228742,0.0017924120647760484
110000000000,3539645.127687136,3521299.072549209,18346.05513792718,0.005183021030674564
110000000000,2267232.62300741,2259522.3630185598,7710.259988850448,0.0034007361708755937
110000000000,3537321.5423375955,3530285.619177464,7035.923160131555,0.0019890538860886115
110000000000,2130846.715638806,2126790.1991357054,4056.516503100749,0.0019037110803555135
110000000000,3535047.8049723054,3545381.48796385,10333.682991544716,0.0029232088394984725
110000000000,1792794.907133874,1796168.3135282793,3373.4063944052905,0.0018816465737279044
110000000000,3534063.1344504603,3552865.4976804713,18802.36323001096,0.0053203246559811925
110000000000,1518102.2059264386,1526197.60747488,8095.4015484414995,0.005332580057415299
110000000000,3534959.4270203705,3546011.433345516,11052.006325145718,0.00312648746140249
110000000000,1610636.0060992404,1617243.3684414339,6607.36234219349,0.004102331201570303
110000000000,3537205.784133674,3530984.7801581603,6221.003975513857,0.0017587339711527396
110000000000,1958027.1040976346,1958029.3979485906,2.293850956019014,1.1715113397657206e-06
110000000000,3539535.837110443,3521402.03968685,18133.797423593234,0.005123213398058727
110000000000,2226349.785279785,2219783.4239203804,6566.3613594044,0.002949384415162421
110000000000,3541168.641847742,3533995.4620507625,7173.179796979297,0.002025653258139215
110000000000,2622801.47604505,2617262.203334424,5539.272710626014,0.0021119679705910266
110000000000,3541093.9252123064,3551394.076928918,10300.151716611348,0.0029087485206972592
110000000000,2407819.6524169436,2409359.5507737156,1539.898356772028,0.0006395405715815528
110000000000,3540931.3305736124,3559797.737393552,18866.406819939613,0.0053280916963965395
110000000000,2129598.725334827,2138757.7271433943,9159.001808567438,0.004300811086899675
110000000000,3541083.823831779,3552108.3092275676,11024.48539578868,0.0031133082254627825
110000000000,2045632.7758625355,2056793.3736917605,11160.597829225007,0.005455816880192082
110000000000,3541177.7569135544,3534820.8265731325,6356.930340421852,0.0017951457895642245
110000000000,2247003.815968514,2253142.06748514,6138.2515166262165,0.002731749484804715
110000000000,3540448.4011117634,3522264.6828410802,18183.718270683195,0.005135993018560357
110000000000,2525997.7482300247,2523786.016768805,2211.7314612194896,0.0008755872655742695
110000000000,3538553.008566315,3524229.607470191,14323.401096123736,0.004047813064110922
110000000000,2650702.5464637848,2644166.8492715084,6535.697192276362,0.0024656471549383847
110000000000,3536095.2033693003,3537954.1279166494,1858.9245473491028,0.0005256998017411585
110000000000,2534943.8563952274,2532441.0444474383,2502.811947789043,0.000987324410154047
110000000000,3534329.8426505704,3550778.8468767405,16449.004226170015,0.004654065963983171
110000000000,2257998.0920139747,2263794.8566012024,5796.764587227721,0.0025672141210967172
110000000000,3534284.8232642883,3551138.7408175836,16853.91755329538,0.004768692506714554
110000000000,2046554.0102786883,2057592.054994332,11038.044715643628,0.005393478334901373
110000000000,3535985.1570528406,3538708.611228673,2723.4541758322157,0.0007702108619998139
110000000000,2116155.8677545325,2125562.1196907433,9406.251936210785,0.004444971223311553
110000000000,3538439.298272024,3524698.547307948,13740.750964075793,0.003883280114706506
110000000000,2391396.0286031086,2393414.826658421,2018.7980553125963,0.000844192275627321
110000000000,3540398.6515166843,3522007.952126665,18390.69939001929,0.005194527848478541
110000000000,2615792.808226104,2610513.6906304085,5279.117595695425,0.0020181711560234203
110000000000,3540923.59943211,3526483.073995738,14440.52543637203,0.004078180460795028
110000000000,2234575.017400467,2227769.8273809324,6805.190019534435,0.003045406829729561
110000000000,3541193.3538946565,3542947.572728892,1754.218834235333,0.0004953750498560089
110000000000,1978051.55933515,1977620.1980380649,431.36129708518274,0.00021807383889941125
110000000000,3540980.049766612,3557464.1856421106,16484.135875498876,0.004655246751979118
110000000000,1628272.0720380815,1634657.91916321,6385.84712512861,0.003921855097063447
110000000000,3540973.850504971,3557867.3498722585,16893.499367287382,0.004770862502946255
110000000000,1516893.8002361108,1525105.353645471,8211.553409360116,0.0054134003369793945
110000000000,3541185.6751732314,3543812.162733668,2626.4875604365952,0.0007416972170791665
110000000000,1778962.683159838,1782636.7353726286,3674.052212790586,0.002065277842852017
110000000000,3540956.339644935,3527093.192533502,13863.147111433093,0.00391508558188639
110000000000,2120213.292861372,2116413.886068864,3799.4067925084382,0.0017919927232325197
110000000000,3539645.285123351,3521299.0725492085,18346.212574142497,0.005183065278108272
110000000000,2267233.526198276,2259521.8125129445,7711.7136853314005,0.0034013759924688895
110000000000,3537320.934669529,3530285.619177464,7035.315492065158,0.001988882440129065
110000000000,2130847.3582032747,2126789.7561822906,4057.60202098405,0.0019042199364319602
110000000000,3535049.1536566275,3545381.62246623,10332.468809602316,0.0029228642546354666
110000000000,1792795.1193930474,1796168.1645719933,3373.045178945875,0.0018814448692206517
110000000000,3534063.454592072,3552865.4976804717,18802.043088399805,0.005320233586629269
110000000000,1518101.599881514,1526197.599320492,8095.999438978033,0.005332976027170986
110000000000,3534958.5494396603,3546011.2988440767,11052.74940441642,0.003126698446342018
110000000000,1610636.7390970334,1617243.3529198288,6606.613822795451,0.004101864599524345
110000000000,3537205.418222299,3530984.914674332,6220.503547966946,0.0017585926776888174
110000000000,1958025.8901058836,1958029.099869806,3.2097639224957675,1.639285741171785e-06
110000000000,3539533.3481587213,3521402.0396868503,18131.308471871074,0.0051225138142300735
110000000000,2226350.1555119697,2219783.4239203804,6566.731591589283,0.0029495502202703614
110000000000,3541169.853818416,3533995.4620507625,7174.391767653637,0.002025994816350745
110000000000,2622790.241113171,2617253.0978224985,5537.143290672451,0.0021111651263130992
110000000000,3541094.400420154,3551393.942682444,10299.542262290139,0.00290857602131931
110000000000,2407812.3198674493,2409352.9558769288,1540.6360094794072,0.0006398488772431481
110000000000,3540932.1091525373,3559797.8715926497,18865.76244011242,0.0053279085445746156
110000000000,2129596.0711457483,2138754.5609057355,9158.48975998722,0.004300576003157182
110000000000,3541083.9984197104,3552108.174985207,11024.176565496717,0.0031132208584762483
110000000000,2045631.0995585965,2056791.5260583325,11160.42649973603,0.00545573759713773
110000000000,3541177.297640177,3534820.826573132,6356.471067044884,0.0017950163272764696
110000000000,2246999.4433034123,2253137.3111664234,6137.867863011081,0.0027315840603803323
110000000000,3540449.430374196,3522264.817296592,18184.613077603746,0.005136244263678633
110000000000,2525989.1246993225,2523777.746304359,2211.3783949636854,0.0008754504812948922
110000000000,3538552.9000524883,3524229.6074701915,14323.292582296766,0.004047782522082489
110000000000,2650693.1260880735,2644157.1019578846,6536.02413018886,0.0024657792582104014
110000000000,3536094.551919347,3537954.127916649,1859.575997301843,0.0005258841272478104
110000000000,2534935.5236091684,2532432.6490426203,2502.8745665480383,0.0009873523579741852
110000000000,3534329.966913367,3550778.8384708655,16448.87155749835,0.0046540282632024955
110000000000,2257993.3420245275,2263789.920082153,5796.578057625331,0.0025671369130026273
110000000000,3534285.669970383,3551138.6819767226,16853.012006339617,0.004768435146466484
110000000000,2046553.0470518365,2057590.142589784,11037.09553794749,0.00539301708003464
110000000000,3535982.6583752125,3538708.678484059,2726.020108846482,0.0007709370696119565
110000000000,2116155.4515458606,2125559.122612299,9403.671066438314,0.00444375249444406
110000000000,3538440.294042887,3524698.547307948,13741.74673493905,0.0038835604370868874
110000000000,2391387.6830846397,2393408.1827411666,2020.4996565268375,0.0008449067756009366
110000000000,3540396.754570628,3522007.9521266655,18388.802443962544,0.005193994831291924
110000000000,2615783.1561264154,2610504.967013906,5278.189112509135,0.0020178236487788026
110000000000,3540922.7457199716,3526483.0739957388,14439.671724232845,0.0040779403452635464
110000000000,2234583.453362056,2227777.9606278376,6805.492734218482,0.0030455308008207243
110000000000,3541192.46962908,3542947.505580536,1755.035951456055,0.0004956059199007291
110000000000,1978058.4648527952,1977625.2101025842,433.25475021102466,0.00021903030568071048
110000000000,3540981.1607718673,3557464.1856421106,16483.02487024339,0.0046549315350354475
110000000000,1628272.297959376,1634657.67208565,6385.374126274139,0.003921564061660066
110000000000,3540973.8458674755,3557867.349872259,16893.504004783463,0.00477086381886135
110000000000,1516891.8658767238,1525103.1766339983,8211.310757274507,0.00541324727358109
110000000000,3541186.0951171033,3543812.162733668,2626.0676165646873,0.0007415785406436953
110000000000,1778964.3105462375,1782638.5958820751,3674.2853358376306,0.002065406997799426
110000000000,3540956.496657762,3527093.326939847,13863.169717915356,0.003915091792570884
110000000000,2120219.938443887,2116419.9462954043,3799.9921484827064,0.001792263189106537
110000000000,3539645.288882233,3521299.0725492085,18346.21633302467,0.00518306633454171
110000000000,2267241.194845483,2259531.1711354083,7710.0237100748345,0.0034006190993721283
110000000000,3537320.0509065297,3530285.6191774644,7034.431729065254,0.0019886330973253323
110000000000,2130853.9106347277,2126796.8434597077,4057.067175019998,0.001903963080139783
110000000000,3535048.6028290596,3545381.48796385,10332.885134790558,0.0029229824807843565
110000000000,1792797.378849052,1796170.5478885472,3373.1690394952893,0.0018815115859109586
110000000000,3534062.98060606,3552865.5481144246,18802.567508364562,0.005320382690276813
110000000000,1518100.261371017,1526195.5770330282,8095.315662011271,0.005332530313050788
110000000000,3534960.1219826085,3546011.3829074726,11051.260924864095,0.00312627598148573
110000000000,1610636.7515032631,1617242.8678775392,6606.116374276113,0.0041015557158436845
110000000000,3537205.077647011,3530984.78015816,6220.297488851007,0.0017585345922291901
110000000000,1958030.5531370256,1958033.7946303217,3.2414932961110026,1.6554865759973453e-06
110000000000,3539534.289983893,3521402.1069336105,18132.1830502823,0.005122759539748607
110000000000,2226359.331144876,2219791.20850494,6568.122639935929,0.0029501628726564815
110000000000,3541170.1849315944,3533995.3948734286,7174.790058165789,0.002026107101176891
110000000000,2622789.6302544693,2617252.626848413,5537.003406056203,0.002111112283724787
110000000000,3541093.1585644344,3551394.0098056765,10300.85124124214,0.0029089466952680015
110000000000,2407811.931641946,2409352.2736473116,1540.3420053655282,0.000639726876141498
110000000000,3540932.5904044774,3559797.7373935515,18865.14698907407,0.005327734010016588
110000000000,2129596.171658803,2138754.24428229,9158.072623487096,0.00430037992430913
110000000000,3541083.457378202,3552108.443469962,11024.986091759987,0.003113449943911467
110000000000,2045630.2340348256,2056791.2621106368,11161.02807581122,0.005456033984107223
110000000000,3541177.7992623,3534820.826573133,6356.972689167131,0.0017951577270396925
110000000000,2246998.7764798906,2253137.311166422,6138.534686531406,0.0027318816328631597
110000000000,3540448.5916455383,3522264.5483857673,18184.043259771075,0.005136084535355293
110000000000,2525989.027090342,2523777.7463043598,2211.2807859820314,0.0008754118732373041
110000000000,3538553.1868488905,3524229.741981014,14323.444867876358,0.004047825230127882
110000000000,2650692.321981691,2644155.8023181,6536.519663590938,0.0024659669511187003
110000000000,3536093.9483033484,3537954.127916649,1860.1796133005992,0.0005260549183635607
110000000000,2534935.37349181,2532432.0893498296,2503.2841419805773,0.0009875139887816414
110000000000,3534330.3541095397,3550778.771223869,16448.417114329524,0.00465389917363105
110000000000,2257992.837789114,2263789.590981376,5796.753192261793,0.002567215048360212
110000000000,3534285.7624418614,3551138.7156000724,16852.953158210963,0.004768418371062092
110000000000,2046552.6779219946,2057589.938599937,11037.260677942308,0.005393098744543041
110000000000,3535983.160503509,3538708.7457394637,2725.585235954728,0.0007708139751340377
110000000000,2116154.390894708,2125558.8707571942,9404.479862486012,0.004444136922594672
110000000000,3538440.79992673,3524698.5136799994,13742.28624673048,0.0038837123534792616
110000000000,2391387.36909093,2393407.90591171,2020.5368207800202,0.0008449224274142226
110000000000,3540396.6685866104,3522007.9521266655,18388.716459944844,0.005193970670886985
110000000000,2615783.771907439,2610504.3438993148,5279.428008124232,0.0020182967968619416
110000000000,3540922.174502107,3526483.1075986,14439.066903506871,0.004077770194296113
110000000000,2234574.2175616124,2227769.827380933,6804.390180679504,0.00304504998187284
110000000000,3541191.949365668,3542947.572728892,1755.6233632238582,0.0004957718723884319
110000000000,1978052.8162965772,1977620.511290808,432.3050057692453,0.00021855079005353927
110000000000,3540982.2035915623,3557464.1185360653,16481.91494450299,0.004654616712782585
110000000000,1628275.5439784774,1634657.9109270396,6382.366948562209,0.003919709395725329
110000000000,3540973.485465817,3557867.3498722585,16893.86440644134,0.004770966084830466
110000000000,1516893.0918037596,1525105.281084424,8212.189280664315,0.005413822058414863
110000000000,3541186.149485967,3543812.1627336675,2626.013247700408,0.0007415631759662214
110000000000,1778962.225241517,1782636.5404576943,3674.315216177376,0.002065426215375956
110000000000,3540956.4364274787,3527093.3269398473,13863.109487631358,0.003915074849556197
110000000000,2120213.472318796,2116413.8860688633,3799.5862499326468,0.001792077212761593
110000000000,3539645.0853049075,3521299.072549209,18346.012755698524,0.00518300911915246
110000000000,2267233.3287450257,2259522.3630185598,7710.965726465918,0.0034010463893163322
110000000000,3537320.6119928895,3530285.6191774644,7034.992815425154,0.0019887914009190455
110000000000,2130847.2765913447,2126790.6420893096,4056.6345020351,0.0019037659557302397
110000000000,3535048.722014601,3545381.4879638497,10332.765949248802,0.0029229486668461606
110000000000,1792794.952009083,1796168.4624846987,3373.510475615738,0.0018817045819072824
110000000000,3534063.3437915123,3552865.5481144246,18802.204322912265,0.005320279376413316
110000000000,1518102.558275801,1526197.5340853878,8094.975809586933,0.005332298378299867
110000000000,3534959.7623948394,3546011.3660947927,11051.603699953295,0.00312637326668356
110000000000,1610636.5058211118,1617243.3373982403,6606.831577128498,0.004102000391305111
110000000000,3537204.100943244,3530984.796972675,6219.303970569279,0.0017582542010823792
110000000000,1958025.9419848353,1958029.3141139161,3.3721290808171034,1.7222085818734368e-06
110000000000,3539536.0281637926,3521402.073310224,18133.95485356869,0.005123257599097262
110000000000,2226352.2166854334,2219783.391484704,6568.825200729538,0.0029504878659806695
110000000000,3541169.8111279346,3533995.3612847743,7174.449843160342,0.002026011240865948
110000000000,2622799.934108002,2617262.8313016705,5537.10280633159,0.0021111418886071934
110000000000,3541094.8644517176,3551394.0098056765,10299.145353958942,0.002908463553843142
110000000000,2407818.7492017574,2409359.5436671353,1540.7944653779268,0.0006399129776228932
110000000000,3540931.147260077,3559797.8000257313,18866.652765654493,0.005328161430151853
110000000000,2129598.891126566,2138757.6743727187,9158.783246152569,0.004300708121287355
110000000000,3541083.533219705,3552108.4434699616,11024.91025025677,0.0031134284596309562
110000000000,2045632.8281006499,2056793.435285361,11160.607184711145,0.005455821314264721
110000000000,3541177.749985501,3534820.62952216,6357.120463341009,0.001795199482253337
110000000000,2247003.7947088284,2253142.384573523,6138.589864694513,0.0027319000880859506
110000000000,3540448.9486548435,3522264.817296592,18184.13135825144,0.0051361089008670245
110000000000,2525997.23945847,2523785.7594407364,2211.48001773376,0.0008754878996652676
110000000000,3538553.0306769107,3524229.472959546,14323.557717364747,0.0040478573001984115
110000000000,2650703.0080149844,2644166.5459926263,6536.462022358086,0.002465935264189784
110000000000,3536093.8119782596,3537954.127916648,1860.315938388463,0.0005260934910965254
110000000000,2534944.504409786,2532440.2235376034,2504.280872182455,0.0009879036278017178
110000000000,3534330.9326004777,3550778.905717863,16447.97311738506,0.004653772787847862
110000000000,2257998.140733803,2263794.8566012,5796.71586739691,0.0025671924891457597
110000000000,3534284.8008236517,3551138.732411747,16853.931588095147,0.004768696508036761
110000000000,2046555.5229974675,2057591.978498159,11036.45550069143,0.005392697816733061
110000000000,3535983.2479735604,3538708.7163152215,2725.4683416611515,0.0007707808975687576
110000000000,2116157.419232761,2125562.0945051895,9404.67527242843,0.004444222904663781
110000000000,3538441.343200762,3524698.5346974665,13742.808503295295,0.003883859352283055
110000000000,2391394.7657746105,2393415.0065981206,2020.240823510103,0.0008447960380375404
110000000000,3540396.278191502,3522007.977337811,18388.300853691064,0.0051938538538641036
110000000000,2615794.3141647005,2610514.2748019695,5280.039362730924,0.002018522379278508
110000000000,3540922.493476146,3526483.109698779,14439.383777366951,0.0040778593160314324
110000000000,2234575.0801091865,2227769.8273809333,6805.252728253137,0.003045434807194134
110000000000,3541192.620764036,3542947.537056325,1754.9162922888063,0.0004955721081080789
110000000000,1978052.0908003037,1977620.477028781,431.6137715226505,0.0002182014182184773
110000000000,3540980.4739898844,3557464.1520890878,16483.67809920339,0.00465511691473125
110000000000,1628273.541064234,1634657.917104166,6384.376039932016,0.003920948095587925
110000000000,3540974.2239404963,3557867.412509455,16893.188568958547,0.0047707742278223445
110000000000,1516894.7428362696,1525105.1450211871,8210.402184917592,0.0054126380381316975
110000000000,3541185.9476355514,3543812.162733667,2626.2150981156155,0.0007416202190311804
110000000000,1778961.4717564853,1782636.7353726283,3675.2636161430273,0.002065960210208599
110000000000,3540956.5515988492,3527093.3269398473,13863.22465900192,0.003915107247713123
110000000000,2120214.139671112,2116413.8860688633,3800.2536022486165,0.0017923914057275897
110000000000,3539645.404416098,3521299.072549209,18346.331866888795,0.005183098805320929
110000000000,2267233.4848213554,2259522.3630185598,7711.121802795678,0.0034011149951780413
110000000000,3537320.84455464,3530285.4218811714,7035.422673468478,0.0019889127909612225
110000000000,2130847.2507188455,2126790.64208931,4056.608629535418,0.0019037538369617592
110000000000,3535048.4035372133,3545381.756968644,10333.353431430645,0.002923115118053536
110000000000,1792794.6510895183,1796168.244008746,3373.592919227667,0.0018817508838379594
110000000000,3534063.639216807,3552865.430435198,18801.79121839069,0.0053201620394581805
110000000000,1518102.9164110136,1526197.4036151841,8094.487204170553,0.005331975267728844
110000000000,3534959.6849495503,3546011.332469434,11051.6475198837,0.003126385731338666
110000000000,1610636.5859455715,1617243.3373982399,6606.751452668337,0.004101950440166892
110000000000,3537203.774782033,3530984.830601709,6218.944180324208,0.0017581526472015107
110000000000,1958024.7941090623,1958029.2489091775,4.45480011519976,2.275150002493598e-06
110000000000,3539535.857220786,3521402.056498536,18133.80072225025,0.0051232143008967165
110000000000,2226352.1864820155,2219783.4887917354,6568.697690280154,0.0029504306327471593
110000000000,3541169.3085274035,3533995.3780791005,7173.930448302999,0.0020258648551560727
110000000000,2622789.674863629,2617252.6268484136,5537.048015215434,0.002111129256105269
110000000000,3541094.7808785685,3551394.0098056765,10299.228927107994,0.002908487223420969
110000000000,2407811.83030224,2409352.330499773,1540.5001975330524,0.0006397926026219755
110000000000,3540931.942876647,3559797.6490517366,18865.706175089348,0.005327892904872631
110000000000,2129596.41199958,2138754.323438146,9157.911438566167,0.0043003037509663
110000000000,3541082.6320605283,3552108.4434699626,11025.811409434304,0.00311368373886787
110000000000,2045631.5892192533,2056791.2577173417,11159.668498088373,0.0054553657446928805
110000000000,3541177.9596865345,3534820.826573132,6357.133113402408,0.0017952029482204113
110000000000,2246998.6422431925,2253137.3111664224,6138.66892322991,0.002731941536511851
110000000000,3540449.1568964277,3522264.817296592,18184.339599835686,0.005136167416615624
110000000000,2525988.7480133767,2523776.643577582,2212.104435794521,0.000875738040216641
110000000000,3538552.3863659096,3524229.4729595454,14322.913406364154,0.004047675954028697
110000000000,2650693.107706879,2644157.101957885,6536.005748993717,0.002465772340822975
110000000000,3536094.361562388,3537954.1279166494,1859.7663542614318,0.0005259379881027023
110000000000,2534934.123215212,2532432.0893498296,2502.033865382429,0.0009870212572660258
110000000000,3534330.9330506646,3550778.842948054,16447.909897389356,0.004653754899853793
110000000000,2257992.611892115,2263789.5909813764,5796.979089261498,0.002567315348478418
110000000000,3534284.8380585294,3551138.7492234213,16853.911164891906,0.004768690679201221
110000000000,2046553.7473769013,2057590.0111236505,11036.263746749144,0.005392608799497442
110000000000,3535982.7833383954,3538708.712111758,2725.928773362655,0.0007709112120701699
110000000000,2116154.251651507,2125558.996684742,9404.74503323529,0.004444262522874011
110000000000,3538441.788034849,3524698.5136800003,13743.274354848545,0.003883990518459588
110000000000,2391387.083866989,2393407.850545822,2020.7666788334027,0.0008450186473223419
110000000000,3540396.4945918415,3522007.9857415278,18388.508850313723,0.005193912285927077
110000000000,2615784.102009263,2610504.343899315,5279.7581099476665,0.0020184227382879665
110000000000,3540922.2774237003,3526483.073995738,14439.203427962493,0.00407780863195567
110000000000,2234582.979991076,2227777.960627837,6805.019363238942,0.003045319607359633
110000000000,3541192.514884129,3542947.5391547116,1755.0242705824785,0.0004956026149964638
110000000000,1978056.6372636603,1977625.2101025835,431.4271610768046,0.00021810657639895404
110000000000,3540980.6314445934,3557464.084983043,16483.45353844948,0.004655053290061296
110000000000,1628272.9794468922,1634657.67208565,6384.6926387578715,0.003921143886405759
110000000000,3540974.0132277296,3557867.3454045285,16893.332176798955,0.00477081506774461
110000000000,1516890.9010165848,1525103.3081677675,8212.407151182648,0.005413973507045816
110000000000,3541185.8809594247,3543812.431316705,2626.550357280299,0.000741714907258322
110000000000,1778963.8559906331,1782638.5958820751,3674.7398914420046,0.0020656630426005426
110000000000,3540956.2351208096,3527093.0581273315,13863.17699347809,0.0039150941364303835
110000000000,2120220.013126925,2116420.8120450745,3799.201081850566,0.0017918900200585598
110000000000,3539646.653543772,3521299.072549209,18347.580994563177,0.00518344987237475
110000000000,2267241.0002954444,2259530.0701180226,7710.930177421775,0.0034010192019361695
110000000000,3537320.228686364,3530285.619177464,7034.609508899972,0.0019886832557176703
110000000000,2130853.476563954,2126796.8434597077,4056.6331042461097,0.001903759760519769
110000000000,3535047.711473425,3545381.48796385,10333.776490425225,0.002923235365928925
110000000000,1792796.8625754146,1796170.5478885474,3373.6853131328244,0.001881800098805622
110000000000,3534064.111664992,3552865.5694028153,18801.457737823483,0.0053200669664607795
110000000000,1518101.5966444016,1526195.6466113203,8094.04996691877,0.00533169188729515
110000000000,3534960.0985830007,3546011.4333455157,11051.334762515035,0.003126296890011572
110000000000,1610636.4000888553,1617242.8717578165,6606.471668961225,0.004101777203468617
110000000000,3537203.5705938414,3530984.7801581603,6218.79043568112,0.0017581092836670075
110000000000,1958029.4488344253,1958033.8691506688,4.420316243544221,2.2575330754987082e-06
110000000000,3539535.880993973,3521402.10693361,18133.77406036295,0.005123206733892643
110000000000,2226359.8634368917,2219791.20850494,6568.65493195178,0.0029504012535563635
110000000000,3541168.909896859,3533995.3948734286,7173.515023430344,0.0020257477702861912
110000000000,2622790.096879968,2617252.7838397683,5537.31304019969,0.002111229963383953
110000000000,3541094.3978194417,3551394.0433672965,10299.645547854714,0.0029086051911513845
110000000000,2407811.8382042567,2409352.273647312,1540.4354430553503,0.0006397657070264283
110000000000,3540930.8729299647,3559797.7664759555,18866.89354599081,0.005328229842109085
110000000000,2129595.770831609,2138754.2970528607,9158.52622125158,0.004300593730835203
110000000000,3541084.106864313,3552108.309227568,11024.202363254968,0.0031132280484060786
110000000000,2045630.4348014423,2056791.389691191,11160.954889748711,0.005455997671853196
110000000000,3541177.7855209196,3534820.8265731325,6356.958947787061,0.001795153853550996
110000000000,2246997.864500807,2253136.994078977,6139.129578169901,0.002732147491174305
110000000000,3540448.555585083,3522264.817296592,18183.738288491033,0.005135998448503384
110000000000,2525989.231176706,2523777.1949409177,2212.0362357883714,0.000875710873382432
110000000000,3538554.3158039306,3524229.4729595454,14324.842844385188,0.0040482190086520405
110000000000,2650691.706852843,2644157.1019578855,6534.604894957505,0.002465245157731307
110000000000,3536093.919664655,3537954.1279166494,1860.2082519945689,0.0005260630215871023
110000000000,2534936.392280349,2532432.0893498287,2504.302930520382,0.000987915490955412
110000000000,3534331.2600695854,3550778.842948054,16447.58287846856,0.004653661942866309
110000000000,2257992.570900243,2263789.5909813778,5797.020081134979,0.00256733354920816
110000000000,3534284.9022778682,3551138.681976723,16853.779698854778,0.00476865339520094
110000000000,2046552.9887879842,2057590.0111236507,11037.022335666465,0.005392981464996342
110000000000,3535982.3853678005,3538708.745739464,2726.360371663701,0.0007710333577864004
110000000000,2116153.752350808,2125558.895942703,9405.143591894768,0.004444451912554423
110000000000,3538441.4640410026,3524698.5473079486,13742.916733053979,0.003883889806491011
110000000000,2391386.784187515,2393407.7398140524,2020.9556265375577,0.0008450977649875184
110000000000,3540396.9391668015,3522007.9521266655,18388.98704013601,0.005194046700442488
110000000000,2615784.180649365,2610504.3438993148,5279.836750050075,0.002018452741288222
110000000000,3540922.352413832,3526483.141201473,14439.211212359369,0.004077810744004657
110000000000,2234575.880294604,2227770.352105113,6805.528189491015,0.0030455569889145055
110000000000,3541192.761056001,3542947.5727288914,1754.8116728905588,0.000495542544926943
110000000000,1978052.5933065691,1977620.667917244,431.9253893252462,0.0002183589004593793
110000000000,3540980.2062128023,3557464.0514300205,16483.845217218157,0.00465516446217252
110000000000,1628273.178082281,1634657.894454752,6384.71637247107,0.003921157984061833
110000000000,3540975.8478508834,3557867.47961438,16891.631763496436,0.0047703323855621425
110000000000,1516894.317462276,1525105.2130528053,8210.895590529311,0.00541296482952479
110000000000,3541183.4635400977,3543812.1627336675,2628.6991935698316,0.0007423222266326575
110000000000,1778959.0607617458,1782636.8682653275,3677.8075035817456,0.0020673929966701526
110000000000,3540957.802964585,3527093.1925335024,13864.610431082547,0.0039154972192763
110000000000,2120215.911530769,2116414.31894096,3801.5925898090936,0.0017930214414174413
110000000000,3539644.154835699,3521299.072549209,18345.082286490127,0.005182747610781135
110000000000,2267232.933019434,2259522.9135243734,7710.019495060667,0.003400629632171358
110000000000,3537322.147193176,3530285.619177464,7036.528015712276,0.0019892245384819356
110000000000,2130848.3279173183,2126790.6420893096,4057.685828008689,0.0019042584002093913
110000000000,3535048.5852032853,3545381.4879638497,10332.90276056435,0.00292298748136446
110000000000,1792794.6621761983,1796168.4624846978,3373.8003084994853,0.0018818665515236254
110000000000,3534063.67019344,3552865.569402816,18801.89920937596,0.0053201925499963675
110000000000,1518102.5480448345,1526197.4731935258,8094.9251486912835,0.005332265043041225
110000000000,3534959.3654765943,3546011.4333455157,11052.06786892144,0.003126504925872427
110000000000,1610635.054885446,1617243.3063551083,6608.25146966218,0.004102885659676755
110000000000,3537203.667651206,3530984.7801581603,6218.887493045535,0.0017581366744355538
110000000000,1958026.1982631579,1958029.6960275453,3.497764387400821,1.7863726187644823e-06
110000000000,3539535.461360164,3521402.0396868503,18133.421673313715,0.005123107783851796
110000000000,2226352.2087931926,2219783.942891309,6568.265901883598,0.0029502366588456215
110000000000,3541168.943346043,3533995.462050763,7173.4812952801585,0.0020257382265704473
110000000000,2622800.1375655453,2617262.831301669,5537.306263876148,0.002111219297485555
110000000000,3541094.5503439703,3551393.9426824437,10299.39233847335,0.002908533559905341
110000000000,2407819.196083635,2409359.550773715,1540.354690080043,0.0006397302142060583
110000000000,3540931.7266712575,3559797.800025731,18866.073354473338,0.00532799692588506
110000000000,2129599.39389383,2138757.7271433934,9158.333249563351,0.004300495800206795
110000000000,3541081.838113297,3552108.3092275686,11026.471114271786,0.00311387073735261
110000000000,2045632.8285136486,2056793.4878686662,11160.65935501759,0.0054558468164235
110000000000,3541180.3478814494,3534820.8265731325,6359.521308316849,0.0017958761439872736
110000000000,2247003.2245322186,2253142.067485141,6138.842952922452,0.0027320134149787156
110000000000,3540447.006222175,3522264.68284108,18182.323381095193,0.005135601055217204
110000000000,2525999.231374821,2523786.0167688066,2213.214606014546,0.0008761739031923472
110000000000,3538553.922484919,3524229.6074701915,14324.315014727414,0.0040480702932649635
110000000000,2650703.247722662,2644166.849271508,6536.39845115412,0.002465911058421886
110000000000,3536094.3011640813,3537954.127916648,1859.8267525667325,0.0005259550775991687
110000000000,2534944.056736534,2532441.044447438,2503.0122890961356,0.0009874033639694964
110000000000,3534331.3636454456,3550778.8429480544,16447.479302608874,0.004653632500842906
110000000000,2257998.24868617,2263794.856601201,5796.607915030792,0.0025671445575316913
110000000000,3534283.676182448,3551138.681976723,16855.005794275086,0.004769001964347412
110000000000,2046556.1503020446,2057592.1870150473,11036.036713002715,0.0053924915333370856
110000000000,3535984.357790195,3538708.7457394637,2724.3879492687993,0.0007704751134621532
110000000000,2116157.127779607,2125562.119690743,9404.991911135614,0.004444373145865529
110000000000,3538440.837935675,3524698.5473079486,13742.290627726354,0.0038837135498762786
110000000000,2391394.195607613,2393414.8266584203,2020.631050807424,0.0008449594192872145
110000000000,3540396.639858185,3522007.952126665,18388.687731519807,0.005193962598568162
110000000000,2615794.518855839,2610514.3137467443,5280.205109094735,0.0020185855850039483
110000000000,3540922.3163558496,3526483.2084072516,14439.107948597986,0.004077781622573984
110000000000,2234574.487457092,2227769.302656951,6805.184800141025,0.0030454052162231615
110000000000,3541192.743348401,3542947.4384322017,1754.6950838007033,0.0004955096237268177
110000000000,1978051.985754332,1977620.1980380644,431.78771626763046,0.00021828936720435474
110000000000,3540981.313685326,3557464.1321669808,16482.81848165486,0.004654873048313304
110000000000,1628273.4226470343,1634657.935635601,6384.512988566654,0.003921032487398552
110000000000,3540973.121182831,3557867.4659836916,16894.34480086062,0.004771102242995059
110000000000,1516893.6618496964,1525105.4033287405,8211.741479044082,0.005413524814277821
110000000000,3541185.637091543,3543812.162733667,2626.5256421240047,0.0007417079789923779
110000000000,1778963.3655599211,1782636.6024800576,3673.2369201364927,0.0020648187541401995
110000000000,3540955.889432175,3527093.192533503,13862.696898672264,0.0039149589352538575
110000000000,2120213.8861349137,2116413.4531969554,3800.4329379582778,0.0017924762038448645
110000000000,3539647.184090183,3521299.0725492085,18348.111540974583,0.005183598982250178
110000000000,2267234.716086985,2259521.8125129454,7712.903574039694,0.003401899026736577
110000000000,3537319.724414549,3530285.6191774644,7034.105237084441,0.001988540981618119
110000000000,2130846.9939550813,2126789.756182291,4057.2377727902494,0.0019040493213731782
110000000000,3535048.821057077,3545381.4879638497,10332.666906772647,0.0029229205676664163
110000000000,1792795.399531361,1796168.1645719935,3372.76504063257,0.0018812883174032103
110000000000,3534063.0519579817,3552865.5694028153,18802.517444833647,0.005320368416861285
110000000000,1518102.7440873156,1526197.6645555978,8094.920468282187,0.0053322612713863834
110000000000,3534960.785522207,3546011.4333455153,11050.647823308129,0.003126101955237293
110000000000,1610638.2029423248,1617243.3994846903,6605.1965423654765,0.004100980921909749
110000000000,3537203.291914969,3530984.7801581603,6218.511756808963,0.0017580306370919348
110000000000,1958025.2451050412,1958029.099869806,3.8547647648956627,1.968700237411325e-06
110000000000,3539535.9223001385,3521402.0396868503,18133.88261328824,0.005123237342793821
110000000000,2226351.7888005422,2219782.9049496483,6568.883850893937,0.0029505147766575356
110000000000,3541169.46304225,3533995.4620507625,7174.00099148741,0.0020258846876320237
110000000000,2622789.870575772,2617252.783839768,5537.086736004334,0.0021111438617798218
110000000000,3541094.7759774756,3551393.9426824437,10299.166704968084,0.002908469656004936
110000000000,2407811.3274688516,2409352.273647312,1540.9461784604937,0.0006399779587715342
110000000000,3540931.466676949,3559797.7329261797,18866.266249230597,0.005328051792805802
110000000000,2129596.2860535034,2138754.3498234316,9158.06376992818,0.004300375535918875
110000000000,3541084.270579581,3552108.376348762,11024.105769180693,0.003113200626365308
110000000000,2045630.7918426027,2056791.3237042667,11160.531861664029,0.005455789923660259
110000000000,3541177.2033698326,3534820.8265731316,6356.376796700992,0.0017949897538739876
110000000000,2246999.8781823404,2253136.9940789775,6137.115896637086,0.0027312488782160354
110000000000,3540449.8502050247,3522264.6828410802,18185.167363944463,0.005136400212784083
110000000000,2525989.2697017738,2523777.1949409167,2212.074760857038,0.000875726111504109
110000000000,3538552.72875573,3524229.6074701915,14323.121285538655,0.004047734309324572
110000000000,2650693.222494056,2644156.4521379326,6536.770356123336,0.002466060689577967
110000000000,3536093.420329117,3537954.1279166494,1860.7075875322334,0.0005262043069436357
110000000000,2534935.438268744,2532432.0893498296,2503.3489189143293,0.0009875395172288936
110000000000,3534330.3494469738,3550778.7712238687,16448.421776894946,0.004653900498992313
110000000000,2257993.1353227003,2263789.590981377,5796.455658676568,0.0025670829410418777
110000000000,3534286.039198591,3551138.8881939845,16852.848995393608,0.004768388525569095
110000000000,2046551.6646750197,2057589.802606703,11038.137931683334,0.005393530064356389
110000000000,3535982.552577479,3538708.611228673,2726.0586511939764,0.0007709479927175756
110000000000,2116153.8971204706,2125559.097426788,9405.200306317303,0.0044444784092098925
110000000000,3538441.567700634,3524698.547307948,13743.020392685663,0.0038839189879900193
110000000000,2391387.412519384,2393408.182741166,2020.770221781917,0.0008450200127351957
110000000000,3540396.5311114383,3522007.9521266655,18388.578984772786,0.005193932042126381
110000000000,2615784.3817978804,2610503.7207848397,5280.661013040692,0.002018767697286727
110000000000,3540922.6247521634,3526483.208407251,14439.416344912257,0.004077868362323479
110000000000,2234582.8660800783,2227777.1735373596,6805.692542718723,0.003045621017696837
110000000000,3541192.14843481,3542947.438432202,1755.289997392334,0.0004956777050824999
110000000000,1978056.7635643936,1977625.5233580773,431.2402063163463,0.00021801204811699415
110000000000,3540981.277241535,3557464.1185360653,16482.841294530313,0.004654879538750523
110000000000,1628273.349489412,1634657.6720856498,6384.322596237762,0.003920915734596856
110000000000,3540973.6706155124,3557867.47961438,16893.808998867404,0.0047709501878139705
110000000000,1516891.3850616084,1525103.2741519685,8211.889090360142,0.00541363025146762
110000000000,3541186.095173908,3543812.162733668,2626.067559760064,0.0007415785245906704
110000000000,1778964.782836825,1782638.728776567,3673.9459397420287,0.0020652156665425235
110000000000,3540957.0602914267,3527093.192533502,13863.867757924832,0.0039152883025313535
110000000000,2120219.6587908794,2116420.3791701454,3799.2796207340434,0.001791927362328439
110000000000,3539645.2468038704,3521299.072549209,18346.174254661426,0.005183054508422035
110000000000,2267240.198501456,2259530.345372295,7709.853129161056,0.00340054535653387
110000000000,3537319.715481618,3530285.619177464,7034.0963041540235,0.001988538461301146
110000000000,2130852.606215768,2126796.8434597077,4055.7627560603432,0.0019033520874365258
110000000000,3535049.8480045246,3545381.6224662294,10331.774461704772,0.0029226672623971295
110000000000,1792797.1348723916,1796170.547888547,3373.413016155362,0.001881647929114677
110000000000,3534063.1171390433,3552865.434912272,18802.31777322851,0.005320311819572055
110000000000,1518100.108499292,1526195.4465629235,8095.33806363144,0.005332545606385624
110000000000,3534958.8140930696,3546011.2988440776,11052.484751007985,0.003126623344788139
110000000000,1610635.5512020132,1617242.9028000752,6607.351598062087,0.004102325689465278
110000000000,3537204.1724542007,3530985.049190634,6219.123263566755,0.0017582030780122517
110000000000,1958030.2537076962,1958033.2729881918,3.0192804955877364,1.541998899082623e-06
110000000000,3539536.0768469097,3521401.9051934797,18134.171653429978,0.0051233187795571965
110000000000,2226359.934442177,2219791.2085049395,6568.725937237497,0.00295043305245399
110000000000,3541169.1119735134,3533995.19334163,7173.918631883338,0.0020258616307328157
110000000000,2622791.2829827284,2617254.6677365946,5536.615246133879,0.0021109629584544942
110000000000,3541094.5707735447,3551394.076928918,10299.506155373063,0.0029085656848535273
110000000000,2407812.5874417247,2409352.728467034,1540.141025309451,0.0006396432319285424
110000000000,3540931.1860017837,3559797.7664759555,18866.580474171788,0.0053281409559034236
110000000000,2129596.6992651965,2138754.560905735,9157.861640538555,0.004300279787106364
110000000000,3541084.337956055,3552108.3427881636,11024.004832108505,0.0031131720625642194
110000000000,2045630.638868985,2056791.6206454192,11160.98177643423,0.005456010271045343
110000000000,3541176.7825037343,3534820.8265731325,6355.955930601805,0.001794871117986921
110000000000,2247001.012197056,2253137.6282539275,6136.6160568716,0.002731025052308003
110000000000,3540448.7037146958,3522264.7500688112,18183.953645884525,0.005136059061329043
110000000000,2525989.825502934,2523778.2976679076,2211.5278350263834,0.0008755093994038792
110000000000,3538553.0568032237,3524229.5402148464,14323.5165883773,0.0040478456472028594
110000000000,2650694.150991118,2644158.076688037,6536.074303081259,0.0024657972330143644
110000000000,3536094.2254175544,3537954.1279166494,1859.902499095071,0.0005259765098243239
110000000000,2534936.5240139025,2532433.208735518,2503.315278384369,0.0009875258234949948
110000000000,3534331.4826190965,3550778.771223869,16447.28860477265,0.004653578388347569
110000000000,2257993.1165774283,2263790.249182991,5797.132605562918,0.0025673827625967123
110000000000,3534284.278418329,3551138.8881939845,16854.609775655437,0.004768889101133158
110000000000,2046552.993920746,2057590.074593169,11037.08067242289,0.005393009956355084
110000000000,3535983.4429936004,3538708.7457394637,2725.3027458633296,0.0007707340234478191
110000000000,2116153.7602191004,2125559.5003950233,9405.740175922867,0.004444733815065037
110000000000,3538441.323833746,3524698.5473079486,13742.776525797322,0.003883850336370034
110000000000,2391387.4681193708,2393409.511523036,2022.0434036650695,0.0008455523960971662
110000000000,3540396.8432265734,3522007.9521266655,18388.891099907923,0.005194019742473004
110000000000,2615785.788925385,2610505.590128615,5280.19879677007,0.0020185899086711057
110000000000,3540922.382636232,3526483.2084072516,14439.174228980206,0.004077800264639006
110000000000,2234574.5214521824,2227768.777933164,6805.743519018404,0.003045655203566698
110000000000,3541192.3387359413,3542947.5727288914,1755.2339929500595,0.0004956618633080532
110000000000,1978051.7424422319,1977620.5112908077,431.2311514241155,0.00021800802384051358
110000000000,3540981.3914421955,3557463.984323975,16482.592881779652,0.0046548092349806185
110000000000,1628273.7920419262,1634657.9191632092,6384.127121282974,0.003920794618500247
110000000000,3540973.1223581303,3557867.4796143803,16894.35725624999,0.004771105758916098
110000000000,1516893.5142539772,1525105.451163474,8211.936909496784,0.005413654176994417
110000000000,3541186.424783558,3543812.1627336675,2625.737950109411,0.0007414853766897911
110000000000,1778962.404231629,1782636.5692569346,3674.1650253054686,0.0020653415814554086
110000000000,3540955.9455232047,3527093.1925335024,13862.752989702392,0.003914974713884518
110000000000,2120213.3769950788,2116413.344979008,3800.0320160705596,0.0017922875392175114
110000000000,3539645.5234062974,3521299.072549209,18346.450857088435,0.005183132247500633
110000000000,2267234.0500885,2259521.6748865717,7712.375201928429,0.0034016669790343794
110000000000,3537321.0522413226,3530285.619177464,7035.433063858654,0.001988915611547573
110000000000,2130847.044414118,2126789.534705655,4057.5097084627487,0.0019041768948640666
110000000000,3535049.230317824,3545381.6224662284,10332.392148404382,0.0029228425052160965
110000000000,1792794.8748326155,1796168.1645719928,3373.289739377331,0.0018815815388206522
110000000000,3534063.196534656,3552865.4349122723,18802.238377616275,0.005320289234231269
110000000000,1518102.783317954,1526197.6645555978,8094.881237643771,0.005332235291705124
110000000000,3534960.1564059523,3546011.298844076,11051.142438123934,0.003126242432491742
110000000000,1610636.706049641,1617243.3994846903,6606.693435049383,0.004101914112744529
110000000000,3537202.94573835,3530985.049190635,6217.89654771518,0.0017578568838427975
110000000000,1958025.2369986994,1958028.5037127428,3.2667140434496105,1.6683717766870541e-06
110000000000,3539536.323187191,3521401.9051934793,18134.417993711773,0.005123388019756937
110000000000,2226351.6766539966,2219782.904949648,6568.7717043487355,0.0029504645529411597
110000000000,3541169.412443517,3533995.1933416305,7174.219101886265,0.002025946309339612
110000000000,2622797.345252631,2617260.947400282,5536.397852349095,0.002110875192995829
110000000000,3541094.8842845378,3551394.076928918,10299.192644380033,0.0029084768922990716
110000000000,2407816.9179042145,2409357.2766692284,1540.3587650139816,0.0006397325118700153
110000000000,3540931.306698339,3559797.766475955,18866.459777615964,0.005328106688182992
110000000000,2129598.786736593,2138756.671730193,9157.884993599728,0.0043002865378381026
110000000000,3541083.7738267295,3552108.3763487614,11024.60252203187,0.003113341345810058
110000000000,2045632.142057002,2056792.8743967311,11160.73233972909,0.005455884325569075
110000000000,3541177.844723757,3534820.826573132,6357.018150624819,0.0017951705419417372
110000000000,2247002.7725817133,2253140.9081312385,6138.135549525265,0.0027316991435986527
110000000000,3540449.5100272107,3522264.6828410802,18184.827186130453,0.005136304623078974
110000000000,2525996.2605357734,2523783.9491504403,2212.3113853330724,0.0008758173635870042
110000000000,3538551.9355783127,3524229.6410978804,14322.29448043229,0.0040475015602933545
110000000000,2650700.767114141,2644164.2499852465,6536.517128894571,0.0024659581383118467
110000000000,3536094.2751485007,3537954.0606608577,1859.785512357019,0.0005259434188244078
110000000000,2534941.875095458,2532439.0855174735,2502.789577984251,0.0009873163572596726
110000000000,3534331.364385097,3550778.9057178623,16447.541332765482,0.0046536500506163
110000000000,2257996.3731617173,2263793.4579193965,5797.084757679142,0.0025673578693848308
110000000000,3534284.7582776737,3551138.7537005893,16853.995422915556,0.004768714627037816
110000000000,2046554.7848691728,2057591.6385151595,11036.853645986645,0.005392894305877173
110000000000,3535982.884083505,3538708.745739464,2725.861655959394,0.0007708922088478697
110000000000,2116156.9809871665,2125561.6226869733,9404.641699806787,0.0044442079601389566
110000000000,3538441.207110219,3524698.5473079486,13742.659802270588,0.003883817477214485
110000000000,2391392.5045396797,2393413.940801643,2021.4362619630992,0.0008452967290504268
110000000000,3540396.4576198417,3522007.9521266655,18388.50549317617,0.0051939113919288295
110000000000,2615791.828656836,2610511.821282094,5280.007374742068,0.0020185120684673374
110000000000,3540922.5309841395,3526483.2084072516,14439.322576887906,0.004077841989069086
110000000000,2234576.679997858,2227770.8768294877,6805.803168370388,0.0030456789553433053
110000000000,3541192.1575256176,3542947.572728891,1755.4152032732964,0.0004957130607958535
110000000000,1978052.9544718969,1977621.7643034991,431.19016839773394,0.00021798717138634625
110000000000,3540981.35623483,3557464.0514300205,16482.69519519061,0.004654838175346076
110000000000,1628273.7127482016,1634657.8532743363,6384.140526134754,0.003920803041989542
110000000000,3540973.7431385377,3557867.3999272804,16893.656788742635,0.004770907104713226
110000000000,1516893.1359254823,1525104.8048631079,8211.668937625596,0.005413478868843004
110000000000,3541185.929378198,3543812.1753234905,2626.245945292525,0.0007416289338282984
110000000000,1778962.883680615,1782637.1049807658,3674.2213001507334,0.002065372658337251
110000000000,3540956.5052091186,3527093.2261350723,13863.279074046295,0.003915122666333788
110000000000,2120214.434681675,2116415.076467584,3799.358214091044,0.0017919688461424292
110000000000,3539645.7098886175,3521299.0389264836,18346.67096213391,0.005183194157222935
110000000000,2267235.003757411,2259523.962926632,7711.040830779355,0.0034010770026045426
110000000000,3537320.5776157286,3530285.65280653,7034.924809198827,0.0019887721948969065
110000000000,2130848.058452972,2126791.389573947,4056.66887902515,0.0019037813901993336
110000000000,3535048.5544868694,3545381.5215894417,10332.967102572322,0.002923005707929295
110000000000,1792795.5363596089,1796168.7976371278,3373.2612775189336,0.0018815649688466796
110000000000,3534062.977668334,3552865.430435198,18802.452766864095,0.005320350227394469
110000000000,1518102.3455190281,1526197.2079098914,8094.8623908632435,0.005332224414748315
110000000000,3534959.8950928356,3546011.370572229,11051.475479393266,0.0031263368771834482
110000000000,1610636.242827747,1617243.2753120395,6607.032484292518,0.004102125798866133
110000000000,3537204.0202895068,3530985.049190634,6218.971098872833,0.0017581601352934777
110000000000,1958026.5719838464,1958029.854989883,3.2830060366541147,1.6766912582436594e-06
110000000000,3539535.8890129314,3521401.9051934797,18133.98381945165,0.005123265984035174
110000000000,2226353.5849438314,2219785.257595604,6568.327348227613,0.002950262434793494
110000000000,3541169.409377916,3533995.1933416305,7174.216036285274,0.002025945445390477
110000000000,2622792.209314531,2617256.2585558663,5535.950758664869,0.0021107088617255327
110000000000,3541094.3613075237,3551394.0769289182,10299.715621394571,0.002908625009809531
110000000000,2407813.6117645325,2409353.8806573004,1540.2688927678391,0.000639696065028503
110000000000,3540931.3609724427,3559797.7329261797,18866.37195373699,0.005328081804035799
110000000000,2129596.949812445,2138754.983070419,9158.033257974312,0.004300359867993268
110000000000,3541083.6079783943,3552108.393129061,11024.785150666721,0.0031133930658476527
110000000000,2045630.9044712908,2056791.7856127177,11160.881141426973,0.005455960367548118
110000000000,3541177.767793872,3534820.843366756,6356.924427115824,0.001795144114178753
110000000000,2247000.0311644794,2253138.302065069,6138.270900589414,0.002731762712708256
110000000000,3540448.9348361124,3522264.695446276,18184.239389836323,0.00513613943444098
110000000000,2525991.3518382013,2523779.538236282,2211.81360191945,0.0008756220009660287
110000000000,3538553.0676658596,3524229.6032667314,14323.464399128221,0.004047830886022695
110000000000,2650695.2719936436,2644159.112339119,6536.159654524643,0.0024658283898505843
110000000000,3536093.89205176,3537954.085881777,1860.1938300170004,0.0005260589471897913
110000000000,2534937.8660584125,2532434.433064111,2503.432994301431,0.0009875717380773642
110000000000,3534331.412004194,3550778.9057178623,16447.493713668082,0.0046536365146191225
110000000000,2257993.962897079,2263790.8559628236,5796.893065744545,0.002567275715080719
110000000000,3534284.2141121374,3551138.6819767235,16854.46786458604,0.004768849035198524
110000000000,2046554.5235957403,2057590.516571155,11035.99297541473,0.005392474448237417
110000000000,3535983.4968361347,3538708.7457394637,2725.2489033290185,0.0007707187846796991
110000000000,2116154.6195031004,2125559.9033633485,9405.283860248048,0.004444516375866961
110000000000,3538441.3162193676,3524698.547307948,13742.768911419436,0.003883848192825998
110000000000,2391389.1575455545,2393409.511523034,2020.3539774795063,0.0008448453364876561
110000000000,3540396.3944355687,3522008.0238324446,18388.370603124145,0.005193873384354672
110000000000,2615786.6706698267,2610506.836358379,5279.834311447572,0.0020184498876185345
110000000000,3540922.412625637,3526483.2084072516,14439.204218385275,0.00407780869947908
110000000000,2234580.972879703,2227775.074631585,6805.898248118348,0.0030457156535024063
110000000000,3541192.4850664446,3542947.644347891,1755.1592814465985,0.0004956407449886661
110000000000,1978055.77429104,1977623.6438276935,432.1304633463733,0.00021846222384768412
110000000000,3540981.3439477347,3557464.0514300205,16482.707482285798,0.0046548416614671335
110000000000,1628273.3752639731,1634657.721499915,6384.346235941863,0.003920930190796028
110000000000,3540973.6514560734,3557867.412509455,16893.761053381488,0.004770936673430104
110000000000,1516891.5228143788,1525103.7843889748,8212.261574595934,0.00541387531743815
110000000000,3541185.6091592116,3543812.162733668,2626.5535744563676,0.0007417158726904444
110000000000,1778963.7357341722,1782638.1971993654,3674.4614651931915,0.0020655066718809497
110000000000,3540956.6060448997,3527093.2261350723,13863.379909827374,0.0039151510318315335
110000000000,2120218.547866602,2116418.647672315,3799.9001942868344,0.0017922209944396322
110000000000,3539645.452882779,3521299.0557378447,18346.397144934162,0.005183117176324081
110000000000,2267239.3526442465,2259528.4185934337,7710.934050812852,0.0034010233819467307
110000000000,3537320.424325932,3530285.6233810964,7034.800944835413,0.0019887372646417685
110000000000,2130851.804869927,2126795.0162663474,4056.7886035796255,0.0019038342292542784
110000000000,3535048.2691994216,3545381.5678246333,10333.298625211697,0.002923099725467643
110000000000,1792796.5652863753,1796169.9567111447,3373.391424769303,0.00188163648351839
110000000000,3534063.9972562306,3552865.39681256,18801.399556329474,0.005320050675631926
110000000000,1518101.729327071,1526196.1315310465,8094.402203975478,0.00533192344597584
110000000000,3534959.3385193227,3546011.567846986,11052.229327663314,0.003126550624566088
110000000000,1610636.1408818606,1617243.026969732,6606.8860878713895,0.004102035164971504
110000000000,3537204.075457329,3530984.78015816,6219.295299169142,0.0017582517622665133
110000000000,1958028.7153812218,1958032.6768263925,3.9614451706875116,2.023180323949555e-06
110000000000,3539536.2311533573,3521401.9051934797,18134.325959877577,0.005123362151308876
110000000000,2226358.6366523337,2219789.132611401,6569.5040409327485,0.002950784268437088
110000000000,3541168.0238668164,3533995.4620507625,7172.561816053931,0.002025479098340489
110000000000,2622789.913867817,2617253.4118052567,5536.502062560059,0.0021109209065073016
110000000000,3541095.1693425253,3551393.8800281687,10298.710685643367,0.0029083405537376527
110000000000,2407809.8631728454,2409352.728467034,1542.8652941887267,0.0006407753858752142
110000000000,3540931.32472159,3559797.8000257304,18866.475304140244,0.005328111045933274
110000000000,2129596.128323763,2138754.251309037,9158.122985274065,0.0043004036603327975
110000000000,3541084.0725950454,3552108.3092275686,11024.236632523127,0.003113237756155316
110000000000,2045630.4431679263,2056791.323704267,11160.880536340643,0.005455961302109172
110000000000,3541177.6062181266,3534820.826573132,6356.779644994531,0.001795103310783495
110000000000,2246998.8100703866,2253136.994078977,6138.184008590411,0.002731725526992217
110000000000,3540449.007463718,3522264.7164549395,18184.291008778382,0.005136153908852685
110000000000,2525988.689304169,2523777.1949409177,2211.494363251142,0.000875496542251082
110000000000,3538553.1995944446,3524229.6074701915,14323.592124253046,0.004047866830402516
110000000000,2650692.5964012695,2644156.61459291,6535.981808359735,0.002465763784617407
110000000000,3536094.2758226544,3537954.1111026993,1859.8352800449356,0.0005259574929212696
110000000000,2534935.7479397794,2532432.2292730166,2503.5186667628586,0.0009876063599629874
110000000000,3534330.3634414896,3550778.8889061133,16448.5254646237,0.004653929817870011
110000000000,2257993.173142124,2263789.63211897,5796.458976846188,0.0025670843675670157
110000000000,3534285.0672582462,3551138.681976724,16853.614718477707,0.004768606492614375
110000000000,2046552.3196852845,2057589.9725982454,11037.652912960853,0.005393291345054988
110000000000,3535982.3880009023,3538708.7457394633,2726.357738560997,0.0007710326125527923
110000000000,2116154.0268053063,2125558.895942704,9404.869137397502,0.0044443216411783355
110000000000,3538442.3232307057,3524698.5473079477,13743.775922758039,0.003884131679221368
110000000000,2391387.024811843,2393407.739814053,2020.7150022098795,0.0008449970587127659
110000000000,3540396.3953484786,3522007.9521266655,18388.443221813068,0.005193893894472544
110000000000,2615784.816154023,2610504.3438993148,5280.472254708409,0.0020186952008048827
110000000000,3540922.7527716733,3526483.208407251,14439.544364422094,0.004077904369170289
110000000000,2234576.7212597975,2227770.87682949,6805.844430307392,0.0030456973643180306
110000000000,3541191.6266344315,3542947.5727288914,1755.946094459854,0.000495863053908979
110000000000,1978053.2641651426,1977621.1377968085,432.1263683340512,0.00021846043085014424
110000000000,3540981.269758687,3557464.12300387,16482.853245182894,0.004654882923542315
110000000000,1628272.9901067053,1634657.8532743366,6384.863167631207,0.0039212485906388395
110000000000,3540973.8804547032,3557867.412509455,16893.532054751646,0.004770871693801457
110000000000,1516892.8946195205,1525104.872894722,8211.978275201516,0.005413683658437409
110000000000,3541185.9142074496,3543812.162733667,2626.248526217416,0.0007416296658361679
110000000000,1778962.5246624786,1782637.1340511106,3674.6093886320014,0.0020655912295449745
110000000000,3540956.4004841098,3527093.1925335024,13863.207950607408,0.003915102696184587
110000000000,2120214.477555322,2116415.18468572,3799.2928696018644,0.001791937990152098
110000000000,3539645.2595671033,3521299.072549209,18346.18701789435,0.005183058095527369
110000000000,2267234.976424486,2259523.7392834667,7711.237141019199,0.0034011636293561896
110000000000,3537320.6988701494,3530285.619177464,7035.079692685511,0.001988815912261666
110000000000,2130848.4853404053,2126791.3065200723,4057.178820332978,0.0019040203225359027
110000000000,3535048.872133873,3545381.588840631,10332.7167067579,0.0029229346129296166
110000000000,1792795.50380469,1796168.760397936,3373.256593246013,0.0018815623901818424
110000000000,3534062.9042674233,3552865.531303107,18802.627035683487,0.005320399649077862
110000000000,1518101.7319425598,1526197.1752923443,8095.443349784473,0.005332609257632267
110000000000,3534959.2509681643,3546011.4333455157,11052.182377351448,0.003126537420289766
110000000000,1610635.8401995604,1617243.244269033,6607.40406947257,0.0041023575314541
110000000000,3537203.6150585376,3530984.7801581603,6218.834900377318,0.0017581218321451935
110000000000,1958027.6600248942,1958030.2921859615,2.6321610673330724,1.3442920756796702e-06
110000000000,3539537.080746798,3521401.90519348,18135.175553317647,0.005123600951085771
110000000000,2226355.325659897,2219784.9808337553,6570.344826141838,0.002951166307738578
110000000000,3541169.9513535867,3533995.462050763,7174.489302823786,0.0020260223037534214
110000000000,2622797.110455452,2617260.947400282,5536.163055169862,0.002110785860294203
110000000000,3541092.1804486085,3551393.8084360063,10301.627987397835,0.002909166850915685
110000000000,2407818.7586464733,2409358.1863107537,1539.4276642804034,0.0006393453239585917
110000000000,3540932.3732793573,3559797.87159265,18865.49831329286,0.005327833554703274
110000000000,2129596.569945834,2138756.671730193,9160.101784358732,0.004301331958189488
110000000000,3541083.798100272,3552108.3092275686,11024.51112729637,0.0031133155146486004
110000000000,2045632.2454295228,2056792.907390182,11160.661960659083,0.005455849645308887
110000000000,3541177.6327728666,3534820.826573132,6356.806199734565,0.001795110796166687
110000000000,2247002.6246388834,2253140.799132194,6138.174493310507,0.0027317166548913026
110000000000,3540449.2045699996,3522264.7500688112,18184.45450118836,0.005136199801346092
110000000000,2525995.35483063,2523783.8113092696,2211.543521360494,0.0008755136929017749
110000000000,3538552.5864065425,3524229.607470191,14322.97893635137,0.004047694244074125
110000000000,2650700.5152967437,2644164.574895926,6535.940400817897,0.0024657407968573185
110000000000,3536094.621299643,3537954.0606608577,1859.4393612146378,0.000525845476536266
110000000000,2534942.0506296773,2532439.085517473,2502.965112204198,0.000987385534743275
110000000000,3534330.509466357,3550778.905717862,16448.396251504775,0.004653893066154781
110000000000,2257996.798390362,2263793.5401947647,5796.741804402787,0.002567205502033953
110000000000,3534284.5251781736,3551138.6819767235,16854.156798549928,0.004768760601610098
110000000000,2046554.7189902244,2057591.6385151597,11036.919524935307,0.00539292666964749
110000000000,3535984.1821794687,3538708.7457394637,2724.563559995033,0.0007705248156160298
110000000000,2116156.266423653,2125561.3137531946,9405.047329541761,0.004444401143133197
110000000000,3538441.886818503,3524698.5473079486,13743.339510554448,0.003884008823700482
110000000000,2391392.957376797,2393413.4978733864,2020.5404965891503,0.0008449219900712395
110000000000,3540396.1750350855,3522007.9521266655,18388.222908420023,0.005193831989223012
110000000000,2615791.720295579,2610511.821282093,5279.899013486225,0.002018470726289174
110000000000,3540921.393450748,3526483.2084072516,14438.185043496545,0.00407752204558996
110000000000,1707188.5685461601,1707292.8412542145,104.27270805439912,6.107861192111756e-05
110000000000,3541193.13204813,3542947.5727288914,1754.440680761356,0.0004954377282852785
110000000000,1432637.3210183356,1435141.4630392587,2504.1420209230855,0.0017479246032367157
110000000000,3540980.36702368,3557464.12300387,16483.75598018989,0.0046551390495409815
110000000000,849216.8815118358,852929.4332056212,3712.5516937853536,0.004371735624444968
110000000000,3540973.9622055697,3557867.4125094544,16893.45030388469,0.0047708484965425305
110000000000,268515.78160935204,270034.30038656475,1518.5187772127101,0.0056552310188676905
110000000000,3541185.859231269,3543812.1627336675,2626.303502398543,0.0007416452021438572
110000000000,816168.9000377579,819825.5378799431,3656.6378421852132,0.004480246480864498
110000000000,3540956.280637919,3527093.192533502,13863.088104417082,0.003915068982980944
110000000000,1410655.186118349,1413294.9085953652,2639.722477016272,0.00187127407391448
110000000000,3539645.1626899913,3521299.072549209,18346.090140782297,0.005183030868224087
110000000000,1702530.754803474,1702686.5382017274,155.78339825337753,9.150107733082323e-05
110000000000,3537320.9236737234,3530285.619177464,7035.304496259429,0.0019888793377991943
110000000000,1614385.5637783343,1615465.4081301477,1079.84435181343,0.0006688887562188952
110000000000,3535048.3056338625,3545381.5552150346,10333.249581172131,0.002923085821685624
110000000000,1169268.0568493211,1172892.0806865834,3624.023837262299,0.003099395229377512
110000000000,3534063.248270745,3552865.564925742,18802.316654996946,0.005320311305746189
110000000000,502039.1263498232,504695.5353781306,2656.4090283074183,0.005291239046688206
110000000000,3534959.836959515,3546011.2988440767,11051.46188456146,0.003126333082773305
110000000000,470197.12324746046,472713.18636806885,2516.0631206083926,0.005351081485209792
110000000000,3537205.5184830185,3530984.914674332,6220.603808686603,0.001758620972454662
110000000000,1140584.1049604667,1144267.3813157403,3683.276355273556,0.0032292895712422894
110000000000,3539535.58064677,3521401.9051934797,18133.675453290343,0.0051231793098621215
110000000000,1600569.179694504,1601779.7423416344,1210.5626471303403,0.0007563325987330313
