beta,timestep_ns,src,dst,baseline_path,da_path,path_changed,baseline_hop_count,da_hop_count,baseline_total_cost_m,da_modified_total_cost_m,baseline_path_da_modified_cost_m,da_path_baseline_cost_m,baseline_physical_rtt_ms,da_physical_rtt_ms
0.01,0,399,447,399->19->18->17->16->29->42->55->68->81->94->107->120->133->132->131->130->447,399->19->18->17->16->29->42->55->68->81->94->107->120->133->132->131->130->447,False,17,17,40036604.01522177,40283097.59966054,40283097.59966054,40036604.01522177,267.095471862883,267.095471862883
0.01,0,447,399,447->130->131->132->133->120->107->94->81->68->55->42->29->16->17->18->19->399,447->130->131->132->133->120->107->94->81->68->55->42->29->16->17->18->19->399,False,17,17,40036604.015221775,39790037.43395113,39790037.43395113,40036604.015221775,267.0954718628831,267.0954718628831
0.01,0,425,410,425->187->200->213->226->239->240->241->410,425->187->200->213->226->239->240->241->410,False,8,8,18697558.98184062,18646035.94290331,18646035.94290331,18697558.98184062,124.73668688383496,124.73668688383496
0.01,0,410,425,410->241->240->239->226->213->200->187->425,410->241->240->239->226->213->200->187->425,False,8,8,18697558.981840618,18756141.302979622,18756141.302979622,18697558.981840618,124.73668688383493,124.73668688383493
0.01,0,386,424,386->195->196->197->198->211->224->237->250->263->276->289->302->303->424,386->195->196->197->198->211->224->237->250->263->276->289->302->303->424,False,14,14,30747829.403975915,30630956.17313997,30630956.17313997,30747829.403975915,205.12743788888721,205.12743788888721
0.01,0,424,386,424->303->302->289->276->263->250->237->224->211->198->197->196->195->386,424->303->302->289->276->263->250->237->224->211->198->197->196->195->386,False,14,14,30747829.40397591,30864705.63818938,30864705.63818938,30747829.40397591,205.1274378888872,205.1274378888872
0.01,0,355,401,355->169->181->168->155->142->129->116->103->90->77->64->51->38->401,355->169->181->168->155->142->129->116->103->90->77->64->51->38->401,False,14,14,32034182.872998983,32052805.146595813,32052805.146595813,32034182.872998983,213.70906450888089,213.70906450888089
0.01,0,401,355,401->38->51->64->77->90->103->116->129->142->155->168->181->169->355,401->38->51->64->77->90->103->116->129->142->155->168->181->169->355,False,14,14,32034182.87299898,32029431.69674194,32029431.69674194,32034182.87299898,213.70906450888086,213.70906450888086
0.01,0,412,406,412->169->170->183->196->209->406,412->169->170->183->196->209->406,False,6,6,13213667.082365327,13204256.595858086,13204256.595858086,13213667.082365327,88.15209809157591,88.15209809157591
0.01,0,406,412,406->209->196->183->170->169->412,406->209->196->183->170->169->412,False,6,6,13213667.082365327,13217748.424513184,13217748.424513184,13213667.082365327,88.15209809157591,88.15209809157591
0.01,0,432,446,432->222->223->224->237->250->263->276->289->302->315->328->341->3->16->29->42->43->44->446,432->222->223->224->237->250->263->276->289->302->315->328->341->3->16->29->42->43->44->446,False,19,19,38360467.36273173,38256241.15248481,38256241.15248481,38360467.36273173,255.913491744557,255.913491744557
0.01,0,446,432,446->44->43->42->29->16->3->341->328->315->302->289->276->263->250->237->224->223->222->432,446->44->43->42->29->16->3->341->328->315->302->289->276->263->250->237->224->223->222->432,False,19,19,38360467.36273173,38464150.909246325,38464150.909246325,38360467.36273173,255.913491744557,255.913491744557
0.01,0,394,361,394->44->31->18->361,394->44->31->18->361,False,4,4,7216817.817853596,7211813.494982963,7211813.494982963,7216817.817853596,48.14542611244474,48.14542611244474
0.01,0,361,394,361->18->31->44->394,361->18->31->44->394,False,4,4,7216817.817853596,7225377.600084641,7225377.600084641,7216817.817853596,48.14542611244474,48.14542611244474
0.01,0,441,436,441->241->240->239->238->237->224->223->222->436,441->241->240->239->238->237->224->223->222->436,False,9,9,25601337.190057844,25787311.463725742,25787311.463725742,25601337.190057844,170.7937375132889,170.7937375132889
0.01,0,436,441,436->222->223->224->237->238->239->240->241->441,436->222->223->224->237->238->239->240->241->441,False,9,9,25601337.19005784,25415273.272725787,25415273.272725787,25601337.19005784,170.79373751328887,170.79373751328887
0.01,0,366,367,366->209->196->183->170->157->144->131->118->105->104->367,366->209->196->183->170->157->144->131->118->105->104->367,False,11,11,24051705.554096743,24051757.339103185,24051757.339103185,24051705.554096743,160.45570802249298,160.45570802249298
0.01,0,367,366,367->104->105->118->131->144->157->170->183->196->209->366,367->104->105->118->131->144->157->170->183->196->209->366,False,11,11,24051705.554096743,24037386.66368853,24037386.66368853,24051705.554096743,160.45570802249298,160.45570802249298
0.01,0,364,440,364->183->182->194->193->192->191->178->165->152->139->126->113->100->87->86->440,364->183->182->194->193->192->191->178->165->152->139->126->113->100->87->86->440,False,16,16,38384352.24990928,38565443.710495725,38565443.710495725,38384352.24990928,256.07283456016285,256.07283456016285
0.01,0,440,364,440->86->87->100->113->126->139->152->165->178->191->192->193->194->182->183->364,440->86->87->100->113->126->139->152->165->178->191->192->193->194->182->183->364,False,16,16,38384352.24990928,38196076.885489315,38196076.885489315,38384352.24990928,256.07283456016285,256.07283456016285
0.01,10000000000,399,447,399->19->18->17->16->29->42->55->68->81->94->107->120->133->132->131->130->447,399->19->18->17->16->29->42->55->68->81->94->107->120->133->132->131->130->447,False,17,17,40083167.40738172,40329833.8406227,40329833.8406227,40083167.40738172,267.4061093783868,267.4061093783868
0.01,10000000000,447,399,447->130->131->132->133->120->107->94->81->68->55->42->29->16->17->18->19->399,447->130->131->132->133->120->107->94->81->68->55->42->29->16->17->18->19->399,False,17,17,40083167.40738173,39836770.86845152,39836770.86845152,40083167.40738173,267.4061093783869,267.4061093783869
0.01,10000000000,425,410,425->187->200->213->226->239->240->241->410,425->187->200->213->226->239->240->241->410,False,8,8,18683258.267640077,18631753.915732596,18631753.915732596,18683258.267640077,124.64128278797511,124.64128278797511
0.01,10000000000,410,425,410->241->240->239->226->213->200->187->425,410->241->240->239->226->213->200->187->425,False,8,8,18683258.267640077,18741766.707860712,18741766.707860712,18683258.267640077,124.64128278797511,124.64128278797511
0.01,10000000000,386,424,386->195->196->197->184->171->158->145->132->424,386->195->196->197->184->171->158->145->132->424,False,9,9,18931668.28721989,18862513.53146853,18862513.53146853,18931668.28721989,126.29849605636103,126.29849605636103
0.01,10000000000,424,386,424->132->145->158->171->184->197->196->195->386,424->132->145->158->171->184->197->196->195->386,False,9,9,18931668.28721989,18993112.733170044,18993112.733170044,18931668.28721989,126.29849605636103,126.29849605636103
0.01,10000000000,355,401,355->169->181->168->155->142->129->116->103->90->77->64->51->38->401,355->169->181->168->155->142->129->116->103->90->77->64->51->38->401,False,14,14,32082665.313418716,32101041.521940786,32101041.521940786,32082665.313418716,214.03250453631304,214.03250453631304
0.01,10000000000,401,355,401->38->51->64->77->90->103->116->129->142->155->168->181->169->355,401->38->51->64->77->90->103->116->129->142->155->168->181->169->355,False,14,14,32082665.313418712,32077846.929025136,32077846.929025136,32082665.313418712,214.032504536313,214.032504536313
0.01,10000000000,412,406,412->169->170->183->196->209->406,412->169->170->183->196->209->406,False,6,6,13114791.41125557,13105325.836974513,13105325.836974513,13114791.41125557,87.4924706161592,87.4924706161592
0.01,10000000000,406,412,406->209->196->183->170->169->412,406->209->196->183->170->169->412,False,6,6,13114791.41125557,13118889.42289277,13118889.42289277,13114791.41125557,87.4924706161592,87.4924706161592
0.01,10000000000,432,446,432->222->223->224->237->250->263->276->289->302->315->328->341->3->16->29->42->43->44->446,432->222->223->224->237->250->263->276->289->302->315->328->341->3->16->29->42->43->44->446,False,19,19,38358151.93222657,38254171.01452825,38254171.01452825,38358151.93222657,255.89804485492806,255.89804485492806
0.01,10000000000,446,432,446->44->43->42->29->16->3->341->328->315->302->289->276->263->250->237->224->223->222->432,446->44->43->42->29->16->3->341->328->315->302->289->276->263->250->237->224->223->222->432,False,19,19,38358151.93222657,38462081.88449883,38462081.88449883,38358151.93222657,255.89804485492806,255.89804485492806
0.01,10000000000,394,361,394->44->31->18->361,394->44->31->18->361,False,4,4,7223426.383665495,7218385.30391944,7218385.30391944,7223426.383665495,48.1895137179568,48.1895137179568
0.01,10000000000,361,394,361->18->31->44->394,361->18->31->44->394,False,4,4,7223426.383665495,7231994.959198711,7231994.959198711,7223426.383665495,48.1895137179568,48.1895137179568
0.01,10000000000,441,436,441->241->240->239->238->237->224->223->222->436,441->241->240->239->238->237->224->223->222->436,False,9,9,25603531.23752352,25789522.75176447,25789522.75176447,25603531.23752352,170.80837462244307,170.80837462244307
0.01,10000000000,436,441,436->222->223->224->237->238->239->240->241->441,436->222->223->224->237->238->239->240->241->441,False,9,9,25603531.23752352,25417487.308668006,25417487.308668006,25603531.23752352,170.80837462244307,170.80837462244307
0.01,10000000000,366,367,366->209->196->183->170->157->144->131->118->105->104->367,366->209->196->183->170->157->144->131->118->105->104->367,False,11,11,23943345.969727397,23943440.178083394,23943440.178083394,23943345.969727397,159.7328106881688,159.7328106881688
0.01,10000000000,367,366,367->104->105->118->131->144->157->170->183->196->209->366,367->104->105->118->131->144->157->170->183->196->209->366,False,11,11,23943345.969727393,23928880.815973822,23928880.815973822,23943345.969727393,159.73281068816877,159.73281068816877
0.01,10000000000,364,440,364->183->182->194->193->192->191->178->165->152->139->126->113->100->87->86->440,364->183->182->194->193->192->191->178->165->152->139->126->113->100->87->86->440,False,16,16,38404398.44118446,38585666.844736435,38585666.844736435,38404398.44118446,256.2065683532603,256.2065683532603
0.01,10000000000,440,364,440->86->87->100->113->126->139->152->165->178->191->192->193->194->182->183->364,440->86->87->100->113->126->139->152->165->178->191->192->193->194->182->183->364,False,16,16,38404398.44118446,38216216.20885458,38216216.20885458,38404398.44118446,256.2065683532603,256.2065683532603
0.01,20000000000,399,447,399->19->18->17->16->29->42->55->68->81->94->107->120->133->132->131->130->447,399->19->18->17->16->29->42->55->68->81->94->107->120->133->132->131->130->447,False,17,17,40137624.25490013,40384464.89019451,40384464.89019451,40137624.25490013,267.76940635978326,267.76940635978326
0.01,20000000000,447,399,447->130->131->132->133->120->107->94->81->68->55->42->29->16->17->18->19->399,447->130->131->132->133->120->107->94->81->68->55->42->29->16->17->18->19->399,False,17,17,40137624.25490013,39891394.73678309,39891394.73678309,40137624.25490013,267.76940635978326,267.76940635978326
0.01,20000000000,425,410,425->187->200->213->226->239->240->241->410,425->187->200->213->226->239->240->241->410,False,8,8,18675061.722605914,18623574.507474963,18623574.507474963,18675061.722605914,124.58660132541368,124.58660132541368
0.01,20000000000,410,425,410->241->240->239->226->213->200->187->425,410->241->240->239->226->213->200->187->425,False,8,8,18675061.72260591,18733496.250683796,18733496.250683796,18675061.72260591,124.58660132541365,124.58660132541365
0.01,20000000000,386,424,386->195->196->197->198->211->224->237->250->263->276->289->290->424,386->195->196->197->198->211->224->237->250->263->276->289->290->424,False,13,13,29223697.059503578,29121984.945892885,29121984.945892885,29223697.059503578,194.95952135996413,194.95952135996413
0.01,20000000000,424,386,424->290->289->276->263->250->237->224->211->198->197->196->195->386,424->290->289->276->263->250->237->224->211->198->197->196->195->386,False,13,13,29223697.059503585,29325959.5844338,29325959.5844338,29223697.059503585,194.95952135996419,194.95952135996419
0.01,20000000000,355,401,355->169->181->168->155->142->129->116->103->90->77->64->51->38->401,355->169->181->168->155->142->129->116->103->90->77->64->51->38->401,False,14,14,32135864.52890781,32153995.802871868,32153995.802871868,32135864.52890781,214.38741149991046,214.38741149991046
0.01,20000000000,401,355,401->38->51->64->77->90->103->116->129->142->155->168->181->169->355,401->38->51->64->77->90->103->116->129->142->155->168->181->169->355,False,14,14,32135864.528907813,32130972.225013625,32130972.225013625,32135864.528907813,214.38741149991048,214.38741149991048
0.01,20000000000,412,406,412->169->170->183->196->209->406,412->169->170->183->196->209->406,False,6,6,13020634.83801786,13011118.478990752,13011118.478990752,13020634.83801786,86.8643255729793,86.8643255729793
0.01,20000000000,406,412,406->209->196->183->170->169->412,406->209->196->183->170->169->412,False,6,6,13020634.838017862,13024746.832670238,13024746.832670238,13020634.838017862,86.86432557297931,86.86432557297931
0.01,20000000000,432,446,432->31->44->446,432->31->44->446,False,3,3,4686271.422872583,4673158.857288331,4673158.857288331,4686271.422872583,31.263437740468998,31.263437740468998
0.01,20000000000,446,432,446->44->31->432,446->44->31->432,False,3,3,4686271.422872583,4701134.059664635,4701134.059664635,4686271.422872583,31.263437740468998,31.263437740468998
0.01,20000000000,394,361,394->44->31->18->361,394->44->31->18->361,False,4,4,7235908.665898476,7230830.729015538,7230830.729015538,7235908.665898476,48.272786541537855,48.272786541537855
0.01,20000000000,361,394,361->18->31->44->394,361->18->31->44->394,False,4,4,7235908.665898476,7244484.993690213,7244484.993690213,7235908.665898476,48.272786541537855,48.272786541537855
0.01,20000000000,441,436,441->241->240->239->238->237->224->223->222->436,441->241->240->239->238->237->224->223->222->436,False,9,9,25613328.697322935,25799337.45768681,25799337.45768681,25613328.697322935,170.87373623870775,170.87373623870775
0.01,20000000000,436,441,436->222->223->224->237->238->239->240->241->441,436->222->223->224->237->238->239->240->241->441,False,9,9,25613328.697322935,25427304.801807392,25427304.801807392,25613328.697322935,170.87373623870775,170.87373623870775
0.01,20000000000,366,367,366->209->196->183->170->157->144->131->118->105->104->367,366->209->196->183->170->157->144->131->118->105->104->367,False,11,11,23841118.661882937,23841254.609038047,23841254.609038047,23841118.661882937,159.0508234992552,159.0508234992552
0.01,20000000000,367,366,367->104->105->118->131->144->157->170->183->196->209->366,367->104->105->118->131->144->157->170->183->196->209->366,False,11,11,23841118.66188294,23826512.17012925,23826512.17012925,23841118.66188294,159.0508234992552,159.0508234992552
0.01,20000000000,364,440,364->183->182->194->193->192->191->178->165->152->139->126->113->100->87->86->440,364->183->182->194->193->192->191->178->165->152->139->126->113->100->87->86->440,False,16,16,38431359.15828718,38612806.94298043,38612806.94298043,38431359.15828718,256.38643089738554,256.38643089738554
0.01,20000000000,440,364,440->86->87->100->113->126->139->152->165->178->191->192->193->194->182->183->364,440->86->87->100->113->126->139->152->165->178->191->192->193->194->182->183->364,False,16,16,38431359.15828718,38243270.21490588,38243270.21490588,38431359.15828718,256.38643089738554,256.38643089738554
0.01,30000000000,399,447,399->19->18->17->16->29->42->55->68->81->94->107->120->133->132->131->130->447,399->19->18->17->16->29->42->55->68->81->94->107->120->133->132->131->130->447,False,17,17,40199626.54533466,40446642.81432065,40446642.81432065,40199626.54533466,268.18304111796346,268.18304111796346
0.01,30000000000,447,399,447->130->131->132->133->120->107->94->81->68->55->42->29->16->17->18->19->399,447->130->131->132->133->120->107->94->81->68->55->42->29->16->17->18->19->399,False,17,17,40199626.54533466,39953563.22050794,39953563.22050794,40199626.54533466,268.18304111796346,268.18304111796346
0.01,30000000000,425,410,425->187->200->213->226->239->240->241->410,425->187->200->213->226->239->240->241->410,False,8,8,18673168.289909538,18621696.780567985,18621696.780567985,18673168.289909538,124.57396970212999,124.57396970212999
0.01,30000000000,410,425,410->241->240->239->226->213->200->187->425,410->241->240->239->226->213->200->187->425,False,8,8,18673168.289909538,18731526.96871752,18731526.96871752,18673168.289909538,124.57396970212999,124.57396970212999
0.01,30000000000,386,424,386->195->196->197->198->211->224->237->250->263->276->289->290->424,386->195->196->197->198->211->224->237->250->263->276->289->290->424,False,13,13,29199725.04158576,29098147.633919243,29098147.633919243,29199725.04158576,194.79959727062752,194.79959727062752
0.01,30000000000,424,386,424->290->289->276->263->250->237->224->211->198->197->196->195->386,424->290->289->276->263->250->237->224->211->198->197->196->195->386,False,13,13,29199725.041585762,29302116.568349898,29302116.568349898,29199725.041585762,194.79959727062754,194.79959727062754
0.01,30000000000,355,401,355->169->181->168->155->142->129->116->103->90->77->64->51->38->401,355->169->181->168->155->142->129->116->103->90->77->64->51->38->401,False,14,14,32193807.15821702,32211691.977089666,32211691.977089666,32193807.15821702,214.77396311428905,214.77396311428905
0.01,30000000000,401,355,401->38->51->64->77->90->103->116->129->142->155->168->181->169->355,401->38->51->64->77->90->103->116->129->142->155->168->181->169->355,False,14,14,32193807.158217024,32188836.402299352,32188836.402299352,32193807.158217024,214.77396311428905,214.77396311428905
0.01,30000000000,412,406,412->169->170->183->196->209->406,412->169->170->183->196->209->406,False,6,6,12931671.722315382,12922103.299931554,12922103.299931554,12931671.722315382,86.27082754907319,86.27082754907319
0.01,30000000000,406,412,406->209->196->183->170->169->412,406->209->196->183->170->169->412,False,6,6,12931671.722315382,12935800.86177737,12935800.86177737,12931671.722315382,86.27082754907319,86.27082754907319
0.01,30000000000,432,446,432->31->44->446,432->31->44->446,False,3,3,4655526.453046794,4642418.155918576,4642418.155918576,4655526.453046794,31.05832937963232,31.05832937963232
0.01,30000000000,446,432,446->44->31->432,446->44->31->432,False,3,3,4655526.453046794,4670370.387355437,4670370.387355437,4655526.453046794,31.05832937963232,31.05832937963232
0.01,30000000000,394,361,394->44->31->18->361,394->44->31->18->361,False,4,4,7254259.8898353595,7249145.589905236,7249145.589905236,7254259.8898353595,48.39521272970355,48.39521272970355
0.01,30000000000,361,394,361->18->31->44->394,361->18->31->44->394,False,4,4,7254259.8898353595,7262843.348492986,7262843.348492986,7254259.8898353595,48.39521272970355,48.39521272970355
0.01,30000000000,441,436,441->241->240->239->238->237->224->223->222->436,441->241->240->239->238->237->224->223->222->436,False,9,9,25630620.094049,25816645.88567604,25816645.88567604,25630620.094049,170.9890920207806,170.9890920207806
0.01,30000000000,436,441,436->222->223->224->237->238->239->240->241->441,436->222->223->224->237->238->239->240->241->441,False,9,9,25630620.094049,25444616.007291544,25444616.007291544,25630620.094049,170.9890920207806,170.9890920207806
0.01,30000000000,366,367,366->209->196->183->170->157->144->131->118->105->104->367,366->209->196->183->170->157->144->131->118->105->104->367,False,11,11,23745448.064263113,23745629.89664347,23745629.89664347,23745448.064263113,158.41257797261275,158.41257797261275
0.01,30000000000,367,366,367->104->105->118->131->144->157->170->183->196->209->366,367->104->105->118->131->144->157->170->183->196->209->366,False,11,11,23745448.064263117,23730701.908668894,23730701.908668894,23745448.064263117,158.41257797261275,158.41257797261275
0.01,30000000000,364,440,364->183->182->194->193->192->191->178->165->152->139->126->113->100->87->86->440,364->183->182->194->193->192->191->178->165->152->139->126->113->100->87->86->440,False,16,16,38464941.85976824,38646567.97927031,38646567.97927031,38464941.85976824,256.61047056606236,256.61047056606236
0.01,30000000000,440,364,440->86->87->100->113->126->139->152->165->178->191->192->193->194->182->183->364,440->86->87->100->113->126->139->152->165->178->191->192->193->194->182->183->364,False,16,16,38464941.859768234,38276949.06834056,38276949.06834056,38464941.859768234,256.6104705660623,256.6104705660623
0.01,40000000000,399,447,399->19->18->17->16->29->42->55->68->81->94->107->120->133->132->131->130->447,399->19->18->17->16->29->42->55->68->81->94->107->120->133->132->131->130->447,False,17,17,40268770.26817712,40515965.28782642,40515965.28782642,40268770.26817712,268.644318384935,268.644318384935
0.01,40000000000,447,399,447->130->131->132->133->120->107->94->81->68->55->42->29->16->17->18->19->399,447->130->131->132->133->120->107->94->81->68->55->42->29->16->17->18->19->399,False,17,17,40268770.268177114,40022869.055084825,40022869.055084825,40268770.268177114,268.64431838493493,268.64431838493493
0.01,40000000000,425,410,425->187->200->213->226->239->240->241->410,425->187->200->213->226->239->240->241->410,False,8,8,18677766.73676308,18626308.18816655,18626308.18816655,18677766.73676308,124.60464723741035,124.60464723741035
0.01,40000000000,410,425,410->241->240->239->226->213->200->187->425,410->241->240->239->226->213->200->187->425,False,8,8,18677766.73676308,18736049.57295982,18736049.57295982,18677766.73676308,124.60464723741035,124.60464723741035
0.01,40000000000,386,424,386->195->196->197->198->211->224->237->250->263->276->289->290->424,386->195->196->197->198->211->224->237->250->263->276->289->290->424,False,13,13,29183407.39420388,29081967.41148207,29081967.41148207,29183407.39420388,194.69073764493356,194.69073764493356
0.01,40000000000,424,386,424->290->289->276->263->250->237->224->211->198->197->196->195->386,424->290->289->276->263->250->237->224->211->198->197->196->195->386,False,13,13,29183407.394203883,29285925.20061071,29285925.20061071,29183407.394203883,194.69073764493356,194.69073764493356
0.01,40000000000,355,401,355->169->181->168->155->142->129->116->103->90->77->64->51->38->401,355->169->181->168->155->142->129->116->103->90->77->64->51->38->401,False,14,14,32256508.22774978,32274149.038739774,32274149.038739774,32256508.22774978,215.19225962482204,215.19225962482204
0.01,40000000000,401,355,401->38->51->64->77->90->103->116->129->142->155->168->181->169->355,401->38->51->64->77->90->103->116->129->142->155->168->181->169->355,False,14,14,32256508.227749784,32251453.43545262,32251453.43545262,32256508.227749784,215.19225962482207,215.19225962482207
0.01,40000000000,412,406,412->169->170->183->196->209->406,412->169->170->183->196->209->406,False,6,6,12848396.24311393,12838776.106149916,12838776.106149916,12848396.24311393,85.71527335163267,85.71527335163267
0.01,40000000000,406,412,406->209->196->183->170->169->412,406->209->196->183->170->169->412,False,6,6,12848396.24311393,12852543.937606994,12852543.937606994,12848396.24311393,85.71527335163267,85.71527335163267
0.01,40000000000,432,446,432->31->44->446,432->31->44->446,False,3,3,4631584.447231412,4618479.848188896,4618479.848188896,4631584.447231412,30.898605509491585,30.898605509491585
0.01,40000000000,446,432,446->44->31->432,446->44->31->432,False,3,3,4631584.447231412,4646407.244031701,4646407.244031701,4631584.447231412,30.898605509491585,30.898605509491585
0.01,40000000000,394,361,394->31->18->361,394->31->18->361,False,3,3,5161574.829526668,5141598.744680205,5141598.744680205,5161574.829526668,34.434320756172376,34.434320756172376
0.01,40000000000,361,394,361->18->31->394,361->18->31->394,False,3,3,5161574.829526668,5183269.596899941,5183269.596899941,5161574.829526668,34.434320756172376,34.434320756172376
0.01,40000000000,441,436,441->241->240->239->238->237->224->223->222->436,441->241->240->239->238->237->224->223->222->436,False,9,9,25655258.2287413,25841300.720397778,25841300.720397778,25655258.2287413,171.15345996290074,171.15345996290074
0.01,40000000000,436,441,436->222->223->224->237->238->239->240->241->441,436->222->223->224->237->238->239->240->241->441,False,9,9,25655258.228741303,25469274.25690756,25469274.25690756,25655258.228741303,171.15345996290077,171.15345996290077
0.01,40000000000,366,367,366->209->196->183->170->157->144->131->118->105->104->367,366->209->196->183->170->157->144->131->118->105->104->367,False,11,11,23656716.823321465,23656950.06611016,23656950.06611016,23656716.823321465,157.82062685060254,157.82062685060254
0.01,40000000000,367,366,367->104->105->118->131->144->157->170->183->196->209->366,367->104->105->118->131->144->157->170->183->196->209->366,False,11,11,23656716.823321458,23641831.849507466,23641831.849507466,23656716.823321458,157.82062685060248,157.82062685060248
0.01,40000000000,364,440,364->18->19->20->21->34->47->60->73->86->440,364->18->19->20->21->34->47->60->73->86->440,False,10,10,24020324.32305553,23945436.223914534,23945436.223914534,24020324.32305553,160.24635498372368,160.24635498372368
0.01,40000000000,440,364,440->86->73->60->47->34->21->20->19->18->364,440->86->73->60->47->34->21->20->19->18->364,False,10,10,24020324.32305553,24085872.113586657,24085872.113586657,24020324.32305553,160.24635498372368,160.24635498372368
0.01,50000000000,399,447,399->32->31->30->29->42->55->68->81->94->107->120->133->132->131->130->447,399->32->31->30->29->42->55->68->81->94->107->120->133->132->131->130->447,False,16,16,38228815.07289273,38456106.98812626,38456106.98812626,38228815.07289273,255.03520220573884,255.03520220573884
0.01,50000000000,447,399,447->130->131->132->133->120->107->94->81->68->55->42->29->30->31->32->399,447->130->131->132->133->120->107->94->81->68->55->42->29->30->31->32->399,False,16,16,38228815.07289274,38002972.91727242,38002972.91727242,38228815.07289274,255.0352022057389,255.0352022057389
0.01,50000000000,425,410,425->187->200->213->226->239->240->241->410,425->187->200->213->226->239->240->241->410,False,8,8,18689038.64730432,18637594.42955806,18637594.42955806,18689038.64730432,124.67984533022722,124.67984533022722
0.01,50000000000,410,425,410->241->240->239->226->213->200->187->425,410->241->240->239->226->213->200->187->425,False,8,8,18689038.647304315,18747243.161661565,18747243.161661565,18689038.647304315,124.6798453302272,124.6798453302272
0.01,50000000000,386,424,386->195->196->197->198->211->224->237->250->263->276->289->290->424,386->195->196->197->198->211->224->237->250->263->276->289->290->424,False,13,13,29174787.66537478,29073485.163061254,29073485.163061254,29174787.66537478,194.6332330039789,194.6332330039789
0.01,50000000000,424,386,424->290->289->276->263->250->237->224->211->198->197->196->195->386,424->290->289->276->263->250->237->224->211->198->197->196->195->386,False,13,13,29174787.66537478,29277431.612375222,29277431.612375222,29174787.66537478,194.6332330039789,194.6332330039789
0.01,50000000000,355,401,355->169->181->168->155->142->129->116->103->90->77->64->51->38->401,355->169->181->168->155->142->129->116->103->90->77->64->51->38->401,False,14,14,32323971.48970329,32341366.04661392,32341366.04661392,32323971.48970329,215.64232606347483,215.64232606347483
0.01,50000000000,401,355,401->38->51->64->77->90->103->116->129->142->155->168->181->169->355,401->38->51->64->77->90->103->116->129->142->155->168->181->169->355,False,14,14,32323971.489703294,32318829.10744252,32318829.10744252,32323971.489703294,215.64232606347483,215.64232606347483
0.01,50000000000,412,406,412->169->170->183->196->209->406,412->169->170->183->196->209->406,False,6,6,12771314.455748219,12761642.984010411,12761642.984010411,12771314.455748219,85.2010390184547,85.2010390184547
0.01,50000000000,406,412,406->209->196->183->170->169->412,406->209->196->183->170->169->412,False,6,6,12771314.455748219,12775482.793477122,12775482.793477122,12771314.455748219,85.2010390184547,85.2010390184547
0.01,50000000000,432,446,432->31->44->446,432->31->44->446,False,3,3,4614684.886427056,4601584.938634139,4601584.938634139,4614684.886427056,30.78586377531256,30.78586377531256
0.01,50000000000,446,432,446->44->31->432,446->44->31->432,False,3,3,4614684.886427056,4629486.967788896,4629486.967788896,4614684.886427056,30.78586377531256,30.78586377531256
0.01,50000000000,394,361,394->31->18->361,394->31->18->361,False,3,3,5120720.608229354,5100725.224032709,5100725.224032709,5120720.608229354,34.1617707289311,34.1617707289311
0.01,50000000000,361,394,361->18->31->394,361->18->31->394,False,3,3,5120720.608229354,5142416.199297696,5142416.199297696,5120720.608229354,34.1617707289311,34.1617707289311
0.01,50000000000,441,436,441->241->240->239->238->237->224->223->222->436,441->241->240->239->238->237->224->223->222->436,False,9,9,25687066.452633094,25873125.47100417,25873125.47100417,25687066.452633094,171.36566159134725,171.36566159134725
0.01,50000000000,436,441,436->222->223->224->237->238->239->240->241->441,436->222->223->224->237->238->239->240->241->441,False,9,9,25687066.452633098,25501103.370817672,25501103.370817672,25687066.452633098,171.36566159134728,171.36566159134728
0.01,50000000000,366,367,366->209->196->183->170->157->144->131->118->105->104->367,366->209->196->183->170->157->144->131->118->105->104->367,False,11,11,23575258.51766868,23575546.7569158,23575546.7569158,23575258.51766868,157.2771955301736,157.2771955301736
0.01,50000000000,367,366,367->104->105->118->131->144->157->170->183->196->209->366,367->104->105->118->131->144->157->170->183->196->209->366,False,11,11,23575258.51766868,23560236.763528533,23560236.763528533,23575258.51766868,157.2771955301736,157.2771955301736
0.01,50000000000,364,440,364->18->19->20->21->34->47->60->73->86->440,364->18->19->20->21->34->47->60->73->86->440,False,10,10,23989446.939080067,23914524.01490221,23914524.01490221,23989446.939080067,160.04036325076643,160.04036325076643
0.01,50000000000,440,364,440->86->73->60->47->34->21->20->19->18->364,440->86->73->60->47->34->21->20->19->18->364,False,10,10,23989446.93908007,24055069.257290788,24055069.257290788,23989446.93908007,160.04036325076643,160.04036325076643
0.01,60000000000,399,447,399->32->31->30->29->42->55->68->81->94->107->120->133->132->131->130->447,399->32->31->30->29->42->55->68->81->94->107->120->133->132->131->130->447,False,16,16,38224116.667908326,38451570.32231487,38451570.32231487,38224116.667908326,255.00385782158887,255.00385782158887
0.01,60000000000,447,399,447->130->131->132->133->120->107->94->81->68->55->42->29->30->31->32->399,447->130->131->132->133->120->107->94->81->68->55->42->29->30->31->32->399,False,16,16,38224116.66790832,37998414.88348015,37998414.88348015,38224116.66790832,255.0038578215888,255.0038578215888
0.01,60000000000,425,410,425->187->200->213->226->239->240->241->410,425->187->200->213->226->239->240->241->410,False,8,8,18707106.718581874,18655670.697364155,18655670.697364155,18707106.718581874,124.80038252718067,124.80038252718067
0.01,60000000000,410,425,410->241->240->239->226->213->200->187->425,410->241->240->239->226->213->200->187->425,False,8,8,18707106.718581874,18765233.867251076,18765233.867251076,18707106.718581874,124.80038252718067,124.80038252718067
0.01,60000000000,386,424,386->195->196->197->198->211->224->237->250->263->276->289->290->424,386->195->196->197->198->211->224->237->250->263->276->289->290->424,False,13,13,29173873.819517177,29072710.71776357,29072710.71776357,29173873.819517177,194.62713648064604,194.62713648064604
0.01,60000000000,424,386,424->290->289->276->263->250->237->224->211->198->197->196->195->386,424->290->289->276->263->250->237->224->211->198->197->196->195->386,False,13,13,29173873.81951717,29276640.921371475,29276640.921371475,29173873.81951717,194.62713648064602,194.62713648064602
0.01,60000000000,355,401,355->169->181->180->167->154->141->128->115->102->89->76->63->50->37->24->401,355->169->181->180->167->154->141->128->115->102->89->76->63->50->37->24->401,False,16,16,35319335.90222194,35361226.450150415,35361226.450150415,35319335.90222194,235.62524646448537,235.62524646448537
0.01,60000000000,401,355,401->24->37->50->63->76->89->102->115->128->141->154->167->180->181->169->355,401->24->37->50->63->76->89->102->115->128->141->154->167->180->181->169->355,False,16,16,35319335.90222193,35300254.9703799,35300254.9703799,35319335.90222193,235.62524646448531,235.62524646448531
0.01,60000000000,412,406,412->169->170->183->196->209->406,412->169->170->183->196->209->406,False,6,6,12700929.309901047,12691209.660118917,12691209.660118917,12700929.309901047,84.73147986865666,84.73147986865666
0.01,60000000000,406,412,406->209->196->183->170->169->412,406->209->196->183->170->169->412,False,6,6,12700929.30990105,12705116.414204357,12705116.414204357,12700929.30990105,84.73147986865666,84.73147986865666
0.01,60000000000,432,446,432->31->44->446,432->31->44->446,False,3,3,4605012.935684202,4591915.078196203,4591915.078196203,4605012.935684202,30.72133946534574,30.72133946534574
0.01,60000000000,446,432,446->44->31->432,446->44->31->432,False,3,3,4605012.935684202,4619794.923058119,4619794.923058119,4605012.935684202,30.72133946534574,30.72133946534574
0.01,60000000000,394,361,394->31->18->361,394->31->18->361,False,3,3,5086280.866977637,5066267.906333125,5066267.906333125,5086280.866977637,33.932013506341356,33.932013506341356
0.01,60000000000,361,394,361->18->31->394,361->18->31->394,False,3,3,5086280.866977637,5107978.597446017,5107978.597446017,5086280.866977637,33.932013506341356,33.932013506341356
0.01,60000000000,441,436,441->241->240->239->238->237->224->223->222->436,441->241->240->239->238->237->224->223->222->436,False,9,9,25725820.700796735,25911896.20980105,25911896.20980105,25725820.700796735,171.62420210582306,171.62420210582306
0.01,60000000000,436,441,436->222->223->224->237->238->239->240->241->441,436->222->223->224->237->238->239->240->241->441,False,9,9,25725820.70079674,25539878.29042464,25539878.29042464,25725820.70079674,171.6242021058231,171.6242021058231
0.01,60000000000,366,367,366->209->196->183->170->157->144->131->118->105->104->367,366->209->196->183->170->157->144->131->118->105->104->367,False,11,11,23501351.170769457,23501694.00144185,23501694.00144185,23501351.170769457,156.78413878423493,156.78413878423493
0.01,60000000000,367,366,367->104->105->118->131->144->157->170->183->196->209->366,367->104->105->118->131->144->157->170->183->196->209->366,False,11,11,23501351.170769453,23486197.56662029,23486197.56662029,23501351.170769453,156.7841387842349,156.7841387842349
0.01,60000000000,364,440,364->18->31->44->57->70->71->72->440,364->18->31->44->57->70->71->72->440,False,8,8,19047620.98912445,18996221.08950387,18996221.08950387,19047620.98912445,127.07204921829255,127.07204921829255
0.01,60000000000,440,364,440->72->71->70->57->44->31->18->364,440->72->71->70->57->44->31->18->364,False,8,8,19047620.989124447,19105749.032974232,19105749.032974232,19047620.989124447,127.07204921829252,127.07204921829252
0.01,70000000000,399,447,399->32->31->30->29->42->55->68->81->94->107->120->133->132->131->130->447,399->32->31->30->29->42->55->68->81->94->107->120->133->132->131->130->447,False,16,16,38225261.34659276,38452876.79993716,38452876.79993716,38225261.34659276,255.01149429578217,255.01149429578217
0.01,70000000000,447,399,447->130->131->132->133->120->107->94->81->68->55->42->29->30->31->32->399,447->130->131->132->133->120->107->94->81->68->55->42->29->30->31->32->399,False,16,16,38225261.346592754,37999698.60187731,37999698.60187731,38225261.346592754,255.01149429578211,255.01149429578211
0.01,70000000000,425,410,425->27->28->29->16->3->341->328->315->302->289->276->263->250->237->238->239->240->241->410,425->27->28->29->16->3->341->328->315->302->289->276->263->250->237->238->239->240->241->410,False,19,19,41714115.67750261,41480919.66588123,41480919.66588123,41714115.67750261,278.28662505914417,278.28662505914417
0.01,70000000000,410,425,410->241->240->239->238->237->250->263->276->289->302->315->328->341->3->16->29->28->27->425,410->241->240->239->238->237->250->263->276->289->302->315->328->341->3->16->29->28->27->425,False,19,19,41714115.67750262,41949673.74484784,41949673.74484784,41714115.67750262,278.28662505914417,278.28662505914417
0.01,70000000000,386,424,386->195->196->197->198->211->224->237->250->263->276->289->290->424,386->195->196->197->198->211->224->237->250->263->276->289->290->424,False,13,13,29180694.46705791,29079671.93935644,29079671.93935644,29180694.46705791,194.67263894315786,194.67263894315786
0.01,70000000000,424,386,424->290->289->276->263->250->237->224->211->198->197->196->195->386,424->290->289->276->263->250->237->224->211->198->197->196->195->386,False,13,13,29180694.467057906,29283583.795983452,29283583.795983452,29180694.467057906,194.67263894315784,194.67263894315784
0.01,70000000000,355,401,355->169->181->180->167->154->141->128->115->102->89->76->63->50->37->24->401,355->169->181->180->167->154->141->128->115->102->89->76->63->50->37->24->401,False,16,16,35382094.96677056,35423838.42775466,35423838.42775466,35382094.96677056,236.04392987611823,236.04392987611823
0.01,70000000000,401,355,401->24->37->50->63->76->89->102->115->128->141->154->167->180->181->169->355,401->24->37->50->63->76->89->102->115->128->141->154->167->180->181->169->355,False,16,16,35382094.96677056,35363158.2188495,35363158.2188495,35382094.96677056,236.04392987611823,236.04392987611823
0.01,70000000000,412,406,412->169->170->183->196->209->406,412->169->170->183->196->209->406,False,6,6,12637736.184481531,12627969.706603335,12627969.706603335,12637736.184481531,84.30990071459057,84.30990071459057
0.01,70000000000,406,412,406->209->196->183->170->169->412,406->209->196->183->170->169->412,False,6,6,12637736.184481533,12641945.598836891,12641945.598836891,12637736.184481533,84.30990071459057,84.30990071459057
0.01,70000000000,432,446,432->31->44->446,432->31->44->446,False,3,3,4602700.6064380035,4589606.1377223255,4589606.1377223255,4602700.6064380035,30.705913265089567,30.705913265089567
0.01,70000000000,446,432,446->44->31->432,446->44->31->432,False,3,3,4602700.6064380035,4617463.175906314,4617463.175906314,4602700.6064380035,30.705913265089567,30.705913265089567
0.01,70000000000,394,361,394->31->18->361,394->31->18->361,False,3,3,5058546.115710573,5038513.714764237,5038513.714764237,5058546.115710573,33.74698716210248,33.74698716210248
0.01,70000000000,361,394,361->18->31->394,361->18->31->394,False,3,3,5058546.115710573,5080243.660509669,5080243.660509669,5058546.115710573,33.74698716210248,33.74698716210248
0.01,70000000000,441,436,441->241->240->239->238->237->224->223->222->436,441->241->240->239->238->237->224->223->222->436,False,9,9,25771281.164490964,25957372.82933596,25957372.82933596,25771281.164490964,171.92748167461212,171.92748167461212
0.01,70000000000,436,441,436->222->223->224->237->238->239->240->241->441,436->222->223->224->237->238->239->240->241->441,False,9,9,25771281.164490968,25585359.697373874,25585359.697373874,25771281.164490968,171.92748167461215,171.92748167461215
0.01,70000000000,366,367,366->209->196->183->170->157->144->131->118->105->104->367,366->209->196->183->170->157->144->131->118->105->104->367,False,11,11,23435211.21998916,23435613.795057043,23435613.795057043,23435211.21998916,156.3429005274653,156.3429005274653
0.01,70000000000,367,366,367->104->105->118->131->144->157->170->183->196->209->366,367->104->105->118->131->144->157->170->183->196->209->366,False,11,11,23435211.21998916,23419928.460784007,23419928.460784007,23435211.21998916,156.3429005274653,156.3429005274653
0.01,70000000000,364,440,364->18->31->44->57->70->71->72->440,364->18->31->44->57->70->71->72->440,False,8,8,19018757.14352699,18967362.41862811,18967362.41862811,19018757.14352699,126.87949036747942,126.87949036747942
0.01,70000000000,440,364,440->72->71->70->57->44->31->18->364,440->72->71->70->57->44->31->18->364,False,8,8,19018757.143526994,19076807.345002487,19076807.345002487,19018757.143526994,126.87949036747945,126.87949036747945
0.01,80000000000,399,447,399->32->31->30->29->42->55->68->81->94->107->120->133->132->131->130->447,399->32->31->30->29->42->55->68->81->94->107->120->133->132->131->130->447,False,16,16,38232185.679628596,38459965.15929821,38459965.15929821,38232185.679628596,255.05768847346116,255.05768847346116
0.01,80000000000,447,399,447->130->131->132->133->120->107->94->81->68->55->42->29->30->31->32->399,447->130->131->132->133->120->107->94->81->68->55->42->29->30->31->32->399,False,16,16,38232185.679628596,38006758.45116057,38006758.45116057,38232185.679628596,255.05768847346116,255.05768847346116
0.01,80000000000,425,410,425->27->28->29->16->3->341->328->315->302->289->276->263->250->237->238->239->240->241->410,425->27->28->29->16->3->341->328->315->302->289->276->263->250->237->238->239->240->241->410,False,19,19,41665849.58239898,41432844.18870136,41432844.18870136,41665849.58239898,277.96462833230436,277.96462833230436
0.01,80000000000,410,425,410->241->240->239->238->237->250->263->276->289->302->315->328->341->3->16->29->28->27->425,410->241->240->239->238->237->250->263->276->289->302->315->328->341->3->16->29->28->27->425,False,19,19,41665849.58239897,41901630.09486288,41901630.09486288,41665849.58239897,277.9646283323043,277.9646283323043
0.01,80000000000,386,424,386->195->196->197->198->211->224->237->250->263->276->289->290->424,386->195->196->197->198->211->224->237->250->263->276->289->290->424,False,13,13,29195261.19947357,29094380.352380645,29094380.352380645,29195261.19947357,194.76981772152234,194.76981772152234
0.01,80000000000,424,386,424->290->289->276->263->250->237->224->211->198->197->196->195->386,424->290->289->276->263->250->237->224->211->198->197->196->195->386,False,13,13,29195261.199473564,29298269.320529416,29298269.320529416,29195261.199473564,194.7698177215223,194.7698177215223
0.01,80000000000,355,401,355->169->181->180->167->154->141->128->115->102->89->76->63->50->37->24->401,355->169->181->180->167->154->141->128->115->102->89->76->63->50->37->24->401,False,16,16,35452196.244294845,35493788.22614426,35493788.22614426,35452196.244294845,236.51159526031068,236.51159526031068
0.01,80000000000,401,355,401->24->37->50->63->76->89->102->115->128->141->154->167->180->181->169->355,401->24->37->50->63->76->89->102->115->128->141->154->167->180->181->169->355,False,16,16,35452196.244294845,35433398.879253305,35433398.879253305,35452196.244294845,236.51159526031068,236.51159526031068
0.01,80000000000,412,406,412->169->170->183->196->209->406,412->169->170->183->196->209->406,False,6,6,12582193.422101155,12572379.141092818,12572379.141092818,12582193.422101155,83.93935928902624,83.93935928902624
0.01,80000000000,406,412,406->209->196->183->170->169->412,406->209->196->183->170->169->412,False,6,6,12582193.422101155,12586425.677270975,12586425.677270975,12582193.422101155,83.93935928902624,83.93935928902624
0.01,80000000000,432,446,432->31->44->446,432->31->44->446,False,3,3,4607813.628614797,4594720.292859182,4594720.292859182,4607813.628614797,30.74002367741217,30.74002367741217
0.01,80000000000,446,432,446->44->31->432,446->44->31->432,False,3,3,4607813.628614797,4622553.9590118695,4622553.9590118695,4607813.628614797,30.74002367741217,30.74002367741217
0.01,80000000000,394,361,394->31->18->361,394->31->18->361,False,3,3,5037769.554665545,5017719.11767241,5017719.11767241,5037769.554665545,33.6083808663762,33.6083808663762
0.01,80000000000,361,394,361->18->31->394,361->18->31->394,False,3,3,5037769.554665545,5059467.254993148,5059467.254993148,5037769.554665545,33.6083808663762,33.6083808663762
0.01,80000000000,441,436,441->241->240->239->252->265->278->291->304->317->330->343->5->18->31->436,441->241->240->239->252->265->278->291->304->317->330->343->5->18->31->436,False,15,15,34058789.526489586,34174763.97249873,34174763.97249873,34058789.526489586,227.2157862389559,227.2157862389559
0.01,80000000000,436,441,436->31->18->5->343->330->317->304->291->278->265->252->239->240->241->441,436->31->18->5->343->330->317->304->291->278->265->252->239->240->241->441,False,15,15,34058789.526489586,33961084.15085916,33961084.15085916,34058789.526489586,227.2157862389559,227.2157862389559
0.01,80000000000,366,367,366->209->196->183->170->157->144->131->118->105->104->367,366->209->196->183->170->157->144->131->118->105->104->367,False,11,11,23376984.027592037,23377450.364407655,23377450.364407655,23376984.027592037,155.9544505125078,155.9544505125078
0.01,80000000000,367,366,367->104->105->118->131->144->157->170->183->196->209->366,367->104->105->118->131->144->157->170->183->196->209->366,False,11,11,23376984.02759204,23361572.271990273,23361572.271990273,23376984.02759204,155.95445051250783,155.95445051250783
0.01,80000000000,364,440,364->18->31->44->57->70->71->72->440,364->18->31->44->57->70->71->72->440,False,8,8,18995496.58892494,18944109.577251323,18944109.577251323,18995496.58892494,126.72431265048664,126.72431265048664
0.01,80000000000,440,364,440->72->71->70->57->44->31->18->364,440->72->71->70->57->44->31->18->364,False,8,8,18995496.58892494,19053466.767453127,19053466.767453127,18995496.58892494,126.72431265048664,126.72431265048664
0.01,90000000000,399,447,399->32->31->30->29->42->55->68->81->94->107->120->133->132->131->130->447,399->32->31->30->29->42->55->68->81->94->107->120->133->132->131->130->447,False,16,16,38244848.34964206,38472794.70482698,38472794.70482698,38244848.34964206,255.14216471477786,255.14216471477786
0.01,90000000000,447,399,447->130->131->132->133->120->107->94->81->68->55->42->29->30->31->32->399,447->130->131->132->133->120->107->94->81->68->55->42->29->30->31->32->399,False,16,16,38244848.34964205,38019552.446719326,38019552.446719326,38244848.34964205,255.1421647147778,255.1421647147778
0.01,90000000000,425,410,425->27->28->29->16->3->341->328->315->302->289->276->263->250->237->238->239->240->241->410,425->27->28->29->16->3->341->328->315->302->289->276->263->250->237->238->239->240->241->410,False,19,19,41626927.383664824,41394106.91163428,41394106.91163428,41626927.383664824,277.70496737222675,277.70496737222675
0.01,90000000000,410,425,410->241->240->239->238->237->250->263->276->289->302->315->328->341->3->16->29->28->27->425,410->241->240->239->238->237->250->263->276->289->302->315->328->341->3->16->29->28->27->425,False,19,19,41626927.383664824,41862934.02131409,41862934.02131409,41626927.383664824,277.70496737222675,277.70496737222675
0.01,90000000000,386,424,386->195->196->197->198->211->224->237->250->263->276->289->290->424,386->195->196->197->198->211->224->237->250->263->276->289->290->424,False,13,13,29217572.566231128,29116835.84239737,29116835.84239737,29217572.566231128,194.9186631388247,194.9186631388247
0.01,90000000000,424,386,424->290->289->276->263->250->237->224->211->198->197->196->195->386,424->290->289->276->263->250->237->224->211->198->197->196->195->386,False,13,13,29217572.566231124,29320695.799536124,29320695.799536124,29217572.566231124,194.91866313882468,194.91866313882468
0.01,90000000000,355,401,355->169->181->180->167->154->141->128->115->102->89->76->63->50->37->24->401,355->169->181->180->167->154->141->128->115->102->89->76->63->50->37->24->401,False,16,16,35529694.62896295,35571130.46577457,35571130.46577457,35529694.62896295,237.02860883153338,237.02860883153338
0.01,90000000000,401,355,401->24->37->50->63->76->89->102->115->128->141->154->167->180->181->169->355,401->24->37->50->63->76->89->102->115->128->141->154->167->180->181->169->355,False,16,16,35529694.62896294,35511032.038019925,35511032.038019925,35529694.62896294,237.02860883153332,237.02860883153332
0.01,90000000000,412,406,412->169->170->183->196->209->406,412->169->170->183->196->209->406,False,6,6,12534711.666045776,12524850.627092112,12524850.627092112,12534711.666045776,83.62259510908561,83.62259510908561
0.01,90000000000,406,412,406->209->196->183->170->169->412,406->209->196->183->170->169->412,False,6,6,12534711.666045774,12538968.80644746,12538968.80644746,12534711.666045774,83.6225951090856,83.6225951090856
0.01,90000000000,432,446,432->31->44->446,432->31->44->446,False,3,3,4620354.797521422,4607265.3598056715,4607265.3598056715,4620354.797521422,30.82368935059348,30.82368935059348
0.01,90000000000,446,432,446->44->31->432,446->44->31->432,False,3,3,4620354.797521422,4635073.383732193,4635073.383732193,4620354.797521422,30.82368935059348,30.82368935059348
0.01,90000000000,394,361,394->31->18->361,394->31->18->361,False,3,3,5024158.918740967,5004087.342515241,5004087.342515241,5024158.918740967,33.517580477231135,33.517580477231135
0.01,90000000000,361,394,361->18->31->394,361->18->31->394,False,3,3,5024158.918740967,5045857.028430558,5045857.028430558,5024158.918740967,33.517580477231135,33.517580477231135
0.01,90000000000,441,436,441->241->240->239->252->265->278->291->304->317->330->343->5->18->31->436,441->241->240->239->252->265->278->291->304->317->330->343->5->18->31->436,False,15,15,34162062.14199877,34278053.081208445,34278053.081208445,34162062.14199877,227.90474696997725,227.90474696997725
0.01,90000000000,436,441,436->31->18->5->343->330->317->304->291->278->265->252->239->240->241->441,436->31->18->5->343->330->317->304->291->278->265->252->239->240->241->441,False,15,15,34162062.14199875,34064134.30261132,34064134.30261132,34162062.14199875,227.90474696997717,227.90474696997717
0.01,90000000000,366,367,366->209->196->183->170->157->144->131->118->105->104->367,366->209->196->183->170->157->144->131->118->105->104->367,False,11,11,23326747.98364901,23327281.761527505,23327281.761527505,23326747.98364901,155.619311701624,155.619311701624
0.01,90000000000,367,366,367->104->105->118->131->144->157->170->183->196->209->366,367->104->105->118->131->144->157->170->183->196->209->366,False,11,11,23326747.983649015,23311210.17170681,23311210.17170681,23326747.983649015,155.619311701624,155.619311701624
0.01,90000000000,364,440,364->18->31->44->57->70->71->72->440,364->18->31->44->57->70->71->72->440,False,8,8,18978131.187620483,18926752.56342701,18926752.56342701,18978131.187620483,126.60846316300913,126.60846316300913
0.01,90000000000,440,364,440->72->71->70->57->44->31->18->364,440->72->71->70->57->44->31->18->364,False,8,8,18978131.187620483,19036017.248087075,19036017.248087075,18978131.187620483,126.60846316300913,126.60846316300913
0.01,100000000000,399,447,399->32->31->30->29->42->55->68->81->94->107->120->133->132->131->130->447,399->32->31->30->29->42->55->68->81->94->107->120->133->132->131->130->447,False,16,16,38263219.38488749,38491332.50642977,38491332.50642977,38263219.38488749,255.2647230697677,255.2647230697677
0.01,100000000000,447,399,447->130->131->132->133->120->107->94->81->68->55->42->29->30->31->32->399,447->130->131->132->133->120->107->94->81->68->55->42->29->30->31->32->399,False,16,16,38263219.38488749,38038054.75611481,38038054.75611481,38263219.38488749,255.2647230697677,255.2647230697677
0.01,100000000000,425,410,425->27->28->29->16->3->341->328->315->302->289->276->263->250->237->238->239->240->241->410,425->27->28->29->16->3->341->328->315->302->289->276->263->250->237->238->239->240->241->410,False,19,19,41597739.52879321,41365103.521183126,41365103.521183126,41597739.52879321,277.5102469642062,277.5102469642062
0.01,100000000000,410,425,410->241->240->239->238->237->250->263->276->289->302->315->328->341->3->16->29->28->27->425,410->241->240->239->238->237->250->263->276->289->302->315->328->341->3->16->29->28->27->425,False,19,19,41597739.5287932,41833972.35957116,41833972.35957116,41597739.5287932,277.5102469642062,277.5102469642062
0.01,100000000000,386,424,386->195->196->197->198->211->224->237->250->263->276->289->290->424,386->195->196->197->198->211->224->237->250->263->276->289->290->424,False,13,13,29247619.50600976,29147027.009946667,29147027.009946667,29247619.50600976,195.11911474443937,195.11911474443937
0.01,100000000000,424,386,424->290->289->276->263->250->237->224->211->198->197->196->195->386,424->290->289->276->263->250->237->224->211->198->197->196->195->386,False,13,13,29247619.50600976,29350858.096701447,29350858.096701447,29247619.50600976,195.11911474443937,195.11911474443937
0.01,100000000000,355,401,355->169->181->180->167->154->141->128->115->102->89->76->63->50->37->24->401,355->169->181->180->167->154->141->128->115->102->89->76->63->50->37->24->401,False,16,16,35614594.21982933,35655871.09474654,35655871.09474654,35614594.21982933,237.5949979357341,237.5949979357341
0.01,100000000000,401,355,401->24->37->50->63->76->89->102->115->128->141->154->167->180->181->169->355,401->24->37->50->63->76->89->102->115->128->141->154->167->180->181->169->355,False,16,16,35614594.21982933,35596061.293426305,35596061.293426305,35614594.21982933,237.5949979357341,237.5949979357341
0.01,100000000000,412,406,412->169->170->183->196->209->406,412->169->170->183->196->209->406,False,6,6,12495629.460857969,12485721.923091153,12485721.923091153,12495629.460857969,83.36186670084922,83.36186670084922
0.01,100000000000,406,412,406->209->196->183->170->169->412,406->209->196->183->170->169->412,False,6,6,12495629.460857969,12499913.091602983,12499913.091602983,12495629.460857969,83.36186670084922,83.36186670084922
0.01,100000000000,432,446,432->31->44->446,432->31->44->446,False,3,3,4640262.144766193,4627172.91643057,4627172.91643057,4640262.144766193,30.95649687602343,30.95649687602343
0.01,100000000000,446,432,446->44->31->432,446->44->31->432,False,3,3,4640262.144766193,4654959.598688254,4654959.598688254,4640262.144766193,30.95649687602343,30.95649687602343
0.01,100000000000,394,361,394->31->18->361,394->31->18->361,False,3,3,5017867.846125082,4997777.829314804,4997777.829314804,5017867.846125082,33.47561095833226,33.47561095833226
0.01,100000000000,361,394,361->18->31->394,361->18->31->394,False,3,3,5017867.846125082,5039565.267733241,5039565.267733241,5017867.846125082,33.47561095833226,33.47561095833226
0.01,100000000000,441,436,441->241->240->239->252->265->278->291->304->317->330->343->5->18->31->436,441->241->240->239->252->265->278->291->304->317->330->343->5->18->31->436,False,15,15,34271113.83593312,34387112.158601254,34387112.158601254,34271113.83593312,228.63226156231804,228.63226156231804
0.01,100000000000,436,441,436->31->18->5->343->330->317->304->291->278->265->252->239->240->241->441,436->31->18->5->343->330->317->304->291->278->265->252->239->240->241->441,False,15,15,34271113.83593311,34172969.20127927,34172969.20127927,34271113.83593311,228.63226156231798,228.63226156231798
0.01,100000000000,366,367,366->209->196->183->170->157->144->131->118->105->104->367,366->209->196->183->170->157->144->131->118->105->104->367,False,11,11,23284506.699976675,23285110.889664132,23285110.889664132,23284506.699976675,155.33750819026056,155.33750819026056
0.01,100000000000,367,366,367->104->105->118->131->144->157->170->183->196->209->366,367->104->105->118->131->144->157->170->183->196->209->366,False,11,11,23284506.699976675,23268845.844609857,23268845.844609857,23284506.699976675,155.33750819026056,155.33750819026056
0.01,100000000000,364,440,364->18->31->44->57->70->71->72->440,364->18->31->44->57->70->71->72->440,False,8,8,18966933.405299798,18915554.794676695,18915554.794676695,18966933.405299798,126.53375960044863,126.53375960044863
0.01,100000000000,440,364,440->72->71->70->57->44->31->18->364,440->72->71->70->57->44->31->18->364,False,8,8,18966933.405299798,19024740.48621624,19024740.48621624,18966933.405299798,126.53375960044863,126.53375960044863
0.01,110000000000,399,447,399->32->31->30->29->42->55->68->81->94->107->120->133->132->131->130->447,399->32->31->30->29->42->55->68->81->94->107->120->133->132->131->130->447,False,16,16,38287292.04074175,38515574.65204982,38515574.65204982,38287292.04074175,255.4253185431486,255.4253185431486
0.01,110000000000,447,399,447->130->131->132->133->120->107->94->81->68->55->42->29->30->31->32->399,447->130->131->132->133->120->107->94->81->68->55->42->29->30->31->32->399,False,16,16,38287292.04074175,38062255.05788494,38062255.05788494,38287292.04074175,255.4253185431486,255.4253185431486
0.01,110000000000,425,410,425->27->28->29->16->3->341->328->315->302->289->276->263->250->237->238->239->240->241->410,425->27->28->29->16->3->341->328->315->302->289->276->263->250->237->238->239->240->241->410,False,19,19,41578613.6911543,41346157.74839436,41346157.74839436,41578613.6911543,277.3826531096676,277.3826531096676
0.01,110000000000,410,425,410->241->240->239->238->237->250->263->276->289->302->315->328->341->3->16->29->28->27->425,410->241->240->239->238->237->250->263->276->289->302->315->328->341->3->16->29->28->27->425,False,19,19,41578613.69115431,41815076.122307196,41815076.122307196,41578613.69115431,277.3826531096677,277.3826531096677
0.01,110000000000,386,424,386->195->196->197->198->211->224->237->250->263->276->289->290->424,386->195->196->197->198->211->224->237->250->263->276->289->290->424,False,13,13,29285395.119633693,29184949.171988964,29184949.171988964,29285395.119633693,195.37112651201983,195.37112651201983
0.01,110000000000,424,386,424->290->289->276->263->250->237->224->211->198->197->196->195->386,424->290->289->276->263->250->237->224->211->198->197->196->195->386,False,13,13,29285395.119633704,29388745.61808798,29388745.61808798,29285395.119633704,195.37112651201988,195.37112651201988
0.01,110000000000,355,401,355->169->181->180->167->154->141->128->115->102->89->76->63->50->37->24->401,355->169->181->180->167->154->141->128->115->102->89->76->63->50->37->24->401,False,16,16,35706804.268836044,35747915.704334065,35747915.704334065,35706804.268836044,238.21015716703616,238.21015716703616
0.01,110000000000,401,355,401->24->37->50->63->76->89->102->115->128->141->154->167->180->181->169->355,401->24->37->50->63->76->89->102->115->128->141->154->167->180->181->169->355,False,16,16,35706804.26883604,35688398.318309575,35688398.318309575,35706804.26883604,238.2101571670361,238.2101571670361
0.01,110000000000,412,406,412->169->170->183->196->209->406,412->169->170->183->196->209->406,False,6,6,12465198.077652862,12455244.924009588,12455244.924009588,12465198.077652862,83.15885036476043,83.15885036476043
0.01,110000000000,406,412,406->209->196->183->170->169->412,406->209->196->183->170->169->412,False,6,6,12465198.07765286,12469510.249748206,12469510.249748206,12465198.07765286,83.15885036476041,83.15885036476041
0.01,110000000000,432,446,432->31->44->446,432->31->44->446,False,3,3,4667409.292861372,4654321.704836044,4654321.704836044,4667409.292861372,31.137603153855004,31.137603153855004
0.01,110000000000,446,432,446->44->31->432,446->44->31->432,False,3,3,4667409.292861372,4682082.841934269,4682082.841934269,4667409.292861372,31.137603153855004,31.137603153855004
0.01,110000000000,394,361,394->31->18->361,394->31->18->361,False,3,3,5018991.748230025,4998881.461875824,4998881.461875824,5018991.748230025,33.48310882610679,33.48310882610679
0.01,110000000000,361,394,361->18->31->394,361->18->31->394,False,3,3,5018991.748230025,5040687.627333304,5040687.627333304,5018991.748230025,33.48310882610679,33.48310882610679
0.01,110000000000,441,436,441->241->240->239->252->265->278->291->304->317->330->343->5->18->31->436,441->241->240->239->252->265->278->291->304->317->330->343->5->18->31->436,False,15,15,34385597.89678751,34501601.99360648,34501601.99360648,34385597.89678751,229.3960170057881,229.3960170057881
0.01,110000000000,436,441,436->31->18->5->343->330->317->304->291->278->265->252->239->240->241->441,436->31->18->5->343->330->317->304->291->278->265->252->239->240->241->441,False,15,15,34385597.89678751,34287230.488378085,34287230.488378085,34385597.89678751,229.3960170057881,229.3960170057881
0.01,110000000000,366,367,366->209->196->183->170->157->144->131->118->105->104->367,366->209->196->183->170->157->144->131->118->105->104->367,False,11,11,23250195.867659993,23250875.840912417,23250875.840912417,23250195.867659993,155.10861095551638,155.10861095551638
0.01,110000000000,367,366,367->104->105->118->131->144->157->170->183->196->209->366,367->104->105->118->131->144->157->170->183->196->209->366,False,11,11,23250195.867659993,23234413.157136634,23234413.157136634,23250195.867659993,155.10861095551638,155.10861095551638
0.01,110000000000,364,440,364->18->31->44->57->70->71->72->440,364->18->31->44->57->70->71->72->440,False,8,8,18962139.757729035,18910765.534238353,18910765.534238353,18962139.757729035,126.50177982615583,126.50177982615583
0.01,110000000000,440,364,440->72->71->70->57->44->31->18->364,440->72->71->70->57->44->31->18->364,False,8,8,18962139.757729035,19019861.637228847,19019861.637228847,18962139.757729035,126.50177982615583,126.50177982615583
0.02,0,399,447,399->19->18->17->16->29->42->55->68->81->94->107->120->133->132->131->130->447,399->19->18->17->16->29->42->55->68->81->94->107->120->133->132->131->130->447,False,17,17,40036604.01522177,40529591.1840993,40529591.1840993,40036604.01522177,267.095471862883,267.095471862883
0.02,0,447,399,447->130->131->132->133->120->107->94->81->68->55->42->29->16->17->18->19->399,447->130->131->132->133->120->107->94->81->68->55->42->29->16->17->18->19->399,False,17,17,40036604.015221775,39543470.85268051,39543470.85268051,40036604.015221775,267.0954718628831,267.0954718628831
0.02,0,425,410,425->187->200->213->226->239->240->241->410,425->187->200->213->226->239->240->241->410,False,8,8,18697558.98184062,18594512.903966002,18594512.903966002,18697558.98184062,124.73668688383496,124.73668688383496
0.02,0,410,425,410->241->240->239->226->213->200->187->425,410->241->240->239->226->213->200->187->425,False,8,8,18697558.981840618,18814723.624118622,18814723.624118622,18697558.981840618,124.73668688383493,124.73668688383493
0.02,0,386,424,386->195->196->197->198->211->224->237->250->263->276->289->302->303->424,386->195->196->197->198->211->224->237->250->263->276->289->302->303->424,False,14,14,30747829.403975915,30514082.942304026,30514082.942304026,30747829.403975915,205.12743788888721,205.12743788888721
0.02,0,424,386,424->303->302->289->276->263->250->237->224->211->198->197->196->195->386,424->303->302->289->276->263->250->237->224->211->198->197->196->195->386,False,14,14,30747829.40397591,30981581.87240284,30981581.87240284,30747829.40397591,205.1274378888872,205.1274378888872
0.02,0,355,401,355->169->181->168->155->142->129->116->103->90->77->64->51->38->401,355->169->181->168->155->142->129->116->103->90->77->64->51->38->401,False,14,14,32034182.872998983,32071427.420192648,32071427.420192648,32034182.872998983,213.70906450888089,213.70906450888089
0.02,0,401,355,401->38->51->64->77->90->103->116->129->142->155->168->181->169->355,401->38->51->64->77->90->103->116->129->142->155->168->181->169->355,False,14,14,32034182.87299898,32024680.52048489,32024680.52048489,32034182.87299898,213.70906450888086,213.70906450888086
0.02,0,412,406,412->169->170->183->196->209->406,412->169->170->183->196->209->406,False,6,6,13213667.082365327,13194846.109350841,13194846.109350841,13213667.082365327,88.15209809157591,88.15209809157591
0.02,0,406,412,406->209->196->183->170->169->412,406->209->196->183->170->169->412,False,6,6,13213667.082365327,13221829.766661042,13221829.766661042,13213667.082365327,88.15209809157591,88.15209809157591
0.02,0,432,446,432->222->223->224->237->250->263->276->289->302->315->328->341->3->16->29->42->43->44->446,432->222->223->224->237->250->263->276->289->302->315->328->341->3->16->29->42->43->44->446,False,19,19,38360467.36273173,38152014.9422379,38152014.9422379,38360467.36273173,255.913491744557,255.913491744557
0.02,0,446,432,446->44->43->42->29->16->3->341->328->315->302->289->276->263->250->237->224->223->222->432,446->44->43->42->29->16->3->341->328->315->302->289->276->263->250->237->224->223->222->432,False,19,19,38360467.36273173,38567834.455760926,38567834.455760926,38360467.36273173,255.913491744557,255.913491744557
0.02,0,394,361,394->44->31->18->361,394->44->31->18->361,False,4,4,7216817.817853596,7206809.172112331,7206809.172112331,7216817.817853596,48.14542611244474,48.14542611244474
0.02,0,361,394,361->18->31->44->394,361->18->31->44->394,False,4,4,7216817.817853596,7233937.382315685,7233937.382315685,7216817.817853596,48.14542611244474,48.14542611244474
0.02,0,441,436,441->241->240->239->238->237->224->223->222->436,441->241->240->239->238->237->224->223->222->436,False,9,9,25601337.190057844,25973285.737393644,25973285.737393644,25601337.190057844,170.7937375132889,170.7937375132889
0.02,0,436,441,436->222->223->224->237->238->239->240->241->441,436->222->223->224->237->238->239->240->241->441,False,9,9,25601337.19005784,25229209.355393738,25229209.355393738,25601337.19005784,170.79373751328887,170.79373751328887
0.02,0,366,367,366->209->196->183->170->157->144->131->118->105->104->367,366->209->196->183->170->157->144->131->118->105->104->367,False,11,11,24051705.554096743,24051809.12410963,24051809.12410963,24051705.554096743,160.45570802249298,160.45570802249298
0.02,0,367,366,367->104->105->118->131->144->157->170->183->196->209->366,367->104->105->118->131->144->157->170->183->196->209->366,False,11,11,24051705.554096743,24023067.773280315,24023067.773280315,24051705.554096743,160.45570802249298,160.45570802249298
0.02,0,364,440,364->183->182->194->193->192->191->178->165->152->139->126->113->100->87->86->440,364->183->182->194->193->192->191->178->165->152->139->126->113->100->87->86->440,False,16,16,38384352.24990928,38746535.17108217,38746535.17108217,38384352.24990928,256.07283456016285,256.07283456016285
0.02,0,440,364,440->86->87->100->113->126->139->152->165->178->191->192->193->194->182->183->364,440->86->87->100->113->126->139->152->165->178->191->192->193->194->182->183->364,False,16,16,38384352.24990928,38007801.52106935,38007801.52106935,38384352.24990928,256.07283456016285,256.07283456016285
0.02,10000000000,399,447,399->19->18->17->16->29->42->55->68->81->94->107->120->133->132->131->130->447,399->19->18->17->16->29->42->55->68->81->94->107->120->133->132->131->130->447,False,17,17,40083167.40738172,40576500.27386369,40576500.27386369,40083167.40738172,267.4061093783868,267.4061093783868
0.02,10000000000,447,399,447->130->131->132->133->120->107->94->81->68->55->42->29->16->17->18->19->399,447->130->131->132->133->120->107->94->81->68->55->42->29->16->17->18->19->399,False,17,17,40083167.40738173,39590374.32952131,39590374.32952131,40083167.40738173,267.4061093783869,267.4061093783869
0.02,10000000000,425,410,425->187->200->213->226->239->240->241->410,425->187->200->213->226->239->240->241->410,False,8,8,18683258.267640077,18580249.56382512,18580249.56382512,18683258.267640077,124.64128278797511,124.64128278797511
0.02,10000000000,410,425,410->241->240->239->226->213->200->187->425,410->241->240->239->226->213->200->187->425,False,8,8,18683258.267640077,18800275.148081347,18800275.148081347,18683258.267640077,124.64128278797511,124.64128278797511
0.02,10000000000,386,424,386->195->196->197->184->171->158->145->132->424,386->195->196->197->184->171->158->145->132->424,False,9,9,18931668.28721989,18793358.775717165,18793358.775717165,18931668.28721989,126.29849605636103,126.29849605636103
0.02,10000000000,424,386,424->132->145->158->171->184->197->196->195->386,424->132->145->158->171->184->197->196->195->386,False,9,9,18931668.28721989,19054557.179120198,19054557.179120198,18931668.28721989,126.29849605636103,126.29849605636103
0.02,10000000000,355,401,355->169->181->168->155->142->129->116->103->90->77->64->51->38->401,355->169->181->168->155->142->129->116->103->90->77->64->51->38->401,False,14,14,32082665.313418716,32119417.73046284,32119417.73046284,32082665.313418716,214.03250453631304,214.03250453631304
0.02,10000000000,401,355,401->38->51->64->77->90->103->116->129->142->155->168->181->169->355,401->38->51->64->77->90->103->116->129->142->155->168->181->169->355,False,14,14,32082665.313418712,32073028.544631563,32073028.544631563,32082665.313418712,214.032504536313,214.032504536313
0.02,10000000000,412,406,412->169->170->183->196->209->406,412->169->170->183->196->209->406,False,6,6,13114791.41125557,13095860.26269346,13095860.26269346,13114791.41125557,87.4924706161592,87.4924706161592
0.02,10000000000,406,412,406->209->196->183->170->169->412,406->209->196->183->170->169->412,False,6,6,13114791.41125557,13122987.434529971,13122987.434529971,13114791.41125557,87.4924706161592,87.4924706161592
0.02,10000000000,432,446,432->222->223->224->237->250->263->276->289->302->315->328->341->3->16->29->42->43->44->446,432->222->223->224->237->250->263->276->289->302->315->328->341->3->16->29->42->43->44->446,False,19,19,38358151.93222657,38150190.09682996,38150190.09682996,38358151.93222657,255.89804485492806,255.89804485492806
0.02,10000000000,446,432,446->44->43->42->29->16->3->341->328->315->302->289->276->263->250->237->224->223->222->432,446->44->43->42->29->16->3->341->328->315->302->289->276->263->250->237->224->223->222->432,False,19,19,38358151.93222657,38566011.83677107,38566011.83677107,38358151.93222657,255.89804485492806,255.89804485492806
0.02,10000000000,394,361,394->44->31->18->361,394->44->31->18->361,False,4,4,7223426.383665495,7213344.224173386,7213344.224173386,7223426.383665495,48.1895137179568,48.1895137179568
0.02,10000000000,361,394,361->18->31->44->394,361->18->31->44->394,False,4,4,7223426.383665495,7240563.534731926,7240563.534731926,7223426.383665495,48.1895137179568,48.1895137179568
0.02,10000000000,441,436,441->241->240->239->238->237->224->223->222->436,441->241->240->239->238->237->224->223->222->436,False,9,9,25603531.23752352,25975514.266005415,25975514.266005415,25603531.23752352,170.80837462244307,170.80837462244307
0.02,10000000000,436,441,436->222->223->224->237->238->239->240->241->441,436->222->223->224->237->238->239->240->241->441,False,9,9,25603531.23752352,25231443.379812498,25231443.379812498,25603531.23752352,170.80837462244307,170.80837462244307
0.02,10000000000,366,367,366->209->196->183->170->157->144->131->118->105->104->367,366->209->196->183->170->157->144->131->118->105->104->367,False,11,11,23943345.969727397,23943534.386439394,23943534.386439394,23943345.969727397,159.7328106881688,159.7328106881688
0.02,10000000000,367,366,367->104->105->118->131->144->157->170->183->196->209->366,367->104->105->118->131->144->157->170->183->196->209->366,False,11,11,23943345.969727393,23914415.662220247,23914415.662220247,23943345.969727393,159.73281068816877,159.73281068816877
0.02,10000000000,364,440,364->183->182->194->193->192->191->178->165->152->139->126->113->100->87->86->440,364->183->182->194->193->192->191->178->165->152->139->126->113->100->87->86->440,False,16,16,38404398.44118446,38766935.248288415,38766935.248288415,38404398.44118446,256.2065683532603,256.2065683532603
0.02,10000000000,440,364,440->86->87->100->113->126->139->152->165->178->191->192->193->194->182->183->364,440->86->87->100->113->126->139->152->165->178->191->192->193->194->182->183->364,False,16,16,38404398.44118446,38028033.976524696,38028033.976524696,38404398.44118446,256.2065683532603,256.2065683532603
0.02,20000000000,399,447,399->19->18->17->16->29->42->55->68->81->94->107->120->133->132->131->130->447,399->19->18->17->16->29->42->55->68->81->94->107->120->133->132->131->130->447,False,17,17,40137624.25490013,40631305.52548887,40631305.52548887,40137624.25490013,267.76940635978326,267.76940635978326
0.02,20000000000,447,399,447->130->131->132->133->120->107->94->81->68->55->42->29->16->17->18->19->399,447->130->131->132->133->120->107->94->81->68->55->42->29->16->17->18->19->399,False,17,17,40137624.25490013,39645165.21866604,39645165.21866604,40137624.25490013,267.76940635978326,267.76940635978326
0.02,20000000000,425,410,425->187->200->213->226->239->240->241->410,425->187->200->213->226->239->240->241->410,False,8,8,18675061.722605914,18572087.292344008,18572087.292344008,18675061.722605914,124.58660132541368,124.58660132541368
0.02,20000000000,410,425,410->241->240->239->226->213->200->187->425,410->241->240->239->226->213->200->187->425,False,8,8,18675061.72260591,18791930.778761677,18791930.778761677,18675061.72260591,124.58660132541365,124.58660132541365
0.02,20000000000,386,424,386->195->196->197->198->211->224->237->250->263->276->289->290->424,386->195->196->197->198->211->224->237->250->263->276->289->290->424,False,13,13,29223697.059503578,29020272.832282197,29020272.832282197,29223697.059503578,194.95952135996413,194.95952135996413
0.02,20000000000,424,386,424->290->289->276->263->250->237->224->211->198->197->196->195->386,424->290->289->276->263->250->237->224->211->198->197->196->195->386,False,13,13,29223697.059503585,29428222.109364025,29428222.109364025,29223697.059503585,194.95952135996419,194.95952135996419
0.02,20000000000,355,401,355->169->181->168->155->142->129->116->103->90->77->64->51->38->401,355->169->181->168->155->142->129->116->103->90->77->64->51->38->401,False,14,14,32135864.52890781,32172127.07683593,32172127.07683593,32135864.52890781,214.38741149991046,214.38741149991046
0.02,20000000000,401,355,401->38->51->64->77->90->103->116->129->142->155->168->181->169->355,401->38->51->64->77->90->103->116->129->142->155->168->181->169->355,False,14,14,32135864.528907813,32126079.92111944,32126079.92111944,32135864.528907813,214.38741149991048,214.38741149991048
0.02,20000000000,412,406,412->169->170->183->196->209->406,412->169->170->183->196->209->406,False,6,6,13020634.83801786,13001602.119963642,13001602.119963642,13020634.83801786,86.8643255729793,86.8643255729793
0.02,20000000000,406,412,406->209->196->183->170->169->412,406->209->196->183->170->169->412,False,6,6,13020634.838017862,13028858.827322613,13028858.827322613,13020634.838017862,86.86432557297931,86.86432557297931
0.02,20000000000,432,446,432->31->44->446,432->31->44->446,False,3,3,4686271.422872583,4660046.291704077,4660046.291704077,4686271.422872583,31.263437740468998,31.263437740468998
0.02,20000000000,446,432,446->44->31->432,446->44->31->432,False,3,3,4686271.422872583,4715996.6964566875,4715996.6964566875,4686271.422872583,31.263437740468998,31.263437740468998
0.02,20000000000,394,361,394->44->31->18->361,394->44->31->18->361,False,4,4,7235908.665898476,7225752.792132599,7225752.792132599,7235908.665898476,48.272786541537855,48.272786541537855
0.02,20000000000,361,394,361->18->31->44->394,361->18->31->44->394,False,4,4,7235908.665898476,7253061.3214819515,7253061.3214819515,7235908.665898476,48.272786541537855,48.272786541537855
0.02,20000000000,441,436,441->241->240->239->238->237->224->223->222->436,441->241->240->239->238->237->224->223->222->436,False,9,9,25613328.697322935,25985346.218050692,25985346.218050692,25613328.697322935,170.87373623870775,170.87373623870775
0.02,20000000000,436,441,436->222->223->224->237->238->239->240->241->441,436->222->223->224->237->238->239->240->241->441,False,9,9,25613328.697322935,25241280.906291846,25241280.906291846,25613328.697322935,170.87373623870775,170.87373623870775
0.02,20000000000,366,367,366->209->196->183->170->157->144->131->118->105->104->367,366->209->196->183->170->157->144->131->118->105->104->367,False,11,11,23841118.661882937,23841390.556193154,23841390.556193154,23841118.661882937,159.0508234992552,159.0508234992552
0.02,20000000000,367,366,367->104->105->118->131->144->157->170->183->196->209->366,367->104->105->118->131->144->157->170->183->196->209->366,False,11,11,23841118.66188294,23811905.678375572,23811905.678375572,23841118.66188294,159.0508234992552,159.0508234992552
0.02,20000000000,364,440,364->183->182->194->193->192->191->178->165->152->139->126->113->100->87->86->440,364->183->182->194->193->192->191->178->165->152->139->126->113->100->87->86->440,False,16,16,38431359.15828718,38794254.72767368,38794254.72767368,38431359.15828718,256.38643089738554,256.38643089738554
0.02,20000000000,440,364,440->86->87->100->113->126->139->152->165->178->191->192->193->194->182->183->364,440->86->87->100->113->126->139->152->165->178->191->192->193->194->182->183->364,False,16,16,38431359.15828718,38055181.271524586,38055181.271524586,38431359.15828718,256.38643089738554,256.38643089738554
0.02,30000000000,399,447,399->19->18->17->16->29->42->55->68->81->94->107->120->133->132->131->130->447,399->19->18->17->16->29->42->55->68->81->94->107->120->133->132->131->130->447,False,17,17,40199626.54533466,40693659.083306625,40693659.083306625,40199626.54533466,268.18304111796346,268.18304111796346
0.02,30000000000,447,399,447->130->131->132->133->120->107->94->81->68->55->42->29->16->17->18->19->399,447->130->131->132->133->120->107->94->81->68->55->42->29->16->17->18->19->399,False,17,17,40199626.54533466,39707499.89568123,39707499.89568123,40199626.54533466,268.18304111796346,268.18304111796346
0.02,30000000000,425,410,425->187->200->213->226->239->240->241->410,425->187->200->213->226->239->240->241->410,False,8,8,18673168.289909538,18570225.27122643,18570225.27122643,18673168.289909538,124.57396970212999,124.57396970212999
0.02,30000000000,410,425,410->241->240->239->226->213->200->187->425,410->241->240->239->226->213->200->187->425,False,8,8,18673168.289909538,18789885.647525497,18789885.647525497,18673168.289909538,124.57396970212999,124.57396970212999
0.02,30000000000,386,424,386->195->196->197->198->211->224->237->250->263->276->289->290->424,386->195->196->197->198->211->224->237->250->263->276->289->290->424,False,13,13,29199725.04158576,28996570.226252723,28996570.226252723,29199725.04158576,194.79959727062752,194.79959727062752
0.02,30000000000,424,386,424->290->289->276->263->250->237->224->211->198->197->196->195->386,424->290->289->276->263->250->237->224->211->198->197->196->195->386,False,13,13,29199725.041585762,29404508.095114026,29404508.095114026,29199725.041585762,194.79959727062754,194.79959727062754
0.02,30000000000,355,401,355->169->181->168->155->142->129->116->103->90->77->64->51->38->401,355->169->181->168->155->142->129->116->103->90->77->64->51->38->401,False,14,14,32193807.15821702,32229576.7959623,32229576.7959623,32193807.15821702,214.77396311428905,214.77396311428905
0.02,30000000000,401,355,401->38->51->64->77->90->103->116->129->142->155->168->181->169->355,401->38->51->64->77->90->103->116->129->142->155->168->181->169->355,False,14,14,32193807.158217024,32183865.64638167,32183865.64638167,32193807.158217024,214.77396311428905,214.77396311428905
0.02,30000000000,412,406,412->169->170->183->196->209->406,412->169->170->183->196->209->406,False,6,6,12931671.722315382,12912534.877547728,12912534.877547728,12931671.722315382,86.27082754907319,86.27082754907319
0.02,30000000000,406,412,406->209->196->183->170->169->412,406->209->196->183->170->169->412,False,6,6,12931671.722315382,12939930.00123936,12939930.00123936,12931671.722315382,86.27082754907319,86.27082754907319
0.02,30000000000,432,446,432->31->44->446,432->31->44->446,False,3,3,4655526.453046794,4629309.858790357,4629309.858790357,4655526.453046794,31.05832937963232,31.05832937963232
0.02,30000000000,446,432,446->44->31->432,446->44->31->432,False,3,3,4655526.453046794,4685214.32166408,4685214.32166408,4655526.453046794,31.05832937963232,31.05832937963232
0.02,30000000000,394,361,394->44->31->18->361,394->44->31->18->361,False,4,4,7254259.8898353595,7244031.289975112,7244031.289975112,7254259.8898353595,48.39521272970355,48.39521272970355
0.02,30000000000,361,394,361->18->31->44->394,361->18->31->44->394,False,4,4,7254259.8898353595,7271426.807150612,7271426.807150612,7254259.8898353595,48.39521272970355,48.39521272970355
0.02,30000000000,441,436,441->241->240->239->238->237->224->223->222->436,441->241->240->239->238->237->224->223->222->436,False,9,9,25630620.094049,26002671.67730308,26002671.67730308,25630620.094049,170.9890920207806,170.9890920207806
0.02,30000000000,436,441,436->222->223->224->237->238->239->240->241->441,436->222->223->224->237->238->239->240->241->441,False,9,9,25630620.094049,25258611.920534093,25258611.920534093,25630620.094049,170.9890920207806,170.9890920207806
0.02,30000000000,366,367,366->209->196->183->170->157->144->131->118->105->104->367,366->209->196->183->170->157->144->131->118->105->104->367,False,11,11,23745448.064263113,23745811.729023825,23745811.729023825,23745448.064263113,158.41257797261275,158.41257797261275
0.02,30000000000,367,366,367->104->105->118->131->144->157->170->183->196->209->366,367->104->105->118->131->144->157->170->183->196->209->366,False,11,11,23745448.064263117,23715955.753074676,23715955.753074676,23745448.064263117,158.41257797261275,158.41257797261275
0.02,30000000000,364,440,364->183->182->194->193->192->191->178->165->152->139->126->113->100->87->86->440,364->183->182->194->193->192->191->178->165->152->139->126->113->100->87->86->440,False,16,16,38464941.85976824,38828194.09877238,38828194.09877238,38464941.85976824,256.61047056606236,256.61047056606236
0.02,30000000000,440,364,440->86->87->100->113->126->139->152->165->178->191->192->193->194->182->183->364,440->86->87->100->113->126->139->152->165->178->191->192->193->194->182->183->364,False,16,16,38464941.859768234,38088956.27691289,38088956.27691289,38464941.859768234,256.6104705660623,256.6104705660623
0.02,40000000000,399,447,399->19->18->17->16->29->42->55->68->81->94->107->120->133->132->131->130->447,399->19->18->17->16->29->42->55->68->81->94->107->120->133->132->131->130->447,False,17,17,40268770.26817712,40763160.307475716,40763160.307475716,40268770.26817712,268.644318384935,268.644318384935
0.02,40000000000,447,399,447->130->131->132->133->120->107->94->81->68->55->42->29->16->17->18->19->399,447->130->131->132->133->120->107->94->81->68->55->42->29->16->17->18->19->399,False,17,17,40268770.268177114,39776967.84199252,39776967.84199252,40268770.268177114,268.64431838493493,268.64431838493493
0.02,40000000000,425,410,425->187->200->213->226->239->240->241->410,425->187->200->213->226->239->240->241->410,False,8,8,18677766.73676308,18574849.639570024,18574849.639570024,18677766.73676308,124.60464723741035,124.60464723741035
0.02,40000000000,410,425,410->241->240->239->226->213->200->187->425,410->241->240->239->226->213->200->187->425,False,8,8,18677766.73676308,18794332.409156565,18794332.409156565,18677766.73676308,124.60464723741035,124.60464723741035
0.02,40000000000,386,424,386->195->196->197->198->211->224->237->250->263->276->289->290->424,386->195->196->197->198->211->224->237->250->263->276->289->290->424,False,13,13,29183407.39420388,28980527.428760253,28980527.428760253,29183407.39420388,194.69073764493356,194.69073764493356
0.02,40000000000,424,386,424->290->289->276->263->250->237->224->211->198->197->196->195->386,424->290->289->276->263->250->237->224->211->198->197->196->195->386,False,13,13,29183407.394203883,29388443.007017545,29388443.007017545,29183407.394203883,194.69073764493356,194.69073764493356
0.02,40000000000,355,401,355->169->181->168->155->142->129->116->103->90->77->64->51->38->401,355->169->181->168->155->142->129->116->103->90->77->64->51->38->401,False,14,14,32256508.22774978,32291789.84972976,32291789.84972976,32256508.22774978,215.19225962482204,215.19225962482204
0.02,40000000000,401,355,401->38->51->64->77->90->103->116->129->142->155->168->181->169->355,401->38->51->64->77->90->103->116->129->142->155->168->181->169->355,False,14,14,32256508.227749784,32246398.643155456,32246398.643155456,32256508.227749784,215.19225962482207,215.19225962482207
0.02,40000000000,412,406,412->169->170->183->196->209->406,412->169->170->183->196->209->406,False,6,6,12848396.24311393,12829155.969185904,12829155.969185904,12848396.24311393,85.71527335163267,85.71527335163267
0.02,40000000000,406,412,406->209->196->183->170->169->412,406->209->196->183->170->169->412,False,6,6,12848396.24311393,12856691.632100057,12856691.632100057,12848396.24311393,85.71527335163267,85.71527335163267
0.02,40000000000,432,446,432->31->44->446,432->31->44->446,False,3,3,4631584.447231412,4605375.2491463795,4605375.2491463795,4631584.447231412,30.898605509491585,30.898605509491585
0.02,40000000000,446,432,446->44->31->432,446->44->31->432,False,3,3,4631584.447231412,4661230.040831991,4661230.040831991,4631584.447231412,30.898605509491585,30.898605509491585
0.02,40000000000,394,361,394->31->18->361,394->31->18->361,False,3,3,5161574.829526668,5121622.659833742,5121622.659833742,5161574.829526668,34.434320756172376,34.434320756172376
0.02,40000000000,361,394,361->18->31->394,361->18->31->394,False,3,3,5161574.829526668,5204964.364273213,5204964.364273213,5161574.829526668,34.434320756172376,34.434320756172376
0.02,40000000000,441,436,441->241->240->239->238->237->224->223->222->436,441->241->240->239->238->237->224->223->222->436,False,9,9,25655258.2287413,26027343.21205426,26027343.21205426,25655258.2287413,171.15345996290074,171.15345996290074
0.02,40000000000,436,441,436->222->223->224->237->238->239->240->241->441,436->222->223->224->237->238->239->240->241->441,False,9,9,25655258.228741303,25283290.285073828,25283290.285073828,25655258.228741303,171.15345996290077,171.15345996290077
0.02,40000000000,366,367,366->209->196->183->170->157->144->131->118->105->104->367,366->209->196->183->170->157->144->131->118->105->104->367,False,11,11,23656716.823321465,23657183.308898862,23657183.308898862,23656716.823321465,157.82062685060254,157.82062685060254
0.02,40000000000,367,366,367->104->105->118->131->144->157->170->183->196->209->366,367->104->105->118->131->144->157->170->183->196->209->366,False,11,11,23656716.823321458,23626946.87569347,23626946.87569347,23656716.823321458,157.82062685060248,157.82062685060248
0.02,40000000000,364,440,364->18->19->20->21->34->47->60->73->86->440,364->18->19->20->21->34->47->60->73->86->440,False,10,10,24020324.32305553,23870548.124773532,23870548.124773532,24020324.32305553,160.24635498372368,160.24635498372368
0.02,40000000000,440,364,440->86->73->60->47->34->21->20->19->18->364,440->86->73->60->47->34->21->20->19->18->364,False,10,10,24020324.32305553,24151419.904117774,24151419.904117774,24020324.32305553,160.24635498372368,160.24635498372368
0.02,50000000000,399,447,399->32->31->30->29->42->55->68->81->94->107->120->133->132->131->130->447,399->32->31->30->29->42->55->68->81->94->107->120->133->132->131->130->447,False,16,16,38228815.07289273,38683398.903359786,38683398.903359786,38228815.07289273,255.03520220573884,255.03520220573884
0.02,50000000000,447,399,447->130->131->132->133->120->107->94->81->68->55->42->29->30->31->32->399,447->130->131->132->133->120->107->94->81->68->55->42->29->30->31->32->399,False,16,16,38228815.07289274,37777130.761652105,37777130.761652105,38228815.07289274,255.0352022057389,255.0352022057389
0.02,50000000000,425,410,425->187->200->213->226->239->240->241->410,425->187->200->213->226->239->240->241->410,False,8,8,18689038.64730432,18586150.211811803,18586150.211811803,18689038.64730432,124.67984533022722,124.67984533022722
0.02,50000000000,410,425,410->241->240->239->226->213->200->187->425,410->241->240->239->226->213->200->187->425,False,8,8,18689038.647304315,18805447.676018815,18805447.676018815,18689038.647304315,124.6798453302272,124.6798453302272
0.02,50000000000,386,424,386->195->196->197->198->211->224->237->250->263->276->289->290->424,386->195->196->197->198->211->224->237->250->263->276->289->290->424,False,13,13,29174787.66537478,28972182.66074774,28972182.66074774,29174787.66537478,194.6332330039789,194.6332330039789
0.02,50000000000,424,386,424->290->289->276->263->250->237->224->211->198->197->196->195->386,424->290->289->276->263->250->237->224->211->198->197->196->195->386,False,13,13,29174787.66537478,29380075.559375662,29380075.559375662,29174787.66537478,194.6332330039789,194.6332330039789
0.02,50000000000,355,401,355->169->181->168->155->142->129->116->103->90->77->64->51->38->401,355->169->181->168->155->142->129->116->103->90->77->64->51->38->401,False,14,14,32323971.48970329,32358760.603524543,32358760.603524543,32323971.48970329,215.64232606347483,215.64232606347483
0.02,50000000000,401,355,401->38->51->64->77->90->103->116->129->142->155->168->181->169->355,401->38->51->64->77->90->103->116->129->142->155->168->181->169->355,False,14,14,32323971.489703294,32313686.72518176,32313686.72518176,32323971.489703294,215.64232606347483,215.64232606347483
0.02,50000000000,412,406,412->169->170->183->196->209->406,412->169->170->183->196->209->406,False,6,6,12771314.455748219,12751971.512272606,12751971.512272606,12771314.455748219,85.2010390184547,85.2010390184547
0.02,50000000000,406,412,406->209->196->183->170->169->412,406->209->196->183->170->169->412,False,6,6,12771314.455748219,12779651.131206023,12779651.131206023,12771314.455748219,85.2010390184547,85.2010390184547
0.02,50000000000,432,446,432->31->44->446,432->31->44->446,False,3,3,4614684.886427056,4588484.990841222,4588484.990841222,4614684.886427056,30.78586377531256,30.78586377531256
0.02,50000000000,446,432,446->44->31->432,446->44->31->432,False,3,3,4614684.886427056,4644289.049150735,4644289.049150735,4614684.886427056,30.78586377531256,30.78586377531256
0.02,50000000000,394,361,394->31->18->361,394->31->18->361,False,3,3,5120720.608229354,5080729.839836067,5080729.839836067,5120720.608229354,34.1617707289311,34.1617707289311
0.02,50000000000,361,394,361->18->31->394,361->18->31->394,False,3,3,5120720.608229354,5164111.790366041,5164111.790366041,5120720.608229354,34.1617707289311,34.1617707289311
0.02,50000000000,441,436,441->241->240->239->238->237->224->223->222->436,441->241->240->239->238->237->224->223->222->436,False,9,9,25687066.452633094,26059184.48937525,26059184.48937525,25687066.452633094,171.36566159134725,171.36566159134725
0.02,50000000000,436,441,436->222->223->224->237->238->239->240->241->441,436->222->223->224->237->238->239->240->241->441,False,9,9,25687066.452633098,25315140.28900225,25315140.28900225,25687066.452633098,171.36566159134728,171.36566159134728
0.02,50000000000,366,367,366->209->196->183->170->157->144->131->118->105->104->367,366->209->196->183->170->157->144->131->118->105->104->367,False,11,11,23575258.51766868,23575834.99616292,23575834.99616292,23575258.51766868,157.2771955301736,157.2771955301736
0.02,50000000000,367,366,367->104->105->118->131->144->157->170->183->196->209->366,367->104->105->118->131->144->157->170->183->196->209->366,False,11,11,23575258.51766868,23545215.009388387,23545215.009388387,23575258.51766868,157.2771955301736,157.2771955301736
0.02,50000000000,364,440,364->18->19->20->21->34->47->60->73->86->440,364->18->19->20->21->34->47->60->73->86->440,False,10,10,23989446.939080067,23839601.09072435,23839601.09072435,23989446.939080067,160.04036325076643,160.04036325076643
0.02,50000000000,440,364,440->86->73->60->47->34->21->20->19->18->364,440->86->73->60->47->34->21->20->19->18->364,False,10,10,23989446.93908007,24120691.575501513,24120691.575501513,23989446.93908007,160.04036325076643,160.04036325076643
0.02,60000000000,399,447,399->32->31->30->29->42->55->68->81->94->107->120->133->132->131->130->447,399->32->31->30->29->42->55->68->81->94->107->120->133->132->131->130->447,False,16,16,38224116.667908326,38679023.97672143,38679023.97672143,38224116.667908326,255.00385782158887,255.00385782158887
0.02,60000000000,447,399,447->130->131->132->133->120->107->94->81->68->55->42->29->30->31->32->399,447->130->131->132->133->120->107->94->81->68->55->42->29->30->31->32->399,False,16,16,38224116.66790832,37772713.09905196,37772713.09905196,38224116.66790832,255.0038578215888,255.0038578215888
0.02,60000000000,425,410,425->187->200->213->226->239->240->241->410,425->187->200->213->226->239->240->241->410,False,8,8,18707106.718581874,18604234.676146433,18604234.676146433,18707106.718581874,124.80038252718067,124.80038252718067
0.02,60000000000,410,425,410->241->240->239->226->213->200->187->425,410->241->240->239->226->213->200->187->425,False,8,8,18707106.718581874,18823361.01592028,18823361.01592028,18707106.718581874,124.80038252718067,124.80038252718067
0.02,60000000000,386,424,386->195->196->197->198->211->224->237->250->263->276->289->290->424,386->195->196->197->198->211->224->237->250->263->276->289->290->424,False,13,13,29173873.819517177,28971547.61600997,28971547.61600997,29173873.819517177,194.62713648064604,194.62713648064604
0.02,60000000000,424,386,424->290->289->276->263->250->237->224->211->198->197->196->195->386,424->290->289->276->263->250->237->224->211->198->197->196->195->386,False,13,13,29173873.81951717,29379408.02322578,29379408.02322578,29173873.81951717,194.62713648064602,194.62713648064602
0.02,60000000000,355,401,355->169->181->180->167->154->141->128->115->102->89->76->63->50->37->24->401,355->169->181->180->167->154->141->128->115->102->89->76->63->50->37->24->401,False,16,16,35319335.90222194,35403116.99807889,35403116.99807889,35319335.90222194,235.62524646448537,235.62524646448537
0.02,60000000000,401,355,401->24->37->50->63->76->89->102->115->128->141->154->167->180->181->169->355,401->24->37->50->63->76->89->102->115->128->141->154->167->180->181->169->355,False,16,16,35319335.90222193,35281174.038537845,35281174.038537845,35319335.90222193,235.62524646448531,235.62524646448531
0.02,60000000000,412,406,412->169->170->183->196->209->406,412->169->170->183->196->209->406,False,6,6,12700929.309901047,12681490.010336787,12681490.010336787,12700929.309901047,84.73147986865666,84.73147986865666
0.02,60000000000,406,412,406->209->196->183->170->169->412,406->209->196->183->170->169->412,False,6,6,12700929.30990105,12709303.518507663,12709303.518507663,12700929.30990105,84.73147986865666,84.73147986865666
0.02,60000000000,432,446,432->31->44->446,432->31->44->446,False,3,3,4605012.935684202,4578817.2207082035,4578817.2207082035,4605012.935684202,30.72133946534574,30.72133946534574
0.02,60000000000,446,432,446->44->31->432,446->44->31->432,False,3,3,4605012.935684202,4634576.910432034,4634576.910432034,4605012.935684202,30.72133946534574,30.72133946534574
0.02,60000000000,394,361,394->31->18->361,394->31->18->361,False,3,3,5086280.866977637,5046254.945688614,5046254.945688614,5086280.866977637,33.932013506341356,33.932013506341356
0.02,60000000000,361,394,361->18->31->394,361->18->31->394,False,3,3,5086280.866977637,5129676.327914396,5129676.327914396,5086280.866977637,33.932013506341356,33.932013506341356
0.02,60000000000,441,436,441->241->240->239->238->237->224->223->222->436,441->241->240->239->238->237->224->223->222->436,False,9,9,25725820.700796735,26097971.71880536,26097971.71880536,25725820.700796735,171.62420210582306,171.62420210582306
0.02,60000000000,436,441,436->222->223->224->237->238->239->240->241->441,436->222->223->224->237->238->239->240->241->441,False,9,9,25725820.70079674,25353935.880052533,25353935.880052533,25725820.70079674,171.6242021058231,171.6242021058231
0.02,60000000000,366,367,366->209->196->183->170->157->144->131->118->105->104->367,366->209->196->183->170->157->144->131->118->105->104->367,False,11,11,23501351.170769457,23502036.83211425,23502036.83211425,23501351.170769457,156.78413878423493,156.78413878423493
0.02,60000000000,367,366,367->104->105->118->131->144->157->170->183->196->209->366,367->104->105->118->131->144->157->170->183->196->209->366,False,11,11,23501351.170769453,23471043.96247112,23471043.96247112,23501351.170769453,156.7841387842349,156.7841387842349
0.02,60000000000,364,440,364->18->31->44->57->70->71->72->440,364->18->31->44->57->70->71->72->440,False,8,8,19047620.98912445,18944821.18988329,18944821.18988329,19047620.98912445,127.07204921829255,127.07204921829255
0.02,60000000000,440,364,440->72->71->70->57->44->31->18->364,440->72->71->70->57->44->31->18->364,False,8,8,19047620.989124447,19163877.076824013,19163877.076824013,19047620.989124447,127.07204921829252,127.07204921829252
0.02,70000000000,399,447,399->32->31->30->29->42->55->68->81->94->107->120->133->132->131->130->447,399->32->31->30->29->42->55->68->81->94->107->120->133->132->131->130->447,False,16,16,38225261.34659276,38680492.25328157,38680492.25328157,38225261.34659276,255.01149429578217,255.01149429578217
0.02,70000000000,447,399,447->130->131->132->133->120->107->94->81->68->55->42->29->30->31->32->399,447->130->131->132->133->120->107->94->81->68->55->42->29->30->31->32->399,False,16,16,38225261.346592754,37774135.85716186,37774135.85716186,38225261.346592754,255.01149429578211,255.01149429578211
0.02,70000000000,425,410,425->27->28->29->16->3->341->328->315->302->289->276->263->250->237->238->239->240->241->410,425->27->28->29->16->3->341->328->315->302->289->276->263->250->237->238->239->240->241->410,False,19,19,41714115.67750261,41247723.654259875,41247723.654259875,41714115.67750261,278.28662505914417,278.28662505914417
0.02,70000000000,410,425,410->241->240->239->238->237->250->263->276->289->302->315->328->341->3->16->29->28->27->425,410->241->240->239->238->237->250->263->276->289->302->315->328->341->3->16->29->28->27->425,False,19,19,41714115.67750262,42185231.81219306,42185231.81219306,41714115.67750262,278.28662505914417,278.28662505914417
0.02,70000000000,386,424,386->195->196->197->198->211->224->237->250->263->276->289->290->424,386->195->196->197->198->211->224->237->250->263->276->289->290->424,False,13,13,29180694.46705791,28978649.41165498,28978649.41165498,29180694.46705791,194.67263894315786,194.67263894315786
0.02,70000000000,424,386,424->290->289->276->263->250->237->224->211->198->197->196->195->386,424->290->289->276->263->250->237->224->211->198->197->196->195->386,False,13,13,29180694.467057906,29386473.124908995,29386473.124908995,29180694.467057906,194.67263894315784,194.67263894315784
0.02,70000000000,355,401,355->169->181->180->167->154->141->128->115->102->89->76->63->50->37->24->401,355->169->181->180->167->154->141->128->115->102->89->76->63->50->37->24->401,False,16,16,35382094.96677056,35465581.88873877,35465581.88873877,35382094.96677056,236.04392987611823,236.04392987611823
0.02,70000000000,401,355,401->24->37->50->63->76->89->102->115->128->141->154->167->180->181->169->355,401->24->37->50->63->76->89->102->115->128->141->154->167->180->181->169->355,False,16,16,35382094.96677056,35344221.47092844,35344221.47092844,35382094.96677056,236.04392987611823,236.04392987611823
0.02,70000000000,412,406,412->169->170->183->196->209->406,412->169->170->183->196->209->406,False,6,6,12637736.184481531,12618203.228725139,12618203.228725139,12637736.184481531,84.30990071459057,84.30990071459057
0.02,70000000000,406,412,406->209->196->183->170->169->412,406->209->196->183->170->169->412,False,6,6,12637736.184481533,12646155.013192251,12646155.013192251,12637736.184481533,84.30990071459057,84.30990071459057
0.02,70000000000,432,446,432->31->44->446,432->31->44->446,False,3,3,4602700.6064380035,4576511.669006648,4576511.669006648,4602700.6064380035,30.705913265089567,30.705913265089567
0.02,70000000000,446,432,446->44->31->432,446->44->31->432,False,3,3,4602700.6064380035,4632225.745374626,4632225.745374626,4602700.6064380035,30.705913265089567,30.705913265089567
0.02,70000000000,394,361,394->31->18->361,394->31->18->361,False,3,3,5058546.115710573,5018481.313817902,5018481.313817902,5058546.115710573,33.74698716210248,33.74698716210248
0.02,70000000000,361,394,361->18->31->394,361->18->31->394,False,3,3,5058546.115710573,5101941.205308764,5101941.205308764,5058546.115710573,33.74698716210248,33.74698716210248
0.02,70000000000,441,436,441->241->240->239->238->237->224->223->222->436,441->241->240->239->238->237->224->223->222->436,False,9,9,25771281.164490964,26143464.49418096,26143464.49418096,25771281.164490964,171.92748167461212,171.92748167461212
0.02,70000000000,436,441,436->222->223->224->237->238->239->240->241->441,436->222->223->224->237->238->239->240->241->441,False,9,9,25771281.164490968,25399438.230256785,25399438.230256785,25771281.164490968,171.92748167461215,171.92748167461215
0.02,70000000000,366,367,366->209->196->183->170->157->144->131->118->105->104->367,366->209->196->183->170->157->144->131->118->105->104->367,False,11,11,23435211.21998916,23436016.37012492,23436016.37012492,23435211.21998916,156.3429005274653,156.3429005274653
0.02,70000000000,367,366,367->104->105->118->131->144->157->170->183->196->209->366,367->104->105->118->131->144->157->170->183->196->209->366,False,11,11,23435211.21998916,23404645.701578867,23404645.701578867,23435211.21998916,156.3429005274653,156.3429005274653
0.02,70000000000,364,440,364->18->31->44->57->70->71->72->440,364->18->31->44->57->70->71->72->440,False,8,8,19018757.14352699,18915967.693729233,18915967.693729233,19018757.14352699,126.87949036747942,126.87949036747942
0.02,70000000000,440,364,440->72->71->70->57->44->31->18->364,440->72->71->70->57->44->31->18->364,False,8,8,19018757.143526994,19134857.54647798,19134857.54647798,19018757.143526994,126.87949036747945,126.87949036747945
0.02,80000000000,399,447,399->32->31->30->29->42->55->68->81->94->107->120->133->132->131->130->447,399->32->31->30->29->42->55->68->81->94->107->120->133->132->131->130->447,False,16,16,38232185.679628596,38687744.638967834,38687744.638967834,38232185.679628596,255.05768847346116,255.05768847346116
0.02,80000000000,447,399,447->130->131->132->133->120->107->94->81->68->55->42->29->30->31->32->399,447->130->131->132->133->120->107->94->81->68->55->42->29->30->31->32->399,False,16,16,38232185.679628596,37781331.222692534,37781331.222692534,38232185.679628596,255.05768847346116,255.05768847346116
0.02,80000000000,425,410,425->27->28->29->16->3->341->328->315->302->289->276->263->250->237->238->239->240->241->410,425->27->28->29->16->3->341->328->315->302->289->276->263->250->237->238->239->240->241->410,False,19,19,41665849.58239898,41199838.79500374,41199838.79500374,41665849.58239898,277.96462833230436,277.96462833230436
0.02,80000000000,410,425,410->241->240->239->238->237->250->263->276->289->302->315->328->341->3->16->29->28->27->425,410->241->240->239->238->237->250->263->276->289->302->315->328->341->3->16->29->28->27->425,False,19,19,41665849.58239897,42137410.607326806,42137410.607326806,41665849.58239897,277.9646283323043,277.9646283323043
0.02,80000000000,386,424,386->195->196->197->198->211->224->237->250->263->276->289->290->424,386->195->196->197->198->211->224->237->250->263->276->289->290->424,False,13,13,29195261.19947357,28993499.505287718,28993499.505287718,29195261.19947357,194.76981772152234,194.76981772152234
0.02,80000000000,424,386,424->290->289->276->263->250->237->224->211->198->197->196->195->386,424->290->289->276->263->250->237->224->211->198->197->196->195->386,False,13,13,29195261.199473564,29401277.44158526,29401277.44158526,29195261.199473564,194.7698177215223,194.7698177215223
0.02,80000000000,355,401,355->169->181->180->167->154->141->128->115->102->89->76->63->50->37->24->401,355->169->181->180->167->154->141->128->115->102->89->76->63->50->37->24->401,False,16,16,35452196.244294845,35535380.20799369,35535380.20799369,35452196.244294845,236.51159526031068,236.51159526031068
0.02,80000000000,401,355,401->24->37->50->63->76->89->102->115->128->141->154->167->180->181->169->355,401->24->37->50->63->76->89->102->115->128->141->154->167->180->181->169->355,False,16,16,35452196.244294845,35414601.514211774,35414601.514211774,35452196.244294845,236.51159526031068,236.51159526031068
0.02,80000000000,412,406,412->169->170->183->196->209->406,412->169->170->183->196->209->406,False,6,6,12582193.422101155,12562564.860084482,12562564.860084482,12582193.422101155,83.93935928902624,83.93935928902624
0.02,80000000000,406,412,406->209->196->183->170->169->412,406->209->196->183->170->169->412,False,6,6,12582193.422101155,12590657.932440797,12590657.932440797,12582193.422101155,83.93935928902624,83.93935928902624
0.02,80000000000,432,446,432->31->44->446,432->31->44->446,False,3,3,4607813.628614797,4581626.957103567,4581626.957103567,4607813.628614797,30.74002367741217,30.74002367741217
0.02,80000000000,446,432,446->44->31->432,446->44->31->432,False,3,3,4607813.628614797,4637294.289408943,4637294.289408943,4607813.628614797,30.74002367741217,30.74002367741217
0.02,80000000000,394,361,394->31->18->361,394->31->18->361,False,3,3,5037769.554665545,4997668.680679275,4997668.680679275,5037769.554665545,33.6083808663762,33.6083808663762
0.02,80000000000,361,394,361->18->31->394,361->18->31->394,False,3,3,5037769.554665545,5081164.955320749,5081164.955320749,5037769.554665545,33.6083808663762,33.6083808663762
0.02,80000000000,441,436,441->241->240->239->252->265->278->291->304->317->330->343->5->18->31->436,441->241->240->239->252->265->278->291->304->317->330->343->5->18->31->436,False,15,15,34058789.526489586,34290738.418507874,34290738.418507874,34058789.526489586,227.2157862389559,227.2157862389559
0.02,80000000000,436,441,436->31->18->5->343->330->317->304->291->278->265->252->239->240->241->441,436->31->18->5->343->330->317->304->291->278->265->252->239->240->241->441,False,15,15,34058789.526489586,33863378.77522875,33863378.77522875,34058789.526489586,227.2157862389559,227.2157862389559
0.02,80000000000,366,367,366->209->196->183->170->157->144->131->118->105->104->367,366->209->196->183->170->157->144->131->118->105->104->367,False,11,11,23376984.027592037,23377916.70122328,23377916.70122328,23376984.027592037,155.9544505125078,155.9544505125078
0.02,80000000000,367,366,367->104->105->118->131->144->157->170->183->196->209->366,367->104->105->118->131->144->157->170->183->196->209->366,False,11,11,23376984.02759204,23346160.516388502,23346160.516388502,23376984.02759204,155.95445051250783,155.95445051250783
0.02,80000000000,364,440,364->18->31->44->57->70->71->72->440,364->18->31->44->57->70->71->72->440,False,8,8,18995496.58892494,18892722.56557771,18892722.56557771,18995496.58892494,126.72431265048664,126.72431265048664
0.02,80000000000,440,364,440->72->71->70->57->44->31->18->364,440->72->71->70->57->44->31->18->364,False,8,8,18995496.58892494,19111436.94598132,19111436.94598132,18995496.58892494,126.72431265048664,126.72431265048664
0.02,90000000000,399,447,399->32->31->30->29->42->55->68->81->94->107->120->133->132->131->130->447,399->32->31->30->29->42->55->68->81->94->107->120->133->132->131->130->447,False,16,16,38244848.34964206,38700741.06001191,38700741.06001191,38244848.34964206,255.14216471477786,255.14216471477786
0.02,90000000000,447,399,447->130->131->132->133->120->107->94->81->68->55->42->29->30->31->32->399,447->130->131->132->133->120->107->94->81->68->55->42->29->30->31->32->399,False,16,16,38244848.34964205,37794256.54379659,37794256.54379659,38244848.34964205,255.1421647147778,255.1421647147778
0.02,90000000000,425,410,425->27->28->29->16->3->341->328->315->302->289->276->263->250->237->238->239->240->241->410,425->27->28->29->16->3->341->328->315->302->289->276->263->250->237->238->239->240->241->410,False,19,19,41626927.383664824,41161286.43960374,41161286.43960374,41626927.383664824,277.70496737222675,277.70496737222675
0.02,90000000000,410,425,410->241->240->239->238->237->250->263->276->289->302->315->328->341->3->16->29->28->27->425,410->241->240->239->238->237->250->263->276->289->302->315->328->341->3->16->29->28->27->425,False,19,19,41626927.383664824,42098940.65896335,42098940.65896335,41626927.383664824,277.70496737222675,277.70496737222675
0.02,90000000000,386,424,386->195->196->197->198->211->224->237->250->263->276->289->290->424,386->195->196->197->198->211->224->237->250->263->276->289->290->424,False,13,13,29217572.566231128,29016099.11856361,29016099.11856361,29217572.566231128,194.9186631388247,194.9186631388247
0.02,90000000000,424,386,424->290->289->276->263->250->237->224->211->198->197->196->195->386,424->290->289->276->263->250->237->224->211->198->197->196->195->386,False,13,13,29217572.566231124,29423819.032841112,29423819.032841112,29217572.566231124,194.91866313882468,194.91866313882468
0.02,90000000000,355,401,355->169->181->180->167->154->141->128->115->102->89->76->63->50->37->24->401,355->169->181->180->167->154->141->128->115->102->89->76->63->50->37->24->401,False,16,16,35529694.62896295,35612566.302586205,35612566.302586205,35529694.62896295,237.02860883153338,237.02860883153338
0.02,90000000000,401,355,401->24->37->50->63->76->89->102->115->128->141->154->167->180->181->169->355,401->24->37->50->63->76->89->102->115->128->141->154->167->180->181->169->355,False,16,16,35529694.62896294,35492369.44707689,35492369.44707689,35529694.62896294,237.02860883153332,237.02860883153332
0.02,90000000000,412,406,412->169->170->183->196->209->406,412->169->170->183->196->209->406,False,6,6,12534711.666045776,12514989.588138448,12514989.588138448,12534711.666045776,83.62259510908561,83.62259510908561
0.02,90000000000,406,412,406->209->196->183->170->169->412,406->209->196->183->170->169->412,False,6,6,12534711.666045774,12543225.946849145,12543225.946849145,12534711.666045774,83.6225951090856,83.6225951090856
0.02,90000000000,432,446,432->31->44->446,432->31->44->446,False,3,3,4620354.797521422,4594175.922089921,4594175.922089921,4620354.797521422,30.82368935059348,30.82368935059348
0.02,90000000000,446,432,446->44->31->432,446->44->31->432,False,3,3,4620354.797521422,4649791.969942966,4649791.969942966,4620354.797521422,30.82368935059348,30.82368935059348
0.02,90000000000,394,361,394->31->18->361,394->31->18->361,False,3,3,5024158.918740967,4984015.766289514,4984015.766289514,5024158.918740967,33.517580477231135,33.517580477231135
0.02,90000000000,361,394,361->18->31->394,361->18->31->394,False,3,3,5024158.918740967,5067555.138120148,5067555.138120148,5024158.918740967,33.517580477231135,33.517580477231135
0.02,90000000000,441,436,441->241->240->239->252->265->278->291->304->317->330->343->5->18->31->436,441->241->240->239->252->265->278->291->304->317->330->343->5->18->31->436,False,15,15,34162062.14199877,34394044.02041812,34394044.02041812,34162062.14199877,227.90474696997725,227.90474696997725
0.02,90000000000,436,441,436->31->18->5->343->330->317->304->291->278->265->252->239->240->241->441,436->31->18->5->343->330->317->304->291->278->265->252->239->240->241->441,False,15,15,34162062.14199875,33966206.46322387,33966206.46322387,34162062.14199875,227.90474696997717,227.90474696997717
0.02,90000000000,366,367,366->209->196->183->170->157->144->131->118->105->104->367,366->209->196->183->170->157->144->131->118->105->104->367,False,11,11,23326747.98364901,23327815.539405994,23327815.539405994,23326747.98364901,155.619311701624,155.619311701624
0.02,90000000000,367,366,367->104->105->118->131->144->157->170->183->196->209->366,367->104->105->118->131->144->157->170->183->196->209->366,False,11,11,23326747.983649015,23295672.359764602,23295672.359764602,23326747.983649015,155.619311701624,155.619311701624
0.02,90000000000,364,440,364->18->31->44->57->70->71->72->440,364->18->31->44->57->70->71->72->440,False,8,8,18978131.187620483,18875373.939233534,18875373.939233534,18978131.187620483,126.60846316300913,126.60846316300913
0.02,90000000000,440,364,440->72->71->70->57->44->31->18->364,440->72->71->70->57->44->31->18->364,False,8,8,18978131.187620483,19093903.308553662,19093903.308553662,18978131.187620483,126.60846316300913,126.60846316300913
0.02,100000000000,399,447,399->32->31->30->29->42->55->68->81->94->107->120->133->132->131->130->447,399->32->31->30->29->42->55->68->81->94->107->120->133->132->131->130->447,False,16,16,38263219.38488749,38719445.627972044,38719445.627972044,38263219.38488749,255.2647230697677,255.2647230697677
0.02,100000000000,447,399,447->130->131->132->133->120->107->94->81->68->55->42->29->30->31->32->399,447->130->131->132->133->120->107->94->81->68->55->42->29->30->31->32->399,False,16,16,38263219.38488749,37812890.12734213,37812890.12734213,38263219.38488749,255.2647230697677,255.2647230697677
0.02,100000000000,425,410,425->27->28->29->16->3->341->328->315->302->289->276->263->250->237->238->239->240->241->410,425->27->28->29->16->3->341->328->315->302->289->276->263->250->237->238->239->240->241->410,False,19,19,41597739.52879321,41132467.51357303,41132467.51357303,41597739.52879321,277.5102469642062,277.5102469642062
0.02,100000000000,410,425,410->241->240->239->238->237->250->263->276->289->302->315->328->341->3->16->29->28->27->425,410->241->240->239->238->237->250->263->276->289->302->315->328->341->3->16->29->28->27->425,False,19,19,41597739.5287932,42070205.19034912,42070205.19034912,41597739.5287932,277.5102469642062,277.5102469642062
0.02,100000000000,386,424,386->195->196->197->198->211->224->237->250->263->276->289->290->424,386->195->196->197->198->211->224->237->250->263->276->289->290->424,False,13,13,29247619.50600976,29046434.51388357,29046434.51388357,29247619.50600976,195.11911474443937,195.11911474443937
0.02,100000000000,424,386,424->290->289->276->263->250->237->224->211->198->197->196->195->386,424->290->289->276->263->250->237->224->211->198->197->196->195->386,False,13,13,29247619.50600976,29454096.687393125,29454096.687393125,29247619.50600976,195.11911474443937,195.11911474443937
0.02,100000000000,355,401,355->169->181->180->167->154->141->128->115->102->89->76->63->50->37->24->401,355->169->181->180->167->154->141->128->115->102->89->76->63->50->37->24->401,False,16,16,35614594.21982933,35697147.96966374,35697147.96966374,35614594.21982933,237.5949979357341,237.5949979357341
0.02,100000000000,401,355,401->24->37->50->63->76->89->102->115->128->141->154->167->180->181->169->355,401->24->37->50->63->76->89->102->115->128->141->154->167->180->181->169->355,False,16,16,35614594.21982933,35577528.367023274,35577528.367023274,35614594.21982933,237.5949979357341,237.5949979357341
0.02,100000000000,412,406,412->169->170->183->196->209->406,412->169->170->183->196->209->406,False,6,6,12495629.460857969,12475814.385324335,12475814.385324335,12495629.460857969,83.36186670084922,83.36186670084922
0.02,100000000000,406,412,406->209->196->183->170->169->412,406->209->196->183->170->169->412,False,6,6,12495629.460857969,12504196.722347999,12504196.722347999,12495629.460857969,83.36186670084922,83.36186670084922
0.02,100000000000,432,446,432->31->44->446,432->31->44->446,False,3,3,4640262.144766193,4614083.688094946,4614083.688094946,4640262.144766193,30.95649687602343,30.95649687602343
0.02,100000000000,446,432,446->44->31->432,446->44->31->432,False,3,3,4640262.144766193,4669657.052610315,4669657.052610315,4640262.144766193,30.95649687602343,30.95649687602343
0.02,100000000000,394,361,394->31->18->361,394->31->18->361,False,3,3,5017867.846125082,4977687.812504526,4977687.812504526,5017867.846125082,33.47561095833226,33.47561095833226
0.02,100000000000,361,394,361->18->31->394,361->18->31->394,False,3,3,5017867.846125082,5061262.689341402,5061262.689341402,5017867.846125082,33.47561095833226,33.47561095833226
0.02,100000000000,441,436,441->241->240->239->252->265->278->291->304->317->330->343->5->18->31->436,441->241->240->239->252->265->278->291->304->317->330->343->5->18->31->436,False,15,15,34271113.83593312,34503110.48126938,34503110.48126938,34271113.83593312,228.63226156231804,228.63226156231804
0.02,100000000000,436,441,436->31->18->5->343->330->317->304->291->278->265->252->239->240->241->441,436->31->18->5->343->330->317->304->291->278->265->252->239->240->241->441,False,15,15,34271113.83593311,34074824.56662542,34074824.56662542,34271113.83593311,228.63226156231798,228.63226156231798
0.02,100000000000,366,367,366->209->196->183->170->157->144->131->118->105->104->367,366->209->196->183->170->157->144->131->118->105->104->367,False,11,11,23284506.699976675,23285715.07935159,23285715.07935159,23284506.699976675,155.33750819026056,155.33750819026056
0.02,100000000000,367,366,367->104->105->118->131->144->157->170->183->196->209->366,367->104->105->118->131->144->157->170->183->196->209->366,False,11,11,23284506.699976675,23253184.989243053,23253184.989243053,23284506.699976675,155.33750819026056,155.33750819026056
0.02,100000000000,364,440,364->18->31->44->57->70->71->72->440,364->18->31->44->57->70->71->72->440,False,8,8,18966933.405299798,18864176.184053592,18864176.184053592,18966933.405299798,126.53375960044863,126.53375960044863
0.02,100000000000,440,364,440->72->71->70->57->44->31->18->364,440->72->71->70->57->44->31->18->364,False,8,8,18966933.405299798,19082547.567132685,19082547.567132685,18966933.405299798,126.53375960044863,126.53375960044863
0.02,110000000000,399,447,399->32->31->30->29->42->55->68->81->94->107->120->133->132->131->130->447,399->32->31->30->29->42->55->68->81->94->107->120->133->132->131->130->447,False,16,16,38287292.04074175,38743857.26335789,38743857.26335789,38287292.04074175,255.4253185431486,255.4253185431486
0.02,110000000000,447,399,447->130->131->132->133->120->107->94->81->68->55->42->29->30->31->32->399,447->130->131->132->133->120->107->94->81->68->55->42->29->30->31->32->399,False,16,16,38287292.04074175,37837218.075028144,37837218.075028144,38287292.04074175,255.4253185431486,255.4253185431486
0.02,110000000000,425,410,425->27->28->29->16->3->341->328->315->302->289->276->263->250->237->238->239->240->241->410,425->27->28->29->16->3->341->328->315->302->289->276->263->250->237->238->239->240->241->410,False,19,19,41578613.6911543,41113701.805634424,41113701.805634424,41578613.6911543,277.3826531096676,277.3826531096676
0.02,110000000000,410,425,410->241->240->239->238->237->250->263->276->289->302->315->328->341->3->16->29->28->27->425,410->241->240->239->238->237->250->263->276->289->302->315->328->341->3->16->29->28->27->425,False,19,19,41578613.69115431,42051538.5534601,42051538.5534601,41578613.69115431,277.3826531096677,277.3826531096677
0.02,110000000000,386,424,386->195->196->197->198->211->224->237->250->263->276->289->290->424,386->195->196->197->198->211->224->237->250->263->276->289->290->424,False,13,13,29285395.119633693,29084503.224344224,29084503.224344224,29285395.119633693,195.37112651201983,195.37112651201983
0.02,110000000000,424,386,424->290->289->276->263->250->237->224->211->198->197->196->195->386,424->290->289->276->263->250->237->224->211->198->197->196->195->386,False,13,13,29285395.119633704,29492096.116542265,29492096.116542265,29285395.119633704,195.37112651201988,195.37112651201988
0.02,110000000000,355,401,355->169->181->180->167->154->141->128->115->102->89->76->63->50->37->24->401,355->169->181->180->167->154->141->128->115->102->89->76->63->50->37->24->401,False,16,16,35706804.268836044,35789027.13983208,35789027.13983208,35706804.268836044,238.21015716703616,238.21015716703616
0.02,110000000000,401,355,401->24->37->50->63->76->89->102->115->128->141->154->167->180->181->169->355,401->24->37->50->63->76->89->102->115->128->141->154->167->180->181->169->355,False,16,16,35706804.26883604,35669992.3677831,35669992.3677831,35706804.26883604,238.2101571670361,238.2101571670361
0.02,110000000000,412,406,412->169->170->183->196->209->406,412->169->170->183->196->209->406,False,6,6,12465198.077652862,12445291.770366313,12445291.770366313,12465198.077652862,83.15885036476043,83.15885036476043
0.02,110000000000,406,412,406->209->196->183->170->169->412,406->209->196->183->170->169->412,False,6,6,12465198.07765286,12473822.42184355,12473822.42184355,12465198.07765286,83.15885036476041,83.15885036476041
0.02,110000000000,432,446,432->31->44->446,432->31->44->446,False,3,3,4667409.292861372,4641234.116810716,4641234.116810716,4667409.292861372,31.137603153855004,31.137603153855004
0.02,110000000000,446,432,446->44->31->432,446->44->31->432,False,3,3,4667409.292861372,4696756.391007166,4696756.391007166,4667409.292861372,31.137603153855004,31.137603153855004
0.02,110000000000,394,361,394->31->18->361,394->31->18->361,False,3,3,5018991.748230025,4978771.175521623,4978771.175521623,5018991.748230025,33.48310882610679,33.48310882610679
0.02,110000000000,361,394,361->18->31->394,361->18->31->394,False,3,3,5018991.748230025,5062383.506436583,5062383.506436583,5018991.748230025,33.48310882610679,33.48310882610679
0.02,110000000000,441,436,441->241->240->239->252->265->278->291->304->317->330->343->5->18->31->436,441->241->240->239->252->265->278->291->304->317->330->343->5->18->31->436,False,15,15,34385597.89678751,34617606.09042545,34617606.09042545,34385597.89678751,229.3960170057881,229.3960170057881
0.02,110000000000,436,441,436->31->18->5->343->330->317->304->291->278->265->252->239->240->241->441,436->31->18->5->343->330->317->304->291->278->265->252->239->240->241->441,False,15,15,34385597.89678751,34188863.07996866,34188863.07996866,34385597.89678751,229.3960170057881,229.3960170057881
0.02,110000000000,366,367,366->209->196->183->170->157->144->131->118->105->104->367,366->209->196->183->170->157->144->131->118->105->104->367,False,11,11,23250195.867659993,23251555.81416484,23251555.81416484,23250195.867659993,155.10861095551638,155.10861095551638
0.02,110000000000,367,366,367->104->105->118->131->144->157->170->183->196->209->366,367->104->105->118->131->144->157->170->183->196->209->366,False,11,11,23250195.867659993,23218630.446613282,23218630.446613282,23250195.867659993,155.10861095551638,155.10861095551638
0.02,110000000000,364,440,364->18->31->44->57->70->71->72->440,364->18->31->44->57->70->71->72->440,False,8,8,18962139.757729035,18859391.310747664,18859391.310747664,18962139.757729035,126.50177982615583,126.50177982615583
0.02,110000000000,440,364,440->72->71->70->57->44->31->18->364,440->72->71->70->57->44->31->18->364,False,8,8,18962139.757729035,19077583.516728662,19077583.516728662,18962139.757729035,126.50177982615583,126.50177982615583
0.05,0,399,447,399->19->18->17->16->29->42->55->68->81->94->107->120->133->132->131->130->447,399->19->18->17->16->29->42->55->68->81->94->107->120->133->132->131->130->447,False,17,17,40036604.01522177,41269071.93741561,41269071.93741561,40036604.01522177,267.095471862883,267.095471862883
0.05,0,447,399,447->130->131->132->133->120->107->94->81->68->55->42->29->16->17->18->19->399,447->130->131->132->133->120->107->94->81->68->55->42->29->16->17->18->19->399,False,17,17,40036604.015221775,38803771.1088686,38803771.1088686,40036604.015221775,267.0954718628831,267.0954718628831
0.05,0,425,410,425->187->200->213->226->239->240->241->410,425->187->200->213->226->239->240->241->410,False,8,8,18697558.98184062,18439943.787154067,18439943.787154067,18697558.98184062,124.73668688383496,124.73668688383496
0.05,0,410,425,410->241->240->239->226->213->200->187->425,410->241->240->239->226->213->200->187->425,False,8,8,18697558.981840618,18990470.58753562,18990470.58753562,18697558.981840618,124.73668688383493,124.73668688383493
0.05,0,386,424,386->195->196->197->198->211->224->237->250->263->276->289->302->303->424,386->195->196->197->198->211->224->237->250->263->276->289->302->303->424,False,14,14,30747829.403975915,30163463.2497962,30163463.2497962,30747829.403975915,205.12743788888721,205.12743788888721
0.05,0,424,386,424->303->302->289->276->263->250->237->224->211->198->197->196->195->386,424->303->302->289->276->263->250->237->224->211->198->197->196->195->386,False,14,14,30747829.40397591,31332210.575043224,31332210.575043224,30747829.40397591,205.1274378888872,205.1274378888872
0.05,0,355,401,355->169->181->168->155->142->129->116->103->90->77->64->51->38->401,355->169->181->168->155->142->129->116->103->90->77->64->51->38->401,False,14,14,32034182.872998983,32127294.24098315,32127294.24098315,32034182.872998983,213.70906450888089,213.70906450888089
0.05,0,401,355,401->38->51->64->77->90->103->116->129->142->155->168->181->169->355,401->38->51->64->77->90->103->116->129->142->155->168->181->169->355,False,14,14,32034182.87299898,32010426.991713766,32010426.991713766,32034182.87299898,213.70906450888086,213.70906450888086
0.05,0,412,406,412->169->170->183->196->209->406,412->169->170->183->196->209->406,False,6,6,13213667.082365327,13166614.64982912,13166614.64982912,13213667.082365327,88.15209809157591,88.15209809157591
0.05,0,406,412,406->209->196->183->170->169->412,406->209->196->183->170->169->412,False,6,6,13213667.082365327,13234073.793104615,13234073.793104615,13213667.082365327,88.15209809157591,88.15209809157591
0.05,0,432,446,432->222->223->224->237->250->263->276->289->302->315->328->341->3->16->29->42->43->44->446,432->222->223->224->237->250->263->276->289->302->315->328->341->3->16->29->42->43->44->446,False,19,19,38360467.36273173,37839336.311497144,37839336.311497144,38360467.36273173,255.913491744557,255.913491744557
0.05,0,446,432,446->44->43->42->29->16->3->341->328->315->302->289->276->263->250->237->224->223->222->432,446->44->43->42->29->16->3->341->328->315->302->289->276->263->250->237->224->223->222->432,False,19,19,38360467.36273173,38878885.09530473,38878885.09530473,38360467.36273173,255.913491744557,255.913491744557
0.05,0,394,361,394->44->31->18->361,394->44->31->18->361,False,4,4,7216817.817853596,7191796.203500431,7191796.203500431,7216817.817853596,48.14542611244474,48.14542611244474
0.05,0,361,394,361->18->31->44->394,361->18->31->44->394,False,4,4,7216817.817853596,7259616.729008817,7259616.729008817,7216817.817853596,48.14542611244474,48.14542611244474
0.05,0,441,436,441->241->240->239->238->237->224->223->222->436,441->241->240->239->238->237->224->223->222->436,False,9,9,25601337.190057844,26531208.55839734,26531208.55839734,25601337.190057844,170.7937375132889,170.7937375132889
0.05,0,436,441,436->222->223->224->237->238->239->240->241->441,436->222->223->224->237->238->239->240->241->441,False,9,9,25601337.19005784,24671017.603397578,24671017.603397578,25601337.19005784,170.79373751328887,170.79373751328887
0.05,0,366,367,366->209->196->183->170->157->144->131->118->105->104->367,366->209->196->183->170->157->144->131->118->105->104->367,False,11,11,24051705.554096743,24051964.479128953,24051964.479128953,24051705.554096743,160.45570802249298,160.45570802249298
0.05,0,367,366,367->104->105->118->131->144->157->170->183->196->209->366,367->104->105->118->131->144->157->170->183->196->209->366,False,11,11,24051705.554096743,23980111.102055684,23980111.102055684,24051705.554096743,160.45570802249298,160.45570802249298
0.05,0,364,440,364->183->182->194->193->192->191->178->165->152->139->126->113->100->87->86->440,364->183->182->194->193->192->191->178->165->152->139->126->113->100->87->86->440,False,16,16,38384352.24990928,39289809.55284149,39289809.55284149,38384352.24990928,256.07283456016285,256.07283456016285
0.05,0,440,364,440->86->87->100->113->126->139->152->165->178->191->192->193->194->182->183->364,440->86->87->100->113->126->139->152->165->178->191->192->193->194->182->183->364,False,16,16,38384352.24990928,37442975.42780945,37442975.42780945,38384352.24990928,256.07283456016285,256.07283456016285
0.05,10000000000,399,447,399->19->18->17->16->29->42->55->68->81->94->107->120->133->132->131->130->447,399->19->18->17->16->29->42->55->68->81->94->107->120->133->132->131->130->447,False,17,17,40083167.40738172,41316499.57358663,41316499.57358663,40083167.40738172,267.4061093783868,267.4061093783868
0.05,10000000000,447,399,447->130->131->132->133->120->107->94->81->68->55->42->29->16->17->18->19->399,447->130->131->132->133->120->107->94->81->68->55->42->29->16->17->18->19->399,False,17,17,40083167.40738173,38851184.71273071,38851184.71273071,40083167.40738173,267.4061093783869,267.4061093783869
0.05,10000000000,425,410,425->187->200->213->226->239->240->241->410,425->187->200->213->226->239->240->241->410,False,8,8,18683258.267640077,18425736.508102678,18425736.508102678,18683258.267640077,124.64128278797511,124.64128278797511
0.05,10000000000,410,425,410->241->240->239->226->213->200->187->425,410->241->240->239->226->213->200->187->425,False,8,8,18683258.267640077,18975800.468743257,18975800.468743257,18683258.267640077,124.64128278797511,124.64128278797511
0.05,10000000000,386,424,386->195->196->197->184->171->158->145->132->424,386->195->196->197->184->171->158->145->132->424,False,9,9,18931668.28721989,18585894.50846308,18585894.50846308,18931668.28721989,126.29849605636103,126.29849605636103
0.05,10000000000,424,386,424->132->145->158->171->184->197->196->195->386,424->132->145->158->171->184->197->196->195->386,False,9,9,18931668.28721989,19238890.516970664,19238890.516970664,18931668.28721989,126.29849605636103,126.29849605636103
0.05,10000000000,355,401,355->169->181->168->155->142->129->116->103->90->77->64->51->38->401,355->169->181->168->155->142->129->116->103->90->77->64->51->38->401,False,14,14,32082665.313418716,32174546.35602904,32174546.35602904,32082665.313418716,214.03250453631304,214.03250453631304
0.05,10000000000,401,355,401->38->51->64->77->90->103->116->129->142->155->168->181->169->355,401->38->51->64->77->90->103->116->129->142->155->168->181->169->355,False,14,14,32082665.313418712,32058573.39145084,32058573.39145084,32082665.313418712,214.032504536313,214.032504536313
0.05,10000000000,412,406,412->169->170->183->196->209->406,412->169->170->183->196->209->406,False,6,6,13114791.41125557,13067463.539850287,13067463.539850287,13114791.41125557,87.4924706161592,87.4924706161592
0.05,10000000000,406,412,406->209->196->183->170->169->412,406->209->196->183->170->169->412,False,6,6,13114791.41125557,13135281.469441576,13135281.469441576,13114791.41125557,87.4924706161592,87.4924706161592
0.05,10000000000,432,446,432->222->223->224->237->250->263->276->289->302->315->328->341->3->16->29->42->43->44->446,432->222->223->224->237->250->263->276->289->302->315->328->341->3->16->29->42->43->44->446,False,19,19,38358151.93222657,37838247.34373502,37838247.34373502,38358151.93222657,255.89804485492806,255.89804485492806
0.05,10000000000,446,432,446->44->43->42->29->16->3->341->328->315->302->289->276->263->250->237->224->223->222->432,446->44->43->42->29->16->3->341->328->315->302->289->276->263->250->237->224->223->222->432,False,19,19,38358151.93222657,38877801.69358784,38877801.69358784,38358151.93222657,255.89804485492806,255.89804485492806
0.05,10000000000,394,361,394->44->31->18->361,394->44->31->18->361,False,4,4,7223426.383665495,7198220.98493522,7198220.98493522,7223426.383665495,48.1895137179568,48.1895137179568
0.05,10000000000,361,394,361->18->31->44->394,361->18->31->44->394,False,4,4,7223426.383665495,7266269.261331575,7266269.261331575,7223426.383665495,48.1895137179568,48.1895137179568
0.05,10000000000,441,436,441->241->240->239->238->237->224->223->222->436,441->241->240->239->238->237->224->223->222->436,False,9,9,25603531.23752352,26533488.808728255,26533488.808728255,25603531.23752352,170.80837462244307,170.80837462244307
0.05,10000000000,436,441,436->222->223->224->237->238->239->240->241->441,436->222->223->224->237->238->239->240->241->441,False,9,9,25603531.23752352,24673311.59324596,24673311.59324596,25603531.23752352,170.80837462244307,170.80837462244307
0.05,10000000000,366,367,366->209->196->183->170->157->144->131->118->105->104->367,366->209->196->183->170->157->144->131->118->105->104->367,False,11,11,23943345.969727397,23943817.011507392,23943817.011507392,23943345.969727397,159.7328106881688,159.7328106881688
0.05,10000000000,367,366,367->104->105->118->131->144->157->170->183->196->209->366,367->104->105->118->131->144->157->170->183->196->209->366,False,11,11,23943345.969727393,23871020.20095953,23871020.20095953,23943345.969727393,159.73281068816877,159.73281068816877
0.05,10000000000,364,440,364->183->182->194->193->192->191->178->165->152->139->126->113->100->87->86->440,364->183->182->194->193->192->191->178->165->152->139->126->113->100->87->86->440,False,16,16,38404398.44118446,39310740.45894433,39310740.45894433,38404398.44118446,256.2065683532603,256.2065683532603
0.05,10000000000,440,364,440->86->87->100->113->126->139->152->165->178->191->192->193->194->182->183->364,440->86->87->100->113->126->139->152->165->178->191->192->193->194->182->183->364,False,16,16,38404398.44118446,37463487.27953505,37463487.27953505,38404398.44118446,256.2065683532603,256.2065683532603
0.05,20000000000,399,447,399->19->18->17->16->29->42->55->68->81->94->107->120->133->132->131->130->447,399->19->18->17->16->29->42->55->68->81->94->107->120->133->132->131->130->447,False,17,17,40137624.25490013,41371827.431371994,41371827.431371994,40137624.25490013,267.76940635978326,267.76940635978326
0.05,20000000000,447,399,447->130->131->132->133->120->107->94->81->68->55->42->29->16->17->18->19->399,447->130->131->132->133->120->107->94->81->68->55->42->29->16->17->18->19->399,False,17,17,40137624.25490013,38906476.6643149,38906476.6643149,40137624.25490013,267.76940635978326,267.76940635978326
0.05,20000000000,425,410,425->187->200->213->226->239->240->241->410,425->187->200->213->226->239->240->241->410,False,8,8,18675061.722605914,18417625.646951154,18417625.646951154,18675061.722605914,124.58660132541368,124.58660132541368
0.05,20000000000,410,425,410->241->240->239->226->213->200->187->425,410->241->240->239->226->213->200->187->425,False,8,8,18675061.72260591,18967234.362995334,18967234.362995334,18675061.72260591,124.58660132541365,124.58660132541365
0.05,20000000000,386,424,386->195->196->197->198->211->224->237->250->263->276->289->290->424,386->195->196->197->198->211->224->237->250->263->276->289->290->424,False,13,13,29223697.059503578,28715136.49145012,28715136.49145012,29223697.059503578,194.95952135996413,194.95952135996413
0.05,20000000000,424,386,424->290->289->276->263->250->237->224->211->198->197->196->195->386,424->290->289->276->263->250->237->224->211->198->197->196->195->386,False,13,13,29223697.059503585,29735009.684154674,29735009.684154674,29223697.059503585,194.95952135996419,194.95952135996419
0.05,20000000000,355,401,355->169->181->168->155->142->129->116->103->90->77->64->51->38->401,355->169->181->168->155->142->129->116->103->90->77->64->51->38->401,False,14,14,32135864.52890781,32226520.898728095,32226520.898728095,32135864.52890781,214.38741149991046,214.38741149991046
0.05,20000000000,401,355,401->38->51->64->77->90->103->116->129->142->155->168->181->169->355,401->38->51->64->77->90->103->116->129->142->155->168->181->169->355,False,14,14,32135864.528907813,32111403.00943688,32111403.00943688,32135864.528907813,214.38741149991048,214.38741149991048
0.05,20000000000,412,406,412->169->170->183->196->209->406,412->169->170->183->196->209->406,False,6,6,13020634.83801786,12973053.042882312,12973053.042882312,13020634.83801786,86.8643255729793,86.8643255729793
0.05,20000000000,406,412,406->209->196->183->170->169->412,406->209->196->183->170->169->412,False,6,6,13020634.838017862,13041194.811279742,13041194.811279742,13020634.838017862,86.86432557297931,86.86432557297931
0.05,20000000000,432,446,432->31->44->446,432->31->44->446,False,3,3,4686271.422872583,4620708.594951318,4620708.594951318,4686271.422872583,31.263437740468998,31.263437740468998
0.05,20000000000,446,432,446->44->31->432,446->44->31->432,False,3,3,4686271.422872583,4760584.606832843,4760584.606832843,4686271.422872583,31.263437740468998,31.263437740468998
0.05,20000000000,394,361,394->44->31->18->361,394->44->31->18->361,False,4,4,7235908.665898476,7210518.981483784,7210518.981483784,7235908.665898476,48.272786541537855,48.272786541537855
0.05,20000000000,361,394,361->18->31->44->394,361->18->31->44->394,False,4,4,7235908.665898476,7278790.304857165,7278790.304857165,7235908.665898476,48.272786541537855,48.272786541537855
0.05,20000000000,441,436,441->241->240->239->238->237->224->223->222->436,441->241->240->239->238->237->224->223->222->436,False,9,9,25613328.697322935,26543372.49914232,26543372.49914232,25613328.697322935,170.87373623870775,170.87373623870775
0.05,20000000000,436,441,436->222->223->224->237->238->239->240->241->441,436->222->223->224->237->238->239->240->241->441,False,9,9,25613328.697322935,24683209.219745204,24683209.219745204,25613328.697322935,170.87373623870775,170.87373623870775
0.05,20000000000,366,367,366->209->196->183->170->157->144->131->118->105->104->367,366->209->196->183->170->157->144->131->118->105->104->367,False,11,11,23841118.661882937,23841798.397658475,23841798.397658475,23841118.661882937,159.0508234992552,159.0508234992552
0.05,20000000000,367,366,367->104->105->118->131->144->157->170->183->196->209->366,367->104->105->118->131->144->157->170->183->196->209->366,False,11,11,23841118.66188294,23768086.203114532,23768086.203114532,23841118.66188294,159.0508234992552,159.0508234992552
0.05,20000000000,364,440,364->183->182->194->193->192->191->178->165->152->139->126->113->100->87->86->440,364->183->182->194->193->192->191->178->165->152->139->126->113->100->87->86->440,False,16,16,38431359.15828718,39338598.081753425,39338598.081753425,38431359.15828718,256.38643089738554,256.38643089738554
0.05,20000000000,440,364,440->86->87->100->113->126->139->152->165->178->191->192->193->194->182->183->364,440->86->87->100->113->126->139->152->165->178->191->192->193->194->182->183->364,False,16,16,38431359.15828718,37490914.44138069,37490914.44138069,38431359.15828718,256.38643089738554,256.38643089738554
0.05,30000000000,399,447,399->19->18->17->16->29->42->55->68->81->94->107->120->133->132->131->130->447,399->19->18->17->16->29->42->55->68->81->94->107->120->133->132->131->130->447,False,17,17,40199626.54533466,41434707.89026459,41434707.89026459,40199626.54533466,268.18304111796346,268.18304111796346
0.05,30000000000,447,399,447->130->131->132->133->120->107->94->81->68->55->42->29->16->17->18->19->399,447->130->131->132->133->120->107->94->81->68->55->42->29->16->17->18->19->399,False,17,17,40199626.54533466,38969309.92120107,38969309.92120107,40199626.54533466,268.18304111796346,268.18304111796346
0.05,30000000000,425,410,425->187->200->213->226->239->240->241->410,425->187->200->213->226->239->240->241->410,False,8,8,18673168.289909538,18415810.743201762,18415810.743201762,18673168.289909538,124.57396970212999,124.57396970212999
0.05,30000000000,410,425,410->241->240->239->226->213->200->187->425,410->241->240->239->226->213->200->187->425,False,8,8,18673168.289909538,18964961.683949433,18964961.683949433,18673168.289909538,124.57396970212999,124.57396970212999
0.05,30000000000,386,424,386->195->196->197->198->211->224->237->250->263->276->289->290->424,386->195->196->197->198->211->224->237->250->263->276->289->290->424,False,13,13,29199725.04158576,28691838.003253162,28691838.003253162,29199725.04158576,194.79959727062752,194.79959727062752
0.05,30000000000,424,386,424->290->289->276->263->250->237->224->211->198->197->196->195->386,424->290->289->276->263->250->237->224->211->198->197->196->195->386,False,13,13,29199725.041585762,29711682.675406422,29711682.675406422,29199725.041585762,194.79959727062754,194.79959727062754
0.05,30000000000,355,401,355->169->181->168->155->142->129->116->103->90->77->64->51->38->401,355->169->181->168->155->142->129->116->103->90->77->64->51->38->401,False,14,14,32193807.15821702,32283231.252580233,32283231.252580233,32193807.15821702,214.77396311428905,214.77396311428905
0.05,30000000000,401,355,401->38->51->64->77->90->103->116->129->142->155->168->181->169->355,401->38->51->64->77->90->103->116->129->142->155->168->181->169->355,False,14,14,32193807.158217024,32168953.378628653,32168953.378628653,32193807.158217024,214.77396311428905,214.77396311428905
0.05,30000000000,412,406,412->169->170->183->196->209->406,412->169->170->183->196->209->406,False,6,6,12931671.722315382,12883829.61039625,12883829.61039625,12931671.722315382,86.27082754907319,86.27082754907319
0.05,30000000000,406,412,406->209->196->183->170->169->412,406->209->196->183->170->169->412,False,6,6,12931671.722315382,12952317.41962533,12952317.41962533,12931671.722315382,86.27082754907319,86.27082754907319
0.05,30000000000,432,446,432->31->44->446,432->31->44->446,False,3,3,4655526.453046794,4589984.967405701,4589984.967405701,4655526.453046794,31.05832937963232,31.05832937963232
0.05,30000000000,446,432,446->44->31->432,446->44->31->432,False,3,3,4655526.453046794,4729746.124590008,4729746.124590008,4655526.453046794,31.05832937963232,31.05832937963232
0.05,30000000000,394,361,394->44->31->18->361,394->44->31->18->361,False,4,4,7254259.8898353595,7228688.39018474,7228688.39018474,7254259.8898353595,48.39521272970355,48.39521272970355
0.05,30000000000,361,394,361->18->31->44->394,361->18->31->44->394,False,4,4,7254259.8898353595,7297177.18312349,7297177.18312349,7254259.8898353595,48.39521272970355,48.39521272970355
0.05,30000000000,441,436,441->241->240->239->238->237->224->223->222->436,441->241->240->239->238->237->224->223->222->436,False,9,9,25630620.094049,26560749.052184194,26560749.052184194,25630620.094049,170.9890920207806,170.9890920207806
0.05,30000000000,436,441,436->222->223->224->237->238->239->240->241->441,436->222->223->224->237->238->239->240->241->441,False,9,9,25630620.094049,24700599.66026173,24700599.66026173,25630620.094049,170.9890920207806,170.9890920207806
0.05,30000000000,366,367,366->209->196->183->170->157->144->131->118->105->104->367,366->209->196->183->170->157->144->131->118->105->104->367,False,11,11,23745448.064263113,23746357.22616489,23746357.22616489,23745448.064263113,158.41257797261275,158.41257797261275
0.05,30000000000,367,366,367->104->105->118->131->144->157->170->183->196->209->366,367->104->105->118->131->144->157->170->183->196->209->366,False,11,11,23745448.064263117,23671717.286292017,23671717.286292017,23745448.064263117,158.41257797261275,158.41257797261275
0.05,30000000000,364,440,364->183->182->194->193->192->191->178->165->152->139->126->113->100->87->86->440,364->183->182->194->193->192->191->178->165->152->139->126->113->100->87->86->440,False,16,16,38464941.85976824,39373072.457278594,39373072.457278594,38464941.85976824,256.61047056606236,256.61047056606236
0.05,30000000000,440,364,440->86->87->100->113->126->139->152->165->178->191->192->193->194->182->183->364,440->86->87->100->113->126->139->152->165->178->191->192->193->194->182->183->364,False,16,16,38464941.859768234,37524977.90262987,37524977.90262987,38464941.859768234,256.6104705660623,256.6104705660623
0.05,40000000000,399,447,399->19->18->17->16->29->42->55->68->81->94->107->120->133->132->131->130->447,399->19->18->17->16->29->42->55->68->81->94->107->120->133->132->131->130->447,False,17,17,40268770.26817712,41504745.366423614,41504745.366423614,40268770.26817712,268.644318384935,268.644318384935
0.05,40000000000,447,399,447->130->131->132->133->120->107->94->81->68->55->42->29->16->17->18->19->399,447->130->131->132->133->120->107->94->81->68->55->42->29->16->17->18->19->399,False,17,17,40268770.268177114,39039264.202715605,39039264.202715605,40268770.268177114,268.64431838493493,268.64431838493493
0.05,40000000000,425,410,425->187->200->213->226->239->240->241->410,425->187->200->213->226->239->240->241->410,False,8,8,18677766.73676308,18420473.99378044,18420473.99378044,18677766.73676308,124.60464723741035,124.60464723741035
0.05,40000000000,410,425,410->241->240->239->226->213->200->187->425,410->241->240->239->226->213->200->187->425,False,8,8,18677766.73676308,18969180.917746786,18969180.917746786,18677766.73676308,124.60464723741035,124.60464723741035
0.05,40000000000,386,424,386->195->196->197->198->211->224->237->250->263->276->289->290->424,386->195->196->197->198->211->224->237->250->263->276->289->290->424,False,13,13,29183407.39420388,28676207.48059481,28676207.48059481,29183407.39420388,194.69073764493356,194.69073764493356
0.05,40000000000,424,386,424->290->289->276->263->250->237->224->211->198->197->196->195->386,424->290->289->276->263->250->237->224->211->198->197->196->195->386,False,13,13,29183407.394203883,29695996.426238023,29695996.426238023,29183407.394203883,194.69073764493356,194.69073764493356
0.05,40000000000,355,401,355->169->181->168->155->142->129->116->103->90->77->64->51->38->401,355->169->181->168->155->142->129->116->103->90->77->64->51->38->401,False,14,14,32256508.22774978,32344712.282699738,32344712.282699738,32256508.22774978,215.19225962482204,215.19225962482204
0.05,40000000000,401,355,401->38->51->64->77->90->103->116->129->142->155->168->181->169->355,401->38->51->64->77->90->103->116->129->142->155->168->181->169->355,False,14,14,32256508.227749784,32231234.26626398,32231234.26626398,32256508.227749784,215.19225962482207,215.19225962482207
0.05,40000000000,412,406,412->169->170->183->196->209->406,412->169->170->183->196->209->406,False,6,6,12848396.24311393,12800295.558293864,12800295.558293864,12848396.24311393,85.71527335163267,85.71527335163267
0.05,40000000000,406,412,406->209->196->183->170->169->412,406->209->196->183->170->169->412,False,6,6,12848396.24311393,12869134.715579249,12869134.715579249,12848396.24311393,85.71527335163267,85.71527335163267
0.05,40000000000,432,446,432->31->44->446,432->31->44->446,False,3,3,4631584.447231412,4566061.45201883,4566061.45201883,4631584.447231412,30.898605509491585,30.898605509491585
0.05,40000000000,446,432,446->44->31->432,446->44->31->432,False,3,3,4631584.447231412,4705698.431232858,4705698.431232858,4631584.447231412,30.898605509491585,30.898605509491585
0.05,40000000000,394,361,394->31->18->361,394->31->18->361,False,3,3,5161574.829526668,5061694.405294353,5061694.405294353,5161574.829526668,34.434320756172376,34.434320756172376
0.05,40000000000,361,394,361->18->31->394,361->18->31->394,False,3,3,5161574.829526668,5270048.666393028,5270048.666393028,5161574.829526668,34.434320756172376,34.434320756172376
0.05,40000000000,441,436,441->241->240->239->238->237->224->223->222->436,441->241->240->239->238->237->224->223->222->436,False,9,9,25655258.2287413,26585470.68702369,26585470.68702369,25655258.2287413,171.15345996290074,171.15345996290074
0.05,40000000000,436,441,436->222->223->224->237->238->239->240->241->441,436->222->223->224->237->238->239->240->241->441,False,9,9,25655258.228741303,24725338.369572617,24725338.369572617,25655258.228741303,171.15345996290077,171.15345996290077
0.05,40000000000,366,367,366->209->196->183->170->157->144->131->118->105->104->367,366->209->196->183->170->157->144->131->118->105->104->367,False,11,11,23656716.823321465,23657883.037264973,23657883.037264973,23656716.823321465,157.82062685060254,157.82062685060254
0.05,40000000000,367,366,367->104->105->118->131->144->157->170->183->196->209->366,367->104->105->118->131->144->157->170->183->196->209->366,False,11,11,23656716.823321458,23582291.95425149,23582291.95425149,23656716.823321458,157.82062685060248,157.82062685060248
0.05,40000000000,364,440,364->18->19->20->21->34->47->60->73->86->440,364->18->19->20->21->34->47->60->73->86->440,False,10,10,24020324.32305553,23645883.82735053,23645883.82735053,24020324.32305553,160.24635498372368,160.24635498372368
0.05,40000000000,440,364,440->86->73->60->47->34->21->20->19->18->364,440->86->73->60->47->34->21->20->19->18->364,False,10,10,24020324.32305553,24348063.27571114,24348063.27571114,24020324.32305553,160.24635498372368,160.24635498372368
0.05,50000000000,399,447,399->32->31->30->29->42->55->68->81->94->107->120->133->132->131->130->447,399->32->31->30->29->42->55->68->81->94->107->120->133->132->131->130->447,False,16,16,38228815.07289273,39365274.64906036,39365274.64906036,38228815.07289273,255.03520220573884,255.03520220573884
0.05,50000000000,447,399,447->130->131->132->133->120->107->94->81->68->55->42->29->30->31->32->399,447->130->131->132->133->120->107->94->81->68->55->42->29->30->31->32->399,False,16,16,38228815.07289274,37099604.294791155,37099604.294791155,38228815.07289274,255.0352022057389,255.0352022057389
0.05,50000000000,425,410,425->187->200->213->226->239->240->241->410,425->187->200->213->226->239->240->241->410,False,8,8,18689038.64730432,18431817.558573037,18431817.558573037,18689038.64730432,124.67984533022722,124.67984533022722
0.05,50000000000,410,425,410->241->240->239->226->213->200->187->425,410->241->240->239->226->213->200->187->425,False,8,8,18689038.647304315,18980061.219090566,18980061.219090566,18689038.647304315,124.6798453302272,124.6798453302272
0.05,50000000000,386,424,386->195->196->197->198->211->224->237->250->263->276->289->290->424,386->195->196->197->198->211->224->237->250->263->276->289->290->424,False,13,13,29174787.66537478,28668275.153807186,28668275.153807186,29174787.66537478,194.6332330039789,194.6332330039789
0.05,50000000000,424,386,424->290->289->276->263->250->237->224->211->198->197->196->195->386,424->290->289->276->263->250->237->224->211->198->197->196->195->386,False,13,13,29174787.66537478,29688007.400377,29688007.400377,29174787.66537478,194.6332330039789,194.6332330039789
0.05,50000000000,355,401,355->169->181->168->155->142->129->116->103->90->77->64->51->38->401,355->169->181->168->155->142->129->116->103->90->77->64->51->38->401,False,14,14,32323971.48970329,32410944.274256423,32410944.274256423,32323971.48970329,215.64232606347483,215.64232606347483
0.05,50000000000,401,355,401->38->51->64->77->90->103->116->129->142->155->168->181->169->355,401->38->51->64->77->90->103->116->129->142->155->168->181->169->355,False,14,14,32323971.489703294,32298259.578399446,32298259.578399446,32323971.489703294,215.64232606347483,215.64232606347483
0.05,50000000000,412,406,412->169->170->183->196->209->406,412->169->170->183->196->209->406,False,6,6,12771314.455748219,12722957.097059183,12722957.097059183,12771314.455748219,85.2010390184547,85.2010390184547
0.05,50000000000,406,412,406->209->196->183->170->169->412,406->209->196->183->170->169->412,False,6,6,12771314.455748219,12792156.144392727,12792156.144392727,12771314.455748219,85.2010390184547,85.2010390184547
0.05,50000000000,432,446,432->31->44->446,432->31->44->446,False,3,3,4614684.886427056,4549185.147462472,4549185.147462472,4614684.886427056,30.78586377531256,30.78586377531256
0.05,50000000000,446,432,446->44->31->432,446->44->31->432,False,3,3,4614684.886427056,4688695.293236253,4688695.293236253,4614684.886427056,30.78586377531256,30.78586377531256
0.05,50000000000,394,361,394->31->18->361,394->31->18->361,False,3,3,5120720.608229354,5020743.6872461345,5020743.6872461345,5120720.608229354,34.1617707289311,34.1617707289311
0.05,50000000000,361,394,361->18->31->394,361->18->31->394,False,3,3,5120720.608229354,5229198.563571071,5229198.563571071,5120720.608229354,34.1617707289311,34.1617707289311
0.05,50000000000,441,436,441->241->240->239->238->237->224->223->222->436,441->241->240->239->238->237->224->223->222->436,False,9,9,25687066.452633094,26617361.54448847,26617361.54448847,25687066.452633094,171.36566159134725,171.36566159134725
0.05,50000000000,436,441,436->222->223->224->237->238->239->240->241->441,436->222->223->224->237->238->239->240->241->441,False,9,9,25687066.452633098,24757251.043555997,24757251.043555997,25687066.452633098,171.36566159134728,171.36566159134728
0.05,50000000000,366,367,366->209->196->183->170->157->144->131->118->105->104->367,366->209->196->183->170->157->144->131->118->105->104->367,False,11,11,23575258.51766868,23576699.713904284,23576699.713904284,23575258.51766868,157.2771955301736,157.2771955301736
0.05,50000000000,367,366,367->104->105->118->131->144->157->170->183->196->209->366,367->104->105->118->131->144->157->170->183->196->209->366,False,11,11,23575258.51766868,23500149.746967953,23500149.746967953,23575258.51766868,157.2771955301736,157.2771955301736
0.05,50000000000,364,440,364->18->19->20->21->34->47->60->73->86->440,364->18->19->20->21->34->47->60->73->86->440,False,10,10,23989446.939080067,23614832.31819077,23614832.31819077,23989446.939080067,160.04036325076643,160.04036325076643
0.05,50000000000,440,364,440->86->73->60->47->34->21->20->19->18->364,440->86->73->60->47->34->21->20->19->18->364,False,10,10,23989446.93908007,24317558.530133683,24317558.530133683,23989446.93908007,160.04036325076643,160.04036325076643
0.05,60000000000,399,447,399->32->31->30->29->42->55->68->81->94->107->120->133->132->131->130->447,399->32->31->30->29->42->55->68->81->94->107->120->133->132->131->130->447,False,16,16,38224116.667908326,39361384.939941086,39361384.939941086,38224116.667908326,255.00385782158887,255.00385782158887
0.05,60000000000,447,399,447->130->131->132->133->120->107->94->81->68->55->42->29->30->31->32->399,447->130->131->132->133->120->107->94->81->68->55->42->29->30->31->32->399,False,16,16,38224116.66790832,37095607.74576743,37095607.74576743,38224116.66790832,255.0038578215888,255.0038578215888
0.05,60000000000,425,410,425->187->200->213->226->239->240->241->410,425->187->200->213->226->239->240->241->410,False,8,8,18707106.718581874,18449926.612493277,18449926.612493277,18707106.718581874,124.80038252718067,124.80038252718067
0.05,60000000000,410,425,410->241->240->239->226->213->200->187->425,410->241->240->239->226->213->200->187->425,False,8,8,18707106.718581874,18997742.461927895,18997742.461927895,18707106.718581874,124.80038252718067,124.80038252718067
0.05,60000000000,386,424,386->195->196->197->198->211->224->237->250->263->276->289->290->424,386->195->196->197->198->211->224->237->250->263->276->289->290->424,False,13,13,29173873.819517177,28668058.310749162,28668058.310749162,29173873.819517177,194.62713648064604,194.62713648064604
0.05,60000000000,424,386,424->290->289->276->263->250->237->224->211->198->197->196->195->386,424->290->289->276->263->250->237->224->211->198->197->196->195->386,False,13,13,29173873.81951717,29687709.328788683,29687709.328788683,29173873.81951717,194.62713648064602,194.62713648064602
0.05,60000000000,355,401,355->169->181->180->167->154->141->128->115->102->89->76->63->50->37->24->401,355->169->181->180->167->154->141->128->115->102->89->76->63->50->37->24->401,False,16,16,35319335.90222194,35528788.64186433,35528788.64186433,35319335.90222194,235.62524646448537,235.62524646448537
0.05,60000000000,401,355,401->24->37->50->63->76->89->102->115->128->141->154->167->180->181->169->355,401->24->37->50->63->76->89->102->115->128->141->154->167->180->181->169->355,False,16,16,35319335.90222193,35223931.24301173,35223931.24301173,35319335.90222193,235.62524646448531,235.62524646448531
0.05,60000000000,412,406,412->169->170->183->196->209->406,412->169->170->183->196->209->406,False,6,6,12700929.309901047,12652331.060990391,12652331.060990391,12700929.309901047,84.73147986865666,84.73147986865666
0.05,60000000000,406,412,406->209->196->183->170->169->412,406->209->196->183->170->169->412,False,6,6,12700929.30990105,12721864.831417583,12721864.831417583,12700929.30990105,84.73147986865666,84.73147986865666
0.05,60000000000,432,446,432->31->44->446,432->31->44->446,False,3,3,4605012.935684202,4539523.648244204,4539523.648244204,4605012.935684202,30.72133946534574,30.72133946534574
0.05,60000000000,446,432,446->44->31->432,446->44->31->432,False,3,3,4605012.935684202,4678922.872553781,4678922.872553781,4605012.935684202,30.72133946534574,30.72133946534574
0.05,60000000000,394,361,394->31->18->361,394->31->18->361,False,3,3,5086280.866977637,4986216.063755078,4986216.063755078,5086280.866977637,33.932013506341356,33.932013506341356
0.05,60000000000,361,394,361->18->31->394,361->18->31->394,False,3,3,5086280.866977637,5194769.519319536,5194769.519319536,5086280.866977637,33.932013506341356,33.932013506341356
0.05,60000000000,441,436,441->241->240->239->238->237->224->223->222->436,441->241->240->239->238->237->224->223->222->436,False,9,9,25725820.700796735,26656198.245818302,26656198.245818302,25725820.700796735,171.62420210582306,171.62420210582306
0.05,60000000000,436,441,436->222->223->224->237->238->239->240->241->441,436->222->223->224->237->238->239->240->241->441,False,9,9,25725820.70079674,24796108.648936242,24796108.648936242,25725820.70079674,171.6242021058231,171.6242021058231
0.05,60000000000,366,367,366->209->196->183->170->157->144->131->118->105->104->367,366->209->196->183->170->157->144->131->118->105->104->367,False,11,11,23501351.170769457,23503065.324131437,23503065.324131437,23501351.170769457,156.78413878423493,156.78413878423493
0.05,60000000000,367,366,367->104->105->118->131->144->157->170->183->196->209->366,367->104->105->118->131->144->157->170->183->196->209->366,False,11,11,23501351.170769453,23425583.150023606,23425583.150023606,23501351.170769453,156.7841387842349,156.7841387842349
0.05,60000000000,364,440,364->18->31->44->57->70->71->72->440,364->18->31->44->57->70->71->72->440,False,8,8,19047620.98912445,18790621.49102156,18790621.49102156,19047620.98912445,127.07204921829255,127.07204921829255
0.05,60000000000,440,364,440->72->71->70->57->44->31->18->364,440->72->71->70->57->44->31->18->364,False,8,8,19047620.989124447,19338261.208373357,19338261.208373357,19047620.989124447,127.07204921829252,127.07204921829252
0.05,70000000000,399,447,399->32->31->30->29->42->55->68->81->94->107->120->133->132->131->130->447,399->32->31->30->29->42->55->68->81->94->107->120->133->132->131->130->447,False,16,16,38225261.34659276,39363338.61331478,39363338.61331478,38225261.34659276,255.01149429578217,255.01149429578217
0.05,70000000000,447,399,447->130->131->132->133->120->107->94->81->68->55->42->29->30->31->32->399,447->130->131->132->133->120->107->94->81->68->55->42->29->30->31->32->399,False,16,16,38225261.346592754,37097447.62301549,37097447.62301549,38225261.346592754,255.01149429578211,255.01149429578211
0.05,70000000000,425,410,425->27->28->29->16->3->341->328->315->302->289->276->263->250->237->238->239->240->241->410,425->27->28->29->16->3->341->328->315->302->289->276->263->250->237->238->239->240->241->410,False,19,19,41714115.67750261,40548135.619395755,40548135.619395755,41714115.67750261,278.28662505914417,278.28662505914417
0.05,70000000000,410,425,410->241->240->239->238->237->250->263->276->289->302->315->328->341->3->16->29->28->27->425,410->241->240->239->238->237->250->263->276->289->302->315->328->341->3->16->29->28->27->425,False,19,19,41714115.67750262,42891906.01422873,42891906.01422873,41714115.67750262,278.28662505914417,278.28662505914417
0.05,70000000000,386,424,386->195->196->197->198->211->224->237->250->263->276->289->290->424,386->195->196->197->198->211->224->237->250->263->276->289->290->424,False,13,13,29180694.46705791,28675581.828550573,28675581.828550573,29180694.46705791,194.67263894315786,194.67263894315786
0.05,70000000000,424,386,424->290->289->276->263->250->237->224->211->198->197->196->195->386,424->290->289->276->263->250->237->224->211->198->197->196->195->386,False,13,13,29180694.467057906,29695141.111685626,29695141.111685626,29180694.467057906,194.67263894315784,194.67263894315784
0.05,70000000000,355,401,355->169->181->180->167->154->141->128->115->102->89->76->63->50->37->24->401,355->169->181->180->167->154->141->128->115->102->89->76->63->50->37->24->401,False,16,16,35382094.96677056,35590812.271691084,35590812.271691084,35382094.96677056,236.04392987611823,236.04392987611823
0.05,70000000000,401,355,401->24->37->50->63->76->89->102->115->128->141->154->167->180->181->169->355,401->24->37->50->63->76->89->102->115->128->141->154->167->180->181->169->355,False,16,16,35382094.96677056,35287411.22716527,35287411.22716527,35382094.96677056,236.04392987611823,236.04392987611823
0.05,70000000000,412,406,412->169->170->183->196->209->406,412->169->170->183->196->209->406,False,6,6,12637736.184481531,12588903.79509055,12588903.79509055,12637736.184481531,84.30990071459057,84.30990071459057
0.05,70000000000,406,412,406->209->196->183->170->169->412,406->209->196->183->170->169->412,False,6,6,12637736.184481533,12658783.256258331,12658783.256258331,12637736.184481533,84.30990071459057,84.30990071459057
0.05,70000000000,432,446,432->31->44->446,432->31->44->446,False,3,3,4602700.6064380035,4537228.262859615,4537228.262859615,4602700.6064380035,30.705913265089567,30.705913265089567
0.05,70000000000,446,432,446->44->31->432,446->44->31->432,False,3,3,4602700.6064380035,4676513.45377956,4676513.45377956,4602700.6064380035,30.705913265089567,30.705913265089567
0.05,70000000000,394,361,394->31->18->361,394->31->18->361,False,3,3,5058546.115710573,4958384.110978894,4958384.110978894,5058546.115710573,33.74698716210248,33.74698716210248
0.05,70000000000,361,394,361->18->31->394,361->18->31->394,False,3,3,5058546.115710573,5167033.83970605,5167033.83970605,5058546.115710573,33.74698716210248,33.74698716210248
0.05,70000000000,441,436,441->241->240->239->238->237->224->223->222->436,441->241->240->239->238->237->224->223->222->436,False,9,9,25771281.164490964,26701739.488715947,26701739.488715947,25771281.164490964,171.92748167461212,171.92748167461212
0.05,70000000000,436,441,436->222->223->224->237->238->239->240->241->441,436->222->223->224->237->238->239->240->241->441,False,9,9,25771281.164490968,24841673.828905515,24841673.828905515,25771281.164490968,171.92748167461215,171.92748167461215
0.05,70000000000,366,367,366->209->196->183->170->157->144->131->118->105->104->367,366->209->196->183->170->157->144->131->118->105->104->367,False,11,11,23435211.21998916,23437224.095328573,23437224.095328573,23435211.21998916,156.3429005274653,156.3429005274653
0.05,70000000000,367,366,367->104->105->118->131->144->157->170->183->196->209->366,367->104->105->118->131->144->157->170->183->196->209->366,False,11,11,23435211.21998916,23358797.423963424,23358797.423963424,23435211.21998916,156.3429005274653,156.3429005274653
0.05,70000000000,364,440,364->18->31->44->57->70->71->72->440,364->18->31->44->57->70->71->72->440,False,8,8,19018757.14352699,18761783.51903259,18761783.51903259,19018757.14352699,126.87949036747942,126.87949036747942
0.05,70000000000,440,364,440->72->71->70->57->44->31->18->364,440->72->71->70->57->44->31->18->364,False,8,8,19018757.143526994,19309008.15090447,19309008.15090447,19018757.143526994,126.87949036747945,126.87949036747945
0.05,80000000000,399,447,399->32->31->30->29->42->55->68->81->94->107->120->133->132->131->130->447,399->32->31->30->29->42->55->68->81->94->107->120->133->132->131->130->447,False,16,16,38232185.679628596,39371083.0779767,39371083.0779767,38232185.679628596,255.05768847346116,255.05768847346116
0.05,80000000000,447,399,447->130->131->132->133->120->107->94->81->68->55->42->29->30->31->32->399,447->130->131->132->133->120->107->94->81->68->55->42->29->30->31->32->399,False,16,16,38232185.679628596,37105049.53728846,37105049.53728846,38232185.679628596,255.05768847346116,255.05768847346116
0.05,80000000000,425,410,425->27->28->29->16->3->341->328->315->302->289->276->263->250->237->238->239->240->241->410,425->27->28->29->16->3->341->328->315->302->289->276->263->250->237->238->239->240->241->410,False,19,19,41665849.58239898,40500822.61391089,40500822.61391089,41665849.58239898,277.96462833230436,277.96462833230436
0.05,80000000000,410,425,410->241->240->239->238->237->250->263->276->289->302->315->328->341->3->16->29->28->27->425,410->241->240->239->238->237->250->263->276->289->302->315->328->341->3->16->29->28->27->425,False,19,19,41665849.58239897,42844752.144718535,42844752.144718535,41665849.58239897,277.9646283323043,277.9646283323043
0.05,80000000000,386,424,386->195->196->197->198->211->224->237->250->263->276->289->290->424,386->195->196->197->198->211->224->237->250->263->276->289->290->424,False,13,13,29195261.19947357,28690856.964008946,28690856.964008946,29195261.19947357,194.76981772152234,194.76981772152234
0.05,80000000000,424,386,424->290->289->276->263->250->237->224->211->198->197->196->195->386,424->290->289->276->263->250->237->224->211->198->197->196->195->386,False,13,13,29195261.199473564,29710301.804752793,29710301.804752793,29195261.199473564,194.7698177215223,194.7698177215223
0.05,80000000000,355,401,355->169->181->180->167->154->141->128->115->102->89->76->63->50->37->24->401,355->169->181->180->167->154->141->128->115->102->89->76->63->50->37->24->401,False,16,16,35452196.244294845,35660156.15354195,35660156.15354195,35452196.244294845,236.51159526031068,236.51159526031068
0.05,80000000000,401,355,401->24->37->50->63->76->89->102->115->128->141->154->167->180->181->169->355,401->24->37->50->63->76->89->102->115->128->141->154->167->180->181->169->355,False,16,16,35452196.244294845,35358209.41908717,35358209.41908717,35452196.244294845,236.51159526031068,236.51159526031068
0.05,80000000000,412,406,412->169->170->183->196->209->406,412->169->170->183->196->209->406,False,6,6,12582193.422101155,12533122.01705947,12533122.01705947,12582193.422101155,83.93935928902624,83.93935928902624
0.05,80000000000,406,412,406->209->196->183->170->169->412,406->209->196->183->170->169->412,False,6,6,12582193.422101155,12603354.69795026,12603354.69795026,12582193.422101155,83.93935928902624,83.93935928902624
0.05,80000000000,432,446,432->31->44->446,432->31->44->446,False,3,3,4607813.628614797,4542346.949836722,4542346.949836722,4607813.628614797,30.74002367741217,30.74002367741217
0.05,80000000000,446,432,446->44->31->432,446->44->31->432,False,3,3,4607813.628614797,4681515.28060016,4681515.28060016,4607813.628614797,30.74002367741217,30.74002367741217
0.05,80000000000,394,361,394->31->18->361,394->31->18->361,False,3,3,5037769.554665545,4937517.369699868,4937517.369699868,5037769.554665545,33.6083808663762,33.6083808663762
0.05,80000000000,361,394,361->18->31->394,361->18->31->394,False,3,3,5037769.554665545,5146258.056303557,5146258.056303557,5037769.554665545,33.6083808663762,33.6083808663762
0.05,80000000000,441,436,441->241->240->239->252->265->278->291->304->317->330->343->5->18->31->436,441->241->240->239->252->265->278->291->304->317->330->343->5->18->31->436,False,15,15,34058789.526489586,34638661.756535314,34638661.756535314,34058789.526489586,227.2157862389559,227.2157862389559
0.05,80000000000,436,441,436->31->18->5->343->330->317->304->291->278->265->252->239->240->241->441,436->31->18->5->343->330->317->304->291->278->265->252->239->240->241->441,False,15,15,34058789.526489586,33570262.648337506,33570262.648337506,34058789.526489586,227.2157862389559,227.2157862389559
0.05,80000000000,366,367,366->209->196->183->170->157->144->131->118->105->104->367,366->209->196->183->170->157->144->131->118->105->104->367,False,11,11,23376984.027592037,23379315.711670134,23379315.711670134,23376984.027592037,155.9544505125078,155.9544505125078
0.05,80000000000,367,366,367->104->105->118->131->144->157->170->183->196->209->366,367->104->105->118->131->144->157->170->183->196->209->366,False,11,11,23376984.02759204,23299925.24958321,23299925.24958321,23376984.02759204,155.95445051250783,155.95445051250783
0.05,80000000000,364,440,364->18->31->44->57->70->71->72->440,364->18->31->44->57->70->71->72->440,False,8,8,18995496.58892494,18738561.53055686,18738561.53055686,18995496.58892494,126.72431265048664,126.72431265048664
0.05,80000000000,440,364,440->72->71->70->57->44->31->18->364,440->72->71->70->57->44->31->18->364,False,8,8,18995496.58892494,19285347.48156589,19285347.48156589,18995496.58892494,126.72431265048664,126.72431265048664
0.05,90000000000,399,447,399->32->31->30->29->42->55->68->81->94->107->120->133->132->131->130->447,399->32->31->30->29->42->55->68->81->94->107->120->133->132->131->130->447,False,16,16,38244848.34964206,39384580.12556668,39384580.12556668,38244848.34964206,255.14216471477786,255.14216471477786
0.05,90000000000,447,399,447->130->131->132->133->120->107->94->81->68->55->42->29->30->31->32->399,447->130->131->132->133->120->107->94->81->68->55->42->29->30->31->32->399,False,16,16,38244848.34964205,37118368.83502841,37118368.83502841,38244848.34964205,255.1421647147778,255.1421647147778
0.05,90000000000,425,410,425->27->28->29->16->3->341->328->315->302->289->276->263->250->237->238->239->240->241->410,425->27->28->29->16->3->341->328->315->302->289->276->263->250->237->238->239->240->241->410,False,19,19,41626927.383664824,40462825.023512095,40462825.023512095,41626927.383664824,277.70496737222675,277.70496737222675
0.05,90000000000,410,425,410->241->240->239->238->237->250->263->276->289->302->315->328->341->3->16->29->28->27->425,410->241->240->239->238->237->250->263->276->289->302->315->328->341->3->16->29->28->27->425,False,19,19,41626927.383664824,42806960.57191117,42806960.57191117,41626927.383664824,277.70496737222675,277.70496737222675
0.05,90000000000,386,424,386->195->196->197->198->211->224->237->250->263->276->289->290->424,386->195->196->197->198->211->224->237->250->263->276->289->290->424,False,13,13,29217572.566231128,28713888.947062347,28713888.947062347,29217572.566231128,194.9186631388247,194.9186631388247
0.05,90000000000,424,386,424->290->289->276->263->250->237->224->211->198->197->196->195->386,424->290->289->276->263->250->237->224->211->198->197->196->195->386,False,13,13,29217572.566231124,29733188.7327561,29733188.7327561,29217572.566231124,194.91866313882468,194.91866313882468
0.05,90000000000,355,401,355->169->181->180->167->154->141->128->115->102->89->76->63->50->37->24->401,355->169->181->180->167->154->141->128->115->102->89->76->63->50->37->24->401,False,16,16,35529694.62896295,35736873.81302109,35736873.81302109,35529694.62896295,237.02860883153338,237.02860883153338
0.05,90000000000,401,355,401->24->37->50->63->76->89->102->115->128->141->154->167->180->181->169->355,401->24->37->50->63->76->89->102->115->128->141->154->167->180->181->169->355,False,16,16,35529694.62896294,35436381.6742478,35436381.6742478,35529694.62896294,237.02860883153332,237.02860883153332
0.05,90000000000,412,406,412->169->170->183->196->209->406,412->169->170->183->196->209->406,False,6,6,12534711.666045776,12485406.47127746,12485406.47127746,12534711.666045776,83.62259510908561,83.62259510908561
0.05,90000000000,406,412,406->209->196->183->170->169->412,406->209->196->183->170->169->412,False,6,6,12534711.666045774,12555997.368054198,12555997.368054198,12534711.666045774,83.6225951090856,83.6225951090856
0.05,90000000000,432,446,432->31->44->446,432->31->44->446,False,3,3,4620354.797521422,4554907.608942673,4554907.608942673,4620354.797521422,30.82368935059348,30.82368935059348
0.05,90000000000,446,432,446->44->31->432,446->44->31->432,False,3,3,4620354.797521422,4693947.728575281,4693947.728575281,4620354.797521422,30.82368935059348,30.82368935059348
0.05,90000000000,394,361,394->31->18->361,394->31->18->361,False,3,3,5024158.918740967,4923801.037612334,4923801.037612334,5024158.918740967,33.517580477231135,33.517580477231135
0.05,90000000000,361,394,361->18->31->394,361->18->31->394,False,3,3,5024158.918740967,5132649.467188918,5132649.467188918,5024158.918740967,33.517580477231135,33.517580477231135
0.05,90000000000,441,436,441->241->240->239->252->265->278->291->304->317->330->343->5->18->31->436,441->241->240->239->252->265->278->291->304->317->330->343->5->18->31->436,False,15,15,34162062.14199877,34742016.838047154,34742016.838047154,34162062.14199877,227.90474696997725,227.90474696997725
0.05,90000000000,436,441,436->31->18->5->343->330->317->304->291->278->265->252->239->240->241->441,436->31->18->5->343->330->317->304->291->278->265->252->239->240->241->441,False,15,15,34162062.14199875,33672422.945061535,33672422.945061535,34162062.14199875,227.90474696997717,227.90474696997717
0.05,90000000000,366,367,366->209->196->183->170->157->144->131->118->105->104->367,366->209->196->183->170->157->144->131->118->105->104->367,False,11,11,23326747.98364901,23329416.873041466,23329416.873041466,23326747.98364901,155.619311701624,155.619311701624
0.05,90000000000,367,366,367->104->105->118->131->144->157->170->183->196->209->366,367->104->105->118->131->144->157->170->183->196->209->366,False,11,11,23326747.983649015,23249058.923937984,23249058.923937984,23326747.983649015,155.619311701624,155.619311701624
0.05,90000000000,364,440,364->18->31->44->57->70->71->72->440,364->18->31->44->57->70->71->72->440,False,8,8,18978131.187620483,18721238.066653103,18721238.066653103,18978131.187620483,126.60846316300913,126.60846316300913
0.05,90000000000,440,364,440->72->71->70->57->44->31->18->364,440->72->71->70->57->44->31->18->364,False,8,8,18978131.187620483,19267561.48995343,19267561.48995343,18978131.187620483,126.60846316300913,126.60846316300913
0.05,100000000000,399,447,399->32->31->30->29->42->55->68->81->94->107->120->133->132->131->130->447,399->32->31->30->29->42->55->68->81->94->107->120->133->132->131->130->447,False,16,16,38263219.38488749,39403784.99259888,39403784.99259888,38263219.38488749,255.2647230697677,255.2647230697677
0.05,100000000000,447,399,447->130->131->132->133->120->107->94->81->68->55->42->29->30->31->32->399,447->130->131->132->133->120->107->94->81->68->55->42->29->30->31->32->399,False,16,16,38263219.38488749,37137396.24102407,37137396.24102407,38263219.38488749,255.2647230697677,255.2647230697677
0.05,100000000000,425,410,425->27->28->29->16->3->341->328->315->302->289->276->263->250->237->238->239->240->241->410,425->27->28->29->16->3->341->328->315->302->289->276->263->250->237->238->239->240->241->410,False,19,19,41597739.52879321,40434559.49074277,40434559.49074277,41597739.52879321,277.5102469642062,277.5102469642062
0.05,100000000000,410,425,410->241->240->239->238->237->250->263->276->289->302->315->328->341->3->16->29->28->27->425,410->241->240->239->238->237->250->263->276->289->302->315->328->341->3->16->29->28->27->425,False,19,19,41597739.5287932,42778903.68268299,42778903.68268299,41597739.5287932,277.5102469642062,277.5102469642062
0.05,100000000000,386,424,386->195->196->197->198->211->224->237->250->263->276->289->290->424,386->195->196->197->198->211->224->237->250->263->276->289->290->424,False,13,13,29247619.50600976,28744657.025694292,28744657.025694292,29247619.50600976,195.11911474443937,195.11911474443937
0.05,100000000000,424,386,424->290->289->276->263->250->237->224->211->198->197->196->195->386,424->290->289->276->263->250->237->224->211->198->197->196->195->386,False,13,13,29247619.50600976,29763812.45946817,29763812.45946817,29247619.50600976,195.11911474443937,195.11911474443937
0.05,100000000000,355,401,355->169->181->180->167->154->141->128->115->102->89->76->63->50->37->24->401,355->169->181->180->167->154->141->128->115->102->89->76->63->50->37->24->401,False,16,16,35614594.21982933,35820978.59441536,35820978.59441536,35614594.21982933,237.5949979357341,237.5949979357341
0.05,100000000000,401,355,401->24->37->50->63->76->89->102->115->128->141->154->167->180->181->169->355,401->24->37->50->63->76->89->102->115->128->141->154->167->180->181->169->355,False,16,16,35614594.21982933,35521929.58781419,35521929.58781419,35614594.21982933,237.5949979357341,237.5949979357341
0.05,100000000000,412,406,412->169->170->183->196->209->406,412->169->170->183->196->209->406,False,6,6,12495629.460857969,12446091.77202389,12446091.77202389,12495629.460857969,83.36186670084922,83.36186670084922
0.05,100000000000,406,412,406->209->196->183->170->169->412,406->209->196->183->170->169->412,False,6,6,12495629.460857969,12517047.614583043,12517047.614583043,12495629.460857969,83.36186670084922,83.36186670084922
0.05,100000000000,432,446,432->31->44->446,432->31->44->446,False,3,3,4640262.144766193,4574816.003088075,4574816.003088075,4640262.144766193,30.95649687602343,30.95649687602343
0.05,100000000000,446,432,446->44->31->432,446->44->31->432,False,3,3,4640262.144766193,4713749.4143765,4713749.4143765,4640262.144766193,30.95649687602343,30.95649687602343
0.05,100000000000,394,361,394->31->18->361,394->31->18->361,False,3,3,5017867.846125082,4917417.762073693,4917417.762073693,5017867.846125082,33.47561095833226,33.47561095833226
0.05,100000000000,361,394,361->18->31->394,361->18->31->394,False,3,3,5017867.846125082,5126354.95416588,5126354.95416588,5017867.846125082,33.47561095833226,33.47561095833226
0.05,100000000000,441,436,441->241->240->239->252->265->278->291->304->317->330->343->5->18->31->436,441->241->240->239->252->265->278->291->304->317->330->343->5->18->31->436,False,15,15,34271113.83593312,34851105.449273795,34851105.449273795,34271113.83593312,228.63226156231804,228.63226156231804
0.05,100000000000,436,441,436->31->18->5->343->330->317->304->291->278->265->252->239->240->241->441,436->31->18->5->343->330->317->304->291->278->265->252->239->240->241->441,False,15,15,34271113.83593311,33780390.66266388,33780390.66266388,34271113.83593311,228.63226156231798,228.63226156231798
0.05,100000000000,366,367,366->209->196->183->170->157->144->131->118->105->104->367,366->209->196->183->170->157->144->131->118->105->104->367,False,11,11,23284506.699976675,23287527.64841397,23287527.64841397,23284506.699976675,155.33750819026056,155.33750819026056
0.05,100000000000,367,366,367->104->105->118->131->144->157->170->183->196->209->366,367->104->105->118->131->144->157->170->183->196->209->366,False,11,11,23284506.699976675,23206202.423142612,23206202.423142612,23284506.699976675,155.33750819026056,155.33750819026056
0.05,100000000000,364,440,364->18->31->44->57->70->71->72->440,364->18->31->44->57->70->71->72->440,False,8,8,18966933.405299798,18710040.352184284,18710040.352184284,18966933.405299798,126.53375960044863,126.53375960044863
0.05,100000000000,440,364,440->72->71->70->57->44->31->18->364,440->72->71->70->57->44->31->18->364,False,8,8,18966933.405299798,19255968.80988202,19255968.80988202,18966933.405299798,126.53375960044863,126.53375960044863
0.05,110000000000,399,447,399->32->31->30->29->42->55->68->81->94->107->120->133->132->131->130->447,399->32->31->30->29->42->55->68->81->94->107->120->133->132->131->130->447,False,16,16,38287292.04074175,39428705.09728211,39428705.09728211,38287292.04074175,255.4253185431486,255.4253185431486
0.05,110000000000,447,399,447->130->131->132->133->120->107->94->81->68->55->42->29->30->31->32->399,447->130->131->132->133->120->107->94->81->68->55->42->29->30->31->32->399,False,16,16,38287292.04074175,37162107.12645772,37162107.12645772,38287292.04074175,255.4253185431486,255.4253185431486
0.05,110000000000,425,410,425->27->28->29->16->3->341->328->315->302->289->276->263->250->237->238->239->240->241->410,425->27->28->29->16->3->341->328->315->302->289->276->263->250->237->238->239->240->241->410,False,19,19,41578613.6911543,40416333.97735461,40416333.97735461,41578613.6911543,277.3826531096676,277.3826531096676
0.05,110000000000,410,425,410->241->240->239->238->237->250->263->276->289->302->315->328->341->3->16->29->28->27->425,410->241->240->239->238->237->250->263->276->289->302->315->328->341->3->16->29->28->27->425,False,19,19,41578613.69115431,42760925.8469188,42760925.8469188,41578613.69115431,277.3826531096677,277.3826531096677
0.05,110000000000,386,424,386->195->196->197->198->211->224->237->250->263->276->289->290->424,386->195->196->197->198->211->224->237->250->263->276->289->290->424,False,13,13,29285395.119633693,28783165.381410014,28783165.381410014,29285395.119633693,195.37112651201983,195.37112651201983
0.05,110000000000,424,386,424->290->289->276->263->250->237->224->211->198->197->196->195->386,424->290->289->276->263->250->237->224->211->198->197->196->195->386,False,13,13,29285395.119633704,29802147.61190511,29802147.61190511,29285395.119633704,195.37112651201988,195.37112651201988
0.05,110000000000,355,401,355->169->181->180->167->154->141->128->115->102->89->76->63->50->37->24->401,355->169->181->180->167->154->141->128->115->102->89->76->63->50->37->24->401,False,16,16,35706804.268836044,35912361.44632612,35912361.44632612,35706804.268836044,238.21015716703616,238.21015716703616
0.05,110000000000,401,355,401->24->37->50->63->76->89->102->115->128->141->154->167->180->181->169->355,401->24->37->50->63->76->89->102->115->128->141->154->167->180->181->169->355,False,16,16,35706804.26883604,35614774.516203694,35614774.516203694,35706804.26883604,238.2101571670361,238.2101571670361
0.05,110000000000,412,406,412->169->170->183->196->209->406,412->169->170->183->196->209->406,False,6,6,12465198.077652862,12415432.309436489,12415432.309436489,12465198.077652862,83.15885036476043,83.15885036476043
0.05,110000000000,406,412,406->209->196->183->170->169->412,406->209->196->183->170->169->412,False,6,6,12465198.07765286,12486758.938129582,12486758.938129582,12465198.07765286,83.15885036476041,83.15885036476041
0.05,110000000000,432,446,432->31->44->446,432->31->44->446,False,3,3,4667409.292861372,4601971.352734731,4601971.352734731,4667409.292861372,31.137603153855004,31.137603153855004
0.05,110000000000,446,432,446->44->31->432,446->44->31->432,False,3,3,4667409.292861372,4740777.038225858,4740777.038225858,4667409.292861372,31.137603153855004,31.137603153855004
0.05,110000000000,394,361,394->31->18->361,394->31->18->361,False,3,3,5018991.748230025,4918440.316459021,4918440.316459021,5018991.748230025,33.48310882610679,33.48310882610679
0.05,110000000000,361,394,361->18->31->394,361->18->31->394,False,3,3,5018991.748230025,5127471.143746419,5127471.143746419,5018991.748230025,33.48310882610679,33.48310882610679
0.05,110000000000,441,436,441->241->240->239->252->265->278->291->304->317->330->343->5->18->31->436,441->241->240->239->252->265->278->291->304->317->330->343->5->18->31->436,False,15,15,34385597.89678751,34965618.38088235,34965618.38088235,34385597.89678751,229.3960170057881,229.3960170057881
0.05,110000000000,436,441,436->31->18->5->343->330->317->304->291->278->265->252->239->240->241->441,436->31->18->5->343->330->317->304->291->278->265->252->239->240->241->441,False,15,15,34385597.89678751,33893760.854740396,33893760.854740396,34385597.89678751,229.3960170057881,229.3960170057881
0.05,110000000000,366,367,366->209->196->183->170->157->144->131->118->105->104->367,366->209->196->183->170->157->144->131->118->105->104->367,False,11,11,23250195.867659993,23253595.733922098,23253595.733922098,23250195.867659993,155.10861095551638,155.10861095551638
0.05,110000000000,367,366,367->104->105->118->131->144->157->170->183->196->209->366,367->104->105->118->131->144->157->170->183->196->209->366,False,11,11,23250195.867659993,23171282.31504322,23171282.31504322,23250195.867659993,155.10861095551638,155.10861095551638
0.05,110000000000,364,440,364->18->31->44->57->70->71->72->440,364->18->31->44->57->70->71->72->440,False,8,8,18962139.757729035,18705268.640275612,18705268.640275612,18962139.757729035,126.50177982615583,126.50177982615583
0.05,110000000000,440,364,440->72->71->70->57->44->31->18->364,440->72->71->70->57->44->31->18->364,False,8,8,18962139.757729035,19250749.155228097,19250749.155228097,18962139.757729035,126.50177982615583,126.50177982615583
0.1,0,399,447,399->19->18->17->16->29->42->55->68->81->94->107->120->133->132->131->130->447,399->19->20->21->22->35->48->61->74->87->100->113->126->139->140->141->142->130->447,True,17,18,40036604.01522177,41900809.509904884,42501539.85960945,43930134.65256021,267.095471862883,293.07031234628465
0.1,0,447,399,447->130->131->132->133->120->107->94->81->68->55->42->29->16->17->18->19->399,447->130->131->132->133->120->107->94->81->68->55->42->29->16->17->18->19->399,False,17,17,40036604.015221775,37570938.202515446,37570938.202515446,40036604.015221775,267.0954718628831,267.0954718628831
0.1,0,425,410,425->187->200->213->226->239->240->241->410,425->187->200->213->226->239->240->241->410,False,8,8,18697558.98184062,18182328.592467517,18182328.592467517,18697558.98184062,124.73668688383496,124.73668688383496
0.1,0,410,425,410->241->240->239->226->213->200->187->425,410->241->240->239->226->213->200->187->425,False,8,8,18697558.981840618,19283382.19323062,19283382.19323062,18697558.981840618,124.73668688383493,124.73668688383493
0.1,0,386,424,386->195->196->197->198->211->224->237->250->263->276->289->302->303->424,386->195->196->197->198->211->224->237->250->263->276->289->302->303->424,False,14,14,30747829.403975915,29579097.09561649,29579097.09561649,30747829.403975915,205.12743788888721,205.12743788888721
0.1,0,424,386,424->303->302->289->276->263->250->237->224->211->198->197->196->195->386,424->303->302->289->276->263->250->237->224->211->198->197->196->195->386,False,14,14,30747829.40397591,31916591.746110532,31916591.746110532,30747829.40397591,205.1274378888872,205.1274378888872
0.1,0,355,401,355->169->181->168->155->142->129->116->103->90->77->64->51->38->401,355->169->181->168->155->142->129->116->103->90->77->64->51->38->401,False,14,14,32034182.872998983,32220405.60896732,32220405.60896732,32034182.872998983,213.70906450888089,213.70906450888089
0.1,0,401,355,401->38->51->64->77->90->103->116->129->142->155->168->181->169->355,401->38->51->64->77->90->103->116->129->142->155->168->181->169->355,False,14,14,32034182.87299898,31986671.110428546,31986671.110428546,32034182.87299898,213.70906450888086,213.70906450888086
0.1,0,412,406,412->169->170->183->196->209->406,412->169->170->183->196->209->406,False,6,6,13213667.082365327,13119562.217292912,13119562.217292912,13213667.082365327,88.15209809157591,88.15209809157591
0.1,0,406,412,406->209->196->183->170->169->412,406->209->196->183->170->169->412,False,6,6,13213667.082365327,13254480.503843907,13254480.503843907,13213667.082365327,88.15209809157591,88.15209809157591
0.1,0,432,446,432->222->223->224->237->250->263->276->289->302->315->328->341->3->16->29->42->43->44->446,432->222->223->224->237->250->263->276->289->302->315->328->341->3->16->29->42->43->44->446,False,19,19,38360467.36273173,37318205.26026257,37318205.26026257,38360467.36273173,255.913491744557,255.913491744557
0.1,0,446,432,446->44->43->42->29->16->3->341->328->315->302->289->276->263->250->237->224->223->222->432,446->44->43->42->29->16->3->341->328->315->302->289->276->263->250->237->224->223->222->432,False,19,19,38360467.36273173,39397302.827877715,39397302.827877715,38360467.36273173,255.913491744557,255.913491744557
0.1,0,394,361,394->44->31->18->361,394->44->31->18->361,False,4,4,7216817.817853596,7166774.589147266,7166774.589147266,7216817.817853596,48.14542611244474,48.14542611244474
0.1,0,361,394,361->18->31->44->394,361->18->31->44->394,False,4,4,7216817.817853596,7302415.640164038,7302415.640164038,7216817.817853596,48.14542611244474,48.14542611244474
0.1,0,441,436,441->241->240->239->238->237->224->223->222->436,441->241->242->243->230->231->232->233->221->222->436,True,9,10,25601337.190057844,26549037.01372129,27461079.926736854,29155149.31984408,170.7937375132889,194.50222006481616
0.1,0,436,441,436->222->223->224->237->238->239->240->241->441,436->222->223->224->237->238->239->240->241->441,False,9,9,25601337.19005784,23740698.016737316,23740698.016737316,25601337.19005784,170.79373751328887,170.79373751328887
0.1,0,366,367,366->209->196->183->170->157->144->131->118->105->104->367,366->209->196->183->170->157->144->131->118->105->104->367,False,11,11,24051705.554096743,24052223.404161166,24052223.404161166,24051705.554096743,160.45570802249298,160.45570802249298
0.1,0,367,366,367->104->105->118->131->144->157->170->183->196->209->366,367->104->105->118->131->144->157->170->183->196->209->366,False,11,11,24051705.554096743,23908516.650014628,23908516.650014628,24051705.554096743,160.45570802249298,160.45570802249298
0.1,0,364,440,364->183->182->194->193->192->191->178->165->152->139->126->113->100->87->86->440,364->183->184->185->172->159->146->133->120->107->94->81->82->83->84->85->86->440,True,16,17,38384352.24990928,38990969.14818757,40195266.8557737,41599489.45896322,256.07283456016285,277.5219212416826
0.1,0,440,364,440->86->87->100->113->126->139->152->165->178->191->192->193->194->182->183->364,440->86->87->100->113->126->139->152->165->178->191->192->193->194->182->183->364,False,16,16,38384352.24990928,36501598.60570962,36501598.60570962,38384352.24990928,256.07283456016285,256.07283456016285
0.1,10000000000,399,447,399->19->18->17->16->29->42->55->68->81->94->107->120->133->132->131->130->447,399->19->20->21->22->35->48->61->74->87->100->113->126->139->140->141->142->130->447,True,17,18,40083167.40738172,41915222.3783706,42549831.73979155,43943495.7920799,267.4061093783868,293.15944827457866
0.1,10000000000,447,399,447->130->131->132->133->120->107->94->81->68->55->42->29->16->17->18->19->399,447->130->131->132->133->120->107->94->81->68->55->42->29->16->17->18->19->399,False,17,17,40083167.40738173,37619202.0180797,37619202.0180797,40083167.40738173,267.4061093783869,267.4061093783869
0.1,10000000000,425,410,425->187->200->213->226->239->240->241->410,425->187->200->213->226->239->240->241->410,False,8,8,18683258.267640077,18168214.74856528,18168214.74856528,18683258.267640077,124.64128278797511,124.64128278797511
0.1,10000000000,410,425,410->241->240->239->226->213->200->187->425,410->241->240->239->226->213->200->187->425,False,8,8,18683258.267640077,19268342.669846438,19268342.669846438,18683258.267640077,124.64128278797511,124.64128278797511
0.1,10000000000,386,424,386->195->196->197->184->171->158->145->132->424,386->195->196->197->184->171->158->145->132->424,False,9,9,18931668.28721989,18240120.72970628,18240120.72970628,18931668.28721989,126.29849605636103,126.29849605636103
0.1,10000000000,424,386,424->132->145->158->171->184->197->196->195->386,424->132->145->158->171->184->197->196->195->386,False,9,9,18931668.28721989,19546112.74672144,19546112.74672144,18931668.28721989,126.29849605636103,126.29849605636103
0.1,10000000000,355,401,355->169->181->168->155->142->129->116->103->90->77->64->51->38->401,355->169->181->168->155->142->129->116->103->90->77->64->51->38->401,False,14,14,32082665.313418716,32266427.398639385,32266427.398639385,32082665.313418716,214.03250453631304,214.03250453631304
0.1,10000000000,401,355,401->38->51->64->77->90->103->116->129->142->155->168->181->169->355,401->38->51->64->77->90->103->116->129->142->155->168->181->169->355,False,14,14,32082665.313418712,32034481.469482962,32034481.469482962,32082665.313418712,214.032504536313,214.032504536313
0.1,10000000000,412,406,412->169->170->183->196->209->406,412->169->170->183->196->209->406,False,6,6,13114791.41125557,13020135.66844501,13020135.66844501,13114791.41125557,87.4924706161592,87.4924706161592
0.1,10000000000,406,412,406->209->196->183->170->169->412,406->209->196->183->170->169->412,False,6,6,13114791.41125557,13155771.527627582,13155771.527627582,13114791.41125557,87.4924706161592,87.4924706161592
0.1,10000000000,432,446,432->222->223->224->237->250->263->276->289->302->315->328->341->3->16->29->42->43->44->446,432->222->223->224->237->250->263->276->289->302->315->328->341->3->16->29->42->43->44->446,False,19,19,38358151.93222657,37318342.75524347,37318342.75524347,38358151.93222657,255.89804485492806,255.89804485492806
0.1,10000000000,446,432,446->44->43->42->29->16->3->341->328->315->302->289->276->263->250->237->224->223->222->432,446->44->43->42->29->16->3->341->328->315->302->289->276->263->250->237->224->223->222->432,False,19,19,38358151.93222657,39397451.4549491,39397451.4549491,38358151.93222657,255.89804485492806,255.89804485492806
0.1,10000000000,394,361,394->44->31->18->361,394->44->31->18->361,False,4,4,7223426.383665495,7173015.586204947,7173015.586204947,7223426.383665495,48.1895137179568,48.1895137179568
0.1,10000000000,361,394,361->18->31->44->394,361->18->31->44->394,False,4,4,7223426.383665495,7309112.138997655,7309112.138997655,7223426.383665495,48.1895137179568,48.1895137179568
0.1,10000000000,441,436,441->241->240->239->238->237->224->223->222->436,441->241->242->243->230->231->232->233->221->222->436,True,9,10,25603531.23752352,26548332.569765765,27463446.379932996,29154228.8057323,170.80837462244307,194.4960790556799
0.1,10000000000,436,441,436->222->223->224->237->238->239->240->241->441,436->222->223->224->237->238->239->240->241->441,False,9,9,25603531.23752352,23743091.948968403,23743091.948968403,25603531.23752352,170.80837462244307,170.80837462244307
0.1,10000000000,366,367,366->209->196->183->170->157->144->131->118->105->104->367,366->209->196->183->170->157->144->131->118->105->104->367,False,11,11,23943345.969727397,23944288.053287387,23944288.053287387,23943345.969727397,159.7328106881688,159.7328106881688
0.1,10000000000,367,366,367->104->105->118->131->144->157->170->183->196->209->366,367->104->105->118->131->144->157->170->183->196->209->366,False,11,11,23943345.969727393,23798694.432191666,23798694.432191666,23943345.969727393,159.73281068816877,159.73281068816877
0.1,10000000000,364,440,364->183->182->194->193->192->191->178->165->152->139->126->113->100->87->86->440,364->183->184->185->172->159->146->133->120->107->94->81->82->83->84->85->86->440,True,16,17,38404398.44118446,39042306.75348847,40217082.4767042,41649322.785247155,256.2065683532603,277.8543734095349
0.1,10000000000,440,364,440->86->87->100->113->126->139->152->165->178->191->192->193->194->182->183->364,440->86->87->100->113->126->139->152->165->178->191->192->193->194->182->183->364,False,16,16,38404398.44118446,36522576.117885634,36522576.117885634,38404398.44118446,256.2065683532603,256.2065683532603
0.1,20000000000,399,447,399->19->18->17->16->29->42->55->68->81->94->107->120->133->132->131->130->447,399->19->20->21->22->35->48->61->74->87->100->113->126->139->140->141->142->130->447,True,17,18,40137624.25490013,41937299.6407863,42606030.60784386,43964519.98629482,267.76940635978326,293.2997066009901
0.1,20000000000,447,399,447->130->131->132->133->120->107->94->81->68->55->42->29->16->17->18->19->399,447->130->131->132->133->120->107->94->81->68->55->42->29->16->17->18->19->399,False,17,17,40137624.25490013,37675329.07372967,37675329.07372967,40137624.25490013,267.76940635978326,267.76940635978326
0.1,20000000000,425,410,425->187->200->213->226->239->240->241->410,425->187->200->213->226->239->240->241->410,False,8,8,18675061.722605914,18160189.571296394,18160189.571296394,18675061.722605914,124.58660132541368,124.58660132541368
0.1,20000000000,410,425,410->241->240->239->226->213->200->187->425,410->241->240->239->226->213->200->187->425,False,8,8,18675061.72260591,19259407.00338475,19259407.00338475,18675061.72260591,124.58660132541365,124.58660132541365
0.1,20000000000,386,424,386->195->196->197->198->211->224->237->250->263->276->289->290->424,386->195->196->197->198->211->224->237->250->263->276->289->290->424,False,13,13,29223697.059503578,28206575.923396666,28206575.923396666,29223697.059503578,194.95952135996413,194.95952135996413
0.1,20000000000,424,386,424->290->289->276->263->250->237->224->211->198->197->196->195->386,424->290->289->276->263->250->237->224->211->198->197->196->195->386,False,13,13,29223697.059503585,30246322.30880577,30246322.30880577,29223697.059503585,194.95952135996419,194.95952135996419
0.1,20000000000,355,401,355->169->181->168->155->142->129->116->103->90->77->64->51->38->401,355->169->181->168->155->142->129->116->103->90->77->64->51->38->401,False,14,14,32135864.52890781,32317177.26854839,32317177.26854839,32135864.52890781,214.38741149991046,214.38741149991046
0.1,20000000000,401,355,401->38->51->64->77->90->103->116->129->142->155->168->181->169->355,401->38->51->64->77->90->103->116->129->142->155->168->181->169->355,False,14,14,32135864.528907813,32086941.48996593,32086941.48996593,32135864.528907813,214.38741149991048,214.38741149991048
0.1,20000000000,412,406,412->169->170->183->196->209->406,412->169->170->183->196->209->406,False,6,6,13020634.83801786,12925471.247746762,12925471.247746762,13020634.83801786,86.8643255729793,86.8643255729793
0.1,20000000000,406,412,406->209->196->183->170->169->412,406->209->196->183->170->169->412,False,6,6,13020634.838017862,13061754.784541626,13061754.784541626,13020634.838017862,86.86432557297931,86.86432557297931
0.1,20000000000,432,446,432->31->44->446,432->31->44->446,False,3,3,4686271.422872583,4555145.767030052,4555145.767030052,4686271.422872583,31.263437740468998,31.263437740468998
0.1,20000000000,446,432,446->44->31->432,446->44->31->432,False,3,3,4686271.422872583,4834897.790793102,4834897.790793102,4686271.422872583,31.263437740468998,31.263437740468998
0.1,20000000000,394,361,394->44->31->18->361,394->44->31->18->361,False,4,4,7235908.665898476,7185129.297069091,7185129.297069091,7235908.665898476,48.272786541537855,48.272786541537855
0.1,20000000000,361,394,361->18->31->44->394,361->18->31->44->394,False,4,4,7235908.665898476,7321671.943815852,7321671.943815852,7235908.665898476,48.272786541537855,48.272786541537855
0.1,20000000000,441,436,441->241->240->239->238->237->224->223->222->436,441->241->242->243->230->231->232->233->221->222->436,True,9,10,25613328.697322935,26555207.534094222,27473416.300961703,29160891.62293141,170.87373623870775,194.54052858748975
0.1,20000000000,436,441,436->222->223->224->237->238->239->240->241->441,436->222->223->224->237->238->239->240->241->441,False,9,9,25613328.697322935,23753089.742167477,23753089.742167477,25613328.697322935,170.87373623870775,170.87373623870775
0.1,20000000000,366,367,366->209->196->183->170->157->144->131->118->105->104->367,366->209->196->183->170->157->144->131->118->105->104->367,False,11,11,23841118.661882937,23842478.13343402,23842478.13343402,23841118.661882937,159.0508234992552,159.0508234992552
0.1,20000000000,367,366,367->104->105->118->131->144->157->170->183->196->209->366,367->104->105->118->131->144->157->170->183->196->209->366,False,11,11,23841118.66188294,23695053.744346123,23695053.744346123,23841118.66188294,159.0508234992552,159.0508234992552
0.1,20000000000,364,440,364->183->182->194->193->192->191->178->165->152->139->126->113->100->87->86->440,364->183->184->185->172->159->146->133->120->107->94->81->82->83->84->85->86->440,True,16,17,38431359.15828718,39100778.91527222,40245837.005219676,41706293.90749156,256.38643089738554,278.2344438264124
0.1,20000000000,440,364,440->86->87->100->113->126->139->152->165->178->191->192->193->194->182->183->364,440->86->87->100->113->126->139->152->165->178->191->192->193->194->182->183->364,False,16,16,38431359.15828718,36550469.72447418,36550469.72447418,38431359.15828718,256.38643089738554,256.38643089738554
0.1,30000000000,399,447,399->19->18->17->16->29->42->55->68->81->94->107->120->133->132->131->130->447,399->19->20->21->22->35->48->61->74->87->100->113->126->139->140->141->142->130->447,True,17,18,40199626.54533466,41966724.66165368,42669789.23519452,43992847.40235145,268.18304111796346,293.4886867791147
0.1,30000000000,447,399,447->130->131->132->133->120->107->94->81->68->55->42->29->16->17->18->19->399,447->130->131->132->133->120->107->94->81->68->55->42->29->16->17->18->19->399,False,17,17,40199626.54533466,37738993.29706749,37738993.29706749,40199626.54533466,268.18304111796346,268.18304111796346
0.1,30000000000,425,410,425->187->200->213->226->239->240->241->410,425->187->200->213->226->239->240->241->410,False,8,8,18673168.289909538,18158453.19649398,18158453.19649398,18673168.289909538,124.57396970212999,124.57396970212999
0.1,30000000000,410,425,410->241->240->239->226->213->200->187->425,410->241->240->239->226->213->200->187->425,False,8,8,18673168.289909538,19256755.077989325,19256755.077989325,18673168.289909538,124.57396970212999,124.57396970212999
0.1,30000000000,386,424,386->195->196->197->198->211->224->237->250->263->276->289->290->424,386->195->196->197->198->211->224->237->250->263->276->289->290->424,False,13,13,29199725.04158576,28183950.96492057,28183950.96492057,29199725.04158576,194.79959727062752,194.79959727062752
0.1,30000000000,424,386,424->290->289->276->263->250->237->224->211->198->197->196->195->386,424->290->289->276->263->250->237->224->211->198->197->196->195->386,False,13,13,29199725.041585762,30223640.309227087,30223640.309227087,29199725.041585762,194.79959727062754,194.79959727062754
0.1,30000000000,355,401,355->169->181->168->155->142->129->116->103->90->77->64->51->38->401,355->169->181->168->155->142->129->116->103->90->77->64->51->38->401,False,14,14,32193807.15821702,32372655.346943438,32372655.346943438,32193807.15821702,214.77396311428905,214.77396311428905
0.1,30000000000,401,355,401->38->51->64->77->90->103->116->129->142->155->168->181->169->355,401->38->51->64->77->90->103->116->129->142->155->168->181->169->355,False,14,14,32193807.158217024,32144099.599040277,32144099.599040277,32193807.158217024,214.77396311428905,214.77396311428905
0.1,30000000000,412,406,412->169->170->183->196->209->406,412->169->170->183->196->209->406,False,6,6,12931671.722315382,12835987.49847712,12835987.49847712,12931671.722315382,86.27082754907319,86.27082754907319
0.1,30000000000,406,412,406->209->196->183->170->169->412,406->209->196->183->170->169->412,False,6,6,12931671.722315382,12972963.116935283,12972963.116935283,12931671.722315382,86.27082754907319,86.27082754907319
0.1,30000000000,432,446,432->31->44->446,432->31->44->446,False,3,3,4655526.453046794,4524443.481764608,4524443.481764608,4655526.453046794,31.05832937963232,31.05832937963232
0.1,30000000000,446,432,446->44->31->432,446->44->31->432,False,3,3,4655526.453046794,4803965.796133221,4803965.796133221,4655526.453046794,31.05832937963232,31.05832937963232
0.1,30000000000,394,361,394->44->31->18->361,394->44->31->18->361,False,4,4,7254259.8898353595,7203116.89053412,7203116.89053412,7254259.8898353595,48.39521272970355,48.39521272970355
0.1,30000000000,361,394,361->18->31->44->394,361->18->31->44->394,False,4,4,7254259.8898353595,7340094.47641162,7340094.47641162,7254259.8898353595,48.39521272970355,48.39521272970355
0.1,30000000000,441,436,441->241->240->239->238->237->224->223->222->436,441->241->242->243->230->231->232->233->221->222->436,True,9,10,25630620.094049,26569572.67464771,27490878.01031939,29175032.810592808,170.9890920207806,194.63486843683577
0.1,30000000000,436,441,436->222->223->224->237->238->239->240->241->441,436->222->223->224->237->238->239->240->241->441,False,9,9,25630620.094049,23770579.22647446,23770579.22647446,25630620.094049,170.9890920207806,170.9890920207806
0.1,30000000000,366,367,366->209->196->183->170->157->144->131->118->105->104->367,366->209->196->183->170->157->144->131->118->105->104->367,False,11,11,23745448.064263113,23747266.388066668,23747266.388066668,23745448.064263113,158.41257797261275,158.41257797261275
0.1,30000000000,367,366,367->104->105->118->131->144->157->170->183->196->209->366,367->104->105->118->131->144->157->170->183->196->209->366,False,11,11,23745448.064263117,23597986.50832092,23597986.50832092,23745448.064263117,158.41257797261275,158.41257797261275
0.1,30000000000,364,440,364->183->182->194->193->192->191->178->165->152->139->126->113->100->87->86->440,364->183->184->185->172->159->146->133->120->107->94->81->82->83->84->85->86->440,True,16,17,38464941.85976824,39166056.9042714,40281203.054788955,41770099.4488233,256.61047056606236,278.6601085796715
0.1,30000000000,440,364,440->86->87->100->113->126->139->152->165->178->191->192->193->194->182->183->364,440->86->87->100->113->126->139->152->165->178->191->192->193->194->182->183->364,False,16,16,38464941.859768234,36585013.94549151,36585013.94549151,38464941.859768234,256.6104705660623,256.6104705660623
0.1,40000000000,399,447,399->19->18->17->16->29->42->55->68->81->94->107->120->133->132->131->130->447,399->19->20->21->22->35->48->61->74->87->100->113->126->139->140->141->142->130->447,True,17,18,40268770.26817712,42003138.23832218,42740720.46467012,44028122.8854357,268.644318384935,293.72401947106823
0.1,40000000000,447,399,447->130->131->132->133->120->107->94->81->68->55->42->29->16->17->18->19->399,447->130->131->132->133->120->107->94->81->68->55->42->29->16->17->18->19->399,False,17,17,40268770.268177114,37809758.137254104,37809758.137254104,40268770.268177114,268.64431838493493,268.64431838493493
0.1,40000000000,425,410,425->187->200->213->226->239->240->241->410,425->187->200->213->226->239->240->241->410,False,8,8,18677766.73676308,18163181.25079781,18163181.25079781,18677766.73676308,124.60464723741035,124.60464723741035
0.1,40000000000,410,425,410->241->240->239->226->213->200->187->425,410->241->240->239->226->213->200->187->425,False,8,8,18677766.73676308,19260595.0987305,19260595.0987305,18677766.73676308,124.60464723741035,124.60464723741035
0.1,40000000000,386,424,386->195->196->197->198->211->224->237->250->263->276->289->290->424,386->195->196->197->198->211->224->237->250->263->276->289->290->424,False,13,13,29183407.39420388,28169007.566985734,28169007.566985734,29183407.39420388,194.69073764493356,194.69073764493356
0.1,40000000000,424,386,424->290->289->276->263->250->237->224->211->198->197->196->195->386,424->290->289->276->263->250->237->224->211->198->197->196->195->386,False,13,13,29183407.394203883,30208585.458272167,30208585.458272167,29183407.394203883,194.69073764493356,194.69073764493356
0.1,40000000000,355,401,355->169->181->168->155->142->129->116->103->90->77->64->51->38->401,355->169->181->168->155->142->129->116->103->90->77->64->51->38->401,False,14,14,32256508.22774978,32432916.337649688,32432916.337649688,32256508.22774978,215.19225962482204,215.19225962482204
0.1,40000000000,401,355,401->38->51->64->77->90->103->116->129->142->155->168->181->169->355,401->38->51->64->77->90->103->116->129->142->155->168->181->169->355,False,14,14,32256508.227749784,32205960.304778174,32205960.304778174,32256508.227749784,215.19225962482207,215.19225962482207
0.1,40000000000,412,406,412->169->170->183->196->209->406,412->169->170->183->196->209->406,False,6,6,12848396.24311393,12752194.873473795,12752194.873473795,12848396.24311393,85.71527335163267,85.71527335163267
0.1,40000000000,406,412,406->209->196->183->170->169->412,406->209->196->183->170->169->412,False,6,6,12848396.24311393,12889873.188044569,12889873.188044569,12848396.24311393,85.71527335163267,85.71527335163267
0.1,40000000000,432,446,432->31->44->446,432->31->44->446,False,3,3,4631584.447231412,4500538.456806248,4500538.456806248,4631584.447231412,30.898605509491585,30.898605509491585
0.1,40000000000,446,432,446->44->31->432,446->44->31->432,False,3,3,4631584.447231412,4779812.415234303,4779812.415234303,4631584.447231412,30.898605509491585,30.898605509491585
0.1,40000000000,394,361,394->31->18->361,394->31->18->361,False,3,3,5161574.829526668,4961813.981062036,4961813.981062036,5161574.829526668,34.434320756172376,34.434320756172376
0.1,40000000000,361,394,361->18->31->394,361->18->31->394,False,3,3,5161574.829526668,5378522.503259387,5378522.503259387,5161574.829526668,34.434320756172376,34.434320756172376
0.1,40000000000,441,436,441->241->240->239->238->237->224->223->222->436,441->241->242->243->230->231->232->233->221->222->436,True,9,10,25655258.2287413,26591262.111633442,27515683.145306088,29196507.410528988,171.15345996290074,194.77813154678486
0.1,40000000000,436,441,436->222->223->224->237->238->239->240->241->441,436->222->223->224->237->238->239->240->241->441,False,9,9,25655258.228741303,23795418.510403935,23795418.510403935,25655258.228741303,171.15345996290077,171.15345996290077
0.1,40000000000,366,367,366->209->196->183->170->157->144->131->118->105->104->367,366->209->196->183->170->157->144->131->118->105->104->367,False,11,11,23656716.823321465,23659049.251208484,23659049.251208484,23656716.823321465,157.82062685060254,157.82062685060254
0.1,40000000000,367,366,367->104->105->118->131->144->157->170->183->196->209->366,367->104->105->118->131->144->157->170->183->196->209->366,False,11,11,23656716.823321458,23507867.085181516,23507867.085181516,23656716.823321458,157.82062685060248,157.82062685060248
0.1,40000000000,364,440,364->18->19->20->21->34->47->60->73->86->440,364->18->19->20->21->34->47->60->73->86->440,False,10,10,24020324.32305553,23271443.33164553,23271443.33164553,24020324.32305553,160.24635498372368,160.24635498372368
0.1,40000000000,440,364,440->86->73->60->47->34->21->20->19->18->364,440->86->73->60->47->34->21->20->19->18->364,False,10,10,24020324.32305553,24675802.228366747,24675802.228366747,24020324.32305553,160.24635498372368,160.24635498372368
0.1,50000000000,399,447,399->32->31->30->29->42->55->68->81->94->107->120->133->132->131->130->447,399->32->33->34->35->48->61->74->87->100->113->126->139->140->141->142->130->447,True,16,17,38228815.07289273,39715423.623304695,40501734.22522799,41936045.336210005,255.03520220573884,279.7671803752315
0.1,50000000000,447,399,447->130->131->132->133->120->107->94->81->68->55->42->29->30->31->32->399,447->130->131->132->133->120->107->94->81->68->55->42->29->30->31->32->399,False,16,16,38228815.07289274,35970393.51668957,35970393.51668957,38228815.07289274,255.0352022057389,255.0352022057389
0.1,50000000000,425,410,425->187->200->213->226->239->240->241->410,425->187->200->213->226->239->240->241->410,False,8,8,18689038.64730432,18174596.46984176,18174596.46984176,18689038.64730432,124.67984533022722,124.67984533022722
0.1,50000000000,410,425,410->241->240->239->226->213->200->187->425,410->241->240->239->226->213->200->187->425,False,8,8,18689038.647304315,19271083.79087682,19271083.79087682,18689038.647304315,124.6798453302272,124.6798453302272
0.1,50000000000,386,424,386->195->196->197->198->211->224->237->250->263->276->289->290->424,386->195->196->197->198->211->224->237->250->263->276->289->290->424,False,13,13,29174787.66537478,28161762.642239593,28161762.642239593,29174787.66537478,194.6332330039789,194.6332330039789
0.1,50000000000,424,386,424->290->289->276->263->250->237->224->211->198->197->196->195->386,424->290->289->276->263->250->237->224->211->198->197->196->195->386,False,13,13,29174787.66537478,30201227.135379225,30201227.135379225,29174787.66537478,194.6332330039789,194.6332330039789
0.1,50000000000,355,401,355->169->181->168->155->142->129->116->103->90->77->64->51->38->401,355->169->181->168->155->142->129->116->103->90->77->64->51->38->401,False,14,14,32323971.48970329,32497917.058809556,32497917.058809556,32323971.48970329,215.64232606347483,215.64232606347483
0.1,50000000000,401,355,401->38->51->64->77->90->103->116->129->142->155->168->181->169->355,401->38->51->64->77->90->103->116->129->142->155->168->181->169->355,False,14,14,32323971.489703294,32272547.667095605,32272547.667095605,32323971.489703294,215.64232606347483,215.64232606347483
0.1,50000000000,412,406,412->169->170->183->196->209->406,412->169->170->183->196->209->406,False,6,6,12771314.455748219,12674599.738370148,12674599.738370148,12771314.455748219,85.2010390184547,85.2010390184547
0.1,50000000000,406,412,406->209->196->183->170->169->412,406->209->196->183->170->169->412,False,6,6,12771314.455748219,12812997.833037235,12812997.833037235,12771314.455748219,85.2010390184547,85.2010390184547
0.1,50000000000,432,446,432->31->44->446,432->31->44->446,False,3,3,4614684.886427056,4483685.408497889,4483685.408497889,4614684.886427056,30.78586377531256,30.78586377531256
0.1,50000000000,446,432,446->44->31->432,446->44->31->432,False,3,3,4614684.886427056,4762705.70004545,4762705.70004545,4614684.886427056,30.78586377531256,30.78586377531256
0.1,50000000000,394,361,394->31->18->361,394->31->18->361,False,3,3,5120720.608229354,4920766.766262915,4920766.766262915,5120720.608229354,34.1617707289311,34.1617707289311
0.1,50000000000,361,394,361->18->31->394,361->18->31->394,False,3,3,5120720.608229354,5337676.5189127885,5337676.5189127885,5120720.608229354,34.1617707289311,34.1617707289311
0.1,50000000000,441,436,441->241->240->239->238->237->224->223->222->436,441->241->242->243->230->231->232->233->221->222->436,True,9,10,25687066.452633094,26620104.735652182,27547656.63634385,29225132.90935473,171.36566159134725,194.96910031909295
0.1,50000000000,436,441,436->222->223->224->237->238->239->240->241->441,436->222->223->224->237->238->239->240->241->441,False,9,9,25687066.452633098,23827435.634478893,23827435.634478893,25687066.452633098,171.36566159134728,171.36566159134728
0.1,50000000000,366,367,366->209->196->183->170->157->144->131->118->105->104->367,366->209->196->183->170->157->144->131->118->105->104->367,False,11,11,23575258.51766868,23578140.910139892,23578140.910139892,23575258.51766868,157.2771955301736,157.2771955301736
0.1,50000000000,367,366,367->104->105->118->131->144->157->170->183->196->209->366,367->104->105->118->131->144->157->170->183->196->209->366,False,11,11,23575258.51766868,23425040.976267222,23425040.976267222,23575258.51766868,157.2771955301736,157.2771955301736
0.1,50000000000,364,440,364->18->19->20->21->34->47->60->73->86->440,364->18->19->20->21->34->47->60->73->86->440,False,10,10,23989446.939080067,23240217.69730147,23240217.69730147,23989446.939080067,160.04036325076643,160.04036325076643
0.1,50000000000,440,364,440->86->73->60->47->34->21->20->19->18->364,440->86->73->60->47->34->21->20->19->18->364,False,10,10,23989446.93908007,24645670.121187292,24645670.121187292,23989446.93908007,160.04036325076643,160.04036325076643
0.1,60000000000,399,447,399->32->31->30->29->42->55->68->81->94->107->120->133->132->131->130->447,399->32->33->34->35->48->61->74->87->100->113->126->139->140->141->142->130->447,True,16,17,38224116.667908326,39680827.852073975,40498653.21197386,41900394.94502693,255.00385782158887,279.52934656566265
0.1,60000000000,447,399,447->130->131->132->133->120->107->94->81->68->55->42->29->30->31->32->399,447->130->131->132->133->120->107->94->81->68->55->42->29->30->31->32->399,False,16,16,38224116.66790832,35967098.823626526,35967098.823626526,38224116.66790832,255.0038578215888,255.0038578215888
0.1,60000000000,425,410,425->187->200->213->226->239->240->241->410,425->187->200->213->226->239->240->241->410,False,8,8,18707106.718581874,18192746.506404683,18192746.506404683,18707106.718581874,124.80038252718067,124.80038252718067
0.1,60000000000,410,425,410->241->240->239->226->213->200->187->425,410->241->240->239->226->213->200->187->425,False,8,8,18707106.718581874,19288378.20527391,19288378.20527391,18707106.718581874,124.80038252718067,124.80038252718067
0.1,60000000000,386,424,386->195->196->197->198->211->224->237->250->263->276->289->290->424,386->195->196->197->198->211->224->237->250->263->276->289->290->424,False,13,13,29173873.819517177,28162242.801981136,28162242.801981136,29173873.819517177,194.62713648064604,194.62713648064604
0.1,60000000000,424,386,424->290->289->276->263->250->237->224->211->198->197->196->195->386,424->290->289->276->263->250->237->224->211->198->197->196->195->386,False,13,13,29173873.81951717,30201544.838060185,30201544.838060185,29173873.81951717,194.62713648064602,194.62713648064602
0.1,60000000000,355,401,355->169->181->180->167->154->141->128->115->102->89->76->63->50->37->24->401,355->169->181->180->167->154->141->128->115->102->89->76->63->50->37->24->401,False,16,16,35319335.90222194,35738241.381506726,35738241.381506726,35319335.90222194,235.62524646448537,235.62524646448537
0.1,60000000000,401,355,401->24->37->50->63->76->89->102->115->128->141->154->167->180->181->169->355,401->24->37->50->63->76->89->102->115->128->141->154->167->180->181->169->355,False,16,16,35319335.90222193,35128526.58380152,35128526.58380152,35319335.90222193,235.62524646448531,235.62524646448531
0.1,60000000000,412,406,412->169->170->183->196->209->406,412->169->170->183->196->209->406,False,6,6,12700929.309901047,12603732.812079735,12603732.812079735,12700929.309901047,84.73147986865666,84.73147986865666
0.1,60000000000,406,412,406->209->196->183->170->169->412,406->209->196->183->170->169->412,False,6,6,12700929.30990105,12742800.352934116,12742800.352934116,12700929.30990105,84.73147986865666,84.73147986865666
0.1,60000000000,432,446,432->31->44->446,432->31->44->446,False,3,3,4605012.935684202,4474034.360804207,4474034.360804207,4605012.935684202,30.72133946534574,30.72133946534574
0.1,60000000000,446,432,446->44->31->432,446->44->31->432,False,3,3,4605012.935684202,4752832.809423359,4752832.809423359,4605012.935684202,30.72133946534574,30.72133946534574
0.1,60000000000,394,361,394->31->18->361,394->31->18->361,False,3,3,5086280.866977637,4886151.260532521,4886151.260532521,5086280.866977637,33.932013506341356,33.932013506341356
0.1,60000000000,361,394,361->18->31->394,361->18->31->394,False,3,3,5086280.866977637,5303258.171661435,5303258.171661435,5086280.866977637,33.932013506341356,33.932013506341356
0.1,60000000000,441,436,441->241->240->239->238->237->224->223->222->436,441->241->242->243->230->231->232->233->221->222->436,True,9,10,25725820.700796735,26655876.955946617,27586575.790839866,29260694.77882994,171.62420210582306,195.20634357539402
0.1,60000000000,436,441,436->222->223->224->237->238->239->240->241->441,436->222->223->224->237->238->239->240->241->441,False,9,9,25725820.70079674,23866396.59707574,23866396.59707574,25725820.70079674,171.6242021058231,171.6242021058231
0.1,60000000000,366,367,366->209->196->183->170->157->144->131->118->105->104->367,366->209->196->183->170->157->144->131->118->105->104->367,False,11,11,23501351.170769457,23504779.47749342,23504779.47749342,23501351.170769457,156.78413878423493,156.78413878423493
0.1,60000000000,367,366,367->104->105->118->131->144->157->170->183->196->209->366,367->104->105->118->131->144->157->170->183->196->209->366,False,11,11,23501351.170769453,23349815.129277766,23349815.129277766,23501351.170769453,156.7841387842349,156.7841387842349
0.1,60000000000,364,440,364->18->31->44->57->70->71->72->440,364->18->31->44->57->70->71->72->440,False,8,8,19047620.98912445,18533621.992918666,18533621.992918666,19047620.98912445,127.07204921829255,127.07204921829255
0.1,60000000000,440,364,440->72->71->70->57->44->31->18->364,440->72->71->70->57->44->31->18->364,False,8,8,19047620.989124447,19628901.427622262,19628901.427622262,19047620.989124447,127.07204921829252,127.07204921829252
0.1,70000000000,399,447,399->32->31->30->29->42->55->68->81->94->107->120->133->132->131->130->447,399->32->33->34->35->48->61->74->87->100->113->126->139->140->141->142->130->447,True,16,17,38225261.34659276,39652018.78643418,40501415.8800368,41870472.20031784,255.01149429578217,279.32972350036795
0.1,70000000000,447,399,447->130->131->132->133->120->107->94->81->68->55->42->29->30->31->32->399,447->130->131->132->133->120->107->94->81->68->55->42->29->30->31->32->399,False,16,16,38225261.346592754,35969633.89943824,35969633.89943824,38225261.346592754,255.01149429578211,255.01149429578211
0.1,70000000000,425,410,425->27->28->29->16->3->341->328->315->302->289->276->263->250->237->238->239->240->241->410,425->27->28->29->16->3->341->328->315->302->289->276->263->250->237->238->239->240->241->410,False,19,19,41714115.67750261,39382155.5612889,39382155.5612889,41714115.67750261,278.28662505914417,278.28662505914417
0.1,70000000000,410,425,410->241->240->239->238->237->250->263->276->289->302->315->328->341->3->16->29->28->27->425,410->241->242->243->256->269->282->295->308->321->334->347->348->10->23->36->37->38->26->27->425,True,19,20,41714115.67750262,43511989.463420376,44069696.350954846,45635093.853998065,278.28662505914417,304.4445758138323
0.1,70000000000,386,424,386->195->196->197->198->211->224->237->250->263->276->289->290->424,386->195->196->197->198->211->224->237->250->263->276->289->290->424,False,13,13,29180694.46705791,28170469.190043252,28170469.190043252,29180694.46705791,194.67263894315786,194.67263894315786
0.1,70000000000,424,386,424->290->289->276->263->250->237->224->211->198->197->196->195->386,424->290->289->276->263->250->237->224->211->198->197->196->195->386,False,13,13,29180694.467057906,30209587.756313358,30209587.756313358,29180694.467057906,194.67263894315784,194.67263894315784
0.1,70000000000,355,401,355->169->181->180->167->154->141->128->115->102->89->76->63->50->37->24->401,355->169->181->180->167->154->141->128->115->102->89->76->63->50->37->24->401,False,16,16,35382094.96677056,35799529.576611616,35799529.576611616,35382094.96677056,236.04392987611823,236.04392987611823
0.1,70000000000,401,355,401->24->37->50->63->76->89->102->115->128->141->154->167->180->181->169->355,401->24->37->50->63->76->89->102->115->128->141->154->167->180->181->169->355,False,16,16,35382094.96677056,35192727.48755998,35192727.48755998,35382094.96677056,236.04392987611823,236.04392987611823
0.1,70000000000,412,406,412->169->170->183->196->209->406,412->169->170->183->196->209->406,False,6,6,12637736.184481531,12540071.405699568,12540071.405699568,12637736.184481531,84.30990071459057,84.30990071459057
0.1,70000000000,406,412,406->209->196->183->170->169->412,406->209->196->183->170->169->412,False,6,6,12637736.184481533,12679830.328035127,12679830.328035127,12637736.184481533,84.30990071459057,84.30990071459057
0.1,70000000000,432,446,432->31->44->446,432->31->44->446,False,3,3,4602700.6064380035,4471755.919281226,4471755.919281226,4602700.6064380035,30.705913265089567,30.705913265089567
0.1,70000000000,446,432,446->44->31->432,446->44->31->432,False,3,3,4602700.6064380035,4750326.301121116,4750326.301121116,4602700.6064380035,30.705913265089567,30.705913265089567
0.1,70000000000,394,361,394->31->18->361,394->31->18->361,False,3,3,5058546.115710573,4858222.106247213,4858222.106247213,5058546.115710573,33.74698716210248,33.74698716210248
0.1,70000000000,361,394,361->18->31->394,361->18->31->394,False,3,3,5058546.115710573,5275521.563701526,5275521.563701526,5058546.115710573,33.74698716210248,33.74698716210248
0.1,70000000000,441,436,441->241->240->239->238->237->224->223->222->436,441->241->242->243->230->231->232->233->221->222->436,True,9,10,25771281.164490964,26698344.25634127,27632197.812940937,29302947.713611092,171.92748167461212,195.48822481458885
0.1,70000000000,436,441,436->222->223->224->237->238->239->240->241->441,436->222->223->224->237->238->239->240->241->441,False,9,9,25771281.164490968,23912066.493320066,23912066.493320066,25771281.164490968,171.92748167461215,171.92748167461215
0.1,70000000000,366,367,366->209->196->183->170->157->144->131->118->105->104->367,366->209->196->183->170->157->144->131->118->105->104->367,False,11,11,23435211.21998916,23439236.970668,23439236.970668,23435211.21998916,156.3429005274653,156.3429005274653
0.1,70000000000,367,366,367->104->105->118->131->144->157->170->183->196->209->366,367->104->105->118->131->144->157->170->183->196->209->366,False,11,11,23435211.21998916,23282383.627937697,23282383.627937697,23435211.21998916,156.3429005274653,156.3429005274653
0.1,70000000000,364,440,364->18->31->44->57->70->71->72->440,364->18->31->44->57->70->71->72->440,False,8,8,19018757.14352699,18504809.89453819,18504809.89453819,19018757.14352699,126.87949036747942,126.87949036747942
0.1,70000000000,440,364,440->72->71->70->57->44->31->18->364,440->72->71->70->57->44->31->18->364,False,8,8,19018757.143526994,19599259.158281945,19599259.158281945,19018757.143526994,126.87949036747945,126.87949036747945
0.1,80000000000,399,447,399->32->31->30->29->42->55->68->81->94->107->120->133->132->131->130->447,399->32->33->34->35->48->61->74->87->100->113->126->139->140->141->142->130->447,True,16,17,38232185.679628596,39628882.05402113,40509980.47632483,41846230.36003402,255.05768847346116,279.1679993499638
0.1,80000000000,447,399,447->130->131->132->133->120->107->94->81->68->55->42->29->30->31->32->399,447->130->131->132->133->120->107->94->81->68->55->42->29->30->31->32->399,False,16,16,38232185.679628596,35977913.39494832,35977913.39494832,38232185.679628596,255.05768847346116,255.05768847346116
0.1,80000000000,425,410,425->27->28->29->16->3->341->328->315->302->289->276->263->250->237->238->239->240->241->410,425->27->28->29->16->3->341->328->315->302->289->276->263->250->237->238->239->240->241->410,False,19,19,41665849.58239898,39335795.645422824,39335795.645422824,41665849.58239898,277.96462833230436,277.96462833230436
0.1,80000000000,410,425,410->241->240->239->238->237->250->263->276->289->302->315->328->341->3->16->29->28->27->425,410->241->242->243->256->269->282->295->308->321->334->347->9->22->35->36->37->38->26->27->425,True,19,20,41665849.58239897,43425596.03126211,44023654.7070381,45574652.07431784,277.9646283323043,304.04135166280827
0.1,80000000000,386,424,386->195->196->197->198->211->224->237->250->263->276->289->290->424,386->195->196->197->198->211->224->237->250->263->276->289->290->424,False,13,13,29195261.19947357,28186452.72854433,28186452.72854433,29195261.19947357,194.76981772152234,194.76981772152234
0.1,80000000000,424,386,424->290->289->276->263->250->237->224->211->198->197->196->195->386,424->290->289->276->263->250->237->224->211->198->197->196->195->386,False,13,13,29195261.199473564,30225342.410032015,30225342.410032015,29195261.199473564,194.7698177215223,194.7698177215223
0.1,80000000000,355,401,355->169->181->180->167->154->141->128->115->102->89->76->63->50->37->24->401,355->169->181->180->167->154->141->128->115->102->89->76->63->50->37->24->401,False,16,16,35452196.244294845,35868116.06278906,35868116.06278906,35452196.244294845,236.51159526031068,236.51159526031068
0.1,80000000000,401,355,401->24->37->50->63->76->89->102->115->128->141->154->167->180->181->169->355,401->24->37->50->63->76->89->102->115->128->141->154->167->180->181->169->355,False,16,16,35452196.244294845,35264222.593879506,35264222.593879506,35452196.244294845,236.51159526031068,236.51159526031068
0.1,80000000000,412,406,412->169->170->183->196->209->406,412->169->170->183->196->209->406,False,6,6,12582193.422101155,12484050.612017782,12484050.612017782,12582193.422101155,83.93935928902624,83.93935928902624
0.1,80000000000,406,412,406->209->196->183->170->169->412,406->209->196->183->170->169->412,False,6,6,12582193.422101155,12624515.973799365,12624515.973799365,12582193.422101155,83.93935928902624,83.93935928902624
0.1,80000000000,432,446,432->31->44->446,432->31->44->446,False,3,3,4607813.628614797,4476880.271058646,4476880.271058646,4607813.628614797,30.74002367741217,30.74002367741217
0.1,80000000000,446,432,446->44->31->432,446->44->31->432,False,3,3,4607813.628614797,4755216.932585524,4755216.932585524,4607813.628614797,30.74002367741217,30.74002367741217
0.1,80000000000,394,361,394->31->18->361,394->31->18->361,False,3,3,5037769.554665545,4837265.184734191,4837265.184734191,5037769.554665545,33.6083808663762,33.6083808663762
0.1,80000000000,361,394,361->18->31->394,361->18->31->394,False,3,3,5037769.554665545,5254746.557941569,5254746.557941569,5037769.554665545,33.6083808663762,33.6083808663762
0.1,80000000000,441,436,441->241->240->239->252->265->278->291->304->317->330->343->5->18->31->436,441->241->240->239->252->265->278->291->304->317->330->343->5->18->31->436,False,15,15,34058789.526489586,35218533.98658104,35218533.98658104,34058789.526489586,227.2157862389559,227.2157862389559
0.1,80000000000,436,441,436->31->18->5->343->330->317->304->291->278->265->252->239->240->241->441,436->31->18->5->343->330->317->304->291->278->265->252->239->240->241->441,False,15,15,34058789.526489586,33081735.770185433,33081735.770185433,34058789.526489586,227.2157862389559,227.2157862389559
0.1,80000000000,366,367,366->209->196->183->170->157->144->131->118->105->104->367,366->209->196->183->170->157->144->131->118->105->104->367,False,11,11,23376984.027592037,23381647.395748224,23381647.395748224,23376984.027592037,155.9544505125078,155.9544505125078
0.1,80000000000,367,366,367->104->105->118->131->144->157->170->183->196->209->366,367->104->105->118->131->144->157->170->183->196->209->366,False,11,11,23376984.02759204,23222866.47157438,23222866.47157438,23376984.02759204,155.95445051250783,155.95445051250783
0.1,80000000000,364,440,364->18->31->44->57->70->71->72->440,364->18->31->44->57->70->71->72->440,False,8,8,18995496.58892494,18481626.472188786,18481626.472188786,18995496.58892494,126.72431265048664,126.72431265048664
0.1,80000000000,440,364,440->72->71->70->57->44->31->18->364,440->72->71->70->57->44->31->18->364,False,8,8,18995496.58892494,19575198.374206837,19575198.374206837,18995496.58892494,126.72431265048664,126.72431265048664
0.1,90000000000,399,447,399->32->31->30->29->42->55->68->81->94->107->120->133->132->131->130->447,399->32->33->34->35->48->61->74->87->100->113->126->139->140->141->142->130->447,True,16,17,38244848.34964206,39611447.65417324,40524311.90149132,41827630.43367066,255.14216471477786,279.04391399780087
0.1,90000000000,447,399,447->130->131->132->133->120->107->94->81->68->55->42->29->30->31->32->399,447->130->131->132->133->120->107->94->81->68->55->42->29->30->31->32->399,False,16,16,38244848.34964205,35991889.320414774,35991889.320414774,38244848.34964205,255.1421647147778,255.1421647147778
0.1,90000000000,425,410,425->27->28->29->16->3->341->328->315->302->289->276->263->250->237->238->239->240->241->410,425->27->28->29->16->3->341->328->315->302->289->276->263->250->237->238->239->240->241->410,False,19,19,41626927.383664824,39298722.66335938,39298722.66335938,41626927.383664824,277.70496737222675,277.70496737222675
0.1,90000000000,410,425,410->241->240->239->238->237->250->263->276->289->302->315->328->341->3->16->29->28->27->425,410->241->242->243->256->269->282->295->308->321->334->347->9->22->35->36->37->38->26->27->425,True,19,20,41626927.383664824,43339035.27864221,43986993.760157526,45486547.04089639,277.70496737222675,303.45357814769574
0.1,90000000000,386,424,386->195->196->197->198->211->224->237->250->263->276->289->290->424,386->195->196->197->198->211->224->237->250->263->276->289->290->424,False,13,13,29217572.566231128,28210205.32789356,28210205.32789356,29217572.566231128,194.9186631388247,194.9186631388247
0.1,90000000000,424,386,424->290->289->276->263->250->237->224->211->198->197->196->195->386,424->290->289->276->263->250->237->224->211->198->197->196->195->386,False,13,13,29217572.566231124,30248804.899281073,30248804.899281073,29217572.566231124,194.91866313882468,194.91866313882468
0.1,90000000000,355,401,355->169->181->180->167->154->141->128->115->102->89->76->63->50->37->24->401,355->169->181->180->167->154->141->128->115->102->89->76->63->50->37->24->401,False,16,16,35529694.62896295,35944052.99707924,35944052.99707924,35529694.62896295,237.02860883153338,237.02860883153338
0.1,90000000000,401,355,401->24->37->50->63->76->89->102->115->128->141->154->167->180->181->169->355,401->24->37->50->63->76->89->102->115->128->141->154->167->180->181->169->355,False,16,16,35529694.62896294,35343068.71953265,35343068.71953265,35529694.62896294,237.02860883153332,237.02860883153332
0.1,90000000000,412,406,412->169->170->183->196->209->406,412->169->170->183->196->209->406,False,6,6,12534711.666045776,12436101.276509145,12436101.276509145,12534711.666045776,83.62259510908561,83.62259510908561
0.1,90000000000,406,412,406->209->196->183->170->169->412,406->209->196->183->170->169->412,False,6,6,12534711.666045774,12577283.07006262,12577283.07006262,12534711.666045774,83.6225951090856,83.6225951090856
0.1,90000000000,432,446,432->31->44->446,432->31->44->446,False,3,3,4620354.797521422,4489460.420363924,4489460.420363924,4620354.797521422,30.82368935059348,30.82368935059348
0.1,90000000000,446,432,446->44->31->432,446->44->31->432,False,3,3,4620354.797521422,4767540.659629141,4767540.659629141,4620354.797521422,30.82368935059348,30.82368935059348
0.1,90000000000,394,361,394->31->18->361,394->31->18->361,False,3,3,5024158.918740967,4823443.1564837,4823443.1564837,5024158.918740967,33.517580477231135,33.517580477231135
0.1,90000000000,361,394,361->18->31->394,361->18->31->394,False,3,3,5024158.918740967,5241140.015636868,5241140.015636868,5024158.918740967,33.517580477231135,33.517580477231135
0.1,90000000000,441,436,441->241->240->239->252->265->278->291->304->317->330->343->5->18->31->436,441->241->240->239->252->265->278->291->304->317->330->343->5->18->31->436,False,15,15,34162062.14199877,35321971.53409555,35321971.53409555,34162062.14199877,227.90474696997725,227.90474696997725
0.1,90000000000,436,441,436->31->18->5->343->330->317->304->291->278->265->252->239->240->241->441,436->31->18->5->343->330->317->304->291->278->265->252->239->240->241->441,False,15,15,34162062.14199875,33182783.748124294,33182783.748124294,34162062.14199875,227.90474696997717,227.90474696997717
0.1,90000000000,366,367,366->209->196->183->170->157->144->131->118->105->104->367,366->209->196->183->170->157->144->131->118->105->104->367,False,11,11,23326747.98364901,23332085.76243392,23332085.76243392,23326747.98364901,155.619311701624,155.619311701624
0.1,90000000000,367,366,367->104->105->118->131->144->157->170->183->196->209->366,367->104->105->118->131->144->157->170->183->196->209->366,False,11,11,23326747.983649015,23171369.864226945,23171369.864226945,23326747.983649015,155.619311701624,155.619311701624
0.1,90000000000,364,440,364->18->31->44->57->70->71->72->440,364->18->31->44->57->70->71->72->440,False,8,8,18978131.187620483,18464344.945685726,18464344.945685726,18978131.187620483,126.60846316300913,126.60846316300913
0.1,90000000000,440,364,440->72->71->70->57->44->31->18->364,440->72->71->70->57->44->31->18->364,False,8,8,18978131.187620483,19556991.792286374,19556991.792286374,18978131.187620483,126.60846316300913,126.60846316300913
0.1,100000000000,399,447,399->32->31->30->29->42->55->68->81->94->107->120->133->132->131->130->447,399->32->33->34->35->48->61->74->87->100->113->126->139->140->141->142->130->447,True,16,17,38263219.38488749,39599669.50510829,40544350.60031025,41814677.91042309,255.2647230697677,278.95750406384866
0.1,100000000000,447,399,447->130->131->132->133->120->107->94->81->68->55->42->29->30->31->32->399,447->130->131->132->133->120->107->94->81->68->55->42->29->30->31->32->399,False,16,16,38263219.38488749,36011573.09716065,36011573.09716065,38263219.38488749,255.2647230697677,255.2647230697677
0.1,100000000000,425,410,425->27->28->29->16->3->341->328->315->302->289->276->263->250->237->238->239->240->241->410,425->27->28->29->16->3->341->328->315->302->289->276->263->250->237->238->239->240->241->410,False,19,19,41597739.52879321,39271379.452692345,39271379.452692345,41597739.52879321,277.5102469642062,277.5102469642062
0.1,100000000000,410,425,410->241->240->239->238->237->250->263->276->289->302->315->328->341->3->16->29->28->27->425,410->241->242->243->256->269->282->295->308->321->334->347->9->22->35->36->37->38->26->27->425,True,19,20,41597739.5287932,43261239.8902438,43960067.8365728,45407191.968189634,277.5102469642062,302.9241780871594
0.1,100000000000,386,424,386->195->196->197->198->211->224->237->250->263->276->289->290->424,386->195->196->197->198->211->224->237->250->263->276->289->290->424,False,13,13,29247619.50600976,28241694.545378823,28241694.545378823,29247619.50600976,195.11911474443937,195.11911474443937
0.1,100000000000,424,386,424->290->289->276->263->250->237->224->211->198->197->196->195->386,424->290->289->276->263->250->237->224->211->198->197->196->195->386,False,13,13,29247619.50600976,30280005.412926577,30280005.412926577,29247619.50600976,195.11911474443937,195.11911474443937
0.1,100000000000,355,401,355->169->181->180->167->154->141->128->115->102->89->76->63->50->37->24->401,355->169->181->180->167->154->141->128->115->102->89->76->63->50->37->24->401,False,16,16,35614594.21982933,36027362.9690014,36027362.9690014,35614594.21982933,237.5949979357341,237.5949979357341
0.1,100000000000,401,355,401->24->37->50->63->76->89->102->115->128->141->154->167->180->181->169->355,401->24->37->50->63->76->89->102->115->128->141->154->167->180->181->169->355,False,16,16,35614594.21982933,35429264.95579905,35429264.95579905,35614594.21982933,237.5949979357341,237.5949979357341
0.1,100000000000,412,406,412->169->170->183->196->209->406,412->169->170->183->196->209->406,False,6,6,12495629.460857969,12396554.083189808,12396554.083189808,12495629.460857969,83.36186670084922,83.36186670084922
0.1,100000000000,406,412,406->209->196->183->170->169->412,406->209->196->183->170->169->412,False,6,6,12495629.460857969,12538465.76830812,12538465.76830812,12495629.460857969,83.36186670084922,83.36186670084922
0.1,100000000000,432,446,432->31->44->446,432->31->44->446,False,3,3,4640262.144766193,4509369.861409956,4509369.861409956,4640262.144766193,30.95649687602343,30.95649687602343
0.1,100000000000,446,432,446->44->31->432,446->44->31->432,False,3,3,4640262.144766193,4787236.683986807,4787236.683986807,4640262.144766193,30.95649687602343,30.95649687602343
0.1,100000000000,394,361,394->31->18->361,394->31->18->361,False,3,3,5017867.846125082,4816967.678022304,4816967.678022304,5017867.846125082,33.47561095833226,33.47561095833226
0.1,100000000000,361,394,361->18->31->394,361->18->31->394,False,3,3,5017867.846125082,5234842.062206678,5234842.062206678,5017867.846125082,33.47561095833226,33.47561095833226
0.1,100000000000,441,436,441->241->240->239->252->265->278->291->304->317->330->343->5->18->31->436,441->241->240->239->252->265->278->291->304->317->330->343->5->18->31->436,False,15,15,34271113.83593312,35431097.06261446,35431097.06261446,34271113.83593312,228.63226156231804,228.63226156231804
0.1,100000000000,436,441,436->31->18->5->343->330->317->304->291->278->265->252->239->240->241->441,436->31->18->5->343->330->317->304->291->278->265->252->239->240->241->441,False,15,15,34271113.83593311,33289667.489394628,33289667.489394628,34271113.83593311,228.63226156231798,228.63226156231798
0.1,100000000000,366,367,366->209->196->183->170->157->144->131->118->105->104->367,366->209->196->183->170->157->144->131->118->105->104->367,False,11,11,23284506.699976675,23290548.59685127,23290548.59685127,23284506.699976675,155.33750819026056,155.33750819026056
0.1,100000000000,367,366,367->104->105->118->131->144->157->170->183->196->209->366,367->104->105->118->131->144->157->170->183->196->209->366,False,11,11,23284506.699976675,23127898.146308552,23127898.146308552,23284506.699976675,155.33750819026056,155.33750819026056
0.1,100000000000,364,440,364->18->31->44->57->70->71->72->440,364->18->31->44->57->70->71->72->440,False,8,8,18966933.405299798,18453147.29906877,18453147.29906877,18966933.405299798,126.53375960044863,126.53375960044863
0.1,100000000000,440,364,440->72->71->70->57->44->31->18->364,440->72->71->70->57->44->31->18->364,False,8,8,18966933.405299798,19545004.214464244,19545004.214464244,18966933.405299798,126.53375960044863,126.53375960044863
0.1,110000000000,399,447,399->32->31->30->29->42->55->68->81->94->107->120->133->132->131->130->447,399->32->33->34->35->48->61->74->87->100->113->126->139->140->141->142->130->447,True,16,17,38287292.04074175,39593591.56120883,40570118.15382248,41807382.86657286,255.4253185431486,278.90883676982196
0.1,110000000000,447,399,447->130->131->132->133->120->107->94->81->68->55->42->29->30->31->32->399,447->130->131->132->133->120->107->94->81->68->55->42->29->30->31->32->399,False,16,16,38287292.04074175,36036922.21217369,36036922.21217369,38287292.04074175,255.4253185431486,255.4253185431486
0.1,110000000000,425,410,425->27->28->29->16->3->341->328->315->302->289->276->263->250->237->238->239->240->241->410,425->27->28->29->16->3->341->328->315->302->289->276->263->250->237->238->239->240->241->410,False,19,19,41578613.6911543,39254054.263554916,39254054.263554916,41578613.6911543,277.3826531096676,277.3826531096676
0.1,110000000000,410,425,410->241->240->239->238->237->250->263->276->289->302->315->328->341->3->16->29->28->27->425,410->241->242->243->256->269->282->295->308->321->334->347->9->22->35->36->37->38->26->27->425,True,19,20,41578613.69115431,43192585.562229775,43943238.0026833,45336915.432206,277.3826531096677,302.45534350437856
0.1,110000000000,386,424,386->195->196->197->198->211->224->237->250->263->276->289->290->424,386->195->196->197->198->211->224->237->250->263->276->289->290->424,False,13,13,29285395.119633693,28280935.64318634,28280935.64318634,29285395.119633693,195.37112651201983,195.37112651201983
0.1,110000000000,424,386,424->290->289->276->263->250->237->224->211->198->197->196->195->386,424->290->289->276->263->250->237->224->211->198->197->196->195->386,False,13,13,29285395.119633704,30318900.10417652,30318900.10417652,29285395.119633704,195.37112651201988,195.37112651201988
0.1,110000000000,355,401,355->169->181->180->167->154->141->128->115->102->89->76->63->50->37->24->401,355->169->181->180->167->154->141->128->115->102->89->76->63->50->37->24->401,False,16,16,35706804.268836044,36117918.62381621,36117918.62381621,35706804.268836044,238.21015716703616,238.21015716703616
0.1,110000000000,401,355,401->24->37->50->63->76->89->102->115->128->141->154->167->180->181->169->355,401->24->37->50->63->76->89->102->115->128->141->154->167->180->181->169->355,False,16,16,35706804.26883604,35522744.76357134,35522744.76357134,35706804.26883604,238.2101571670361,238.2101571670361
0.1,110000000000,412,406,412->169->170->183->196->209->406,412->169->170->183->196->209->406,False,6,6,12465198.077652862,12365666.541220117,12365666.541220117,12465198.077652862,83.15885036476043,83.15885036476043
0.1,110000000000,406,412,406->209->196->183->170->169->412,406->209->196->183->170->169->412,False,6,6,12465198.07765286,12508319.798606299,12508319.798606299,12465198.07765286,83.15885036476041,83.15885036476041
0.1,110000000000,432,446,432->31->44->446,432->31->44->446,False,3,3,4667409.292861372,4536533.412608089,4536533.412608089,4667409.292861372,31.137603153855004,31.137603153855004
0.1,110000000000,446,432,446->44->31->432,446->44->31->432,False,3,3,4667409.292861372,4814144.783590343,4814144.783590343,4667409.292861372,31.137603153855004,31.137603153855004
0.1,110000000000,394,361,394->31->18->361,394->31->18->361,False,3,3,5018991.748230025,4817888.884688016,4817888.884688016,5018991.748230025,33.48310882610679,33.48310882610679
0.1,110000000000,361,394,361->18->31->394,361->18->31->394,False,3,3,5018991.748230025,5235950.539262813,5235950.539262813,5018991.748230025,33.48310882610679,33.48310882610679
0.1,110000000000,441,436,441->241->240->239->252->265->278->291->304->317->330->343->5->18->31->436,441->241->254->267->280->293->306->319->332->345->344->343->5->18->31->436,True,15,15,34385597.89678751,35500511.06376731,35545638.8649772,34463918.31037922,229.3960170057881,229.9185145636934
0.1,110000000000,436,441,436->31->18->5->343->330->317->304->291->278->265->252->239->240->241->441,436->31->18->5->343->344->345->332->319->306->293->280->267->254->241->441,True,15,15,34385597.89678751,33352895.59055302,33401923.81269327,34463918.310379215,229.3960170057881,229.91851456369335
0.1,110000000000,366,367,366->209->196->183->170->157->144->131->118->105->104->367,366->209->196->183->170->157->144->131->118->105->104->367,False,11,11,23250195.867659993,23256995.600184206,23256995.600184206,23250195.867659993,155.10861095551638,155.10861095551638
0.1,110000000000,367,366,367->104->105->118->131->144->157->170->183->196->209->366,367->104->105->118->131->144->157->170->183->196->209->366,False,11,11,23250195.867659993,23092368.762426443,23092368.762426443,23250195.867659993,155.10861095551638,155.10861095551638
0.1,110000000000,364,440,364->18->31->44->57->70->71->72->440,364->18->19->20->33->46->59->72->440,True,8,8,18962139.757729035,18425783.77955874,18448397.522822186,19001299.933520477,126.50177982615583,126.76302839826931
0.1,110000000000,440,364,440->72->71->70->57->44->31->18->364,440->72->59->46->33->20->19->18->364,True,8,8,18962139.757729035,19514872.240411233,19539358.552727163,19001299.933520477,126.50177982615583,126.76302839826931
0.2,0,399,447,399->19->18->17->16->29->42->55->68->81->94->107->120->133->132->131->130->447,399->19->20->21->22->35->48->61->74->87->100->113->126->139->140->141->142->130->447,True,17,18,40036604.01522177,39871484.367249556,44966475.703997105,43930134.65256021,267.095471862883,293.07031234628465
0.2,0,447,399,447->130->131->132->133->120->107->94->81->68->55->42->29->16->17->18->19->399,447->130->131->132->133->120->107->94->81->68->55->42->29->16->17->18->19->399,False,17,17,40036604.015221775,35105272.38980912,35105272.38980912,40036604.015221775,267.0954718628831,267.0954718628831
0.2,0,425,410,425->187->200->213->226->239->240->241->410,425->187->200->213->226->239->240->241->410,False,8,8,18697558.98184062,17667098.20309441,17667098.20309441,18697558.98184062,124.73668688383496,124.73668688383496
0.2,0,410,425,410->241->240->239->226->213->200->187->425,410->241->240->239->226->213->200->187->425,False,8,8,18697558.981840618,19869205.404620618,19869205.404620618,18697558.981840618,124.73668688383493,124.73668688383493
0.2,0,386,424,386->195->196->197->198->211->224->237->250->263->276->289->302->303->424,386->195->196->197->198->211->224->237->250->263->276->289->302->303->424,False,14,14,30747829.403975915,28410364.787257068,28410364.787257068,30747829.403975915,205.12743788888721,205.12743788888721
0.2,0,424,386,424->303->302->289->276->263->250->237->224->211->198->197->196->195->386,424->303->302->289->276->263->250->237->224->211->198->197->196->195->386,False,14,14,30747829.40397591,33085354.088245146,33085354.088245146,30747829.40397591,205.1274378888872,205.1274378888872
0.2,0,355,401,355->169->181->168->155->142->129->116->103->90->77->64->51->38->401,355->169->181->168->155->142->129->116->103->90->77->64->51->38->401,False,14,14,32034182.872998983,32406628.344935656,32406628.344935656,32034182.872998983,213.70906450888089,213.70906450888089
0.2,0,401,355,401->38->51->64->77->90->103->116->129->142->155->168->181->169->355,401->38->51->64->77->90->103->116->129->142->155->168->181->169->355,False,14,14,32034182.87299898,31939159.34785811,31939159.34785811,32034182.87299898,213.70906450888086,213.70906450888086
0.2,0,412,406,412->169->170->183->196->209->406,412->169->170->183->196->209->406,False,6,6,13213667.082365327,13025457.352220498,13025457.352220498,13213667.082365327,88.15209809157591,88.15209809157591
0.2,0,406,412,406->209->196->183->170->169->412,406->209->196->183->170->169->412,False,6,6,13213667.082365327,13295293.925322484,13295293.925322484,13213667.082365327,88.15209809157591,88.15209809157591
0.2,0,432,446,432->222->223->224->237->250->263->276->289->302->315->328->341->3->16->29->42->43->44->446,432->222->223->224->237->250->263->276->289->302->315->328->341->3->16->29->42->43->44->446,False,19,19,38360467.36273173,36275943.15779342,36275943.15779342,38360467.36273173,255.913491744557,255.913491744557
0.2,0,446,432,446->44->43->42->29->16->3->341->328->315->302->289->276->263->250->237->224->223->222->432,446->44->43->42->29->16->3->341->328->315->302->289->276->263->250->237->224->223->222->432,False,19,19,38360467.36273173,40434138.293023705,40434138.293023705,38360467.36273173,255.913491744557,255.913491744557
0.2,0,394,361,394->44->31->18->361,394->44->31->18->361,False,4,4,7216817.817853596,7116731.360440936,7116731.360440936,7216817.817853596,48.14542611244474,48.14542611244474
0.2,0,361,394,361->18->31->44->394,361->18->31->44->394,False,4,4,7216817.817853596,7388013.462474479,7388013.462474479,7216817.817853596,48.14542611244474,48.14542611244474
0.2,0,441,436,441->241->240->239->238->237->224->223->222->436,441->241->242->243->230->231->232->233->221->222->436,True,9,10,25601337.190057844,23942924.7075985,29320822.663415857,29155149.31984408,170.7937375132889,194.50222006481616
0.2,0,436,441,436->222->223->224->237->238->239->240->241->441,436->222->223->224->237->238->239->240->241->441,False,9,9,25601337.19005784,21880058.84341679,21880058.84341679,25601337.19005784,170.79373751328887,170.79373751328887
0.2,0,366,367,366->209->196->183->170->157->144->131->118->105->104->367,366->209->196->183->170->157->144->131->118->105->104->367,False,11,11,24051705.554096743,24052741.254225597,24052741.254225597,24051705.554096743,160.45570802249298,160.45570802249298
0.2,0,367,366,367->104->105->118->131->144->157->170->183->196->209->366,367->104->105->118->131->144->157->170->183->196->209->366,False,11,11,24051705.554096743,23765327.74593251,23765327.74593251,24051705.554096743,160.45570802249298,160.45570802249298
0.2,0,364,440,364->183->182->194->193->192->191->178->165->152->139->126->113->100->87->86->440,364->183->184->185->172->159->146->133->120->107->94->81->82->83->84->85->86->440,True,16,17,38384352.24990928,36382448.837411925,42006181.46163812,41599489.45896322,256.07283456016285,277.5219212416826
0.2,0,440,364,440->86->87->100->113->126->139->152->165->178->191->192->193->194->182->183->364,440->86->87->100->113->126->139->152->165->178->191->192->193->194->182->183->364,False,16,16,38384352.24990928,34618844.96150994,34618844.96150994,38384352.24990928,256.07283456016285,256.07283456016285
0.2,10000000000,399,447,399->19->18->17->16->29->42->55->68->81->94->107->120->133->132->131->130->447,399->19->20->21->22->35->48->61->74->87->100->113->126->139->140->141->142->130->447,True,17,18,40083167.40738172,39886948.964661285,45016496.07220139,43943495.7920799,267.4061093783868,293.15944827457866
0.2,10000000000,447,399,447->130->131->132->133->120->107->94->81->68->55->42->29->16->17->18->19->399,447->130->131->132->133->120->107->94->81->68->55->42->29->16->17->18->19->399,False,17,17,40083167.40738173,35155236.62877768,35155236.62877768,40083167.40738173,267.4061093783869,267.4061093783869
0.2,10000000000,425,410,425->187->200->213->226->239->240->241->410,425->187->200->213->226->239->240->241->410,False,8,8,18683258.267640077,17653171.229490474,17653171.229490474,18683258.267640077,124.64128278797511,124.64128278797511
0.2,10000000000,410,425,410->241->240->239->226->213->200->187->425,410->241->240->239->226->213->200->187->425,False,8,8,18683258.267640077,19853427.072052795,19853427.072052795,18683258.267640077,124.64128278797511,124.64128278797511
0.2,10000000000,386,424,386->195->196->197->184->171->158->145->132->424,386->195->196->197->184->171->158->145->132->424,False,9,9,18931668.28721989,17548573.172192663,17548573.172192663,18931668.28721989,126.29849605636103,126.29849605636103
0.2,10000000000,424,386,424->132->145->158->171->184->197->196->195->386,424->132->145->158->171->184->197->196->195->386,False,9,9,18931668.28721989,20160557.20622299,20160557.20622299,18931668.28721989,126.29849605636103,126.29849605636103
0.2,10000000000,355,401,355->169->181->168->155->142->129->116->103->90->77->64->51->38->401,355->169->181->168->155->142->129->116->103->90->77->64->51->38->401,False,14,14,32082665.313418716,32450189.483860046,32450189.483860046,32082665.313418716,214.03250453631304,214.03250453631304
0.2,10000000000,401,355,401->38->51->64->77->90->103->116->129->142->155->168->181->169->355,401->38->51->64->77->90->103->116->129->142->155->168->181->169->355,False,14,14,32082665.313418712,31986297.62554721,31986297.62554721,32082665.313418712,214.032504536313,214.032504536313
0.2,10000000000,412,406,412->169->170->183->196->209->406,412->169->170->183->196->209->406,False,6,6,13114791.41125557,12925479.92563445,12925479.92563445,13114791.41125557,87.4924706161592,87.4924706161592
0.2,10000000000,406,412,406->209->196->183->170->169->412,406->209->196->183->170->169->412,False,6,6,13114791.41125557,13196751.643999595,13196751.643999595,13114791.41125557,87.4924706161592,87.4924706161592
0.2,10000000000,432,446,432->222->223->224->237->250->263->276->289->302->315->328->341->3->16->29->42->43->44->446,432->222->223->224->237->250->263->276->289->302->315->328->341->3->16->29->42->43->44->446,False,19,19,38358151.93222657,36278533.57826036,36278533.57826036,38358151.93222657,255.89804485492806,255.89804485492806
0.2,10000000000,446,432,446->44->43->42->29->16->3->341->328->315->302->289->276->263->250->237->224->223->222->432,446->44->43->42->29->16->3->341->328->315->302->289->276->263->250->237->224->223->222->432,False,19,19,38358151.93222657,40436750.97767163,40436750.97767163,38358151.93222657,255.89804485492806,255.89804485492806
0.2,10000000000,394,361,394->44->31->18->361,394->44->31->18->361,False,4,4,7223426.383665495,7122604.788744399,7122604.788744399,7223426.383665495,48.1895137179568,48.1895137179568
0.2,10000000000,361,394,361->18->31->44->394,361->18->31->44->394,False,4,4,7223426.383665495,7394797.894329814,7394797.894329814,7223426.383665495,48.1895137179568,48.1895137179568
0.2,10000000000,441,436,441->241->240->239->238->237->224->223->222->436,441->241->242->243->230->231->232->233->221->222->436,True,9,10,25603531.23752352,23942436.333799224,29323361.522342473,29154228.8057323,170.80837462244307,194.4960790556799
0.2,10000000000,436,441,436->222->223->224->237->238->239->240->241->441,436->222->223->224->237->238->239->240->241->441,False,9,9,25603531.23752352,21882652.660413288,21882652.660413288,25603531.23752352,170.80837462244307,170.80837462244307
0.2,10000000000,366,367,366->209->196->183->170->157->144->131->118->105->104->367,366->209->196->183->170->157->144->131->118->105->104->367,False,11,11,23943345.969727397,23945230.136847377,23945230.136847377,23943345.969727397,159.7328106881688,159.7328106881688
0.2,10000000000,367,366,367->104->105->118->131->144->157->170->183->196->209->366,367->104->105->118->131->144->157->170->183->196->209->366,False,11,11,23943345.969727393,23654042.894655935,23654042.894655935,23943345.969727393,159.73281068816877,159.73281068816877
0.2,10000000000,364,440,364->183->182->194->193->192->191->178->165->152->139->126->113->100->87->86->440,364->183->184->185->172->159->146->133->120->107->94->81->82->83->84->85->86->440,True,16,17,38404398.44118446,36435290.721729785,42029766.51222394,41649322.785247155,256.2065683532603,277.8543734095349
0.2,10000000000,440,364,440->86->87->100->113->126->139->152->165->178->191->192->193->194->182->183->364,440->86->87->100->113->126->139->152->165->178->191->192->193->194->182->183->364,False,16,16,38404398.44118446,34640753.79458681,34640753.79458681,38404398.44118446,256.2065683532603,256.2065683532603
0.2,20000000000,399,447,399->19->18->17->16->29->42->55->68->81->94->107->120->133->132->131->130->447,399->19->20->21->22->35->48->61->74->87->100->113->126->139->140->141->142->130->447,True,17,18,40137624.25490013,39910079.295277774,45074436.960787594,43964519.98629482,267.76940635978326,293.2997066009901
0.2,20000000000,447,399,447->130->131->132->133->120->107->94->81->68->55->42->29->16->17->18->19->399,447->130->131->132->133->120->107->94->81->68->55->42->29->16->17->18->19->399,False,17,17,40137624.25490013,35213033.892559215,35213033.892559215,40137624.25490013,267.76940635978326,267.76940635978326
0.2,20000000000,425,410,425->187->200->213->226->239->240->241->410,425->187->200->213->226->239->240->241->410,False,8,8,18675061.722605914,17645317.419986874,17645317.419986874,18675061.722605914,124.58660132541368,124.58660132541368
0.2,20000000000,410,425,410->241->240->239->226->213->200->187->425,410->241->240->239->226->213->200->187->425,False,8,8,18675061.72260591,19843752.284163594,19843752.284163594,18675061.72260591,124.58660132541365,124.58660132541365
0.2,20000000000,386,424,386->195->196->197->198->211->224->237->250->263->276->289->290->424,386->195->196->197->198->211->224->237->250->263->276->289->290->424,False,13,13,29223697.059503578,27189454.787289746,27189454.787289746,29223697.059503578,194.95952135996413,194.95952135996413
0.2,20000000000,424,386,424->290->289->276->263->250->237->224->211->198->197->196->195->386,424->290->289->276->263->250->237->224->211->198->197->196->195->386,False,13,13,29223697.059503585,31268947.55810796,31268947.55810796,29223697.059503585,194.95952135996419,194.95952135996419
0.2,20000000000,355,401,355->169->181->168->155->142->129->116->103->90->77->64->51->38->401,355->169->181->168->155->142->129->116->103->90->77->64->51->38->401,False,14,14,32135864.52890781,32498490.00818896,32498490.00818896,32135864.52890781,214.38741149991046,214.38741149991046
0.2,20000000000,401,355,401->38->51->64->77->90->103->116->129->142->155->168->181->169->355,401->38->51->64->77->90->103->116->129->142->155->168->181->169->355,False,14,14,32135864.528907813,32038018.451024044,32038018.451024044,32135864.528907813,214.38741149991048,214.38741149991048
0.2,20000000000,412,406,412->169->170->183->196->209->406,412->169->170->183->196->209->406,False,6,6,13020634.83801786,12830307.657475661,12830307.657475661,13020634.83801786,86.8643255729793,86.8643255729793
0.2,20000000000,406,412,406->209->196->183->170->169->412,406->209->196->183->170->169->412,False,6,6,13020634.838017862,13102874.731065385,13102874.731065385,13020634.838017862,86.86432557297931,86.86432557297931
0.2,20000000000,432,446,432->31->44->446,432->31->44->446,False,3,3,4686271.422872583,4424020.111187521,4424020.111187521,4686271.422872583,31.263437740468998,31.263437740468998
0.2,20000000000,446,432,446->44->31->432,446->44->31->432,False,3,3,4686271.422872583,4983524.158713622,4983524.158713622,4686271.422872583,31.263437740468998,31.263437740468998
0.2,20000000000,394,361,394->44->31->18->361,394->44->31->18->361,False,4,4,7235908.665898476,7134349.928239707,7134349.928239707,7235908.665898476,48.272786541537855,48.272786541537855
0.2,20000000000,361,394,361->18->31->44->394,361->18->31->44->394,False,4,4,7235908.665898476,7407435.221733227,7407435.221733227,7235908.665898476,48.272786541537855,48.272786541537855
0.2,20000000000,441,436,441->241->240->239->238->237->224->223->222->436,441->241->242->243->230->231->232->233->221->222->436,True,9,10,25613328.697322935,23949523.445257038,29333503.90460047,29160891.62293141,170.87373623870775,194.54052858748975
0.2,20000000000,436,441,436->222->223->224->237->238->239->240->241->441,436->222->223->224->237->238->239->240->241->441,False,9,9,25613328.697322935,21892850.787012015,21892850.787012015,25613328.697322935,170.87373623870775,170.87373623870775
0.2,20000000000,366,367,366->209->196->183->170->157->144->131->118->105->104->367,366->209->196->183->170->157->144->131->118->105->104->367,False,11,11,23841118.661882937,23843837.604985103,23843837.604985103,23841118.661882937,159.0508234992552,159.0508234992552
0.2,20000000000,367,366,367->104->105->118->131->144->157->170->183->196->209->366,367->104->105->118->131->144->157->170->183->196->209->366,False,11,11,23841118.66188294,23548988.8268093,23548988.8268093,23841118.66188294,159.0508234992552,159.0508234992552
0.2,20000000000,364,440,364->183->182->194->193->192->191->178->165->152->139->126->113->100->87->86->440,364->183->184->185->172->159->146->133->120->107->94->81->82->83->84->85->86->440,True,16,17,38431359.15828718,36495263.92305289,42060314.85215217,41706293.90749156,256.38643089738554,278.2344438264124
0.2,20000000000,440,364,440->86->87->100->113->126->139->152->165->178->191->192->193->194->182->183->364,440->86->87->100->113->126->139->152->165->178->191->192->193->194->182->183->364,False,16,16,38431359.15828718,34669580.290661186,34669580.290661186,38431359.15828718,256.38643089738554,256.38643089738554
0.2,30000000000,399,447,399->19->18->17->16->29->42->55->68->81->94->107->120->133->132->131->130->447,399->19->20->21->22->35->48->61->74->87->100->113->126->139->140->141->142->130->447,True,17,18,40199626.54533466,39940601.920955926,45139951.92505439,43992847.40235145,268.18304111796346,293.4886867791147
0.2,30000000000,447,399,447->130->131->132->133->120->107->94->81->68->55->42->29->16->17->18->19->399,447->130->131->132->133->120->107->94->81->68->55->42->29->16->17->18->19->399,False,17,17,40199626.54533466,35278360.048800334,35278360.048800334,40199626.54533466,268.18304111796346,268.18304111796346
0.2,30000000000,425,410,425->187->200->213->226->239->240->241->410,425->187->200->213->226->239->240->241->410,False,8,8,18673168.289909538,17643738.103078425,17643738.103078425,18673168.289909538,124.57396970212999,124.57396970212999
0.2,30000000000,410,425,410->241->240->239->226->213->200->187->425,410->241->240->239->226->213->200->187->425,False,8,8,18673168.289909538,19840341.866069112,19840341.866069112,18673168.289909538,124.57396970212999,124.57396970212999
0.2,30000000000,386,424,386->195->196->197->198->211->224->237->250->263->276->289->290->424,386->195->196->197->198->211->224->237->250->263->276->289->290->424,False,13,13,29199725.04158576,27168176.88825538,27168176.88825538,29199725.04158576,194.79959727062752,194.79959727062752
0.2,30000000000,424,386,424->290->289->276->263->250->237->224->211->198->197->196->195->386,424->290->289->276->263->250->237->224->211->198->197->196->195->386,False,13,13,29199725.041585762,31247555.57686841,31247555.57686841,29199725.041585762,194.79959727062754,194.79959727062754
0.2,30000000000,355,401,355->169->181->168->155->142->129->116->103->90->77->64->51->38->401,355->169->181->168->155->142->129->116->103->90->77->64->51->38->401,False,14,14,32193807.15821702,32551503.535669852,32551503.535669852,32193807.15821702,214.77396311428905,214.77396311428905
0.2,30000000000,401,355,401->38->51->64->77->90->103->116->129->142->155->168->181->169->355,401->38->51->64->77->90->103->116->129->142->155->168->181->169->355,False,14,14,32193807.158217024,32094392.039863534,32094392.039863534,32193807.158217024,214.77396311428905,214.77396311428905
0.2,30000000000,412,406,412->169->170->183->196->209->406,412->169->170->183->196->209->406,False,6,6,12931671.722315382,12740303.274638858,12740303.274638858,12931671.722315382,86.27082754907319,86.27082754907319
0.2,30000000000,406,412,406->209->196->183->170->169->412,406->209->196->183->170->169->412,False,6,6,12931671.722315382,13014254.511555184,13014254.511555184,12931671.722315382,86.27082754907319,86.27082754907319
0.2,30000000000,432,446,432->31->44->446,432->31->44->446,False,3,3,4655526.453046794,4393360.510482422,4393360.510482422,4655526.453046794,31.05832937963232,31.05832937963232
0.2,30000000000,446,432,446->44->31->432,446->44->31->432,False,3,3,4655526.453046794,4952405.139219649,4952405.139219649,4655526.453046794,31.05832937963232,31.05832937963232
0.2,30000000000,394,361,394->44->31->18->361,394->44->31->18->361,False,4,4,7254259.8898353595,7151973.89123288,7151973.89123288,7254259.8898353595,48.39521272970355,48.39521272970355
0.2,30000000000,361,394,361->18->31->44->394,361->18->31->44->394,False,4,4,7254259.8898353595,7425929.06298788,7425929.06298788,7254259.8898353595,48.39521272970355,48.39521272970355
0.2,30000000000,441,436,441->241->240->239->238->237->224->223->222->436,441->241->242->243->230->231->232->233->221->222->436,True,9,10,25630620.094049,23964112.53870261,29351135.92658978,29175032.810592808,170.9890920207806,194.63486843683577
0.2,30000000000,436,441,436->222->223->224->237->238->239->240->241->441,436->222->223->224->237->238->239->240->241->441,False,9,9,25630620.094049,21910538.358899917,21910538.358899917,25630620.094049,170.9890920207806,170.9890920207806
0.2,30000000000,366,367,366->209->196->183->170->157->144->131->118->105->104->367,366->209->196->183->170->157->144->131->118->105->104->367,False,11,11,23745448.064263113,23749084.711870223,23749084.711870223,23745448.064263113,158.41257797261275,158.41257797261275
0.2,30000000000,367,366,367->104->105->118->131->144->157->170->183->196->209->366,367->104->105->118->131->144->157->170->183->196->209->366,False,11,11,23745448.064263117,23450524.952378735,23450524.952378735,23745448.064263117,158.41257797261275,158.41257797261275
0.2,30000000000,364,440,364->183->182->194->193->192->191->178->165->152->139->126->113->100->87->86->440,364->183->184->185->172->159->146->133->120->107->94->81->82->83->84->85->86->440,True,16,17,38464941.85976824,36562014.359719515,42097464.24980968,41770099.4488233,256.61047056606236,278.6601085796715
0.2,30000000000,440,364,440->86->87->100->113->126->139->152->165->178->191->192->193->194->182->183->364,440->86->87->100->113->126->139->152->165->178->191->192->193->194->182->183->364,False,16,16,38464941.859768234,34705086.03121477,34705086.03121477,38464941.859768234,256.6104705660623,256.6104705660623
0.2,40000000000,399,447,399->19->18->17->16->29->42->55->68->81->94->107->120->133->132->131->130->447,399->19->20->21->22->35->48->61->74->87->100->113->126->139->140->141->142->130->447,True,17,18,40268770.26817712,39978153.59120867,45212670.66116314,44028122.8854357,268.644318384935,293.72401947106823
0.2,40000000000,447,399,447->130->131->132->133->120->107->94->81->68->55->42->29->16->17->18->19->399,447->130->131->132->133->120->107->94->81->68->55->42->29->16->17->18->19->399,False,17,17,40268770.268177114,35350746.00633108,35350746.00633108,40268770.268177114,268.64431838493493,268.64431838493493
0.2,40000000000,425,410,425->187->200->213->226->239->240->241->410,425->187->200->213->226->239->240->241->410,False,8,8,18677766.73676308,17648595.764832538,17648595.764832538,18677766.73676308,124.60464723741035,124.60464723741035
0.2,40000000000,410,425,410->241->240->239->226->213->200->187->425,410->241->240->239->226->213->200->187->425,False,8,8,18677766.73676308,19843423.460697915,19843423.460697915,18677766.73676308,124.60464723741035,124.60464723741035
0.2,40000000000,386,424,386->195->196->197->198->211->224->237->250->263->276->289->290->424,386->195->196->197->198->211->224->237->250->263->276->289->290->424,False,13,13,29183407.39420388,27154607.73976758,27154607.73976758,29183407.39420388,194.69073764493356,194.69073764493356
0.2,40000000000,424,386,424->290->289->276->263->250->237->224->211->198->197->196->195->386,424->290->289->276->263->250->237->224->211->198->197->196->195->386,False,13,13,29183407.394203883,31233763.522340454,31233763.522340454,29183407.394203883,194.69073764493356,194.69073764493356
0.2,40000000000,355,401,355->169->181->168->155->142->129->116->103->90->77->64->51->38->401,355->169->181->168->155->142->129->116->103->90->77->64->51->38->401,False,14,14,32256508.22774978,32609324.44754959,32609324.44754959,32256508.22774978,215.19225962482204,215.19225962482204
0.2,40000000000,401,355,401->38->51->64->77->90->103->116->129->142->155->168->181->169->355,401->38->51->64->77->90->103->116->129->142->155->168->181->169->355,False,14,14,32256508.227749784,32155412.38180656,32155412.38180656,32256508.227749784,215.19225962482207,215.19225962482207
0.2,40000000000,412,406,412->169->170->183->196->209->406,412->169->170->183->196->209->406,False,6,6,12848396.24311393,12655993.503833663,12655993.503833663,12848396.24311393,85.71527335163267,85.71527335163267
0.2,40000000000,406,412,406->209->196->183->170->169->412,406->209->196->183->170->169->412,False,6,6,12848396.24311393,12931350.132975206,12931350.132975206,12848396.24311393,85.71527335163267,85.71527335163267
0.2,40000000000,432,446,432->31->44->446,432->31->44->446,False,3,3,4631584.447231412,4369492.466381083,4369492.466381083,4631584.447231412,30.898605509491585,30.898605509491585
0.2,40000000000,446,432,446->44->31->432,446->44->31->432,False,3,3,4631584.447231412,4928040.383237194,4928040.383237194,4631584.447231412,30.898605509491585,30.898605509491585
0.2,40000000000,394,361,394->31->18->361,394->31->18->361,False,3,3,5161574.829526668,4762053.132597404,4762053.132597404,5161574.829526668,34.434320756172376,34.434320756172376
0.2,40000000000,361,394,361->18->31->394,361->18->31->394,False,3,3,5161574.829526668,5595470.176992103,5595470.176992103,5161574.829526668,34.434320756172376,34.434320756172376
0.2,40000000000,441,436,441->241->240->239->238->237->224->223->222->436,441->241->242->243->230->231->232->233->221->222->436,True,9,10,25655258.2287413,23986016.8127379,29376108.061870873,29196507.410528988,171.15345996290074,194.77813154678486
0.2,40000000000,436,441,436->222->223->224->237->238->239->240->241->441,436->222->223->224->237->238->239->240->241->441,False,9,9,25655258.228741303,21935578.792066567,21935578.792066567,25655258.228741303,171.15345996290077,171.15345996290077
0.2,40000000000,366,367,366->209->196->183->170->157->144->131->118->105->104->367,366->209->196->183->170->157->144->131->118->105->104->367,False,11,11,23656716.823321465,23661381.67909551,23661381.67909551,23656716.823321465,157.82062685060254,157.82062685060254
0.2,40000000000,367,366,367->104->105->118->131->144->157->170->183->196->209->366,367->104->105->118->131->144->157->170->183->196->209->366,False,11,11,23656716.823321458,23359017.347041577,23359017.347041577,23656716.823321458,157.82062685060248,157.82062685060248
0.2,40000000000,364,440,364->18->19->20->21->34->47->60->73->86->440,364->18->19->20->21->34->47->60->73->86->440,False,10,10,24020324.32305553,22522562.340235524,22522562.340235524,24020324.32305553,160.24635498372368,160.24635498372368
0.2,40000000000,440,364,440->86->73->60->47->34->21->20->19->18->364,440->86->73->60->47->34->21->20->19->18->364,False,10,10,24020324.32305553,25331280.133677956,25331280.133677956,24020324.32305553,160.24635498372368,160.24635498372368
0.2,50000000000,399,447,399->32->31->30->29->42->55->68->81->94->107->120->133->132->131->130->447,399->32->33->34->35->48->61->74->87->100->113->126->139->140->141->142->130->447,True,16,17,38228815.07289273,37494801.91039937,42774653.37756325,41936045.336210005,255.03520220573884,279.7671803752315
0.2,50000000000,447,399,447->130->131->132->133->120->107->94->81->68->55->42->29->30->31->32->399,447->130->131->132->133->120->107->94->81->68->55->42->29->30->31->32->399,False,16,16,38228815.07289274,33711971.96048639,33711971.96048639,38228815.07289274,255.0352022057389,255.0352022057389
0.2,50000000000,425,410,425->187->200->213->226->239->240->241->410,425->187->200->213->226->239->240->241->410,False,8,8,18689038.64730432,17660154.292379208,17660154.292379208,18689038.64730432,124.67984533022722,124.67984533022722
0.2,50000000000,410,425,410->241->240->239->226->213->200->187->425,410->241->240->239->226->213->200->187->425,False,8,8,18689038.647304315,19853128.93444932,19853128.93444932,18689038.647304315,124.6798453302272,124.6798453302272
0.2,50000000000,386,424,386->195->196->197->198->211->224->237->250->263->276->289->290->424,386->195->196->197->198->211->224->237->250->263->276->289->290->424,False,13,13,29174787.66537478,27148737.619104408,27148737.619104408,29174787.66537478,194.6332330039789,194.6332330039789
0.2,50000000000,424,386,424->290->289->276->263->250->237->224->211->198->197->196->195->386,424->290->289->276->263->250->237->224->211->198->197->196->195->386,False,13,13,29174787.66537478,31227666.605383687,31227666.605383687,29174787.66537478,194.6332330039789,194.6332330039789
0.2,50000000000,355,401,355->169->181->168->155->142->129->116->103->90->77->64->51->38->401,355->169->181->168->155->142->129->116->103->90->77->64->51->38->401,False,14,14,32323971.48970329,32671862.627915822,32671862.627915822,32323971.48970329,215.64232606347483,215.64232606347483
0.2,50000000000,401,355,401->38->51->64->77->90->103->116->129->142->155->168->181->169->355,401->38->51->64->77->90->103->116->129->142->155->168->181->169->355,False,14,14,32323971.489703294,32221123.844487924,32221123.844487924,32323971.489703294,215.64232606347483,215.64232606347483
0.2,50000000000,412,406,412->169->170->183->196->209->406,412->169->170->183->196->209->406,False,6,6,12771314.455748219,12577885.020992078,12577885.020992078,12771314.455748219,85.2010390184547,85.2010390184547
0.2,50000000000,406,412,406->209->196->183->170->169->412,406->209->196->183->170->169->412,False,6,6,12771314.455748219,12854681.21032625,12854681.21032625,12771314.455748219,85.2010390184547,85.2010390184547
0.2,50000000000,432,446,432->31->44->446,432->31->44->446,False,3,3,4614684.886427056,4352685.930568721,4352685.930568721,4614684.886427056,30.78586377531256,30.78586377531256
0.2,50000000000,446,432,446->44->31->432,446->44->31->432,False,3,3,4614684.886427056,4910726.513663845,4910726.513663845,4614684.886427056,30.78586377531256,30.78586377531256
0.2,50000000000,394,361,394->31->18->361,394->31->18->361,False,3,3,5120720.608229354,4720812.924296476,4720812.924296476,5120720.608229354,34.1617707289311,34.1617707289311
0.2,50000000000,361,394,361->18->31->394,361->18->31->394,False,3,3,5120720.608229354,5554632.429596223,5554632.429596223,5120720.608229354,34.1617707289311,34.1617707289311
0.2,50000000000,441,436,441->241->240->239->238->237->224->223->222->436,441->241->242->243->230->231->232->233->221->222->436,True,9,10,25687066.452633094,24015076.561949637,29408246.82005461,29225132.90935473,171.36566159134725,194.96910031909295
0.2,50000000000,436,441,436->222->223->224->237->238->239->240->241->441,436->222->223->224->237->238->239->240->241->441,False,9,9,25687066.452633098,21967804.816324692,21967804.816324692,25687066.452633098,171.36566159134728,171.36566159134728
0.2,50000000000,366,367,366->209->196->183->170->157->144->131->118->105->104->367,366->209->196->183->170->157->144->131->118->105->104->367,False,11,11,23575258.51766868,23581023.302611105,23581023.302611105,23575258.51766868,157.2771955301736,157.2771955301736
0.2,50000000000,367,366,367->104->105->118->131->144->157->170->183->196->209->366,367->104->105->118->131->144->157->170->183->196->209->366,False,11,11,23575258.51766868,23274823.434865773,23274823.434865773,23575258.51766868,157.2771955301736,157.2771955301736
0.2,50000000000,364,440,364->18->19->20->21->34->47->60->73->86->440,364->18->19->20->21->34->47->60->73->86->440,False,10,10,23989446.939080067,22490988.455522865,22490988.455522865,23989446.939080067,160.04036325076643,160.04036325076643
0.2,50000000000,440,364,440->86->73->60->47->34->21->20->19->18->364,440->86->73->60->47->34->21->20->19->18->364,False,10,10,23989446.93908007,25301893.303294517,25301893.303294517,23989446.93908007,160.04036325076643,160.04036325076643
0.2,60000000000,399,447,399->32->31->30->29->42->55->68->81->94->107->120->133->132->131->130->447,399->32->33->34->35->48->61->74->87->100->113->126->139->140->141->142->130->447,True,16,17,38224116.667908326,37461260.759121016,42773189.7560394,41900394.94502693,255.00385782158887,279.52934656566265
0.2,60000000000,447,399,447->130->131->132->133->120->107->94->81->68->55->42->29->30->31->32->399,447->130->131->132->133->120->107->94->81->68->55->42->29->30->31->32->399,False,16,16,38224116.66790832,33710080.979344726,33710080.979344726,38224116.66790832,255.0038578215888,255.0038578215888
0.2,60000000000,425,410,425->187->200->213->226->239->240->241->410,425->187->200->213->226->239->240->241->410,False,8,8,18707106.718581874,17678386.29422749,17678386.29422749,18707106.718581874,124.80038252718067,124.80038252718067
0.2,60000000000,410,425,410->241->240->239->226->213->200->187->425,410->241->240->239->226->213->200->187->425,False,8,8,18707106.718581874,19869649.691965945,19869649.691965945,18707106.718581874,124.80038252718067,124.80038252718067
0.2,60000000000,386,424,386->195->196->197->198->211->224->237->250->263->276->289->290->424,386->195->196->197->198->211->224->237->250->263->276->289->290->424,False,13,13,29173873.819517177,27150611.7844451,27150611.7844451,29173873.819517177,194.62713648064604,194.62713648064604
0.2,60000000000,424,386,424->290->289->276->263->250->237->224->211->198->197->196->195->386,424->290->289->276->263->250->237->224->211->198->197->196->195->386,False,13,13,29173873.81951717,31229215.856603198,31229215.856603198,29173873.81951717,194.62713648064602,194.62713648064602
0.2,60000000000,355,401,355->169->181->180->167->154->141->128->115->102->89->76->63->50->37->24->401,355->169->181->180->167->154->141->128->115->102->89->76->63->50->37->24->401,False,16,16,35319335.90222194,36157146.86079152,36157146.86079152,35319335.90222194,235.62524646448537,235.62524646448537
0.2,60000000000,401,355,401->24->37->50->63->76->89->102->115->128->141->154->167->180->181->169->355,401->24->37->50->63->76->89->102->115->128->141->154->167->180->181->169->355,False,16,16,35319335.90222193,34937717.2653811,34937717.2653811,35319335.90222193,235.62524646448531,235.62524646448531
0.2,60000000000,412,406,412->169->170->183->196->209->406,412->169->170->183->196->209->406,False,6,6,12700929.309901047,12506536.314258417,12506536.314258417,12700929.309901047,84.73147986865666,84.73147986865666
0.2,60000000000,406,412,406->209->196->183->170->169->412,406->209->196->183->170->169->412,False,6,6,12700929.30990105,12784671.395967182,12784671.395967182,12700929.30990105,84.73147986865666,84.73147986865666
0.2,60000000000,432,446,432->31->44->446,432->31->44->446,False,3,3,4605012.935684202,4343055.78592421,4343055.78592421,4605012.935684202,30.72133946534574,30.72133946534574
0.2,60000000000,446,432,446->44->31->432,446->44->31->432,False,3,3,4605012.935684202,4900652.683162516,4900652.683162516,4605012.935684202,30.72133946534574,30.72133946534574
0.2,60000000000,394,361,394->31->18->361,394->31->18->361,False,3,3,5086280.866977637,4686021.654087404,4686021.654087404,5086280.866977637,33.932013506341356,33.932013506341356
0.2,60000000000,361,394,361->18->31->394,361->18->31->394,False,3,3,5086280.866977637,5520235.476345232,5520235.476345232,5086280.866977637,33.932013506341356,33.932013506341356
0.2,60000000000,441,436,441->241->240->239->238->237->224->223->222->436,441->241->242->243->230->231->232->233->221->222->436,True,9,10,25725820.700796735,24051059.133063287,29447330.880883,29260694.77882994,171.62420210582306,195.20634357539402
0.2,60000000000,436,441,436->222->223->224->237->238->239->240->241->441,436->222->223->224->237->238->239->240->241->441,False,9,9,25725820.70079674,22006972.493354753,22006972.493354753,25725820.70079674,171.6242021058231,171.6242021058231
0.2,60000000000,366,367,366->209->196->183->170->157->144->131->118->105->104->367,366->209->196->183->170->157->144->131->118->105->104->367,False,11,11,23501351.170769457,23508207.784217387,23508207.784217387,23501351.170769457,156.78413878423493,156.78413878423493
0.2,60000000000,367,366,367->104->105->118->131->144->157->170->183->196->209->366,367->104->105->118->131->144->157->170->183->196->209->366,False,11,11,23501351.170769453,23198279.08778608,23198279.08778608,23501351.170769453,156.7841387842349,156.7841387842349
0.2,60000000000,364,440,364->18->31->44->57->70->71->72->440,364->18->31->44->57->70->71->72->440,False,8,8,19047620.98912445,18019622.996712886,18019622.996712886,19047620.98912445,127.07204921829255,127.07204921829255
0.2,60000000000,440,364,440->72->71->70->57->44->31->18->364,440->72->71->70->57->44->31->18->364,False,8,8,19047620.989124447,20210181.86612008,20210181.86612008,19047620.989124447,127.07204921829252,127.07204921829252
0.2,70000000000,399,447,399->32->31->30->29->42->55->68->81->94->107->120->133->132->131->130->447,399->32->33->34->35->48->61->74->87->100->113->126->139->140->141->142->130->447,True,16,17,38225261.34659276,37433565.37255052,42777570.41348084,41870472.20031784,255.01149429578217,279.32972350036795
0.2,70000000000,447,399,447->130->131->132->133->120->107->94->81->68->55->42->29->30->31->32->399,447->130->131->132->133->120->107->94->81->68->55->42->29->30->31->32->399,False,16,16,38225261.346592754,33714006.45228372,33714006.45228372,38225261.346592754,255.01149429578211,255.01149429578211
0.2,70000000000,425,410,425->27->28->29->16->3->341->328->315->302->289->276->263->250->237->238->239->240->241->410,425->27->28->29->16->3->341->328->315->302->289->276->263->250->237->238->239->240->241->410,False,19,19,41714115.67750261,37050195.445075184,37050195.445075184,41714115.67750261,278.28662505914417,278.28662505914417
0.2,70000000000,410,425,410->241->240->239->238->237->250->263->276->289->302->315->328->341->3->16->29->28->27->425,410->241->242->243->256->269->282->295->308->321->334->347->9->22->35->36->37->38->26->27->425,True,19,20,41714115.67750262,41370064.72140548,46425277.02440709,45671109.79591444,278.28662505914417,304.68484831539314
0.2,70000000000,386,424,386->195->196->197->198->211->224->237->250->263->276->289->290->424,386->195->196->197->198->211->224->237->250->263->276->289->290->424,False,13,13,29180694.46705791,27160243.91302859,27160243.91302859,29180694.46705791,194.67263894315786,194.67263894315786
0.2,70000000000,424,386,424->290->289->276->263->250->237->224->211->198->197->196->195->386,424->290->289->276->263->250->237->224->211->198->197->196->195->386,False,13,13,29180694.467057906,31238481.0455688,31238481.0455688,29180694.467057906,194.67263894315784,194.67263894315784
0.2,70000000000,355,401,355->169->181->180->167->154->141->128->115->102->89->76->63->50->37->24->401,355->169->181->180->167->154->141->128->115->102->89->76->63->50->37->24->401,False,16,16,35382094.96677056,36216964.18645268,36216964.18645268,35382094.96677056,236.04392987611823,236.04392987611823
0.2,70000000000,401,355,401->24->37->50->63->76->89->102->115->128->141->154->167->180->181->169->355,401->24->37->50->63->76->89->102->115->128->141->154->167->180->181->169->355,False,16,16,35382094.96677056,35003360.0083494,35003360.0083494,35382094.96677056,236.04392987611823,236.04392987611823
0.2,70000000000,412,406,412->169->170->183->196->209->406,412->169->170->183->196->209->406,False,6,6,12637736.184481531,12442406.626917604,12442406.626917604,12637736.184481531,84.30990071459057,84.30990071459057
0.2,70000000000,406,412,406->209->196->183->170->169->412,406->209->196->183->170->169->412,False,6,6,12637736.184481533,12721924.471588723,12721924.471588723,12637736.184481533,84.30990071459057,84.30990071459057
0.2,70000000000,432,446,432->31->44->446,432->31->44->446,False,3,3,4602700.6064380035,4340811.23212445,4340811.23212445,4602700.6064380035,30.705913265089567,30.705913265089567
0.2,70000000000,446,432,446->44->31->432,446->44->31->432,False,3,3,4602700.6064380035,4897951.99580423,4897951.99580423,4602700.6064380035,30.705913265089567,30.705913265089567
0.2,70000000000,394,361,394->31->18->361,394->31->18->361,False,3,3,5058546.115710573,4657898.096783852,4657898.096783852,5058546.115710573,33.74698716210248,33.74698716210248
0.2,70000000000,361,394,361->18->31->394,361->18->31->394,False,3,3,5058546.115710573,5492497.011692478,5492497.011692478,5058546.115710573,33.74698716210248,33.74698716210248
0.2,70000000000,441,436,441->241->240->239->238->237->224->223->222->436,441->241->242->243->230->231->232->233->221->222->436,True,9,10,25771281.164490964,24093740.799071446,29493114.46139091,29302947.713611092,171.92748167461212,195.48822481458885
0.2,70000000000,436,441,436->222->223->224->237->238->239->240->241->441,436->222->223->224->237->238->239->240->241->441,False,9,9,25771281.164490968,22052851.822149176,22052851.822149176,25771281.164490968,171.92748167461215,171.92748167461215
0.2,70000000000,366,367,366->209->196->183->170->157->144->131->118->105->104->367,366->209->196->183->170->157->144->131->118->105->104->367,False,11,11,23435211.21998916,23443262.72134684,23443262.72134684,23435211.21998916,156.3429005274653,156.3429005274653
0.2,70000000000,367,366,367->104->105->118->131->144->157->170->183->196->209->366,367->104->105->118->131->144->157->170->183->196->209->366,False,11,11,23435211.21998916,23129556.035886236,23129556.035886236,23435211.21998916,156.3429005274653,156.3429005274653
0.2,70000000000,364,440,364->18->31->44->57->70->71->72->440,364->18->31->44->57->70->71->72->440,False,8,8,19018757.14352699,17990862.64554939,17990862.64554939,19018757.14352699,126.87949036747942,126.87949036747942
0.2,70000000000,440,364,440->72->71->70->57->44->31->18->364,440->72->71->70->57->44->31->18->364,False,8,8,19018757.143526994,20179761.1730369,20179761.1730369,19018757.143526994,126.87949036747945,126.87949036747945
0.2,80000000000,399,447,399->32->31->30->29->42->55->68->81->94->107->120->133->132->131->130->447,399->32->33->34->35->48->61->74->87->100->113->126->139->140->141->142->130->447,True,16,17,38232185.679628596,37411533.74800822,42787775.27302105,41846230.36003402,255.05768847346116,279.1679993499638
0.2,80000000000,447,399,447->130->131->132->133->120->107->94->81->68->55->42->29->30->31->32->399,447->130->131->132->133->120->107->94->81->68->55->42->29->30->31->32->399,False,16,16,38232185.679628596,33723641.11026804,33723641.11026804,38232185.679628596,255.05768847346116,255.05768847346116
0.2,80000000000,425,410,425->27->28->29->16->3->341->328->315->302->289->276->263->250->237->238->239->240->241->410,425->27->28->29->16->3->341->328->315->302->289->276->263->250->237->238->239->240->241->410,False,19,19,41665849.58239898,37005741.70844668,37005741.70844668,41665849.58239898,277.96462833230436,277.96462833230436
0.2,80000000000,410,425,410->241->240->239->238->237->250->263->276->289->302->315->328->341->3->16->29->28->27->425,410->241->242->243->256->269->282->295->308->321->334->347->9->22->35->36->37->38->26->27->425,True,19,20,41665849.58239897,41276539.98820636,46381459.83167723,45574652.07431784,277.9646283323043,304.04135166280827
0.2,80000000000,386,424,386->195->196->197->198->211->224->237->250->263->276->289->290->424,386->195->196->197->198->211->224->237->250->263->276->289->290->424,False,13,13,29195261.19947357,27177644.25761508,27177644.25761508,29195261.19947357,194.76981772152234,194.76981772152234
0.2,80000000000,424,386,424->290->289->276->263->250->237->224->211->198->197->196->195->386,424->290->289->276->263->250->237->224->211->198->197->196->195->386,False,13,13,29195261.199473564,31255423.620590463,31255423.620590463,29195261.199473564,194.7698177215223,194.7698177215223
0.2,80000000000,355,401,355->169->181->180->167->154->141->128->115->102->89->76->63->50->37->24->401,355->169->181->180->167->154->141->128->115->102->89->76->63->50->37->24->401,False,16,16,35452196.244294845,36284035.88128326,36284035.88128326,35452196.244294845,236.51159526031068,236.51159526031068
0.2,80000000000,401,355,401->24->37->50->63->76->89->102->115->128->141->154->167->180->181->169->355,401->24->37->50->63->76->89->102->115->128->141->154->167->180->181->169->355,False,16,16,35452196.244294845,35076248.94346416,35076248.94346416,35452196.244294845,236.51159526031068,236.51159526031068
0.2,80000000000,412,406,412->169->170->183->196->209->406,412->169->170->183->196->209->406,False,6,6,12582193.422101155,12385907.801934408,12385907.801934408,12582193.422101155,83.93935928902624,83.93935928902624
0.2,80000000000,406,412,406->209->196->183->170->169->412,406->209->196->183->170->169->412,False,6,6,12582193.422101155,12666838.525497576,12666838.525497576,12582193.422101155,83.93935928902624,83.93935928902624
0.2,80000000000,432,446,432->31->44->446,432->31->44->446,False,3,3,4607813.628614797,4345946.913502495,4345946.913502495,4607813.628614797,30.74002367741217,30.74002367741217
0.2,80000000000,446,432,446->44->31->432,446->44->31->432,False,3,3,4607813.628614797,4902620.236556252,4902620.236556252,4607813.628614797,30.74002367741217,30.74002367741217
0.2,80000000000,394,361,394->31->18->361,394->31->18->361,False,3,3,5037769.554665545,4636760.814802837,4636760.814802837,5037769.554665545,33.6083808663762,33.6083808663762
0.2,80000000000,361,394,361->18->31->394,361->18->31->394,False,3,3,5037769.554665545,5471723.561217591,5471723.561217591,5037769.554665545,33.6083808663762,33.6083808663762
0.2,80000000000,441,436,441->241->240->239->252->265->278->291->304->317->330->343->5->18->31->436,441->241->240->239->252->265->278->291->304->317->330->343->5->18->31->436,False,15,15,34058789.526489586,36378278.44667251,36378278.44667251,34058789.526489586,227.2157862389559,227.2157862389559
0.2,80000000000,436,441,436->31->18->5->343->330->317->304->291->278->265->252->239->240->241->441,436->31->18->5->343->330->317->304->291->278->265->252->239->240->241->441,False,15,15,34058789.526489586,32104682.013881285,32104682.013881285,34058789.526489586,227.2157862389559,227.2157862389559
0.2,80000000000,366,367,366->209->196->183->170->157->144->131->118->105->104->367,366->209->196->183->170->157->144->131->118->105->104->367,False,11,11,23376984.027592037,23386310.763904415,23386310.763904415,23376984.027592037,155.9544505125078,155.9544505125078
0.2,80000000000,367,366,367->104->105->118->131->144->157->170->183->196->209->366,367->104->105->118->131->144->157->170->183->196->209->366,False,11,11,23376984.02759204,23068748.915556718,23068748.915556718,23376984.02759204,155.95445051250783,155.95445051250783
0.2,80000000000,364,440,364->18->31->44->57->70->71->72->440,364->18->31->44->57->70->71->72->440,False,8,8,18995496.58892494,17967756.355452627,17967756.355452627,18995496.58892494,126.72431265048664,126.72431265048664
0.2,80000000000,440,364,440->72->71->70->57->44->31->18->364,440->72->71->70->57->44->31->18->364,False,8,8,18995496.58892494,20154900.159488738,20154900.159488738,18995496.58892494,126.72431265048664,126.72431265048664
0.2,90000000000,399,447,399->32->31->30->29->42->55->68->81->94->107->120->133->132->131->130->447,399->32->33->34->35->48->61->74->87->100->113->126->139->140->141->142->130->447,True,16,17,38244848.34964206,37395264.87467581,42803775.45334058,41827630.43367066,255.14216471477786,279.04391399780087
0.2,90000000000,447,399,447->130->131->132->133->120->107->94->81->68->55->42->29->30->31->32->399,447->130->131->132->133->120->107->94->81->68->55->42->29->30->31->32->399,False,16,16,38244848.34964205,33738930.29118748,33738930.29118748,38244848.34964205,255.1421647147778,255.1421647147778
0.2,90000000000,425,410,425->27->28->29->16->3->341->328->315->302->289->276->263->250->237->238->239->240->241->410,425->27->28->29->16->3->341->328->315->302->289->276->263->250->237->238->239->240->241->410,False,19,19,41626927.383664824,36970517.943053946,36970517.943053946,41626927.383664824,277.70496737222675,277.70496737222675
0.2,90000000000,410,425,410->241->240->239->238->237->250->263->276->289->302->315->328->341->3->16->29->28->27->425,410->241->242->243->256->269->282->295->308->321->334->347->9->22->35->36->37->38->26->27->425,True,19,20,41626927.383664824,41191523.51638804,46347060.13665022,45486547.04089639,277.70496737222675,303.45357814769574
0.2,90000000000,386,424,386->195->196->197->198->211->224->237->250->263->276->289->290->424,386->195->196->197->198->211->224->237->250->263->276->289->290->424,False,13,13,29217572.566231128,27202838.089556,27202838.089556,29217572.566231128,194.9186631388247,194.9186631388247
0.2,90000000000,424,386,424->290->289->276->263->250->237->224->211->198->197->196->195->386,424->290->289->276->263->250->237->224->211->198->197->196->195->386,False,13,13,29217572.566231124,31280037.232331015,31280037.232331015,29217572.566231124,194.91866313882468,194.91866313882468
0.2,90000000000,355,401,355->169->181->180->167->154->141->128->115->102->89->76->63->50->37->24->401,355->169->181->180->167->154->141->128->115->102->89->76->63->50->37->24->401,False,16,16,35529694.62896295,36358411.365195535,36358411.365195535,35529694.62896295,237.02860883153338,237.02860883153338
0.2,90000000000,401,355,401->24->37->50->63->76->89->102->115->128->141->154->167->180->181->169->355,401->24->37->50->63->76->89->102->115->128->141->154->167->180->181->169->355,False,16,16,35529694.62896294,35156442.810102366,35156442.810102366,35529694.62896294,237.02860883153332,237.02860883153332
0.2,90000000000,412,406,412->169->170->183->196->209->406,412->169->170->183->196->209->406,False,6,6,12534711.666045776,12337490.886972517,12337490.886972517,12534711.666045776,83.62259510908561,83.62259510908561
0.2,90000000000,406,412,406->209->196->183->170->169->412,406->209->196->183->170->169->412,False,6,6,12534711.666045774,12619854.474079464,12619854.474079464,12534711.666045774,83.6225951090856,83.6225951090856
0.2,90000000000,432,446,432->31->44->446,432->31->44->446,False,3,3,4620354.797521422,4358566.043206425,4358566.043206425,4620354.797521422,30.82368935059348,30.82368935059348
0.2,90000000000,446,432,446->44->31->432,446->44->31->432,False,3,3,4620354.797521422,4914726.52173686,4914726.52173686,4620354.797521422,30.82368935059348,30.82368935059348
0.2,90000000000,394,361,394->31->18->361,394->31->18->361,False,3,3,5024158.918740967,4622727.394226432,4622727.394226432,5024158.918740967,33.517580477231135,33.517580477231135
0.2,90000000000,361,394,361->18->31->394,361->18->31->394,False,3,3,5024158.918740967,5458121.112532768,5458121.112532768,5024158.918740967,33.517580477231135,33.517580477231135
0.2,90000000000,441,436,441->241->240->239->252->265->278->291->304->317->330->343->5->18->31->436,441->241->240->239->252->265->278->291->304->317->330->343->5->18->31->436,False,15,15,34162062.14199877,36481880.92619233,36481880.92619233,34162062.14199877,227.90474696997725,227.90474696997725
0.2,90000000000,436,441,436->31->18->5->343->330->317->304->291->278->265->252->239->240->241->441,436->31->18->5->343->344->345->332->319->306->293->280->267->254->241->441,True,15,15,34162062.14199875,32184186.14828479,32203505.354249828,34403401.93292922,227.90474696997717,229.5147927499178
0.2,90000000000,366,367,366->209->196->183->170->157->144->131->118->105->104->367,366->209->196->183->170->157->144->131->118->105->104->367,False,11,11,23326747.98364901,23337423.541218817,23337423.541218817,23326747.98364901,155.619311701624,155.619311701624
0.2,90000000000,367,366,367->104->105->118->131->144->157->170->183->196->209->366,367->104->105->118->131->144->157->170->183->196->209->366,False,11,11,23326747.983649015,23015991.744804874,23015991.744804874,23326747.983649015,155.619311701624,155.619311701624
0.2,90000000000,364,440,364->18->31->44->57->70->71->72->440,364->18->31->44->57->70->71->72->440,False,8,8,18978131.187620483,17950558.703750964,17950558.703750964,18978131.187620483,126.60846316300913,126.60846316300913
0.2,90000000000,440,364,440->72->71->70->57->44->31->18->364,440->72->59->46->33->20->19->18->364,True,8,8,18978131.187620483,20126254.95967806,20135852.396952264,19098803.06099124,126.60846316300913,127.4134992481448
0.2,100000000000,399,447,399->32->31->30->29->42->55->68->81->94->107->120->133->132->131->130->447,399->32->33->34->35->48->61->74->87->100->113->126->139->140->141->142->130->447,True,16,17,38263219.38488749,37384661.09979348,42825481.815733016,41814677.91042309,255.2647230697677,278.95750406384866
0.2,100000000000,447,399,447->130->131->132->133->120->107->94->81->68->55->42->29->30->31->32->399,447->130->131->132->133->120->107->94->81->68->55->42->29->30->31->32->399,False,16,16,38263219.38488749,33759926.80943382,33759926.80943382,38263219.38488749,255.2647230697677,255.2647230697677
0.2,100000000000,425,410,425->27->28->29->16->3->341->328->315->302->289->276->263->250->237->238->239->240->241->410,425->27->28->29->16->3->341->328->315->302->289->276->263->250->237->238->239->240->241->410,False,19,19,41597739.52879321,36945019.376591496,36945019.376591496,41597739.52879321,277.5102469642062,277.5102469642062
0.2,100000000000,410,425,410->241->240->239->238->237->250->263->276->289->302->315->328->341->3->16->29->28->27->425,410->241->242->243->256->269->282->295->308->321->334->347->9->22->35->36->37->38->26->27->425,True,19,20,41597739.5287932,41115287.81229796,46322396.14435239,45407191.968189634,277.5102469642062,302.9241780871594
0.2,100000000000,386,424,386->195->196->197->198->211->224->237->250->263->276->289->290->424,386->195->196->197->198->211->224->237->250->263->276->289->290->424,False,13,13,29247619.50600976,27235769.584747873,27235769.584747873,29247619.50600976,195.11911474443937,195.11911474443937
0.2,100000000000,424,386,424->290->289->276->263->250->237->224->211->198->197->196->195->386,424->290->289->276->263->250->237->224->211->198->197->196->195->386,False,13,13,29247619.50600976,31312391.3198434,31312391.3198434,29247619.50600976,195.11911474443937,195.11911474443937
0.2,100000000000,355,401,355->169->181->180->167->154->141->128->115->102->89->76->63->50->37->24->401,355->169->181->180->167->154->141->128->115->102->89->76->63->50->37->24->401,False,16,16,35614594.21982933,36440131.71817346,36440131.71817346,35614594.21982933,237.5949979357341,237.5949979357341
0.2,100000000000,401,355,401->24->37->50->63->76->89->102->115->128->141->154->167->180->181->169->355,401->24->37->50->63->76->89->102->115->128->141->154->167->180->181->169->355,False,16,16,35614594.21982933,35243935.69176878,35243935.69176878,35614594.21982933,237.5949979357341,237.5949979357341
0.2,100000000000,412,406,412->169->170->183->196->209->406,412->169->170->183->196->209->406,False,6,6,12495629.460857969,12297478.705521649,12297478.705521649,12495629.460857969,83.36186670084922,83.36186670084922
0.2,100000000000,406,412,406->209->196->183->170->169->412,406->209->196->183->170->169->412,False,6,6,12495629.460857969,12581302.075758269,12581302.075758269,12495629.460857969,83.36186670084922,83.36186670084922
0.2,100000000000,432,446,432->31->44->446,432->31->44->446,False,3,3,4640262.144766193,4378477.578053718,4378477.578053718,4640262.144766193,30.95649687602343,30.95649687602343
0.2,100000000000,446,432,446->44->31->432,446->44->31->432,False,3,3,4640262.144766193,4934211.223207421,4934211.223207421,4640262.144766193,30.95649687602343,30.95649687602343
0.2,100000000000,394,361,394->31->18->361,394->31->18->361,False,3,3,5017867.846125082,4616067.509919524,4616067.509919524,5017867.846125082,33.47561095833226,33.47561095833226
0.2,100000000000,361,394,361->18->31->394,361->18->31->394,False,3,3,5017867.846125082,5451816.278288273,5451816.278288273,5017867.846125082,33.47561095833226,33.47561095833226
0.2,100000000000,441,436,441->241->240->239->252->265->278->291->304->317->330->343->5->18->31->436,441->241->254->267->280->293->306->319->332->345->344->343->5->18->31->436,True,15,15,34271113.83593312,36507336.34024345,36591080.28929582,34430969.235561766,228.63226156231804,229.69870199711139
0.2,100000000000,436,441,436->31->18->5->343->330->317->304->291->278->265->252->239->240->241->441,436->31->18->5->343->344->345->332->319->306->293->280->267->254->241->441,True,15,15,34271113.83593311,32210333.889247,32308221.142856136,34430969.235561766,228.63226156231798,229.69870199711139
0.2,100000000000,366,367,366->209->196->183->170->157->144->131->118->105->104->367,366->209->196->183->170->157->144->131->118->105->104->367,False,11,11,23284506.699976675,23296590.493725866,23296590.493725866,23284506.699976675,155.33750819026056,155.33750819026056
0.2,100000000000,367,366,367->104->105->118->131->144->157->170->183->196->209->366,367->104->105->118->131->144->157->170->183->196->209->366,False,11,11,23284506.699976675,22971289.592640433,22971289.592640433,23284506.699976675,155.33750819026056,155.33750819026056
0.2,100000000000,364,440,364->18->31->44->57->70->71->72->440,364->18->19->20->33->46->59->72->440,True,8,8,18966933.405299798,17897534.359676298,17939361.192837745,19046859.281546555,126.53375960044863,127.06696765231202
0.2,100000000000,440,364,440->72->71->70->57->44->31->18->364,440->72->59->46->33->20->19->18->364,True,8,8,18966933.405299798,20074090.288416207,20123075.02362869,19046859.28154656,126.53375960044863,127.06696765231204
0.2,110000000000,399,447,399->32->31->30->29->42->55->68->81->94->107->120->133->132->131->130->447,399->32->33->34->35->48->61->74->87->100->113->126->139->140->141->142->130->447,True,16,17,38287292.04074175,37379800.255844794,42852944.26690319,41807382.86657286,255.4253185431486,278.90883676982196
0.2,110000000000,447,399,447->130->131->132->133->120->107->94->81->68->55->42->29->30->31->32->399,447->130->131->132->133->120->107->94->81->68->55->42->29->30->31->32->399,False,16,16,38287292.04074175,33786552.383605644,33786552.383605644,38287292.04074175,255.4253185431486,255.4253185431486
0.2,110000000000,425,410,425->27->28->29->16->3->341->328->315->302->289->276->263->250->237->238->239->240->241->410,425->27->28->29->16->3->341->328->315->302->289->276->263->250->237->238->239->240->241->410,False,19,19,41578613.6911543,36929494.83595553,36929494.83595553,41578613.6911543,277.3826531096676,277.3826531096676
0.2,110000000000,410,425,410->241->240->239->238->237->250->263->276->289->302->315->328->341->3->16->29->28->27->425,410->241->242->243->256->269->282->295->308->321->334->347->9->22->35->36->37->38->26->27->425,True,19,20,41578613.69115431,41048255.69225356,46307862.31421227,45336915.432206,277.3826531096677,302.45534350437856
0.2,110000000000,386,424,386->195->196->197->198->211->224->237->250->263->276->289->290->424,386->195->196->197->198->211->224->237->250->263->276->289->290->424,False,13,13,29285395.119633693,27276476.166738976,27276476.166738976,29285395.119633693,195.37112651201983,195.37112651201983
0.2,110000000000,424,386,424->290->289->276->263->250->237->224->211->198->197->196->195->386,424->290->289->276->263->250->237->224->211->198->197->196->195->386,False,13,13,29285395.119633704,31352405.088719346,31352405.088719346,29285395.119633704,195.37112651201988,195.37112651201988
0.2,110000000000,355,401,355->169->181->180->167->154->141->128->115->102->89->76->63->50->37->24->401,355->169->181->180->167->154->141->128->115->102->89->76->63->50->37->24->401,False,16,16,35706804.268836044,36529032.97879638,36529032.97879638,35706804.268836044,238.21015716703616,238.21015716703616
0.2,110000000000,401,355,401->24->37->50->63->76->89->102->115->128->141->154->167->180->181->169->355,401->24->37->50->63->76->89->102->115->128->141->154->167->180->181->169->355,False,16,16,35706804.26883604,35338685.25830663,35338685.25830663,35706804.26883604,238.2101571670361,238.2101571670361
0.2,110000000000,412,406,412->169->170->183->196->209->406,412->169->170->183->196->209->406,False,6,6,12465198.077652862,12266135.004787374,12266135.004787374,12465198.077652862,83.15885036476043,83.15885036476043
0.2,110000000000,406,412,406->209->196->183->170->169->412,406->209->196->183->170->169->412,False,6,6,12465198.07765286,12551441.519559737,12551441.519559737,12465198.07765286,83.15885036476041,83.15885036476041
0.2,110000000000,432,446,432->31->44->446,432->31->44->446,False,3,3,4667409.292861372,4405657.532354807,4405657.532354807,4667409.292861372,31.137603153855004,31.137603153855004
0.2,110000000000,446,432,446->44->31->432,446->44->31->432,False,3,3,4667409.292861372,4960880.274319312,4960880.274319312,4667409.292861372,31.137603153855004,31.137603153855004
0.2,110000000000,394,361,394->31->18->361,394->31->18->361,False,3,3,5018991.748230025,4616786.021146008,4616786.021146008,5018991.748230025,33.48310882610679,33.48310882610679
0.2,110000000000,361,394,361->18->31->394,361->18->31->394,False,3,3,5018991.748230025,5452909.330295602,5452909.330295602,5018991.748230025,33.48310882610679,33.48310882610679
0.2,110000000000,441,436,441->241->240->239->252->265->278->291->304->317->330->343->5->18->31->436,441->241->254->267->280->293->306->319->332->345->344->343->5->18->31->436,True,15,15,34385597.89678751,36537103.81715539,36705679.83316689,34463918.31037922,229.3960170057881,229.9185145636934
0.2,110000000000,436,441,436->31->18->5->343->330->317->304->291->278->265->252->239->240->241->441,436->31->18->5->343->344->345->332->319->306->293->280->267->254->241->441,True,15,15,34385597.89678751,32241872.87072682,32418249.728599027,34463918.310379215,229.3960170057881,229.91851456369335
0.2,110000000000,366,367,366->209->196->183->170->157->144->131->118->105->104->367,366->209->196->183->170->157->144->131->118->105->104->367,False,11,11,23250195.867659993,23263795.33270842,23263795.33270842,23250195.867659993,155.10861095551638,155.10861095551638
0.2,110000000000,367,366,367->104->105->118->131->144->157->170->183->196->209->366,367->104->105->118->131->144->157->170->183->196->209->366,False,11,11,23250195.867659993,22934541.657192893,22934541.657192893,23250195.867659993,155.10861095551638,155.10861095551638
0.2,110000000000,364,440,364->18->31->44->57->70->71->72->440,364->18->19->20->33->46->59->72->440,True,8,8,18962139.757729035,17850267.625597008,17934655.287915345,19001299.933520477,126.50177982615583,126.76302839826931
0.2,110000000000,440,364,440->72->71->70->57->44->31->18->364,440->72->59->46->33->20->19->18->364,True,8,8,18962139.757729035,20028444.547301985,20116577.347725287,19001299.933520477,126.50177982615583,126.76302839826931
0.3,0,399,447,399->19->18->17->16->29->42->55->68->81->94->107->120->133->132->131->130->447,399->19->20->21->22->35->48->61->74->87->100->113->126->139->140->141->142->130->447,True,17,18,40036604.01522177,37842159.22459423,47431411.54838478,43930134.65256021,267.095471862883,293.07031234628465
0.3,0,447,399,447->130->131->132->133->120->107->94->81->68->55->42->29->16->17->18->19->399,447->130->131->132->133->120->107->94->81->68->55->42->29->16->17->18->19->399,False,17,17,40036604.015221775,32639606.57710279,32639606.57710279,40036604.015221775,267.0954718628831,267.0954718628831
0.3,0,425,410,425->187->200->213->226->239->240->241->410,425->187->200->213->226->239->240->241->410,False,8,8,18697558.98184062,17151867.813721307,17151867.813721307,18697558.98184062,124.73668688383496,124.73668688383496
0.3,0,410,425,410->241->240->239->226->213->200->187->425,410->241->240->239->226->213->200->187->425,False,8,8,18697558.981840618,20455028.616010617,20455028.616010617,18697558.981840618,124.73668688383493,124.73668688383493
0.3,0,386,424,386->195->196->197->198->211->224->237->250->263->276->289->302->303->424,386->195->196->197->198->211->224->237->250->263->276->289->302->303->424,False,14,14,30747829.403975915,27241632.478897642,27241632.478897642,30747829.403975915,205.12743788888721,205.12743788888721
0.3,0,424,386,424->303->302->289->276->263->250->237->224->211->198->197->196->195->386,424->303->302->289->276->263->250->237->224->211->198->197->196->195->386,False,14,14,30747829.40397591,34254116.43037976,34254116.43037976,30747829.40397591,205.1274378888872,205.1274378888872
0.3,0,355,401,355->169->181->168->155->142->129->116->103->90->77->64->51->38->401,355->169->181->168->155->142->129->116->103->90->77->64->51->38->401,False,14,14,32034182.872998983,32592851.080903996,32592851.080903996,32034182.872998983,213.70906450888089,213.70906450888089
0.3,0,401,355,401->38->51->64->77->90->103->116->129->142->155->168->181->169->355,401->38->51->64->77->90->103->116->129->142->155->168->181->169->355,False,14,14,32034182.87299898,31891647.585287675,31891647.585287675,32034182.87299898,213.70906450888086,213.70906450888086
0.3,0,412,406,412->169->170->183->196->209->406,412->169->170->183->196->209->406,False,6,6,13213667.082365327,12931352.487148082,12931352.487148082,13213667.082365327,88.15209809157591,88.15209809157591
0.3,0,406,412,406->209->196->183->170->169->412,406->209->196->183->170->169->412,False,6,6,13213667.082365327,13336107.346801065,13336107.346801065,13213667.082365327,88.15209809157591,88.15209809157591
0.3,0,432,446,432->222->223->224->237->250->263->276->289->302->315->328->341->3->16->29->42->43->44->446,432->222->223->224->237->250->263->276->289->302->315->328->341->3->16->29->42->43->44->446,False,19,19,38360467.36273173,35233681.05532425,35233681.05532425,38360467.36273173,255.913491744557,255.913491744557
0.3,0,446,432,446->44->43->42->29->16->3->341->328->315->302->289->276->263->250->237->224->223->222->432,446->44->43->42->29->16->3->341->328->315->302->289->276->263->250->237->224->223->222->432,False,19,19,38360467.36273173,41470973.75816969,41470973.75816969,38360467.36273173,255.913491744557,255.913491744557
0.3,0,394,361,394->44->31->18->361,394->44->31->18->361,False,4,4,7216817.817853596,7066688.131734605,7066688.131734605,7216817.817853596,48.14542611244474,48.14542611244474
0.3,0,361,394,361->18->31->44->394,361->18->31->44->394,False,4,4,7216817.817853596,7473611.2847849205,7473611.2847849205,7216817.817853596,48.14542611244474,48.14542611244474
0.3,0,441,436,441->241->240->239->238->237->224->223->222->436,441->241->242->243->230->231->232->233->221->222->436,True,9,10,25601337.190057844,21336812.401475713,31180565.400094867,29155149.31984408,170.7937375132889,194.50222006481616
0.3,0,436,441,436->222->223->224->237->238->239->240->241->441,436->222->223->224->237->238->239->240->241->441,False,9,9,25601337.19005784,20019419.670096263,20019419.670096263,25601337.19005784,170.79373751328887,170.79373751328887
0.3,0,366,367,366->209->196->183->170->157->144->131->118->105->104->367,366->209->196->183->170->157->144->131->118->105->104->367,False,11,11,24051705.554096743,24053259.104290023,24053259.104290023,24051705.554096743,160.45570802249298,160.45570802249298
0.3,0,367,366,367->104->105->118->131->144->157->170->183->196->209->366,367->104->105->118->131->144->157->170->183->196->209->366,False,11,11,24051705.554096743,23622138.84185039,23622138.84185039,24051705.554096743,160.45570802249298,160.45570802249298
0.3,0,364,440,364->183->182->194->193->192->191->178->165->152->139->126->113->100->87->86->440,364->183->184->185->172->159->146->133->120->107->94->81->82->83->84->85->86->440,True,16,17,38384352.24990928,33773928.52663627,43817096.06750254,41599489.45896322,256.07283456016285,277.5219212416826
0.3,0,440,364,440->86->87->100->113->126->139->152->165->178->191->192->193->194->182->183->364,440->86->87->100->113->126->139->152->165->178->191->192->193->194->182->183->364,False,16,16,38384352.24990928,32736091.317310285,32736091.317310285,38384352.24990928,256.07283456016285,256.07283456016285
0.3,10000000000,399,447,399->19->18->17->16->29->42->55->68->81->94->107->120->133->132->131->130->447,399->19->20->21->22->35->48->61->74->87->100->113->126->139->140->141->142->130->447,True,17,18,40083167.40738172,37858675.550951995,47483160.40461122,43943495.7920799,267.4061093783868,293.15944827457866
0.3,10000000000,447,399,447->130->131->132->133->120->107->94->81->68->55->42->29->16->17->18->19->399,447->130->131->132->133->120->107->94->81->68->55->42->29->16->17->18->19->399,False,17,17,40083167.40738173,32691271.239475664,32691271.239475664,40083167.40738173,267.4061093783869,267.4061093783869
0.3,10000000000,425,410,425->187->200->213->226->239->240->241->410,425->187->200->213->226->239->240->241->410,False,8,8,18683258.267640077,17138127.710415673,17138127.710415673,18683258.267640077,124.64128278797511,124.64128278797511
0.3,10000000000,410,425,410->241->240->239->226->213->200->187->425,410->241->240->239->226->213->200->187->425,False,8,8,18683258.267640077,20438511.474259157,20438511.474259157,18683258.267640077,124.64128278797511,124.64128278797511
0.3,10000000000,386,424,386->195->196->197->184->171->158->145->132->424,386->195->196->197->184->171->158->145->132->424,False,9,9,18931668.28721989,16857025.614679053,16857025.614679053,18931668.28721989,126.29849605636103,126.29849605636103
0.3,10000000000,424,386,424->132->145->158->171->184->197->196->195->386,424->132->145->158->171->184->197->196->195->386,False,9,9,18931668.28721989,20775001.66572454,20775001.66572454,18931668.28721989,126.29849605636103,126.29849605636103
0.3,10000000000,355,401,355->169->181->168->155->142->129->116->103->90->77->64->51->38->401,355->169->181->168->155->142->129->116->103->90->77->64->51->38->401,False,14,14,32082665.313418716,32633951.569080718,32633951.569080718,32082665.313418716,214.03250453631304,214.03250453631304
0.3,10000000000,401,355,401->38->51->64->77->90->103->116->129->142->155->168->181->169->355,401->38->51->64->77->90->103->116->129->142->155->168->181->169->355,False,14,14,32082665.313418712,31938113.781611457,31938113.781611457,32082665.313418712,214.032504536313,214.032504536313
0.3,10000000000,412,406,412->169->170->183->196->209->406,412->169->170->183->196->209->406,False,6,6,13114791.41125557,12830824.18282389,12830824.18282389,13114791.41125557,87.4924706161592,87.4924706161592
0.3,10000000000,406,412,406->209->196->183->170->169->412,406->209->196->183->170->169->412,False,6,6,13114791.41125557,13237731.760371609,13237731.760371609,13114791.41125557,87.4924706161592,87.4924706161592
0.3,10000000000,432,446,432->222->223->224->237->250->263->276->289->302->315->328->341->3->16->29->42->43->44->446,432->222->223->224->237->250->263->276->289->302->315->328->341->3->16->29->42->43->44->446,False,19,19,38358151.93222657,35238724.40127726,35238724.40127726,38358151.93222657,255.89804485492806,255.89804485492806
0.3,10000000000,446,432,446->44->43->42->29->16->3->341->328->315->302->289->276->263->250->237->224->223->222->432,446->44->43->42->29->16->3->341->328->315->302->289->276->263->250->237->224->223->222->432,False,19,19,38358151.93222657,41476050.500394166,41476050.500394166,38358151.93222657,255.89804485492806,255.89804485492806
0.3,10000000000,394,361,394->44->31->18->361,394->44->31->18->361,False,4,4,7223426.383665495,7072193.991283853,7072193.991283853,7223426.383665495,48.1895137179568,48.1895137179568
0.3,10000000000,361,394,361->18->31->44->394,361->18->31->44->394,False,4,4,7223426.383665495,7480483.649661976,7480483.649661976,7223426.383665495,48.1895137179568,48.1895137179568
0.3,10000000000,441,436,441->241->240->239->238->237->224->223->222->436,441->241->242->243->230->231->232->233->221->222->436,True,9,10,25603531.23752352,21336540.097832687,31183276.664751947,29154228.8057323,170.80837462244307,194.4960790556799
0.3,10000000000,436,441,436->222->223->224->237->238->239->240->241->441,436->222->223->224->237->238->239->240->241->441,False,9,9,25603531.23752352,20022213.37185817,20022213.37185817,25603531.23752352,170.80837462244307,170.80837462244307
0.3,10000000000,366,367,366->209->196->183->170->157->144->131->118->105->104->367,366->209->196->183->170->157->144->131->118->105->104->367,False,11,11,23943345.969727397,23946172.220407363,23946172.220407363,23943345.969727397,159.7328106881688,159.7328106881688
0.3,10000000000,367,366,367->104->105->118->131->144->157->170->183->196->209->366,367->104->105->118->131->144->157->170->183->196->209->366,False,11,11,23943345.969727393,23509391.357120197,23509391.357120197,23943345.969727393,159.73281068816877,159.73281068816877
0.3,10000000000,364,440,364->183->182->194->193->192->191->178->165->152->139->126->113->100->87->86->440,364->183->184->185->172->159->146->133->120->107->94->81->82->83->84->85->86->440,True,16,17,38404398.44118446,33828274.68997109,43842450.547743686,41649322.785247155,256.2065683532603,277.8543734095349
0.3,10000000000,440,364,440->86->87->100->113->126->139->152->165->178->191->192->193->194->182->183->364,440->86->87->100->113->126->139->152->165->178->191->192->193->194->182->183->364,False,16,16,38404398.44118446,32758931.47128799,32758931.47128799,38404398.44118446,256.2065683532603,256.2065683532603
0.3,20000000000,399,447,399->19->18->17->16->29->42->55->68->81->94->107->120->133->132->131->130->447,399->19->20->21->22->35->48->61->74->87->100->113->126->139->140->141->142->130->447,True,17,18,40137624.25490013,37882858.94976924,47542843.31373134,43964519.98629482,267.76940635978326,293.2997066009901
0.3,20000000000,447,399,447->130->131->132->133->120->107->94->81->68->55->42->29->16->17->18->19->399,447->130->131->132->133->120->107->94->81->68->55->42->29->16->17->18->19->399,False,17,17,40137624.25490013,32750738.71138876,32750738.71138876,40137624.25490013,267.76940635978326,267.76940635978326
0.3,20000000000,425,410,425->187->200->213->226->239->240->241->410,425->187->200->213->226->239->240->241->410,False,8,8,18675061.722605914,17130445.268677358,17130445.268677358,18675061.722605914,124.58660132541368,124.58660132541368
0.3,20000000000,410,425,410->241->240->239->226->213->200->187->425,410->241->240->239->226->213->200->187->425,False,8,8,18675061.72260591,20428097.564942434,20428097.564942434,18675061.72260591,124.58660132541365,124.58660132541365
0.3,20000000000,386,424,386->195->196->197->198->211->224->237->250->263->276->289->290->424,386->195->196->197->198->211->224->237->250->263->276->289->290->424,False,13,13,29223697.059503578,26172333.65118283,26172333.65118283,29223697.059503578,194.95952135996413,194.95952135996413
0.3,20000000000,424,386,424->290->289->276->263->250->237->224->211->198->197->196->195->386,424->290->289->276->263->250->237->224->211->198->197->196->195->386,False,13,13,29223697.059503585,32291572.80741015,32291572.80741015,29223697.059503585,194.95952135996419,194.95952135996419
0.3,20000000000,355,401,355->169->181->168->155->142->129->116->103->90->77->64->51->38->401,355->169->181->168->155->142->129->116->103->90->77->64->51->38->401,False,14,14,32135864.52890781,32679802.747829534,32679802.747829534,32135864.52890781,214.38741149991046,214.38741149991046
0.3,20000000000,401,355,401->38->51->64->77->90->103->116->129->142->155->168->181->169->355,401->38->51->64->77->90->103->116->129->142->155->168->181->169->355,False,14,14,32135864.528907813,31989095.412082158,31989095.412082158,32135864.528907813,214.38741149991048,214.38741149991048
0.3,20000000000,412,406,412->169->170->183->196->209->406,412->169->170->183->196->209->406,False,6,6,13020634.83801786,12735144.067204563,12735144.067204563,13020634.83801786,86.8643255729793,86.8643255729793
0.3,20000000000,406,412,406->209->196->183->170->169->412,406->209->196->183->170->169->412,False,6,6,13020634.838017862,13143994.677589148,13143994.677589148,13020634.838017862,86.86432557297931,86.86432557297931
0.3,20000000000,432,446,432->31->44->446,432->31->44->446,False,3,3,4686271.422872583,4292894.45534499,4292894.45534499,4686271.422872583,31.263437740468998,31.263437740468998
0.3,20000000000,446,432,446->44->31->432,446->44->31->432,False,3,3,4686271.422872583,5132150.526634142,5132150.526634142,4686271.422872583,31.263437740468998,31.263437740468998
0.3,20000000000,394,361,394->44->31->18->361,394->44->31->18->361,False,4,4,7235908.665898476,7083570.559410322,7083570.559410322,7235908.665898476,48.272786541537855,48.272786541537855
0.3,20000000000,361,394,361->18->31->44->394,361->18->31->44->394,False,4,4,7235908.665898476,7493198.499650602,7493198.499650602,7235908.665898476,48.272786541537855,48.272786541537855
0.3,20000000000,441,436,441->241->240->239->238->237->224->223->222->436,441->241->242->243->230->231->232->233->221->222->436,True,9,10,25613328.697322935,21343839.35641985,31193591.508239236,29160891.62293141,170.87373623870775,194.54052858748975
0.3,20000000000,436,441,436->222->223->224->237->238->239->240->241->441,436->222->223->224->237->238->239->240->241->441,False,9,9,25613328.697322935,20032611.831856556,20032611.831856556,25613328.697322935,170.87373623870775,170.87373623870775
0.3,20000000000,366,367,366->209->196->183->170->157->144->131->118->105->104->367,366->209->196->183->170->157->144->131->118->105->104->367,False,11,11,23841118.661882937,23845197.07653618,23845197.07653618,23841118.661882937,159.0508234992552,159.0508234992552
0.3,20000000000,367,366,367->104->105->118->131->144->157->170->183->196->209->366,367->104->105->118->131->144->157->170->183->196->209->366,False,11,11,23841118.66188294,23402923.909272477,23402923.909272477,23841118.66188294,159.0508234992552,159.0508234992552
0.3,20000000000,364,440,364->183->182->194->193->192->191->178->165->152->139->126->113->100->87->86->440,364->183->184->185->172->159->146->133->120->107->94->81->82->83->84->85->86->440,True,16,17,38431359.15828718,33889748.93083356,43874792.69908466,41706293.90749156,256.38643089738554,278.2344438264124
0.3,20000000000,440,364,440->86->87->100->113->126->139->152->165->178->191->192->193->194->182->183->364,440->86->87->100->113->126->139->152->165->178->191->192->193->194->182->183->364,False,16,16,38431359.15828718,32788690.856848177,32788690.856848177,38431359.15828718,256.38643089738554,256.38643089738554
0.3,30000000000,399,447,399->19->18->17->16->29->42->55->68->81->94->107->120->133->132->131->130->447,399->19->20->21->22->35->48->61->74->87->100->113->126->139->140->141->142->130->447,True,17,18,40199626.54533466,37914479.18025817,47610114.61491425,43992847.40235145,268.18304111796346,293.4886867791147
0.3,30000000000,447,399,447->130->131->132->133->120->107->94->81->68->55->42->29->16->17->18->19->399,447->130->131->132->133->120->107->94->81->68->55->42->29->16->17->18->19->399,False,17,17,40199626.54533466,32817726.800533168,32817726.800533168,40199626.54533466,268.18304111796346,268.18304111796346
0.3,30000000000,425,410,425->187->200->213->226->239->240->241->410,425->187->200->213->226->239->240->241->410,False,8,8,18673168.289909538,17129023.009662874,17129023.009662874,18673168.289909538,124.57396970212999,124.57396970212999
0.3,30000000000,410,425,410->241->240->239->226->213->200->187->425,410->241->240->239->226->213->200->187->425,False,8,8,18673168.289909538,20423928.654148903,20423928.654148903,18673168.289909538,124.57396970212999,124.57396970212999
0.3,30000000000,386,424,386->195->196->197->198->211->224->237->250->263->276->289->290->424,386->195->196->197->198->211->224->237->250->263->276->289->290->424,False,13,13,29199725.04158576,26152402.811590184,26152402.811590184,29199725.04158576,194.79959727062752,194.79959727062752
0.3,30000000000,424,386,424->290->289->276->263->250->237->224->211->198->197->196->195->386,424->290->289->276->263->250->237->224->211->198->197->196->195->386,False,13,13,29199725.041585762,32271470.84450973,32271470.84450973,29199725.041585762,194.79959727062754,194.79959727062754
0.3,30000000000,355,401,355->169->181->168->155->142->129->116->103->90->77->64->51->38->401,355->169->181->168->155->142->129->116->103->90->77->64->51->38->401,False,14,14,32193807.15821702,32730351.724396266,32730351.724396266,32193807.15821702,214.77396311428905,214.77396311428905
0.3,30000000000,401,355,401->38->51->64->77->90->103->116->129->142->155->168->181->169->355,401->38->51->64->77->90->103->116->129->142->155->168->181->169->355,False,14,14,32193807.158217024,32044684.480686802,32044684.480686802,32193807.158217024,214.77396311428905,214.77396311428905
0.3,30000000000,412,406,412->169->170->183->196->209->406,412->169->170->183->196->209->406,False,6,6,12931671.722315382,12644619.050800597,12644619.050800597,12931671.722315382,86.27082754907319,86.27082754907319
0.3,30000000000,406,412,406->209->196->183->170->169->412,406->209->196->183->170->169->412,False,6,6,12931671.722315382,13055545.906175084,13055545.906175084,12931671.722315382,86.27082754907319,86.27082754907319
0.3,30000000000,432,446,432->31->44->446,432->31->44->446,False,3,3,4655526.453046794,4262277.539200236,4262277.539200236,4655526.453046794,31.05832937963232,31.05832937963232
0.3,30000000000,446,432,446->44->31->432,446->44->31->432,False,3,3,4655526.453046794,5100844.482306076,5100844.482306076,4655526.453046794,31.05832937963232,31.05832937963232
0.3,30000000000,394,361,394->44->31->18->361,394->44->31->18->361,False,4,4,7254259.8898353595,7100830.89193164,7100830.89193164,7254259.8898353595,48.39521272970355,48.39521272970355
0.3,30000000000,361,394,361->18->31->44->394,361->18->31->44->394,False,4,4,7254259.8898353595,7511763.6495641405,7511763.6495641405,7254259.8898353595,48.39521272970355,48.39521272970355
0.3,30000000000,441,436,441->241->240->239->238->237->224->223->222->436,441->241->242->243->230->231->232->233->221->222->436,True,9,10,25630620.094049,21358652.402757518,31211393.842860166,29175032.810592808,170.9890920207806,194.63486843683577
0.3,30000000000,436,441,436->222->223->224->237->238->239->240->241->441,436->222->223->224->237->238->239->240->241->441,False,9,9,25630620.094049,20050497.49132538,20050497.49132538,25630620.094049,170.9890920207806,170.9890920207806
0.3,30000000000,366,367,366->209->196->183->170->157->144->131->118->105->104->367,366->209->196->183->170->157->144->131->118->105->104->367,False,11,11,23745448.064263113,23750903.035673775,23750903.035673775,23745448.064263113,158.41257797261275,158.41257797261275
0.3,30000000000,367,366,367->104->105->118->131->144->157->170->183->196->209->366,367->104->105->118->131->144->157->170->183->196->209->366,False,11,11,23745448.064263117,23303063.396436542,23303063.396436542,23745448.064263117,158.41257797261275,158.41257797261275
0.3,30000000000,364,440,364->183->182->194->193->192->191->178->165->152->139->126->113->100->87->86->440,364->183->184->185->172->159->146->133->120->107->94->81->82->83->84->85->86->440,True,16,17,38464941.85976824,33957971.81516762,43913725.4448304,41770099.4488233,256.61047056606236,278.6601085796715
0.3,30000000000,440,364,440->86->87->100->113->126->139->152->165->178->191->192->193->194->182->183->364,440->86->87->100->113->126->139->152->165->178->191->192->193->194->182->183->364,False,16,16,38464941.859768234,32825158.116938047,32825158.116938047,38464941.859768234,256.6104705660623,256.6104705660623
0.3,40000000000,399,447,399->19->18->17->16->29->42->55->68->81->94->107->120->133->132->131->130->447,399->19->20->21->22->35->48->61->74->87->100->113->126->139->140->141->142->130->447,True,17,18,40268770.26817712,37953168.944095135,47684620.85765612,44028122.8854357,268.644318384935,293.72401947106823
0.3,40000000000,447,399,447->130->131->132->133->120->107->94->81->68->55->42->29->16->17->18->19->399,447->130->131->132->133->120->107->94->81->68->55->42->29->16->17->18->19->399,False,17,17,40268770.268177114,32891733.875408076,32891733.875408076,40268770.268177114,268.64431838493493,268.64431838493493
0.3,40000000000,425,410,425->187->200->213->226->239->240->241->410,425->187->200->213->226->239->240->241->410,False,8,8,18677766.73676308,17134010.278867267,17134010.278867267,18677766.73676308,124.60464723741035,124.60464723741035
0.3,40000000000,410,425,410->241->240->239->226->213->200->187->425,410->241->240->239->226->213->200->187->425,False,8,8,18677766.73676308,20426251.82266533,20426251.82266533,18677766.73676308,124.60464723741035,124.60464723741035
0.3,40000000000,386,424,386->195->196->197->198->211->224->237->250->263->276->289->290->424,386->195->196->197->198->211->224->237->250->263->276->289->290->424,False,13,13,29183407.39420388,26140207.912549432,26140207.912549432,29183407.39420388,194.69073764493356,194.69073764493356
0.3,40000000000,424,386,424->290->289->276->263->250->237->224->211->198->197->196->195->386,424->290->289->276->263->250->237->224->211->198->197->196->195->386,False,13,13,29183407.394203883,32258941.58640874,32258941.58640874,29183407.394203883,194.69073764493356,194.69073764493356
0.3,40000000000,355,401,355->169->181->168->155->142->129->116->103->90->77->64->51->38->401,355->169->181->168->155->142->129->116->103->90->77->64->51->38->401,False,14,14,32256508.22774978,32785732.5574495,32785732.5574495,32256508.22774978,215.19225962482204,215.19225962482204
0.3,40000000000,401,355,401->38->51->64->77->90->103->116->129->142->155->168->181->169->355,401->38->51->64->77->90->103->116->129->142->155->168->181->169->355,False,14,14,32256508.227749784,32104864.458834954,32104864.458834954,32256508.227749784,215.19225962482207,215.19225962482207
0.3,40000000000,412,406,412->169->170->183->196->209->406,412->169->170->183->196->209->406,False,6,6,12848396.24311393,12559792.134193528,12559792.134193528,12848396.24311393,85.71527335163267,85.71527335163267
0.3,40000000000,406,412,406->209->196->183->170->169->412,406->209->196->183->170->169->412,False,6,6,12848396.24311393,12972827.077905845,12972827.077905845,12848396.24311393,85.71527335163267,85.71527335163267
0.3,40000000000,432,446,432->31->44->446,432->31->44->446,False,3,3,4631584.447231412,4238446.475955918,4238446.475955918,4631584.447231412,30.898605509491585,30.898605509491585
0.3,40000000000,446,432,446->44->31->432,446->44->31->432,False,3,3,4631584.447231412,5076268.351240085,5076268.351240085,4631584.447231412,30.898605509491585,30.898605509491585
0.3,40000000000,394,361,394->31->18->361,394->31->18->361,False,3,3,5161574.829526668,4562292.284132771,4562292.284132771,5161574.829526668,34.434320756172376,34.434320756172376
0.3,40000000000,361,394,361->18->31->394,361->18->31->394,False,3,3,5161574.829526668,5812417.850724822,5812417.850724822,5161574.829526668,34.434320756172376,34.434320756172376
0.3,40000000000,441,436,441->241->240->239->238->237->224->223->222->436,441->241->242->243->230->231->232->233->221->222->436,True,9,10,25655258.2287413,21380771.51384235,31236532.978435654,29196507.410528988,171.15345996290074,194.77813154678486
0.3,40000000000,436,441,436->222->223->224->237->238->239->240->241->441,436->222->223->224->237->238->239->240->241->441,False,9,9,25655258.228741303,20075739.0737292,20075739.0737292,25655258.228741303,171.15345996290077,171.15345996290077
0.3,40000000000,366,367,366->209->196->183->170->157->144->131->118->105->104->367,366->209->196->183->170->157->144->131->118->105->104->367,False,11,11,23656716.823321465,23663714.106982533,23663714.106982533,23656716.823321465,157.82062685060254,157.82062685060254
0.3,40000000000,367,366,367->104->105->118->131->144->157->170->183->196->209->366,367->104->105->118->131->144->157->170->183->196->209->366,False,11,11,23656716.823321458,23210167.60890164,23210167.60890164,23656716.823321458,157.82062685060248,157.82062685060248
0.3,40000000000,364,440,364->18->19->20->21->34->47->60->73->86->440,364->18->19->20->21->34->47->60->73->86->440,False,10,10,24020324.32305553,21773681.348825514,21773681.348825514,24020324.32305553,160.24635498372368,160.24635498372368
0.3,40000000000,440,364,440->86->73->60->47->34->21->20->19->18->364,440->86->73->60->47->34->21->20->19->18->364,False,10,10,24020324.32305553,25986758.03898917,25986758.03898917,24020324.32305553,160.24635498372368,160.24635498372368
0.3,50000000000,399,447,399->32->31->30->29->42->55->68->81->94->107->120->133->132->131->130->447,399->32->33->34->35->48->61->74->87->100->113->126->139->140->141->142->130->447,True,16,17,38228815.07289273,35274180.19749406,45047572.52989848,41936045.336210005,255.03520220573884,279.7671803752315
0.3,50000000000,447,399,447->130->131->132->133->120->107->94->81->68->55->42->29->30->31->32->399,447->130->131->132->133->120->107->94->81->68->55->42->29->30->31->32->399,False,16,16,38228815.07289274,31453550.404283218,31453550.404283218,38228815.07289274,255.0352022057389,255.0352022057389
0.3,50000000000,425,410,425->187->200->213->226->239->240->241->410,425->187->200->213->226->239->240->241->410,False,8,8,18689038.64730432,17145712.114916652,17145712.114916652,18689038.64730432,124.67984533022722,124.67984533022722
0.3,50000000000,410,425,410->241->240->239->226->213->200->187->425,410->241->240->239->226->213->200->187->425,False,8,8,18689038.647304315,20435174.078021824,20435174.078021824,18689038.647304315,124.6798453302272,124.6798453302272
0.3,50000000000,386,424,386->195->196->197->198->211->224->237->250->263->276->289->290->424,386->195->196->197->198->211->224->237->250->263->276->289->290->424,False,13,13,29174787.66537478,26135712.59596923,26135712.59596923,29174787.66537478,194.6332330039789,194.6332330039789
0.3,50000000000,424,386,424->290->289->276->263->250->237->224->211->198->197->196->195->386,424->290->289->276->263->250->237->224->211->198->197->196->195->386,False,13,13,29174787.66537478,32254106.07538814,32254106.07538814,29174787.66537478,194.6332330039789,194.6332330039789
0.3,50000000000,355,401,355->169->181->168->155->142->129->116->103->90->77->64->51->38->401,355->169->181->168->155->142->129->116->103->90->77->64->51->38->401,False,14,14,32323971.48970329,32845808.197022084,32845808.197022084,32323971.48970329,215.64232606347483,215.64232606347483
0.3,50000000000,401,355,401->38->51->64->77->90->103->116->129->142->155->168->181->169->355,401->38->51->64->77->90->103->116->129->142->155->168->181->169->355,False,14,14,32323971.489703294,32169700.021880236,32169700.021880236,32323971.489703294,215.64232606347483,215.64232606347483
0.3,50000000000,412,406,412->169->170->183->196->209->406,412->169->170->183->196->209->406,False,6,6,12771314.455748219,12481170.30361401,12481170.30361401,12771314.455748219,85.2010390184547,85.2010390184547
0.3,50000000000,406,412,406->209->196->183->170->169->412,406->209->196->183->170->169->412,False,6,6,12771314.455748219,12896364.587615268,12896364.587615268,12771314.455748219,85.2010390184547,85.2010390184547
0.3,50000000000,432,446,432->31->44->446,432->31->44->446,False,3,3,4614684.886427056,4221686.452639555,4221686.452639555,4614684.886427056,30.78586377531256,30.78586377531256
0.3,50000000000,446,432,446->44->31->432,446->44->31->432,False,3,3,4614684.886427056,5058747.327282239,5058747.327282239,4614684.886427056,30.78586377531256,30.78586377531256
0.3,50000000000,394,361,394->31->18->361,394->31->18->361,False,3,3,5120720.608229354,4520859.082330037,4520859.082330037,5120720.608229354,34.1617707289311,34.1617707289311
0.3,50000000000,361,394,361->18->31->394,361->18->31->394,False,3,3,5120720.608229354,5771588.340279657,5771588.340279657,5120720.608229354,34.1617707289311,34.1617707289311
0.3,50000000000,441,436,441->241->240->239->238->237->224->223->222->436,441->241->242->243->230->231->232->233->221->222->436,True,9,10,25687066.452633094,21410048.38824709,31268837.003765367,29225132.90935473,171.36566159134725,194.96910031909295
0.3,50000000000,436,441,436->222->223->224->237->238->239->240->241->441,436->222->223->224->237->238->239->240->241->441,False,9,9,25687066.452633098,20108173.998170495,20108173.998170495,25687066.452633098,171.36566159134728,171.36566159134728
0.3,50000000000,366,367,366->209->196->183->170->157->144->131->118->105->104->367,366->209->196->183->170->157->144->131->118->105->104->367,False,11,11,23575258.51766868,23583905.69508232,23583905.69508232,23575258.51766868,157.2771955301736,157.2771955301736
0.3,50000000000,367,366,367->104->105->118->131->144->157->170->183->196->209->366,367->104->105->118->131->144->157->170->183->196->209->366,False,11,11,23575258.51766868,23124605.893464312,23124605.893464312,23575258.51766868,157.2771955301736,157.2771955301736
0.3,50000000000,364,440,364->18->19->20->21->34->47->60->73->86->440,364->18->19->20->21->34->47->60->73->86->440,False,10,10,23989446.939080067,21741759.21374426,21741759.21374426,23989446.939080067,160.04036325076643,160.04036325076643
0.3,50000000000,440,364,440->86->73->60->47->34->21->20->19->18->364,440->86->73->60->47->34->21->20->19->18->364,False,10,10,23989446.93908007,25958116.48540174,25958116.48540174,23989446.93908007,160.04036325076643,160.04036325076643
0.3,60000000000,399,447,399->32->31->30->29->42->55->68->81->94->107->120->133->132->131->130->447,399->32->33->34->35->48->61->74->87->100->113->126->139->140->141->142->130->447,True,16,17,38224116.667908326,35241693.666168064,45047726.30010494,41900394.94502693,255.00385782158887,279.52934656566265
0.3,60000000000,447,399,447->130->131->132->133->120->107->94->81->68->55->42->29->30->31->32->399,447->130->131->132->133->120->107->94->81->68->55->42->29->30->31->32->399,False,16,16,38224116.66790832,31453063.13506293,31453063.13506293,38224116.66790832,255.0038578215888,255.0038578215888
0.3,60000000000,425,410,425->187->200->213->226->239->240->241->410,425->187->200->213->226->239->240->241->410,False,8,8,18707106.718581874,17164026.0820503,17164026.0820503,18707106.718581874,124.80038252718067,124.80038252718067
0.3,60000000000,410,425,410->241->240->239->226->213->200->187->425,410->241->240->239->226->213->200->187->425,False,8,8,18707106.718581874,20450921.178657986,20450921.178657986,18707106.718581874,124.80038252718067,124.80038252718067
0.3,60000000000,386,424,386->195->196->197->198->211->224->237->250->263->276->289->290->424,386->195->196->197->198->211->224->237->250->263->276->289->290->424,False,13,13,29173873.819517177,26138980.766909067,26138980.766909067,29173873.819517177,194.62713648064604,194.62713648064604
0.3,60000000000,424,386,424->290->289->276->263->250->237->224->211->198->197->196->195->386,424->290->289->276->263->250->237->224->211->198->197->196->195->386,False,13,13,29173873.81951717,32256886.875146206,32256886.875146206,29173873.81951717,194.62713648064602,194.62713648064602
0.3,60000000000,355,401,355->169->181->180->167->154->141->128->115->102->89->76->63->50->37->24->401,355->169->181->180->167->154->141->128->115->102->89->76->63->50->37->24->401,False,16,16,35319335.90222194,36576052.340076305,36576052.340076305,35319335.90222194,235.62524646448537,235.62524646448537
0.3,60000000000,401,355,401->24->37->50->63->76->89->102->115->128->141->154->167->180->181->169->355,401->24->37->50->63->76->89->102->115->128->141->154->167->180->181->169->355,False,16,16,35319335.90222193,34746907.94696069,34746907.94696069,35319335.90222193,235.62524646448531,235.62524646448531
0.3,60000000000,412,406,412->169->170->183->196->209->406,412->169->170->183->196->209->406,False,6,6,12700929.309901047,12409339.816437101,12409339.816437101,12700929.309901047,84.73147986865666,84.73147986865666
0.3,60000000000,406,412,406->209->196->183->170->169->412,406->209->196->183->170->169->412,False,6,6,12700929.30990105,12826542.43900025,12826542.43900025,12700929.30990105,84.73147986865666,84.73147986865666
0.3,60000000000,432,446,432->31->44->446,432->31->44->446,False,3,3,4605012.935684202,4212077.211044215,4212077.211044215,4605012.935684202,30.72133946534574,30.72133946534574
0.3,60000000000,446,432,446->44->31->432,446->44->31->432,False,3,3,4605012.935684202,5048472.556901673,5048472.556901673,4605012.935684202,30.72133946534574,30.72133946534574
0.3,60000000000,394,361,394->31->18->361,394->31->18->361,False,3,3,5086280.866977637,4485892.047642288,4485892.047642288,5086280.866977637,33.932013506341356,33.932013506341356
0.3,60000000000,361,394,361->18->31->394,361->18->31->394,False,3,3,5086280.866977637,5737212.78102903,5737212.78102903,5086280.866977637,33.932013506341356,33.932013506341356
0.3,60000000000,441,436,441->241->240->239->238->237->224->223->222->436,441->241->242->243->230->231->232->233->221->222->436,True,9,10,25725820.700796735,21446241.31017996,31308085.97092613,29260694.77882994,171.62420210582306,195.20634357539402
0.3,60000000000,436,441,436->222->223->224->237->238->239->240->241->441,436->222->223->224->237->238->239->240->241->441,False,9,9,25725820.70079674,20147548.38963376,20147548.38963376,25725820.70079674,171.6242021058231,171.6242021058231
0.3,60000000000,366,367,366->209->196->183->170->157->144->131->118->105->104->367,366->209->196->183->170->157->144->131->118->105->104->367,False,11,11,23501351.170769457,23511636.09094136,23511636.09094136,23501351.170769457,156.78413878423493,156.78413878423493
0.3,60000000000,367,366,367->104->105->118->131->144->157->170->183->196->209->366,367->104->105->118->131->144->157->170->183->196->209->366,False,11,11,23501351.170769453,23046743.04629439,23046743.04629439,23501351.170769453,156.7841387842349,156.7841387842349
0.3,60000000000,364,440,364->18->31->44->57->70->71->72->440,364->18->31->44->57->70->71->72->440,False,8,8,19047620.98912445,17505624.00050711,17505624.00050711,19047620.98912445,127.07204921829255,127.07204921829255
0.3,60000000000,440,364,440->72->71->70->57->44->31->18->364,440->72->71->70->57->44->31->18->364,False,8,8,19047620.989124447,20791462.304617893,20791462.304617893,19047620.989124447,127.07204921829252,127.07204921829252
0.3,70000000000,399,447,399->32->31->30->29->42->55->68->81->94->107->120->133->132->131->130->447,399->32->33->34->35->48->61->74->87->100->113->126->139->140->141->142->130->447,True,16,17,38225261.34659276,35215111.95866685,45053724.94692488,41870472.20031784,255.01149429578217,279.32972350036795
0.3,70000000000,447,399,447->130->131->132->133->120->107->94->81->68->55->42->29->30->31->32->399,447->130->131->132->133->120->107->94->81->68->55->42->29->30->31->32->399,False,16,16,38225261.346592754,31458379.005129203,31458379.005129203,38225261.346592754,255.01149429578211,255.01149429578211
0.3,70000000000,425,410,425->27->28->29->16->3->341->328->315->302->289->276->263->250->237->238->239->240->241->410,425->27->28->29->16->3->341->328->315->302->289->276->263->250->237->238->239->240->241->410,False,19,19,41714115.67750261,34718235.328861475,34718235.328861475,41714115.67750261,278.28662505914417,278.28662505914417
0.3,70000000000,410,425,410->241->240->239->238->237->250->263->276->289->302->315->328->341->3->16->29->28->27->425,410->241->242->243->256->269->282->295->308->321->334->347->9->22->35->36->37->38->26->27->425,True,19,20,41714115.67750262,39219542.18415102,48780857.697859325,45671109.79591444,278.28662505914417,304.68484831539314
0.3,70000000000,386,424,386->195->196->197->198->211->224->237->250->263->276->289->290->424,386->195->196->197->198->211->224->237->250->263->276->289->290->424,False,13,13,29180694.46705791,26150018.636013933,26150018.636013933,29180694.46705791,194.67263894315786,194.67263894315786
0.3,70000000000,424,386,424->290->289->276->263->250->237->224->211->198->197->196->195->386,424->290->289->276->263->250->237->224->211->198->197->196->195->386,False,13,13,29180694.467057906,32267374.334824245,32267374.334824245,29180694.467057906,194.67263894315784,194.67263894315784
0.3,70000000000,355,401,355->169->181->180->167->154->141->128->115->102->89->76->63->50->37->24->401,355->169->181->180->167->154->141->128->115->102->89->76->63->50->37->24->401,False,16,16,35382094.96677056,36634398.79629374,36634398.79629374,35382094.96677056,236.04392987611823,236.04392987611823
0.3,70000000000,401,355,401->24->37->50->63->76->89->102->115->128->141->154->167->180->181->169->355,401->24->37->50->63->76->89->102->115->128->141->154->167->180->181->169->355,False,16,16,35382094.96677056,34813992.52913881,34813992.52913881,35382094.96677056,236.04392987611823,236.04392987611823
0.3,70000000000,412,406,412->169->170->183->196->209->406,412->169->170->183->196->209->406,False,6,6,12637736.184481531,12344741.848135643,12344741.848135643,12637736.184481531,84.30990071459057,84.30990071459057
0.3,70000000000,406,412,406->209->196->183->170->169->412,406->209->196->183->170->169->412,False,6,6,12637736.184481533,12764018.61514232,12764018.61514232,12637736.184481533,84.30990071459057,84.30990071459057
0.3,70000000000,432,446,432->31->44->446,432->31->44->446,False,3,3,4602700.6064380035,4209866.544967673,4209866.544967673,4602700.6064380035,30.705913265089567,30.705913265089567
0.3,70000000000,446,432,446->44->31->432,446->44->31->432,False,3,3,4602700.6064380035,5045577.690487343,5045577.690487343,4602700.6064380035,30.705913265089567,30.705913265089567
0.3,70000000000,394,361,394->31->18->361,394->31->18->361,False,3,3,5058546.115710573,4457574.087320493,4457574.087320493,5058546.115710573,33.74698716210248,33.74698716210248
0.3,70000000000,361,394,361->18->31->394,361->18->31->394,False,3,3,5058546.115710573,5709472.459683431,5709472.459683431,5058546.115710573,33.74698716210248,33.74698716210248
0.3,70000000000,441,436,441->241->240->239->238->237->224->223->222->436,441->241->242->243->230->231->232->233->221->222->436,True,9,10,25771281.164490964,21489137.34180163,31354031.109840885,29302947.713611092,171.92748167461212,195.48822481458885
0.3,70000000000,436,441,436->222->223->224->237->238->239->240->241->441,436->222->223->224->237->238->239->240->241->441,False,9,9,25771281.164490968,20193637.150978282,20193637.150978282,25771281.164490968,171.92748167461215,171.92748167461215
0.3,70000000000,366,367,366->209->196->183->170->157->144->131->118->105->104->367,366->209->196->183->170->157->144->131->118->105->104->367,False,11,11,23435211.21998916,23447288.472025685,23447288.472025685,23435211.21998916,156.3429005274653,156.3429005274653
0.3,70000000000,367,366,367->104->105->118->131->144->157->170->183->196->209->366,367->104->105->118->131->144->157->170->183->196->209->366,False,11,11,23435211.21998916,22976728.443834778,22976728.443834778,23435211.21998916,156.3429005274653,156.3429005274653
0.3,70000000000,364,440,364->18->31->44->57->70->71->72->440,364->18->31->44->57->70->71->72->440,False,8,8,19018757.14352699,17476915.396560594,17476915.396560594,19018757.14352699,126.87949036747942,126.87949036747942
0.3,70000000000,440,364,440->72->71->70->57->44->31->18->364,440->72->71->70->57->44->31->18->364,False,8,8,19018757.143526994,20760263.187791854,20760263.187791854,19018757.143526994,126.87949036747945,126.87949036747945
0.3,80000000000,399,447,399->32->31->30->29->42->55->68->81->94->107->120->133->132->131->130->447,399->32->33->34->35->48->61->74->87->100->113->126->139->140->141->142->130->447,True,16,17,38232185.679628596,35194185.44199532,45065570.06971729,41846230.36003402,255.05768847346116,279.1679993499638
0.3,80000000000,447,399,447->130->131->132->133->120->107->94->81->68->55->42->29->30->31->32->399,447->130->131->132->133->120->107->94->81->68->55->42->29->30->31->32->399,False,16,16,38232185.679628596,31469368.825587768,31469368.825587768,38232185.679628596,255.05768847346116,255.05768847346116
0.3,80000000000,425,410,425->27->28->29->16->3->341->328->315->302->289->276->263->250->237->238->239->240->241->410,425->27->28->29->16->3->341->328->315->302->289->276->263->250->237->238->239->240->241->410,False,19,19,41665849.58239898,34675687.77147053,34675687.77147053,41665849.58239898,277.96462833230436,277.96462833230436
0.3,80000000000,410,425,410->241->240->239->238->237->250->263->276->289->302->315->328->341->3->16->29->28->27->425,410->241->242->243->256->269->282->295->308->321->334->347->9->22->35->36->37->38->26->27->425,True,19,20,41665849.58239897,39127483.94515061,48739264.95631637,45574652.07431784,277.9646283323043,304.04135166280827
0.3,80000000000,386,424,386->195->196->197->198->211->224->237->250->263->276->289->290->424,386->195->196->197->198->211->224->237->250->263->276->289->290->424,False,13,13,29195261.19947357,26168835.786685828,26168835.786685828,29195261.19947357,194.76981772152234,194.76981772152234
0.3,80000000000,424,386,424->290->289->276->263->250->237->224->211->198->197->196->195->386,424->290->289->276->263->250->237->224->211->198->197->196->195->386,False,13,13,29195261.199473564,32285504.831148904,32285504.831148904,29195261.199473564,194.7698177215223,194.7698177215223
0.3,80000000000,355,401,355->169->181->180->167->154->141->128->115->102->89->76->63->50->37->24->401,355->169->181->180->167->154->141->128->115->102->89->76->63->50->37->24->401,False,16,16,35452196.244294845,36699955.699777484,36699955.699777484,35452196.244294845,236.51159526031068,236.51159526031068
0.3,80000000000,401,355,401->24->37->50->63->76->89->102->115->128->141->154->167->180->181->169->355,401->24->37->50->63->76->89->102->115->128->141->154->167->180->181->169->355,False,16,16,35452196.244294845,34888275.293048814,34888275.293048814,35452196.244294845,236.51159526031068,236.51159526031068
0.3,80000000000,412,406,412->169->170->183->196->209->406,412->169->170->183->196->209->406,False,6,6,12582193.422101155,12287764.991851034,12287764.991851034,12582193.422101155,83.93935928902624,83.93935928902624
0.3,80000000000,406,412,406->209->196->183->170->169->412,406->209->196->183->170->169->412,False,6,6,12582193.422101155,12709161.077195786,12709161.077195786,12582193.422101155,83.93935928902624,83.93935928902624
0.3,80000000000,432,446,432->31->44->446,432->31->44->446,False,3,3,4607813.628614797,4215013.5559463445,4215013.5559463445,4607813.628614797,30.74002367741217,30.74002367741217
0.3,80000000000,446,432,446->44->31->432,446->44->31->432,False,3,3,4607813.628614797,5050023.540526979,5050023.540526979,4607813.628614797,30.74002367741217,30.74002367741217
0.3,80000000000,394,361,394->31->18->361,394->31->18->361,False,3,3,5037769.554665545,4436256.4448714815,4436256.4448714815,5037769.554665545,33.6083808663762,33.6083808663762
0.3,80000000000,361,394,361->18->31->394,361->18->31->394,False,3,3,5037769.554665545,5688700.564493615,5688700.564493615,5037769.554665545,33.6083808663762,33.6083808663762
0.3,80000000000,441,436,441->241->240->239->252->265->278->291->304->317->330->343->5->18->31->436,441->241->254->267->280->293->306->319->332->345->344->343->5->18->31->436,True,15,15,34058789.526489586,37505886.95102435,37538022.90676396,34381549.61261231,227.2157862389559,229.369009760828
0.3,80000000000,436,441,436->31->18->5->343->330->317->304->291->278->265->252->239->240->241->441,436->31->18->5->343->344->345->332->319->306->293->280->267->254->241->441,True,15,15,34058789.526489586,31055063.746423535,31127628.25757713,34381549.61261232,227.2157862389559,229.36900976082808
0.3,80000000000,366,367,366->209->196->183->170->157->144->131->118->105->104->367,366->209->196->183->170->157->144->131->118->105->104->367,False,11,11,23376984.027592037,23390974.132060602,23390974.132060602,23376984.027592037,155.9544505125078,155.9544505125078
0.3,80000000000,367,366,367->104->105->118->131->144->157->170->183->196->209->366,367->104->105->118->131->144->157->170->183->196->209->366,False,11,11,23376984.02759204,22914631.359539058,22914631.359539058,23376984.02759204,155.95445051250783,155.95445051250783
0.3,80000000000,364,440,364->18->31->44->57->70->71->72->440,364->18->19->20->33->46->59->72->440,True,8,8,18995496.58892494,17437792.611781858,17453886.23871647,19156877.124901813,126.72431265048664,127.80092769980101
0.3,80000000000,440,364,440->72->71->70->57->44->31->18->364,440->72->59->46->33->20->19->18->364,True,8,8,18995496.58892494,20698349.423648275,20734601.944770634,19156877.124901813,126.72431265048664,127.80092769980101
0.3,90000000000,399,447,399->32->31->30->29->42->55->68->81->94->107->120->133->132->131->130->447,399->32->33->34->35->48->61->74->87->100->113->126->139->140->141->142->130->447,True,16,17,38244848.34964206,35179082.095178396,45083239.00518984,41827630.43367066,255.14216471477786,279.04391399780087
0.3,90000000000,447,399,447->130->131->132->133->120->107->94->81->68->55->42->29->30->31->32->399,447->130->131->132->133->120->107->94->81->68->55->42->29->30->31->32->399,False,16,16,38244848.34964205,31485971.2619602,31485971.2619602,38244848.34964205,255.1421647147778,255.1421647147778
0.3,90000000000,425,410,425->27->28->29->16->3->341->328->315->302->289->276->263->250->237->238->239->240->241->410,425->27->28->29->16->3->341->328->315->302->289->276->263->250->237->238->239->240->241->410,False,19,19,41626927.383664824,34642313.22274849,34642313.22274849,41626927.383664824,277.70496737222675,277.70496737222675
0.3,90000000000,410,425,410->241->240->239->238->237->250->263->276->289->302->315->328->341->3->16->29->28->27->425,410->241->242->243->256->269->282->295->308->321->334->347->9->22->35->36->37->38->26->27->425,True,19,20,41626927.383664824,39044011.75413385,48707126.51314294,45486547.04089639,277.70496737222675,303.45357814769574
0.3,90000000000,386,424,386->195->196->197->198->211->224->237->250->263->276->289->290->424,386->195->196->197->198->211->224->237->250->263->276->289->290->424,False,13,13,29217572.566231128,26195470.85121843,26195470.85121843,29217572.566231128,194.9186631388247,194.9186631388247
0.3,90000000000,424,386,424->290->289->276->263->250->237->224->211->198->197->196->195->386,424->290->289->276->263->250->237->224->211->198->197->196->195->386,False,13,13,29217572.566231124,32311269.56538096,32311269.56538096,29217572.566231124,194.91866313882468,194.91866313882468
0.3,90000000000,355,401,355->169->181->180->167->154->141->128->115->102->89->76->63->50->37->24->401,355->169->181->180->167->154->141->128->115->102->89->76->63->50->37->24->401,False,16,16,35529694.62896295,36772769.73331183,36772769.73331183,35529694.62896295,237.02860883153338,237.02860883153338
0.3,90000000000,401,355,401->24->37->50->63->76->89->102->115->128->141->154->167->180->181->169->355,401->24->37->50->63->76->89->102->115->128->141->154->167->180->181->169->355,False,16,16,35529694.62896294,34969816.90067206,34969816.90067206,35529694.62896294,237.02860883153332,237.02860883153332
0.3,90000000000,412,406,412->169->170->183->196->209->406,412->169->170->183->196->209->406,False,6,6,12534711.666045776,12238880.497435886,12238880.497435886,12534711.666045776,83.62259510908561,83.62259510908561
0.3,90000000000,406,412,406->209->196->183->170->169->412,406->209->196->183->170->169->412,False,6,6,12534711.666045774,12662425.878096309,12662425.878096309,12534711.666045774,83.6225951090856,83.6225951090856
0.3,90000000000,432,446,432->31->44->446,432->31->44->446,False,3,3,4620354.797521422,4227671.666048927,4227671.666048927,4620354.797521422,30.82368935059348,30.82368935059348
0.3,90000000000,446,432,446->44->31->432,446->44->31->432,False,3,3,4620354.797521422,5061912.38384458,5061912.38384458,4620354.797521422,30.82368935059348,30.82368935059348
0.3,90000000000,394,361,394->31->18->361,394->31->18->361,False,3,3,5024158.918740967,4422011.631969163,4422011.631969163,5024158.918740967,33.517580477231135,33.517580477231135
0.3,90000000000,361,394,361->18->31->394,361->18->31->394,False,3,3,5024158.918740967,5675102.209428668,5675102.209428668,5024158.918740967,33.517580477231135,33.517580477231135
0.3,90000000000,441,436,441->241->240->239->252->265->278->291->304->317->330->343->5->18->31->436,441->241->254->267->280->293->306->319->332->345->344->343->5->18->31->436,True,15,15,34162062.14199877,37522901.363169104,37641790.318289116,34403401.93292922,227.90474696997725,229.5147927499178
0.3,90000000000,436,441,436->31->18->5->343->330->317->304->291->278->265->252->239->240->241->441,436->31->18->5->343->344->345->332->319->306->293->280->267->254->241->441,True,15,15,34162062.14199875,31074578.255962573,31224226.960375365,34403401.93292922,227.90474696997717,229.5147927499178
0.3,90000000000,366,367,366->209->196->183->170->157->144->131->118->105->104->367,366->209->196->183->170->157->144->131->118->105->104->367,False,11,11,23326747.98364901,23342761.32000372,23342761.32000372,23326747.98364901,155.619311701624,155.619311701624
0.3,90000000000,367,366,367->104->105->118->131->144->157->170->183->196->209->366,367->104->105->118->131->144->157->170->183->196->209->366,False,11,11,23326747.983649015,22860613.625382803,22860613.625382803,23326747.983649015,155.619311701624,155.619311701624
0.3,90000000000,364,440,364->18->31->44->57->70->71->72->440,364->18->19->20->33->46->59->72->440,True,8,8,18978131.187620483,17377264.386287555,17436772.4618162,19098803.060991235,126.60846316300913,127.41349924814477
0.3,90000000000,440,364,440->72->71->70->57->44->31->18->364,440->72->59->46->33->20->19->18->364,True,8,8,18978131.187620483,20639980.90902148,20714713.001618154,19098803.06099124,126.60846316300913,127.4134992481448
0.3,100000000000,399,447,399->32->31->30->29->42->55->68->81->94->107->120->133->132->131->130->447,399->32->33->34->35->48->61->74->87->100->113->126->139->140->141->142->130->447,True,16,17,38263219.38488749,35169652.694478676,45106613.03115577,41814677.91042309,255.2647230697677,278.95750406384866
0.3,100000000000,447,399,447->130->131->132->133->120->107->94->81->68->55->42->29->30->31->32->399,447->130->131->132->133->120->107->94->81->68->55->42->29->30->31->32->399,False,16,16,38263219.38488749,31508280.521706972,31508280.521706972,38263219.38488749,255.2647230697677,255.2647230697677
0.3,100000000000,425,410,425->27->28->29->16->3->341->328->315->302->289->276->263->250->237->238->239->240->241->410,425->27->28->29->16->3->341->328->315->302->289->276->263->250->237->238->239->240->241->410,False,19,19,41597739.52879321,34618659.30049065,34618659.30049065,41597739.52879321,277.5102469642062,277.5102469642062
0.3,100000000000,410,425,410->241->240->239->238->237->250->263->276->289->302->315->328->341->3->16->29->28->27->425,410->241->242->243->256->269->282->295->308->321->334->347->9->22->35->36->37->38->26->27->425,True,19,20,41597739.5287932,38969335.734352134,48684724.45213198,45407191.968189634,277.5102469642062,302.9241780871594
0.3,100000000000,386,424,386->195->196->197->198->211->224->237->250->263->276->289->290->424,386->195->196->197->198->211->224->237->250->263->276->289->290->424,False,13,13,29247619.50600976,26229844.624116935,26229844.624116935,29247619.50600976,195.11911474443937,195.11911474443937
0.3,100000000000,424,386,424->290->289->276->263->250->237->224->211->198->197->196->195->386,424->290->289->276->263->250->237->224->211->198->197->196->195->386,False,13,13,29247619.50600976,32344777.22676022,32344777.22676022,29247619.50600976,195.11911474443937,195.11911474443937
0.3,100000000000,355,401,355->169->181->180->167->154->141->128->115->102->89->76->63->50->37->24->401,355->169->181->180->167->154->141->128->115->102->89->76->63->50->37->24->401,False,16,16,35614594.21982933,36852900.46734551,36852900.46734551,35614594.21982933,237.5949979357341,237.5949979357341
0.3,100000000000,401,355,401->24->37->50->63->76->89->102->115->128->141->154->167->180->181->169->355,401->24->37->50->63->76->89->102->115->128->141->154->167->180->181->169->355,False,16,16,35614594.21982933,35058606.427738495,35058606.427738495,35614594.21982933,237.5949979357341,237.5949979357341
0.3,100000000000,412,406,412->169->170->183->196->209->406,412->169->170->183->196->209->406,False,6,6,12495629.460857969,12198403.327853486,12198403.327853486,12495629.460857969,83.36186670084922,83.36186670084922
0.3,100000000000,406,412,406->209->196->183->170->169->412,406->209->196->183->170->169->412,False,6,6,12495629.460857969,12624138.38320842,12624138.38320842,12495629.460857969,83.36186670084922,83.36186670084922
0.3,100000000000,432,446,432->31->44->446,432->31->44->446,False,3,3,4640262.144766193,4247585.29469748,4247585.29469748,4640262.144766193,30.95649687602343,30.95649687602343
0.3,100000000000,446,432,446->44->31->432,446->44->31->432,False,3,3,4640262.144766193,5081185.762428034,5081185.762428034,4640262.144766193,30.95649687602343,30.95649687602343
0.3,100000000000,394,361,394->31->18->361,394->31->18->361,False,3,3,5017867.846125082,4415167.341816746,4415167.341816746,5017867.846125082,33.47561095833226,33.47561095833226
0.3,100000000000,361,394,361->18->31->394,361->18->31->394,False,3,3,5017867.846125082,5668790.494369868,5668790.494369868,5017867.846125082,33.47561095833226,33.47561095833226
0.3,100000000000,441,436,441->241->240->239->252->265->278->291->304->317->330->343->5->18->31->436,441->241->254->267->280->293->306->319->332->345->344->343->5->18->31->436,True,15,15,34271113.83593312,37545519.8925843,37751063.51597718,34430969.235561766,228.63226156231804,229.69870199711139
0.3,100000000000,436,441,436->31->18->5->343->330->317->304->291->278->265->252->239->240->241->441,436->31->18->5->343->344->345->332->319->306->293->280->267->254->241->441,True,15,15,34271113.83593311,31100016.216089617,31326774.79631766,34430969.235561766,228.63226156231798,229.69870199711139
0.3,100000000000,366,367,366->209->196->183->170->157->144->131->118->105->104->367,366->209->196->183->170->157->144->131->118->105->104->367,False,11,11,23284506.699976675,23302632.390600465,23302632.390600465,23284506.699976675,155.33750819026056,155.33750819026056
0.3,100000000000,367,366,367->104->105->118->131->144->157->170->183->196->209->366,367->104->105->118->131->144->157->170->183->196->209->366,False,11,11,23284506.699976675,22814681.038972314,22814681.038972314,23284506.699976675,155.33750819026056,155.33750819026056
0.3,100000000000,364,440,364->18->31->44->57->70->71->72->440,364->18->19->20->33->46->59->72->440,True,8,8,18966933.405299798,17322871.898741163,17425575.08660672,19046859.281546555,126.53375960044863,127.06696765231202
0.3,100000000000,440,364,440->72->71->70->57->44->31->18->364,440->72->59->46->33->20->19->18->364,True,8,8,18966933.405299798,20587705.791851036,20701145.83279314,19046859.28154656,126.53375960044863,127.06696765231204
0.3,110000000000,399,447,399->32->31->30->29->42->55->68->81->94->107->120->133->132->131->130->447,399->32->33->34->35->48->61->74->87->100->113->126->139->140->141->142->130->447,True,16,17,38287292.04074175,35166008.95048077,45135770.37998392,41807382.86657286,255.4253185431486,278.90883676982196
0.3,110000000000,447,399,447->130->131->132->133->120->107->94->81->68->55->42->29->30->31->32->399,447->130->131->132->133->120->107->94->81->68->55->42->29->30->31->32->399,False,16,16,38287292.04074175,31536182.555037588,31536182.555037588,38287292.04074175,255.4253185431486,255.4253185431486
0.3,110000000000,425,410,425->27->28->29->16->3->341->328->315->302->289->276->263->250->237->238->239->240->241->410,425->27->28->29->16->3->341->328->315->302->289->276->263->250->237->238->239->240->241->410,False,19,19,41578613.6911543,34604935.408356145,34604935.408356145,41578613.6911543,277.3826531096676,277.3826531096676
0.3,110000000000,410,425,410->241->240->239->238->237->250->263->276->289->302->315->328->341->3->16->29->28->27->425,410->241->242->243->256->269->282->295->308->321->334->347->9->22->35->36->37->38->26->27->425,True,19,20,41578613.69115431,38903925.82227734,48672486.625741266,45336915.432206,277.3826531096677,302.45534350437856
0.3,110000000000,386,424,386->195->196->197->198->211->224->237->250->263->276->289->290->424,386->195->196->197->198->211->224->237->250->263->276->289->290->424,False,13,13,29285395.119633693,26272016.690291617,26272016.690291617,29285395.119633693,195.37112651201983,195.37112651201983
0.3,110000000000,424,386,424->290->289->276->263->250->237->224->211->198->197->196->195->386,424->290->289->276->263->250->237->224->211->198->197->196->195->386,False,13,13,29285395.119633704,32385910.073262163,32385910.073262163,29285395.119633704,195.37112651201988,195.37112651201988
0.3,110000000000,355,401,355->169->181->180->167->154->141->128->115->102->89->76->63->50->37->24->401,355->169->181->180->167->154->141->128->115->102->89->76->63->50->37->24->401,False,16,16,35706804.268836044,36940147.33377654,36940147.33377654,35706804.268836044,238.21015716703616,238.21015716703616
0.3,110000000000,401,355,401->24->37->50->63->76->89->102->115->128->141->154->167->180->181->169->355,401->24->37->50->63->76->89->102->115->128->141->154->167->180->181->169->355,False,16,16,35706804.26883604,35154625.75304192,35154625.75304192,35706804.26883604,238.2101571670361,238.2101571670361
0.3,110000000000,412,406,412->169->170->183->196->209->406,412->169->170->183->196->209->406,False,6,6,12465198.077652862,12166603.46835463,12166603.46835463,12465198.077652862,83.15885036476043,83.15885036476043
0.3,110000000000,406,412,406->209->196->183->170->169->412,406->209->196->183->170->169->412,False,6,6,12465198.07765286,12594563.240513172,12594563.240513172,12465198.07765286,83.15885036476041,83.15885036476041
0.3,110000000000,432,446,432->31->44->446,432->31->44->446,False,3,3,4667409.292861372,4274781.652101523,4274781.652101523,4667409.292861372,31.137603153855004,31.137603153855004
0.3,110000000000,446,432,446->44->31->432,446->44->31->432,False,3,3,4667409.292861372,5107615.765048282,5107615.765048282,4667409.292861372,31.137603153855004,31.137603153855004
0.3,110000000000,394,361,394->31->18->361,394->31->18->361,False,3,3,5018991.748230025,4415683.157604,4415683.157604,5018991.748230025,33.48310882610679,33.48310882610679
0.3,110000000000,361,394,361->18->31->394,361->18->31->394,False,3,3,5018991.748230025,5669868.121328389,5669868.121328389,5018991.748230025,33.48310882610679,33.48310882610679
0.3,110000000000,441,436,441->241->240->239->252->265->278->291->304->317->330->343->5->18->31->436,441->241->254->267->280->293->306->319->332->345->344->343->5->18->31->436,True,15,15,34385597.89678751,37573696.570543475,37865720.801356584,34463918.31037922,229.3960170057881,229.9185145636934
0.3,110000000000,436,441,436->31->18->5->343->330->317->304->291->278->265->252->239->240->241->441,436->31->18->5->343->344->345->332->319->306->293->280->267->254->241->441,True,15,15,34385597.89678751,31130850.150900617,31434575.64450479,34463918.310379215,229.3960170057881,229.91851456369335
0.3,110000000000,366,367,366->209->196->183->170->157->144->131->118->105->104->367,366->209->196->183->170->157->144->131->118->105->104->367,False,11,11,23250195.867659993,23270595.065232627,23270595.065232627,23250195.867659993,155.10861095551638,155.10861095551638
0.3,110000000000,367,366,367->104->105->118->131->144->157->170->183->196->209->366,367->104->105->118->131->144->157->170->183->196->209->366,False,11,11,23250195.867659993,22776714.55195934,22776714.55195934,23250195.867659993,155.10861095551638,155.10861095551638
0.3,110000000000,364,440,364->18->31->44->57->70->71->72->440,364->18->19->20->33->46->59->72->440,True,8,8,18962139.757729035,17274751.471635275,17420913.053008497,19001299.933520477,126.50177982615583,126.76302839826931
0.3,110000000000,440,364,440->72->71->70->57->44->31->18->364,440->72->59->46->33->20->19->18->364,True,8,8,18962139.757729035,20542016.85419274,20693796.142723415,19001299.933520477,126.50177982615583,126.76302839826931
